customer_id,customer_name,gender,age,city,state,region_id,customer_segment,signup_date,acquisition_channel
C00001,Customer 00001,Male,38,Bhubaneswar,Odisha,R03,Consumer,2023-05-28,Social
C00002,Customer 00002,Male,24,Ahmedabad,Gujarat,R04,Consumer,2023-06-30,Paid Search
C00003,Customer 00003,Female,18,Raipur,Chhattisgarh,R05,Consumer,2024-02-07,Social
C00004,Customer 00004,Male,27,Kolkata,West Bengal,R03,Corporate,2024-06-01,
C00005,Customer 00005,Female,39,Delhi,Delhi,R07,Small Business,2025-04-15,Paid Search
C00006,Customer 00006,Female,51,Ranchi,Jharkhand,R03,Corporate,2024-12-19,Email
C00007,Customer 00007,Male,28,Patna,Bihar,R03,Consumer,2023-04-19,Social
C00008,Customer 00008,Male,34,Bhubaneswar,Odisha,R03,Enterprise,2023-09-20,Organic
C00009,Customer 00009,Male,37,Faridabad,Haryana,R01,Enterprise,2023-06-22,Email
C00010,Customer 00010,Female,29,Ahmedabad,Gujarat,R04,Consumer,2025-12-10,Organic
C00011,Customer 00011,Male,28,Nagpur,Maharashtra,R04,Consumer,2022-10-30,Paid Search
C00012,Customer 00012,Female,38,Kochi,Kerala,R02,Corporate,2024-04-28,Paid Search
C00013,Customer 00013,Female,23,Hyderabad,Telangana,R02,Enterprise,2023-01-09,Organic
C00014,Customer 00014,Female,27,Bhopal,Madhya Pradesh,R05,Small Business,2022-07-12,Email
C00015,Customer 00015,Male,33,Ahmedabad,Gujarat,R04,Corporate,2022-07-19,Referral
C00016,Customer 00016,Male,38,Lucknow,Uttar Pradesh,R07,Corporate,2022-01-30,Referral
C00017,Customer 00017,Female,20,Bengaluru,Karnataka,R02,Enterprise,2025-05-27,Social
C00018,Customer 00018,Male,34,Delhi,Delhi,R07,Consumer,2025-05-03,Paid Search
C00019,Customer 00019,,22,Bhopal,Madhya Pradesh,R05,Consumer,2022-01-02,Referral
C00020,Customer 00020,Other,28,Hyderabad,Telangana,R02,Small Business,2023-01-26,Referral
C00021,Customer 00021,Female,43,Patna,Bihar,R03,Consumer,2023-09-13,Social
C00022,Customer 00022,Female,34,Mumbai,Maharashtra,R04,Consumer,2022-08-14,Social
C00023,Customer 00023,Male,52,Ranchi,Jharkhand,R03,Consumer,2023-06-17,Organic
C00024,Customer 00024,Female,34,Kochi,Kerala,R02,Consumer,2025-09-12,Organic
C00025,Customer 00025,Male,45,Bhubaneswar,,R03,Consumer,2023-07-21,Organic
C00026,Customer 00026,Male,43,Ludhiana,Punjab,R01,Consumer,2024-01-14,Referral
C00027,Customer 00027,Male,35,Ahmedabad,Gujarat,R04,Consumer,2025-05-17,Paid Search
C00028,Customer 00028,Female,22,Delhi,Delhi,R07,Consumer,2022-01-03,Referral
C00029,Customer 00029,Male,34,Gurugram,Haryana,R01,Consumer,2025-04-14,Social
C00030,Customer 00030,Female,30,Kolkata,West Bengal,R03,Enterprise,2023-10-27,Paid Search
C00031,Customer 00031,Female,29,Patna,Bihar,R03,Corporate,2024-08-27,Referral
C00032,Customer 00032,Female,37,Ranchi,Jharkhand,R03,Enterprise,2025-11-01,Organic
C00033,Customer 00033,Male,21,Pune,Maharashtra,R04,Consumer,2024-10-03,Partner
C00034,Customer 00034,Female,26,Mumbai,,R04,Consumer,2023-03-17,Paid Search
C00035,Customer 00035,Female,25,Mysuru,Karnataka,R02,Small Business,2025-03-19,Email
C00036,Customer 00036,Male,32,Ludhiana,Punjab,R01,Small Business,2022-12-15,Organic
C00037,Customer 00037,,27,Gurugram,Haryana,R01,Consumer,2023-07-17,Social
C00038,Customer 00038,Female,28,Mysuru,Karnataka,R02,Corporate,2024-08-03,Social
C00039,Customer 00039,Female,36,Noida,Uttar Pradesh,R07,Corporate,2023-10-21,Paid Search
C00040,Customer 00040,Female,31,Hyderabad,Telangana,R02,Consumer,2025-05-30,Paid Search
C00041,Customer 00041,Male,35,Ahmedabad,Gujarat,R04,Consumer,2022-12-24,Paid Search
C00042,Customer 00042,Male,24,Bhopal,Madhya Pradesh,R05,Consumer,2024-07-24,Email
C00043,Customer 00043,Male,27,Kolkata,West Bengal,R03,Consumer,2022-12-14,Social
C00044,Customer 00044,Other,55,Mumbai,Maharashtra,R04,Small Business,2024-05-15,Organic
C00045,Customer 00045,Female,28,Bhopal,Madhya Pradesh,R05,Consumer,2025-09-27,Organic
C00046,Customer 00046,Female,18,Indore,Madhya Pradesh,R05,Small Business,2025-11-20,Partner
C00047,Customer 00047,Female,38,Mumbai,Maharashtra,R04,Corporate,2025-01-16,Organic
C00048,Customer 00048,Male,28,Jaipur,Rajasthan,R01,Enterprise,2024-07-16,Referral
C00049,Customer 00049,Female,37,Kolkata,West Bengal,R03,Consumer,2023-10-24,Organic
C00050,Customer 00050,Male,34,Gurugram,Haryana,R01,Consumer,2023-04-05,Paid Search
C00051,Customer 00051,Male,40,Ludhiana,Punjab,R01,Consumer,2022-02-26,Paid Search
C00052,Customer 00052,Male,34,Delhi,Delhi,R07,Corporate,2024-01-13,Partner
C00053,Customer 00053,Male,33,Bhubaneswar,Odisha,R03,Consumer,2024-12-21,Social
C00054,Customer 00054,Male,46,Hyderabad,Telangana,R02,Corporate,2025-05-05,Organic
C00055,Customer 00055,Female,18,Kolkata,West Bengal,R03,Consumer,2025-10-17,Social
C00056,Customer 00056,Female,22,Bhubaneswar,Odisha,R03,Consumer,2022-09-24,Organic
C00057,Customer 00057,Female,27,Surat,Gujarat,R04,Small Business,2025-09-15,Partner
C00058,Customer 00058,Male,18,Coimbatore,Tamil Nadu,R02,Small Business,2023-02-10,Paid Search
C00059,Customer 00059,Female,30,Gurugram,Haryana,R01,Consumer,2024-11-09,Partner
C00060,Customer 00060,Male,29,Faridabad,Haryana,R01,Corporate,2024-12-25,Email
C00061,Customer 00061,Male,45,Hyderabad,Telangana,R02,Consumer,2024-08-04,Organic
C00062,Customer 00062,Male,34,Mysuru,Karnataka,R02,Small Business,2023-09-05,Partner
C00063,Customer 00063,Male,33,Coimbatore,Tamil Nadu,R02,Consumer,2022-06-26,Partner
C00064,Customer 00064,Female,31,Patna,Bihar,R03,Consumer,2024-01-02,Email
C00065,Customer 00065,Female,24,Hyderabad,Telangana,R02,Consumer,2022-05-06,Paid Search
C00066,Customer 00066,Male,44,Mysuru,Karnataka,R02,Consumer,2024-07-05,Referral
C00067,Customer 00067,Female,47,Bengaluru,Karnataka,R02,Small Business,2023-01-23,Organic
C00068,Customer 00068,Male,23,Jaipur,Rajasthan,R01,Consumer,2022-10-11,Partner
C00069,Customer 00069,Male,51,Delhi,Delhi,R07,Consumer,2024-04-03,Organic
C00070,Customer 00070,Female,28,Surat,Gujarat,R04,Consumer,2022-12-30,Referral
C00071,Customer 00071,Female,27,Kanpur,Uttar Pradesh,R07,Consumer,2025-08-27,Email
C00072,Customer 00072,Female,40,Surat,Gujarat,R04,Corporate,2022-05-25,Partner
C00073,Customer 00073,Male,41,Raipur,Chhattisgarh,R05,Consumer,2025-06-26,Email
C00074,Customer 00074,Female,34,Noida,Uttar Pradesh,R07,Small Business,2025-02-03,Email
C00075,Customer 00075,Male,32,Delhi,Delhi,R07,Small Business,2023-03-24,Referral
C00076,Customer 00076,Male,47,Jodhpur,Rajasthan,R01,Consumer,2024-04-10,Social
C00077,Customer 00077,Male,29,Jaipur,Rajasthan,R01,Small Business,2023-06-20,Organic
C00078,Customer 00078,Male,34,Hyderabad,Telangana,R02,Consumer,2022-12-15,Partner
C00079,Customer 00079,Male,52,Mysuru,Karnataka,R02,Consumer,2023-03-30,Paid Search
C00080,Customer 00080,Male,22,Bhubaneswar,Odisha,R03,Consumer,2023-05-15,Email
C00081,Customer 00081,Female,30,Hyderabad,Telangana,R02,Consumer,2024-02-14,Paid Search
C00082,Customer 00082,Male,45,Mumbai,Maharashtra,R04,Consumer,2024-04-27,Paid Search
C00083,Customer 00083,Male,40,Indore,Madhya Pradesh,R05,Consumer,2025-03-27,Social
C00084,Customer 00084,Female,44,Faridabad,Haryana,R01,Small Business,2024-04-14,Partner
C00085,Customer 00085,Female,22,Delhi,Delhi,R07,Consumer,2025-02-18,Organic
C00086,Customer 00086,Male,38,Delhi,Delhi,R07,Enterprise,2025-09-06,Social
C00087,Customer 00087,Male,32,Kolkata,West Bengal,R03,Consumer,2025-07-18,Organic
C00088,Customer 00088,Male,58,Surat,Gujarat,R04,Corporate,2023-08-20,Social
C00089,Customer 00089,Female,43,Gurugram,Haryana,R01,Consumer,2024-02-02,Social
C00090,Customer 00090,Male,35,Bengaluru,Karnataka,R02,Consumer,2025-03-23,Organic
C00091,Customer 00091,Male,38,Gurugram,Haryana,R01,Consumer,2024-08-19,Referral
C00092,Customer 00092,Female,36,Kolkata,West Bengal,R03,Small Business,2022-07-10,Email
C00093,Customer 00093,Female,42,Ahmedabad,Gujarat,R04,Small Business,2025-10-25,Email
C00094,Customer 00094,Male,26,Nagpur,Maharashtra,R04,Consumer,2025-01-25,Referral
C00095,Customer 00095,Male,49,Jaipur,Rajasthan,R01,Corporate,2024-09-13,Organic
C00096,Customer 00096,Male,22,Hyderabad,Telangana,R02,Corporate,2025-12-16,Referral
C00097,Customer 00097,Male,37,Mumbai,Maharashtra,R04,Consumer,2022-09-02,Referral
C00098,Customer 00098,Male,27,Delhi,Delhi,R07,Consumer,2025-07-17,Referral
C00099,Customer 00099,Female,35,Faridabad,Haryana,R01,Corporate,2023-04-23,Referral
C00100,Customer 00100,Female,45,Ranchi,Jharkhand,R03,Small Business,2025-04-02,Referral
C00101,Customer 00101,Female,18,Kochi,Kerala,R02,Consumer,2022-04-21,Referral
C00102,Customer 00102,Female,33,Kolkata,West Bengal,R03,Consumer,2024-03-23,Email
C00103,Customer 00103,Female,21,Jodhpur,Rajasthan,R01,Consumer,2022-06-11,Social
C00104,Customer 00104,Male,32,Ranchi,Jharkhand,R03,Small Business,2025-10-18,Organic
C00105,Customer 00105,Female,21,Bhubaneswar,Odisha,R03,Consumer,2023-12-20,Email
C00106,Customer 00106,Male,37,Kolkata,West Bengal,R03,Consumer,2025-06-03,Referral
C00107,Customer 00107,Male,31,Ahmedabad,Gujarat,R04,Consumer,2024-12-15,Referral
C00108,Customer 00108,Male,42,Jodhpur,Rajasthan,R01,Small Business,2023-12-07,Paid Search
C00109,Customer 00109,Female,47,Delhi,Delhi,R07,Corporate,2022-10-04,Organic
C00110,Customer 00110,Female,35,Kochi,Kerala,R02,Consumer,2023-11-15,Email
C00111,Customer 00111,Male,44,Surat,,R04,Consumer,2023-04-13,Organic
C00112,Customer 00112,Male,49,Amritsar,Punjab,R01,Small Business,2023-01-07,Paid Search
C00113,Customer 00113,Female,26,Jaipur,Rajasthan,R01,Consumer,2023-05-07,Social
C00114,Customer 00114,Male,49,Coimbatore,Tamil Nadu,R02,Consumer,2022-12-02,Organic
C00115,Customer 00115,Male,35,Amritsar,Punjab,R01,Enterprise,2025-05-12,Social
C00116,Customer 00116,Female,25,Raipur,Chhattisgarh,R05,Consumer,2025-08-21,Organic
C00117,Customer 00117,Female,38,Patna,Bihar,R03,Consumer,2022-09-26,Organic
C00118,Customer 00118,Male,34,Kolkata,West Bengal,R03,Consumer,2022-11-07,
C00119,Customer 00119,Male,21,Surat,Gujarat,R04,Corporate,2022-02-19,Social
C00120,Customer 00120,Female,24,Hyderabad,Telangana,R02,Small Business,2023-09-04,Partner
C00121,Customer 00121,Male,51,Coimbatore,Tamil Nadu,R02,Consumer,2024-06-30,Social
C00122,Customer 00122,Female,38,Hyderabad,Telangana,R02,Corporate,2023-01-21,Email
C00123,Customer 00123,Female,50,Delhi,Delhi,R07,Small Business,2024-02-09,Organic
C00124,Customer 00124,Female,31,Ahmedabad,Gujarat,R04,Small Business,2023-05-06,Paid Search
C00125,Customer 00125,Male,27,Delhi,Delhi,R07,Consumer,2022-01-04,Paid Search
C00126,Customer 00126,Male,18,Mysuru,Karnataka,R02,Consumer,2022-12-14,Organic
C00127,Customer 00127,Male,45,Nagpur,Maharashtra,R04,Small Business,2025-01-22,Partner
C00128,Customer 00128,Male,39,Faridabad,Haryana,R01,Consumer,2025-07-13,Social
C00129,Customer 00129,Male,31,Faridabad,Haryana,R01,Consumer,2023-09-12,Social
C00130,Customer 00130,Male,27,Chennai,,R02,Consumer,2024-04-28,Social
C00131,Customer 00131,Male,46,Faridabad,Haryana,R01,Small Business,2024-03-11,Organic
C00132,Customer 00132,Female,33,Kochi,Kerala,R02,Consumer,2023-03-19,Partner
C00133,Customer 00133,Male,33,Coimbatore,Tamil Nadu,R02,Consumer,2024-09-07,Referral
C00134,Customer 00134,Male,29,Pune,Maharashtra,R04,Corporate,2023-08-18,Organic
C00135,Customer 00135,Male,31,Coimbatore,Tamil Nadu,R02,Consumer,2022-03-17,Social
C00136,Customer 00136,Female,41,Delhi,Delhi,R07,Consumer,2023-07-18,Organic
C00137,Customer 00137,Male,21,Visakhapatnam,Andhra Pradesh,R02,Consumer,2022-09-10,Referral
C00138,Customer 00138,Female,36,Bengaluru,Karnataka,R02,Consumer,2023-11-30,Social
C00139,Customer 00139,Male,45,Bhubaneswar,Odisha,R03,Enterprise,2023-11-08,Partner
C00140,Customer 00140,Female,34,Delhi,Delhi,R07,Consumer,2023-11-15,Partner
C00141,Customer 00141,Female,46,Mysuru,Karnataka,R02,Small Business,2022-09-09,Organic
C00142,Customer 00142,Female,48,Mysuru,Karnataka,R02,Consumer,2025-10-15,Organic
C00143,Customer 00143,Female,44,Vijayawada,Andhra Pradesh,R02,Consumer,2022-06-20,Partner
C00144,Customer 00144,Female,30,Chennai,Tamil Nadu,R02,Consumer,2023-03-05,Social
C00145,Customer 00145,Male,35,Bengaluru,Karnataka,R02,Consumer,2023-04-20,Social
C00146,Customer 00146,Male,38,Jaipur,Rajasthan,R01,Consumer,2023-10-28,Social
C00147,Customer 00147,Female,30,Pune,,R04,Consumer,2023-09-16,Social
C00148,Customer 00148,Female,30,Bengaluru,Karnataka,R02,Enterprise,2025-12-13,Social
C00149,Customer 00149,Female,29,Surat,Gujarat,R04,Consumer,2025-05-26,Partner
C00150,Customer 00150,Male,60,Delhi,Delhi,R07,Small Business,2022-03-22,Social
C00151,Customer 00151,Male,32,Indore,Madhya Pradesh,R05,Consumer,2024-05-19,Paid Search
C00152,Customer 00152,Female,46,Kochi,Kerala,R02,Consumer,2024-01-24,Organic
C00153,Customer 00153,Female,26,Gurugram,Haryana,R01,Corporate,2025-09-19,Partner
C00154,Customer 00154,Male,52,Mysuru,Karnataka,R02,Consumer,2023-05-14,Social
C00155,Customer 00155,Male,31,Gurugram,Haryana,R01,Consumer,2023-10-30,
C00156,Customer 00156,Female,36,Hyderabad,Telangana,R02,Consumer,2025-09-18,Organic
C00157,Customer 00157,Female,18,Jodhpur,Rajasthan,R01,Consumer,2023-11-22,Partner
C00158,Customer 00158,,46,Hyderabad,Telangana,R02,Small Business,2024-06-05,Social
C00159,Customer 00159,Male,48,Patna,,R03,Consumer,2023-04-01,Partner
C00160,Customer 00160,Male,23,Bhubaneswar,Odisha,R03,Enterprise,2025-02-17,Organic
C00161,Customer 00161,Male,47,Faridabad,Haryana,R01,Consumer,2022-04-30,Paid Search
C00162,Customer 00162,Male,22,Kochi,Kerala,R02,Consumer,2025-11-27,Organic
C00163,Customer 00163,Male,41,Noida,Uttar Pradesh,R07,Consumer,2022-09-09,Paid Search
C00164,Customer 00164,Male,32,Delhi,Delhi,R07,Consumer,2024-04-22,Partner
C00165,Customer 00165,Male,48,Bengaluru,Karnataka,R02,Small Business,2022-04-09,Paid Search
C00166,Customer 00166,Male,37,Nagpur,Maharashtra,R04,Small Business,2022-05-22,Email
C00167,Customer 00167,Female,44,Bhopal,Madhya Pradesh,R05,Consumer,2024-10-24,Referral
C00168,Customer 00168,Male,47,Indore,Madhya Pradesh,R05,Consumer,2025-02-22,Paid Search
C00169,Customer 00169,Male,32,Nagpur,Maharashtra,R04,Small Business,2023-05-25,Social
C00170,Customer 00170,Female,35,Vijayawada,Andhra Pradesh,R02,Consumer,2022-03-24,Email
C00171,Customer 00171,Male,24,Jaipur,Rajasthan,R01,Consumer,2022-02-16,Social
C00172,Customer 00172,Female,32,Mysuru,Karnataka,R02,Consumer,2025-09-27,Organic
C00173,Customer 00173,Female,54,Noida,Uttar Pradesh,R07,Consumer,2025-01-03,Partner
C00174,Customer 00174,Female,43,Vijayawada,Andhra Pradesh,R02,Consumer,2023-07-19,Social
C00175,Customer 00175,Male,25,Faridabad,Haryana,R01,Consumer,2023-01-08,Partner
C00176,Customer 00176,Female,51,Delhi,Delhi,R07,Small Business,2024-10-22,Referral
C00177,Customer 00177,Female,39,Surat,Gujarat,R04,Consumer,2025-07-29,Paid Search
C00178,Customer 00178,Female,43,Dehradun,Uttarakhand,R01,Small Business,2024-08-19,Paid Search
C00179,Customer 00179,Male,40,Kochi,Kerala,R02,Corporate,2025-04-17,Partner
C00180,Customer 00180,Female,39,Patna,,R03,Consumer,2025-05-27,Partner
C00181,Customer 00181,Female,18,Kochi,Kerala,R02,Consumer,2023-03-20,Paid Search
C00182,Customer 00182,Male,46,Kochi,Kerala,R02,Consumer,2024-12-06,Organic
C00183,Customer 00183,Male,18,Bengaluru,Karnataka,R02,Small Business,2022-12-11,Organic
C00184,Customer 00184,Female,45,Nagpur,Maharashtra,R04,Consumer,2022-11-22,Paid Search
C00185,Customer 00185,Male,36,Bhubaneswar,Odisha,R03,Small Business,2025-12-21,Paid Search
C00186,Customer 00186,Female,43,Hyderabad,Telangana,R02,Corporate,2023-04-23,Paid Search
C00187,Customer 00187,Other,37,Nagpur,Maharashtra,R04,Corporate,2025-04-12,Organic
C00188,Customer 00188,Male,45,Delhi,Delhi,R07,Consumer,2023-05-20,Social
C00189,Customer 00189,Male,35,Patna,Bihar,R03,Consumer,2025-09-15,Partner
C00190,Customer 00190,Female,38,Lucknow,Uttar Pradesh,R07,Corporate,2023-02-11,Organic
C00191,Customer 00191,Male,39,Vijayawada,Andhra Pradesh,R02,Corporate,2022-01-25,Referral
C00192,Customer 00192,Female,54,Lucknow,Uttar Pradesh,R07,Consumer,2023-11-08,Organic
C00193,Customer 00193,Male,41,Gurugram,Haryana,R01,Corporate,2024-05-24,Referral
C00194,Customer 00194,Male,22,Bhopal,Madhya Pradesh,R05,Consumer,2023-07-16,Partner
C00195,Customer 00195,Male,29,Gurugram,Haryana,R01,Corporate,2023-01-25,Paid Search
C00196,Customer 00196,Male,41,Amritsar,Punjab,R01,Consumer,2025-04-24,Email
C00197,Customer 00197,Female,48,Coimbatore,Tamil Nadu,R02,Consumer,2023-07-02,Organic
C00198,Customer 00198,Male,28,Guwahati,Assam,R06,Corporate,2024-10-20,Paid Search
C00199,Customer 00199,Male,57,Ludhiana,,R01,Consumer,2022-05-14,Organic
C00200,Customer 00200,Female,37,Nagpur,Maharashtra,R04,Consumer,2025-06-30,Paid Search
C00201,Customer 00201,Female,39,Bhubaneswar,Odisha,R03,Corporate,2024-12-29,Paid Search
C00202,Customer 00202,,22,Ranchi,Jharkhand,R03,Corporate,2022-09-04,Referral
C00203,Customer 00203,Female,46,Mysuru,Karnataka,R02,Small Business,2024-02-07,Paid Search
C00204,Customer 00204,Male,31,Faridabad,Haryana,R01,Consumer,2024-12-31,Email
C00205,Customer 00205,Female,28,Delhi,Delhi,R07,Consumer,2025-03-03,Paid Search
C00206,Customer 00206,Female,32,Noida,Uttar Pradesh,R07,Corporate,2023-09-07,Organic
C00207,Customer 00207,Female,49,Gurugram,Haryana,R01,Consumer,2022-06-20,Social
C00208,Customer 00208,Female,40,Kolkata,West Bengal,R03,Consumer,2022-03-28,Referral
C00209,Customer 00209,Female,26,Faridabad,,R01,Consumer,2025-12-28,Partner
C00210,Customer 00210,,30,Mysuru,Karnataka,R02,Consumer,2022-06-08,Email
C00211,Customer 00211,Female,49,Kolkata,West Bengal,R03,Enterprise,2023-05-25,Social
C00212,Customer 00212,Female,33,Chennai,Tamil Nadu,R02,Consumer,2025-06-04,Partner
C00213,Customer 00213,Male,41,Ludhiana,Punjab,R01,Consumer,2025-10-22,Paid Search
C00214,Customer 00214,Female,43,Indore,Madhya Pradesh,R05,Small Business,2023-11-21,Partner
C00215,Customer 00215,Female,18,Kolkata,West Bengal,R03,Enterprise,2024-09-15,Paid Search
C00216,Customer 00216,Female,48,Patna,Bihar,R03,Consumer,2024-01-19,Organic
C00217,Customer 00217,Male,26,Faridabad,Haryana,R01,Small Business,2022-06-09,Paid Search
C00218,Customer 00218,Female,31,Faridabad,Haryana,R01,Consumer,2023-12-19,Social
C00219,Customer 00219,Male,50,Kochi,Kerala,R02,Small Business,2025-02-16,Social
C00220,Customer 00220,Female,49,Nagpur,Maharashtra,R04,Consumer,2024-07-03,Organic
C00221,Customer 00221,Male,40,Jaipur,Rajasthan,R01,Consumer,2024-03-30,Paid Search
C00222,Customer 00222,Female,42,Bengaluru,Karnataka,R02,Consumer,2025-05-01,Social
C00223,Customer 00223,Male,45,Hyderabad,Telangana,R02,Corporate,2022-10-03,Referral
C00224,Customer 00224,Female,49,Vijayawada,Andhra Pradesh,R02,Consumer,2024-04-09,Partner
C00225,Customer 00225,Male,51,Jodhpur,Rajasthan,R01,Consumer,2022-10-01,Partner
C00226,Customer 00226,Female,36,Kochi,Kerala,R02,Corporate,2022-04-02,Social
C00227,Customer 00227,Female,28,Delhi,Delhi,R07,Consumer,2025-10-24,Social
C00228,Customer 00228,Male,32,Bengaluru,Karnataka,R02,Small Business,2025-02-10,Referral
C00229,Customer 00229,Female,36,Hyderabad,Telangana,R02,Consumer,2025-12-29,Email
C00230,Customer 00230,Female,34,Gurugram,Haryana,R01,Consumer,2023-11-01,Referral
C00231,Customer 00231,Male,25,Gurugram,Haryana,R01,Consumer,2024-04-21,Referral
C00232,Customer 00232,Male,39,Ahmedabad,Gujarat,R04,Consumer,2022-03-31,Paid Search
C00233,Customer 00233,Male,19,Ranchi,Jharkhand,R03,Consumer,2022-10-01,Partner
C00234,Customer 00234,Male,36,Coimbatore,Tamil Nadu,R02,Consumer,2022-05-04,Referral
C00235,Customer 00235,Female,36,Visakhapatnam,Andhra Pradesh,R02,Corporate,2023-05-13,Organic
C00236,Customer 00236,Female,36,Bhopal,Madhya Pradesh,R05,Consumer,2023-08-19,Social
C00237,Customer 00237,Male,44,Surat,Gujarat,R04,Consumer,2022-11-06,Paid Search
C00238,Customer 00238,Female,42,Bhubaneswar,Odisha,R03,Small Business,2025-02-10,Organic
C00239,Customer 00239,Male,57,Delhi,Delhi,R07,Consumer,2024-06-06,Referral
C00240,Customer 00240,Female,30,Gurugram,Haryana,R01,Corporate,2023-09-27,Referral
C00241,Customer 00241,Female,38,Indore,Madhya Pradesh,R05,Small Business,2023-08-08,Partner
C00242,Customer 00242,Female,37,Indore,Madhya Pradesh,R05,Consumer,2024-04-07,Partner
C00243,Customer 00243,Female,37,Kanpur,Uttar Pradesh,R07,Corporate,2023-07-07,Paid Search
C00244,Customer 00244,Male,22,Mysuru,Karnataka,R02,Enterprise,2025-02-03,Organic
C00245,Customer 00245,Female,23,Chennai,Tamil Nadu,R02,Consumer,2025-03-16,Organic
C00246,Customer 00246,Female,35,Guwahati,Assam,R06,Enterprise,2022-09-26,Partner
C00247,Customer 00247,Female,19,Coimbatore,Tamil Nadu,R02,Consumer,2025-11-08,Paid Search
C00248,Customer 00248,Male,32,Surat,Gujarat,R04,Consumer,2023-10-30,Paid Search
C00249,Customer 00249,Female,29,Mumbai,Maharashtra,R04,Consumer,2022-10-15,Referral
C00250,Customer 00250,Male,32,Surat,Gujarat,R04,Consumer,2025-05-26,Organic
C00251,Customer 00251,Female,46,Hyderabad,Telangana,R02,Enterprise,2023-08-29,Referral
C00252,Customer 00252,Female,24,Guwahati,Assam,R06,Consumer,2022-08-06,Partner
C00253,Customer 00253,Male,44,Surat,Gujarat,R04,Enterprise,2024-02-23,Referral
C00254,Customer 00254,Male,29,Noida,Uttar Pradesh,R07,Corporate,2023-08-22,Paid Search
C00255,Customer 00255,Male,31,Noida,Uttar Pradesh,R07,Small Business,2022-12-26,Organic
C00256,Customer 00256,Male,40,Patna,Bihar,R03,Enterprise,2024-11-28,Organic
C00257,Customer 00257,Male,32,Bhopal,Madhya Pradesh,R05,Consumer,2023-08-11,Organic
C00258,Customer 00258,Male,26,Faridabad,Haryana,R01,Enterprise,2024-02-10,Paid Search
C00259,Customer 00259,,31,Delhi,Delhi,R07,Small Business,2022-03-23,Organic
C00260,Customer 00260,Female,18,Coimbatore,Tamil Nadu,R02,Consumer,2023-06-23,Social
C00261,Customer 00261,Female,39,Gurugram,,R01,Corporate,2022-03-02,Paid Search
C00262,Customer 00262,Male,18,Bhopal,Madhya Pradesh,R05,Consumer,2023-02-17,Social
C00263,Customer 00263,Male,44,Nagpur,Maharashtra,R04,Consumer,2025-02-22,Paid Search
C00264,Customer 00264,Female,41,Gurugram,Haryana,R01,Consumer,2025-09-13,Paid Search
C00265,Customer 00265,Male,51,Kochi,Kerala,R02,Consumer,2023-05-11,Referral
C00266,Customer 00266,Male,57,Faridabad,Haryana,R01,Consumer,2024-10-18,Organic
C00267,Customer 00267,Male,44,Jaipur,Rajasthan,R01,Consumer,2024-10-30,Social
C00268,Customer 00268,Female,29,Gurugram,Haryana,R01,Corporate,2025-02-16,Social
C00269,Customer 00269,Male,57,Faridabad,Haryana,R01,Corporate,2022-05-02,Referral
C00270,Customer 00270,Female,23,Delhi,Delhi,R07,Small Business,2023-03-11,Partner
C00271,Customer 00271,Male,18,Delhi,Delhi,R07,Enterprise,2024-09-06,Email
C00272,Customer 00272,Male,54,Ludhiana,Punjab,R01,Small Business,2023-03-08,Referral
C00273,Customer 00273,Male,41,Delhi,Delhi,R07,Corporate,2024-08-12,Partner
C00274,Customer 00274,Female,18,Coimbatore,Tamil Nadu,R02,Consumer,2025-08-04,Partner
C00275,Customer 00275,Female,21,Kolkata,West Bengal,R03,Enterprise,2025-04-15,Email
C00276,Customer 00276,Female,41,Pune,Maharashtra,R04,Consumer,2023-12-17,Social
C00277,Customer 00277,Female,26,Nagpur,Maharashtra,R04,Consumer,2022-10-26,Email
C00278,Customer 00278,Female,28,Mysuru,Karnataka,R02,Consumer,2023-04-13,Paid Search
C00279,Customer 00279,Male,55,Guwahati,Assam,R06,Consumer,2024-03-16,Partner
C00280,Customer 00280,Female,56,Raipur,Chhattisgarh,R05,Corporate,2024-12-24,Organic
C00281,Customer 00281,Male,36,Delhi,Delhi,R07,Consumer,2025-08-09,Organic
C00282,Customer 00282,Female,33,Amritsar,Punjab,R01,Small Business,2025-05-18,Organic
C00283,Customer 00283,Female,44,Kanpur,Uttar Pradesh,R07,Consumer,2022-11-18,Email
C00284,Customer 00284,Male,29,Kanpur,Uttar Pradesh,R07,Consumer,2022-06-11,Paid Search
C00285,Customer 00285,Male,18,Coimbatore,Tamil Nadu,R02,Consumer,2022-07-02,Referral
C00286,Customer 00286,Female,18,Ahmedabad,Gujarat,R04,Consumer,2022-11-17,Social
C00287,Customer 00287,Male,34,Delhi,Delhi,R07,Small Business,2023-05-19,Paid Search
C00288,Customer 00288,Male,44,Mumbai,Maharashtra,R04,Consumer,2022-03-02,Partner
C00289,Customer 00289,Female,35,Bengaluru,Karnataka,R02,Consumer,2025-11-11,Paid Search
C00290,Customer 00290,Male,43,Delhi,Delhi,R07,Consumer,2023-05-23,Social
C00291,Customer 00291,Male,44,Bhopal,Madhya Pradesh,R05,Small Business,2022-08-18,Email
C00292,Customer 00292,Female,49,Delhi,Delhi,R07,Enterprise,2024-02-17,Organic
C00293,Customer 00293,Male,37,Kochi,Kerala,R02,Corporate,2022-06-24,Paid Search
C00294,Customer 00294,Male,38,Delhi,Delhi,R07,Corporate,2025-05-30,Organic
C00295,Customer 00295,Other,35,Bhopal,Madhya Pradesh,R05,Small Business,2025-12-28,Social
C00296,Customer 00296,Male,32,Kochi,Kerala,R02,Consumer,2025-08-27,Email
C00297,Customer 00297,Male,19,Ranchi,Jharkhand,R03,Consumer,2023-07-29,Organic
C00298,Customer 00298,Female,47,Bhopal,Madhya Pradesh,R05,Consumer,2024-07-18,Organic
C00299,Customer 00299,Male,31,Bhubaneswar,Odisha,R03,Consumer,2022-08-07,Referral
C00300,Customer 00300,Female,31,Hyderabad,Telangana,R02,Consumer,2022-03-08,Referral
C00301,Customer 00301,Female,30,Bhubaneswar,Odisha,R03,Consumer,2024-03-27,Paid Search
C00302,Customer 00302,Female,22,Gurugram,Haryana,R01,Consumer,2024-12-26,Paid Search
C00303,Customer 00303,Male,34,Bengaluru,Karnataka,R02,Consumer,2022-01-21,Paid Search
C00304,Customer 00304,Male,40,Bengaluru,Karnataka,R02,Consumer,2025-12-22,Organic
C00305,Customer 00305,Female,28,Raipur,Chhattisgarh,R05,Consumer,2023-09-14,Social
C00306,Customer 00306,Male,45,Surat,Gujarat,R04,Small Business,2024-06-22,Social
C00307,Customer 00307,Female,31,Pune,Maharashtra,R04,Corporate,2022-02-22,Partner
C00308,Customer 00308,Female,20,Hyderabad,Telangana,R02,Consumer,2025-07-18,Social
C00309,Customer 00309,Female,49,Jaipur,Rajasthan,R01,Consumer,2024-04-05,Organic
C00310,Customer 00310,Male,37,Faridabad,Haryana,R01,Consumer,2023-12-02,Paid Search
C00311,Customer 00311,Female,44,Bengaluru,Karnataka,R02,Consumer,2024-07-01,Email
C00312,Customer 00312,Female,44,Surat,Gujarat,R04,Consumer,2025-05-01,Social
C00313,Customer 00313,Male,26,Kanpur,Uttar Pradesh,R07,Consumer,2022-01-06,Email
C00314,Customer 00314,Female,30,Mumbai,Maharashtra,R04,Small Business,2022-03-14,Paid Search
C00315,Customer 00315,Male,45,Nagpur,Maharashtra,R04,Small Business,2024-01-20,Organic
C00316,Customer 00316,Female,53,Nagpur,Maharashtra,R04,Small Business,2025-02-13,Partner
C00317,Customer 00317,Male,36,Nagpur,Maharashtra,R04,Corporate,2025-10-12,Paid Search
C00318,Customer 00318,Male,29,Kolkata,West Bengal,R03,Corporate,2022-05-16,Organic
C00319,Customer 00319,Female,52,Jaipur,Rajasthan,R01,Corporate,2023-08-05,Social
C00320,Customer 00320,Male,29,Vijayawada,Andhra Pradesh,R02,Small Business,2025-02-13,Referral
C00321,Customer 00321,Male,38,Kochi,Kerala,R02,Corporate,2025-10-26,Social
C00322,Customer 00322,Male,31,Bengaluru,Karnataka,R02,Corporate,2023-01-08,Social
C00323,Customer 00323,Female,38,Pune,Maharashtra,R04,Small Business,2025-11-08,Paid Search
C00324,Customer 00324,Male,26,Mysuru,Karnataka,R02,Consumer,2025-03-24,Email
C00325,Customer 00325,Female,31,Raipur,Chhattisgarh,R05,Consumer,2022-12-18,Email
C00326,Customer 00326,Female,29,Hyderabad,Telangana,R02,Consumer,2025-04-06,Referral
C00327,Customer 00327,Female,42,Bhopal,Madhya Pradesh,R05,Consumer,2024-04-23,Organic
C00328,Customer 00328,Male,37,Mysuru,,R02,Consumer,2025-05-18,Social
C00329,Customer 00329,Male,44,Hyderabad,Telangana,R02,Consumer,2025-04-28,Email
C00330,Customer 00330,Female,27,Jaipur,Rajasthan,R01,Consumer,2022-10-23,Organic
C00331,Customer 00331,Female,33,Patna,Bihar,R03,Consumer,2024-11-02,Organic
C00332,Customer 00332,Female,41,Amritsar,Punjab,R01,Enterprise,2023-11-01,Partner
C00333,Customer 00333,Female,44,Kolkata,West Bengal,R03,Consumer,2025-01-15,Email
C00334,Customer 00334,Female,21,Raipur,Chhattisgarh,R05,Consumer,2022-07-20,Partner
C00335,Customer 00335,Female,38,Faridabad,Haryana,R01,Consumer,2023-01-17,Social
C00336,Customer 00336,Male,27,Coimbatore,Tamil Nadu,R02,Consumer,2022-12-02,Organic
C00337,Customer 00337,Female,44,Delhi,Delhi,R07,Corporate,2025-09-03,Organic
C00338,Customer 00338,Male,54,Patna,Bihar,R03,Corporate,2023-06-20,Referral
C00339,Customer 00339,Male,18,Delhi,Delhi,R07,Consumer,2022-12-11,Email
C00340,Customer 00340,Female,28,Visakhapatnam,Andhra Pradesh,R02,Consumer,2024-12-09,Paid Search
C00341,Customer 00341,Male,38,Faridabad,Haryana,R01,Consumer,2024-07-31,Paid Search
C00342,Customer 00342,Male,35,Vijayawada,Andhra Pradesh,R02,Corporate,2024-07-18,Email
C00343,Customer 00343,Female,44,Indore,Madhya Pradesh,R05,Small Business,2025-07-16,Organic
C00344,Customer 00344,Female,36,Coimbatore,Tamil Nadu,R02,Small Business,2025-08-15,Organic
C00345,Customer 00345,Female,30,Bhubaneswar,Odisha,R03,Consumer,2023-06-10,Partner
C00346,Customer 00346,Male,25,Bhubaneswar,Odisha,R03,Small Business,2025-11-05,Social
C00347,Customer 00347,Male,23,Vijayawada,Andhra Pradesh,R02,Small Business,2024-03-17,Email
C00348,Customer 00348,Female,28,Noida,Uttar Pradesh,R07,Small Business,2025-07-22,Partner
C00349,Customer 00349,Female,29,Coimbatore,Tamil Nadu,R02,Consumer,2024-10-05,Email
C00350,Customer 00350,Female,39,Delhi,Delhi,R07,Consumer,2022-04-28,Social
C00351,Customer 00351,Male,33,Chennai,Tamil Nadu,R02,Consumer,2025-09-18,Referral
C00352,Customer 00352,Male,28,Faridabad,Haryana,R01,Consumer,2024-04-24,Referral
C00353,Customer 00353,Female,25,Chennai,Tamil Nadu,R02,Corporate,2023-10-17,Partner
C00354,Customer 00354,Male,28,Chennai,Tamil Nadu,R02,Consumer,2023-05-14,Organic
C00355,Customer 00355,Female,29,Ahmedabad,Gujarat,R04,Consumer,2024-05-31,Referral
C00356,Customer 00356,Male,28,Bengaluru,Karnataka,R02,Small Business,2025-09-08,Partner
C00357,Customer 00357,Male,42,Patna,Bihar,R03,Consumer,2022-07-27,Paid Search
C00358,Customer 00358,Female,49,Indore,Madhya Pradesh,R05,Enterprise,2022-11-24,Referral
C00359,Customer 00359,Male,23,Bengaluru,Karnataka,R02,Small Business,2022-04-06,Organic
C00360,Customer 00360,Male,46,Coimbatore,Tamil Nadu,R02,Small Business,2022-10-16,Organic
C00361,Customer 00361,Female,42,Vijayawada,Andhra Pradesh,R02,Small Business,2022-02-01,Organic
C00362,Customer 00362,Male,37,Gurugram,Haryana,R01,Consumer,2022-11-04,Social
C00363,Customer 00363,Male,50,Faridabad,Haryana,R01,Consumer,2023-11-28,Organic
C00364,Customer 00364,Female,33,Delhi,Delhi,R07,Small Business,2025-04-24,Social
C00365,Customer 00365,Male,39,Hyderabad,Telangana,R02,Consumer,2024-03-08,Paid Search
C00366,Customer 00366,Female,36,Ahmedabad,Gujarat,R04,Consumer,2022-11-26,Organic
C00367,Customer 00367,Male,35,Bhubaneswar,Odisha,R03,Corporate,2022-05-07,Organic
C00368,Customer 00368,Male,40,Hyderabad,Telangana,R02,Consumer,2025-07-19,Referral
C00369,Customer 00369,Male,35,Mumbai,Maharashtra,R04,Consumer,2022-09-22,Paid Search
C00370,Customer 00370,Female,40,Kochi,Kerala,R02,Consumer,2025-01-26,Referral
C00371,Customer 00371,Male,28,Patna,Bihar,R03,Consumer,2023-01-25,Email
C00372,Customer 00372,Female,29,Jaipur,Rajasthan,R01,Corporate,2024-07-10,Email
C00373,Customer 00373,Male,28,Pune,Maharashtra,R04,Consumer,2025-07-26,Referral
C00374,Customer 00374,Male,31,Pune,Maharashtra,R04,Consumer,2025-08-24,Referral
C00375,Customer 00375,Female,45,Faridabad,Haryana,R01,Consumer,2022-05-26,Social
C00376,Customer 00376,Male,30,Gurugram,Haryana,R01,Corporate,2024-01-17,Social
C00377,Customer 00377,Female,42,Visakhapatnam,Andhra Pradesh,R02,Consumer,2023-12-17,Organic
C00378,Customer 00378,Female,38,Ahmedabad,Gujarat,R04,Consumer,2025-07-09,Partner
C00379,Customer 00379,Female,31,Pune,Maharashtra,R04,Small Business,2025-02-26,Email
C00380,Customer 00380,Female,48,Patna,Bihar,R03,Consumer,2022-07-30,Referral
C00381,Customer 00381,Female,42,Bengaluru,Karnataka,R02,Corporate,2025-06-25,Referral
C00382,Customer 00382,Male,35,Vijayawada,Andhra Pradesh,R02,Consumer,2023-06-15,Social
C00383,Customer 00383,Female,34,Bhubaneswar,Odisha,R03,Consumer,2024-10-09,Organic
C00384,Customer 00384,,36,Bengaluru,,R02,Consumer,2022-09-18,Paid Search
C00385,Customer 00385,Male,20,Mumbai,Maharashtra,R04,Small Business,2023-01-23,Paid Search
C00386,Customer 00386,Female,27,Dehradun,Uttarakhand,R01,Consumer,2022-04-16,Email
C00387,Customer 00387,Male,40,Kolkata,West Bengal,R03,Consumer,2022-06-27,Social
C00388,Customer 00388,Female,19,Visakhapatnam,Andhra Pradesh,R02,Consumer,2025-09-23,Paid Search
C00389,Customer 00389,Male,28,Gurugram,Haryana,R01,Consumer,2022-08-19,Paid Search
C00390,Customer 00390,Male,31,Raipur,Chhattisgarh,R05,Small Business,2024-06-30,Email
C00391,Customer 00391,Female,64,Hyderabad,Telangana,R02,Enterprise,2025-01-30,Email
C00392,Customer 00392,Female,42,Gurugram,Haryana,R01,Consumer,2022-04-23,Email
C00393,Customer 00393,Female,46,Chennai,Tamil Nadu,R02,Consumer,2023-03-10,Paid Search
C00394,Customer 00394,Male,27,Kolkata,West Bengal,R03,Consumer,2023-12-03,Social
C00395,Customer 00395,Male,39,Delhi,Delhi,R07,Enterprise,2023-05-09,Social
C00396,Customer 00396,Male,18,Ahmedabad,Gujarat,R04,Consumer,2025-07-10,Organic
C00397,Customer 00397,Male,32,Indore,Madhya Pradesh,R05,Consumer,2022-09-14,Paid Search
C00398,Customer 00398,Male,40,Jaipur,Rajasthan,R01,Enterprise,2024-11-24,Social
C00399,Customer 00399,Female,21,Ahmedabad,Gujarat,R04,Enterprise,2023-09-28,Referral
C00400,Customer 00400,Male,39,Ahmedabad,Gujarat,R04,Consumer,2023-07-22,Paid Search
C00401,Customer 00401,Female,40,Jaipur,Rajasthan,R01,Consumer,2023-05-04,Organic
C00402,Customer 00402,Female,29,Kochi,Kerala,R02,Corporate,2024-09-15,Paid Search
C00403,Customer 00403,Female,27,Bhubaneswar,Odisha,R03,Small Business,2023-06-06,Social
C00404,Customer 00404,Male,28,Gurugram,Haryana,R01,Consumer,2024-07-06,Referral
C00405,Customer 00405,Male,32,Dehradun,Uttarakhand,R01,Consumer,2022-02-19,Email
C00406,Customer 00406,Male,32,Guwahati,Assam,R06,Consumer,2023-02-05,Organic
C00407,Customer 00407,Female,40,Jaipur,Rajasthan,R01,Consumer,2023-11-07,Social
C00408,Customer 00408,Female,30,Indore,Madhya Pradesh,R05,Consumer,2022-11-17,Paid Search
C00409,Customer 00409,Male,51,Faridabad,Haryana,R01,Small Business,2022-06-13,Referral
C00410,Customer 00410,Male,51,Dehradun,Uttarakhand,R01,Consumer,2022-11-19,Partner
C00411,Customer 00411,Other,37,Hyderabad,Telangana,R02,Consumer,2024-02-22,Social
C00412,Customer 00412,Male,32,Hyderabad,Telangana,R02,Small Business,2025-10-30,Email
C00413,Customer 00413,Male,30,Delhi,Delhi,R07,Consumer,2024-09-04,Organic
C00414,Customer 00414,Male,38,Kochi,Kerala,R02,Consumer,2025-08-14,Partner
C00415,Customer 00415,Male,40,Delhi,Delhi,R07,Enterprise,2024-03-08,Email
C00416,Customer 00416,Male,33,Kanpur,Uttar Pradesh,R07,Consumer,2022-02-14,Organic
C00417,Customer 00417,Female,31,Gurugram,Haryana,R01,Small Business,2022-08-02,Referral
C00418,Customer 00418,Female,39,Bhubaneswar,Odisha,R03,Consumer,2025-01-14,Social
C00419,Customer 00419,Female,36,Ludhiana,Punjab,R01,Consumer,2024-06-19,Partner
C00420,Customer 00420,Male,29,Kochi,Kerala,R02,Corporate,2025-05-13,Paid Search
C00421,Customer 00421,Male,36,Hyderabad,Telangana,R02,Consumer,2023-08-27,Social
C00422,Customer 00422,Female,29,Delhi,Delhi,R07,Consumer,2025-09-25,Social
C00423,Customer 00423,Male,27,Delhi,Delhi,R07,Consumer,2023-06-10,Organic
C00424,Customer 00424,Male,35,Delhi,Delhi,R07,Consumer,2025-05-12,Email
C00425,Customer 00425,Male,29,Chennai,Tamil Nadu,R02,Consumer,2022-08-06,Referral
C00426,Customer 00426,Female,28,Bhopal,,R05,Small Business,2023-10-22,
C00427,Customer 00427,Male,45,Kanpur,Uttar Pradesh,R07,Corporate,2025-12-23,Partner
C00428,Customer 00428,Female,31,Raipur,Chhattisgarh,R05,Consumer,2025-03-07,Partner
C00429,Customer 00429,Male,53,Delhi,Delhi,R07,Consumer,2023-07-28,Email
C00430,Customer 00430,Other,41,Bhopal,,R05,Consumer,2025-08-04,Organic
C00431,Customer 00431,Male,27,Kochi,Kerala,R02,Consumer,2023-10-29,Partner
C00432,Customer 00432,Female,47,Bhubaneswar,Odisha,R03,Consumer,2025-10-10,Paid Search
C00433,Customer 00433,Male,28,Kolkata,West Bengal,R03,Corporate,2022-05-18,Social
C00434,Customer 00434,Female,55,Indore,Madhya Pradesh,R05,Consumer,2025-04-22,Partner
C00435,Customer 00435,Male,37,Delhi,Delhi,R07,Consumer,2024-09-13,Organic
C00436,Customer 00436,Female,40,Ludhiana,Punjab,R01,Corporate,2022-09-17,Organic
C00437,Customer 00437,Female,35,Gurugram,Haryana,R01,Consumer,2023-02-17,Email
C00438,Customer 00438,Female,38,Mysuru,Karnataka,R02,Consumer,2025-04-09,Organic
C00439,Customer 00439,Male,33,Patna,Bihar,R03,Corporate,2024-12-17,Organic
C00440,Customer 00440,Male,26,Hyderabad,Telangana,R02,Corporate,2022-10-05,Paid Search
C00441,Customer 00441,Other,38,Raipur,Chhattisgarh,R05,Consumer,2022-04-09,Referral
C00442,Customer 00442,Female,45,Faridabad,Haryana,R01,Consumer,2023-04-08,Social
C00443,Customer 00443,Male,23,Patna,Bihar,R03,Consumer,2023-03-10,Paid Search
C00444,Customer 00444,Male,50,Ludhiana,Punjab,R01,Corporate,2024-07-02,Partner
C00445,Customer 00445,Male,41,Jodhpur,Rajasthan,R01,Consumer,2024-12-25,Referral
C00446,Customer 00446,Male,31,Kolkata,West Bengal,R03,Corporate,2023-02-08,Referral
C00447,Customer 00447,Male,30,Dehradun,Uttarakhand,R01,Small Business,2023-08-02,Paid Search
C00448,Customer 00448,Female,54,Chennai,Tamil Nadu,R02,Enterprise,2022-09-30,Email
C00449,Customer 00449,Male,44,Delhi,Delhi,R07,Consumer,2022-02-20,Organic
C00450,Customer 00450,Female,46,Chennai,Tamil Nadu,R02,Consumer,2025-08-27,Partner
C00451,Customer 00451,Female,32,Delhi,Delhi,R07,Consumer,2025-02-27,Organic
C00452,Customer 00452,Male,41,Guwahati,Assam,R06,Consumer,2025-02-28,Email
C00453,Customer 00453,,38,Kolkata,West Bengal,R03,Consumer,2025-11-11,Partner
C00454,Customer 00454,Female,33,Gurugram,Haryana,R01,Small Business,2022-02-28,Organic
C00455,Customer 00455,Male,36,Delhi,Delhi,R07,Consumer,2023-07-05,Organic
C00456,Customer 00456,Female,46,Amritsar,Punjab,R01,Consumer,2024-12-20,Organic
C00457,Customer 00457,Female,51,Dehradun,Uttarakhand,R01,Consumer,2024-06-27,Paid Search
C00458,Customer 00458,Male,32,Ahmedabad,Gujarat,R04,Enterprise,2025-02-21,Social
C00459,Customer 00459,Female,22,Bhubaneswar,Odisha,R03,Consumer,2023-06-29,Organic
C00460,Customer 00460,Male,51,Hyderabad,Telangana,R02,Small Business,2022-05-15,Organic
C00461,Customer 00461,Male,52,Coimbatore,Tamil Nadu,R02,Small Business,2024-03-21,Paid Search
C00462,Customer 00462,Other,39,Faridabad,Haryana,R01,Consumer,2024-12-17,Organic
C00463,Customer 00463,Male,53,Vijayawada,Andhra Pradesh,R02,Corporate,2024-12-15,Email
C00464,Customer 00464,Male,38,Jodhpur,Rajasthan,R01,Consumer,2022-09-13,
C00465,Customer 00465,Male,26,Chennai,Tamil Nadu,R02,Consumer,2024-07-13,Organic
C00466,Customer 00466,Male,22,Kolkata,West Bengal,R03,Consumer,2024-07-12,Organic
C00467,Customer 00467,Male,22,Hyderabad,Telangana,R02,Consumer,2023-04-05,Paid Search
C00468,Customer 00468,Female,35,Visakhapatnam,Andhra Pradesh,R02,Corporate,2023-01-15,Organic
C00469,Customer 00469,Male,30,Gurugram,Haryana,R01,Small Business,2022-10-13,Organic
C00470,Customer 00470,Female,29,Bengaluru,Karnataka,R02,Consumer,2022-06-10,Organic
C00471,Customer 00471,Male,34,Nagpur,Maharashtra,R04,Consumer,2024-03-06,Paid Search
C00472,Customer 00472,Male,44,Mysuru,Karnataka,R02,Consumer,2023-04-05,Social
C00473,Customer 00473,Female,30,Gurugram,Haryana,R01,Consumer,2024-08-21,Referral
C00474,Customer 00474,Female,28,Faridabad,Haryana,R01,Corporate,2024-05-10,Partner
C00475,Customer 00475,Female,30,Jaipur,Rajasthan,R01,Consumer,2024-04-19,Referral
C00476,Customer 00476,Male,44,Jodhpur,Rajasthan,R01,Small Business,2025-11-09,Organic
C00477,Customer 00477,Male,34,Surat,Gujarat,R04,Consumer,2022-07-07,Paid Search
C00478,Customer 00478,Female,38,Chennai,Tamil Nadu,R02,Small Business,2022-02-24,Referral
C00479,Customer 00479,Female,51,Hyderabad,Telangana,R02,Consumer,2023-06-03,Social
C00480,Customer 00480,Female,63,Surat,Gujarat,R04,Consumer,2022-02-05,Organic
C00481,Customer 00481,Male,41,Surat,Gujarat,R04,Small Business,2024-12-23,Email
C00482,Customer 00482,Male,40,Noida,Uttar Pradesh,R07,Consumer,2023-06-27,Organic
C00483,Customer 00483,Male,23,Chennai,Tamil Nadu,R02,Consumer,2022-08-03,Paid Search
C00484,Customer 00484,Male,39,Mumbai,Maharashtra,R04,Small Business,2022-05-02,Referral
C00485,Customer 00485,Male,36,Delhi,Delhi,R07,Consumer,2025-07-14,Partner
C00486,Customer 00486,Male,44,Ahmedabad,Gujarat,R04,Consumer,2023-07-04,Partner
C00487,Customer 00487,Male,31,Bengaluru,Karnataka,R02,Consumer,2023-11-13,Partner
C00488,Customer 00488,Female,37,Kanpur,Uttar Pradesh,R07,Consumer,2022-09-04,Paid Search
C00489,Customer 00489,Female,41,Coimbatore,Tamil Nadu,R02,Corporate,2025-03-01,Paid Search
C00490,Customer 00490,Female,54,Chennai,Tamil Nadu,R02,Small Business,2024-12-14,Organic
C00491,Customer 00491,Male,51,Kolkata,West Bengal,R03,Consumer,2023-05-13,Social
C00492,Customer 00492,Female,48,Hyderabad,Telangana,R02,Consumer,2025-05-28,Email
C00493,Customer 00493,Female,42,Hyderabad,Telangana,R02,Consumer,2023-06-09,Organic
C00494,Customer 00494,Male,31,Pune,Maharashtra,R04,Consumer,2025-08-13,Paid Search
C00495,Customer 00495,Female,42,Bhubaneswar,Odisha,R03,Corporate,2023-11-08,Partner
C00496,Customer 00496,Male,27,Mysuru,Karnataka,R02,Consumer,2024-04-08,Organic
C00497,Customer 00497,Female,33,Surat,Gujarat,R04,Corporate,2025-05-09,Paid Search
C00498,Customer 00498,Male,53,Hyderabad,Telangana,R02,Corporate,2022-05-29,Partner
C00499,Customer 00499,Female,40,Mumbai,Maharashtra,R04,Small Business,2023-11-29,Paid Search
C00500,Customer 00500,Female,37,Bengaluru,Karnataka,R02,Consumer,2025-10-31,Email
C00501,Customer 00501,Male,81,Patna,Bihar,R03,Consumer,2022-10-21,Paid Search
C00502,Customer 00502,Female,34,Guwahati,Assam,R06,Small Business,2023-07-02,Organic
C00503,Customer 00503,Female,18,Kochi,Kerala,R02,Consumer,2025-05-29,Organic
C00504,Customer 00504,Female,22,Bengaluru,Karnataka,R02,Consumer,2024-11-03,Organic
C00505,Customer 00505,Male,41,Bengaluru,Karnataka,R02,Small Business,2023-12-17,Paid Search
C00506,Customer 00506,Male,26,Indore,Madhya Pradesh,R05,Small Business,2022-07-07,Referral
C00507,Customer 00507,Female,34,Pune,Maharashtra,R04,Consumer,2022-09-23,Social
C00508,Customer 00508,Female,23,Indore,Madhya Pradesh,R05,Small Business,2025-06-03,Paid Search
C00509,Customer 00509,Female,28,Bengaluru,Karnataka,R02,Consumer,2024-01-15,Organic
C00510,Customer 00510,Male,35,Gurugram,Haryana,R01,Enterprise,2025-11-02,Referral
C00511,Customer 00511,Female,44,Delhi,Delhi,R07,Consumer,2022-05-29,Organic
C00512,Customer 00512,Female,46,Indore,Madhya Pradesh,R05,Consumer,2023-07-14,Organic
C00513,Customer 00513,Female,28,Delhi,Delhi,R07,Consumer,2022-05-17,Partner
C00514,Customer 00514,Female,38,Jaipur,Rajasthan,R01,Small Business,2022-07-31,Partner
C00515,Customer 00515,Male,21,Nagpur,Maharashtra,R04,Enterprise,2022-01-16,Organic
C00516,Customer 00516,Female,36,Gurugram,Haryana,R01,Consumer,2024-03-25,Organic
C00517,Customer 00517,Female,45,Mumbai,Maharashtra,R04,Consumer,2022-12-12,Social
C00518,Customer 00518,Male,34,Patna,Bihar,R03,Consumer,2022-08-25,Paid Search
C00519,Customer 00519,Male,48,Delhi,Delhi,R07,Consumer,2025-07-10,Partner
C00520,Customer 00520,Female,43,Bhopal,Madhya Pradesh,R05,Small Business,2023-10-08,Paid Search
C00521,Customer 00521,Male,37,Raipur,Chhattisgarh,R05,Consumer,2024-02-29,Organic
C00522,Customer 00522,Male,33,Nagpur,Maharashtra,R04,Enterprise,2024-06-28,Social
C00523,Customer 00523,Female,30,Gurugram,Haryana,R01,Small Business,2023-09-27,Organic
C00524,Customer 00524,Female,20,Chennai,Tamil Nadu,R02,Consumer,2022-07-23,Paid Search
C00525,Customer 00525,,22,Gurugram,Haryana,R01,Consumer,2023-12-16,Social
C00526,Customer 00526,Male,45,Pune,Maharashtra,R04,Enterprise,2025-10-17,Partner
C00527,Customer 00527,Male,50,Vijayawada,Andhra Pradesh,R02,Small Business,2024-09-29,Paid Search
C00528,Customer 00528,Male,24,Dehradun,Uttarakhand,R01,Corporate,2024-10-27,Referral
C00529,Customer 00529,Male,36,Bhubaneswar,Odisha,R03,Consumer,2024-04-10,Organic
C00530,Customer 00530,Female,19,Pune,Maharashtra,R04,Consumer,2023-06-12,Partner
C00531,Customer 00531,Male,25,Kolkata,West Bengal,R03,Small Business,2023-11-15,Paid Search
C00532,Customer 00532,Male,38,Kolkata,West Bengal,R03,Consumer,2023-08-31,Organic
C00533,Customer 00533,Female,30,Pune,Maharashtra,R04,Corporate,2024-04-30,Organic
C00534,Customer 00534,Male,18,Hyderabad,Telangana,R02,Corporate,2025-05-24,Email
C00535,Customer 00535,Male,52,Delhi,Delhi,R07,Consumer,2022-01-22,Organic
C00536,Customer 00536,Male,35,Amritsar,Punjab,R01,Consumer,2023-11-27,Social
C00537,Customer 00537,Male,24,Bengaluru,Karnataka,R02,Consumer,2023-01-25,Paid Search
C00538,Customer 00538,Male,36,Gurugram,Haryana,R01,Small Business,2025-12-13,Referral
C00539,Customer 00539,Other,34,Faridabad,Haryana,R01,Consumer,2022-08-02,Partner
C00540,Customer 00540,Female,39,Bhopal,Madhya Pradesh,R05,Consumer,2022-04-01,Organic
C00541,Customer 00541,Female,32,Dehradun,Uttarakhand,R01,Enterprise,2024-10-23,Social
C00542,Customer 00542,Female,38,Mysuru,Karnataka,R02,Corporate,2023-02-01,Paid Search
C00543,Customer 00543,Male,44,Bhopal,Madhya Pradesh,R05,Consumer,2022-11-16,Social
C00544,Customer 00544,Female,22,Dehradun,Uttarakhand,R01,Small Business,2024-01-28,Organic
C00545,Customer 00545,Male,28,Gurugram,Haryana,R01,Consumer,2025-09-19,Organic
C00546,Customer 00546,Male,43,Surat,Gujarat,R04,Enterprise,2022-07-18,Email
C00547,Customer 00547,Male,29,Nagpur,Maharashtra,R04,Small Business,2024-02-27,Paid Search
C00548,Customer 00548,Female,34,Delhi,Delhi,R07,Consumer,2023-06-05,Organic
C00549,Customer 00549,Male,30,Patna,Bihar,R03,Consumer,2022-09-30,Paid Search
C00550,Customer 00550,Male,31,Surat,Gujarat,R04,Consumer,2024-01-30,Referral
C00551,Customer 00551,Male,30,Ahmedabad,Gujarat,R04,Corporate,2025-11-06,Partner
C00552,Customer 00552,Male,22,Gurugram,Haryana,R01,Corporate,2023-01-17,Email
C00553,Customer 00553,Male,40,Ludhiana,Punjab,R01,Consumer,2022-11-16,Referral
C00554,Customer 00554,Female,46,Kochi,Kerala,R02,Enterprise,2022-08-29,Partner
C00555,Customer 00555,Male,33,Delhi,Delhi,R07,Consumer,2024-06-22,Referral
C00556,Customer 00556,Female,44,Lucknow,Uttar Pradesh,R07,Small Business,2023-01-28,Social
C00557,Customer 00557,Male,30,Jodhpur,Rajasthan,R01,Corporate,2024-05-15,Social
C00558,Customer 00558,Male,29,Bengaluru,Karnataka,R02,Consumer,2022-05-01,Partner
C00559,Customer 00559,Female,39,Coimbatore,Tamil Nadu,R02,Consumer,2024-10-24,Organic
C00560,Customer 00560,Female,39,Mysuru,,R02,Corporate,2022-10-14,Social
C00561,Customer 00561,Male,34,Delhi,Delhi,R07,Corporate,2022-05-08,Email
C00562,Customer 00562,Female,42,Kanpur,Uttar Pradesh,R07,Consumer,2022-03-31,Organic
C00563,Customer 00563,Female,22,Indore,Madhya Pradesh,R05,Small Business,2025-03-04,Email
C00564,Customer 00564,Male,32,Hyderabad,Telangana,R02,Consumer,2025-10-23,Email
C00565,Customer 00565,Female,45,Hyderabad,,R02,Consumer,2023-09-01,Social
C00566,Customer 00566,Male,45,Hyderabad,Telangana,R02,Small Business,2022-08-24,Email
C00567,Customer 00567,Female,43,Patna,Bihar,R03,Consumer,2025-04-19,Organic
C00568,Customer 00568,Male,45,Delhi,Delhi,R07,Corporate,2022-01-02,Partner
C00569,Customer 00569,Female,31,Mumbai,Maharashtra,R04,Corporate,2023-04-12,Organic
C00570,Customer 00570,Female,18,Bengaluru,Karnataka,R02,Consumer,2025-10-30,Organic
C00571,Customer 00571,Female,32,Nagpur,Maharashtra,R04,Consumer,2023-07-26,Social
C00572,Customer 00572,Male,41,Bhopal,Madhya Pradesh,R05,Consumer,2025-01-13,Referral
C00573,Customer 00573,Female,43,Bengaluru,Karnataka,R02,Consumer,2023-06-12,Referral
C00574,Customer 00574,Male,30,Bhubaneswar,Odisha,R03,Corporate,2023-01-26,Social
C00575,Customer 00575,Male,25,Raipur,Chhattisgarh,R05,Consumer,2023-04-12,Email
C00576,Customer 00576,Male,26,Bengaluru,Karnataka,R02,Enterprise,2025-07-08,Social
C00577,Customer 00577,Female,30,Kochi,Kerala,R02,Consumer,2023-10-18,Email
C00578,Customer 00578,Female,18,Coimbatore,Tamil Nadu,R02,Consumer,2025-06-27,Organic
C00579,Customer 00579,Female,30,Raipur,Chhattisgarh,R05,Small Business,2025-12-18,Partner
C00580,Customer 00580,Male,35,Nagpur,Maharashtra,R04,Consumer,2024-12-18,Partner
C00581,Customer 00581,Female,34,Bengaluru,Karnataka,R02,Corporate,2023-03-10,Partner
C00582,Customer 00582,Female,32,Bengaluru,Karnataka,R02,Corporate,2024-05-15,Paid Search
C00583,Customer 00583,Female,28,Faridabad,Haryana,R01,Small Business,2023-06-27,Partner
C00584,Customer 00584,Female,29,Pune,Maharashtra,R04,Consumer,2024-05-04,Organic
C00585,Customer 00585,Male,29,Kochi,Kerala,R02,Consumer,2024-10-27,Organic
C00586,Customer 00586,Female,42,Hyderabad,Telangana,R02,Enterprise,2025-11-16,Paid Search
C00587,Customer 00587,Female,35,Amritsar,Punjab,R01,Consumer,2025-02-17,Partner
C00588,Customer 00588,Female,67,Nagpur,Maharashtra,R04,Corporate,2023-11-11,Partner
C00589,Customer 00589,Male,32,Ludhiana,Punjab,R01,Corporate,2025-06-22,Social
C00590,Customer 00590,Male,39,Delhi,Delhi,R07,Consumer,2025-03-27,Referral
C00591,Customer 00591,,32,Kochi,Kerala,R02,Small Business,2023-02-28,Social
C00592,Customer 00592,Female,32,Surat,Gujarat,R04,Enterprise,2022-06-14,Organic
C00593,Customer 00593,Male,51,Nagpur,Maharashtra,R04,Consumer,2023-09-04,Referral
C00594,Customer 00594,Female,45,Chennai,Tamil Nadu,R02,Corporate,2024-10-20,Organic
C00595,Customer 00595,Male,18,Delhi,Delhi,R07,Corporate,2022-12-23,Referral
C00596,Customer 00596,Male,25,Jaipur,Rajasthan,R01,Consumer,2025-12-16,Organic
C00597,Customer 00597,Male,34,Kolkata,West Bengal,R03,Small Business,2025-11-18,Organic
C00598,Customer 00598,Male,30,Hyderabad,Telangana,R02,Consumer,2022-01-15,Referral
C00599,Customer 00599,Male,20,Dehradun,Uttarakhand,R01,Consumer,2023-08-07,Social
C00600,Customer 00600,Female,36,Chennai,Tamil Nadu,R02,Small Business,2023-01-12,Email
C00601,Customer 00601,Other,18,Bengaluru,Karnataka,R02,Enterprise,2025-06-24,Referral
C00602,Customer 00602,Male,36,Patna,Bihar,R03,Consumer,2025-02-20,Paid Search
C00603,Customer 00603,Male,42,Kochi,Kerala,R02,Small Business,2024-09-07,Email
C00604,Customer 00604,Female,44,Kolkata,West Bengal,R03,Consumer,2024-12-08,Organic
C00605,Customer 00605,Male,34,Ranchi,Jharkhand,R03,Consumer,2025-03-11,Referral
C00606,Customer 00606,,50,Bhubaneswar,Odisha,R03,Consumer,2024-12-08,Paid Search
C00607,Customer 00607,Female,38,Raipur,Chhattisgarh,R05,Small Business,2024-09-04,Paid Search
C00608,Customer 00608,Female,43,Gurugram,Haryana,R01,Consumer,2025-12-06,Social
C00609,Customer 00609,Male,28,Patna,Bihar,R03,Consumer,2024-03-12,Partner
C00610,Customer 00610,Female,50,Surat,Gujarat,R04,Corporate,2022-05-21,Organic
C00611,Customer 00611,Female,35,Bengaluru,Karnataka,R02,Consumer,2023-09-14,Partner
C00612,Customer 00612,Male,51,Hyderabad,Telangana,R02,Consumer,2024-09-13,Social
C00613,Customer 00613,Female,49,Ranchi,Jharkhand,R03,Consumer,2025-07-01,Organic
C00614,Customer 00614,Male,38,Dehradun,Uttarakhand,R01,Small Business,2024-07-25,Referral
C00615,Customer 00615,Male,39,Jodhpur,Rajasthan,R01,Corporate,2023-02-14,Referral
C00616,Customer 00616,Female,33,Patna,Bihar,R03,Small Business,2022-10-28,Social
C00617,Customer 00617,Male,27,Patna,Bihar,R03,Consumer,2025-05-11,Organic
C00618,Customer 00618,Male,41,Pune,,R04,Consumer,2022-11-08,Email
C00619,Customer 00619,Male,40,Faridabad,Haryana,R01,Small Business,2022-02-09,Email
C00620,Customer 00620,Female,19,Delhi,Delhi,R07,Consumer,2024-08-07,Email
C00621,Customer 00621,Female,34,Bhubaneswar,Odisha,R03,Consumer,2024-01-31,Referral
C00622,Customer 00622,Female,44,Bengaluru,Karnataka,R02,Consumer,2024-08-14,Paid Search
C00623,Customer 00623,Female,50,Dehradun,Uttarakhand,R01,Consumer,2023-11-05,Social
C00624,Customer 00624,Male,42,Ahmedabad,Gujarat,R04,Consumer,2024-05-26,Referral
C00625,Customer 00625,Female,20,Ranchi,Jharkhand,R03,Enterprise,2023-05-28,Organic
C00626,Customer 00626,Male,24,Ahmedabad,Gujarat,R04,Consumer,2023-11-06,Social
C00627,Customer 00627,Male,32,Bhubaneswar,Odisha,R03,Corporate,2022-09-04,Organic
C00628,Customer 00628,Female,49,Delhi,Delhi,R07,Consumer,2024-10-01,Email
C00629,Customer 00629,Female,29,Mysuru,Karnataka,R02,Corporate,2024-05-15,Organic
C00630,Customer 00630,Female,46,Indore,Madhya Pradesh,R05,Consumer,2023-04-16,Email
C00631,Customer 00631,Female,29,Kochi,Kerala,R02,Small Business,2024-04-14,Organic
C00632,Customer 00632,Male,40,Indore,Madhya Pradesh,R05,Consumer,2022-12-11,Partner
C00633,Customer 00633,Male,26,Delhi,Delhi,R07,Small Business,2024-12-08,Referral
C00634,Customer 00634,Female,33,Nagpur,Maharashtra,R04,Consumer,2024-05-19,Paid Search
C00635,Customer 00635,Female,24,Delhi,Delhi,R07,Consumer,2024-08-13,Organic
C00636,Customer 00636,Female,49,Faridabad,Haryana,R01,Small Business,2024-06-20,Social
C00637,Customer 00637,Female,28,Kolkata,West Bengal,R03,Corporate,2025-05-13,Paid Search
C00638,Customer 00638,Male,20,Kolkata,West Bengal,R03,Corporate,2025-04-01,Email
C00639,Customer 00639,Male,19,Bhubaneswar,Odisha,R03,Small Business,2023-02-05,Email
C00640,Customer 00640,Male,34,Raipur,Chhattisgarh,R05,Small Business,2023-08-31,Referral
C00641,Customer 00641,Female,30,Patna,Bihar,R03,Consumer,2024-03-07,Organic
C00642,Customer 00642,,41,Indore,Madhya Pradesh,R05,Consumer,2025-01-21,Organic
C00643,Customer 00643,Female,33,Delhi,Delhi,R07,Consumer,2022-02-28,Social
C00644,Customer 00644,Female,47,Lucknow,Uttar Pradesh,R07,Enterprise,2025-09-02,Paid Search
C00645,Customer 00645,Female,31,Chennai,Tamil Nadu,R02,Consumer,2023-04-06,Referral
C00646,Customer 00646,Male,45,Raipur,Chhattisgarh,R05,Consumer,2023-09-14,Social
C00647,Customer 00647,Male,25,Delhi,Delhi,R07,Consumer,2023-01-20,Social
C00648,Customer 00648,Male,20,Bengaluru,Karnataka,R02,Consumer,2024-03-03,Social
C00649,Customer 00649,Female,27,Kolkata,West Bengal,R03,Consumer,2023-02-02,Social
C00650,Customer 00650,Male,24,Delhi,Delhi,R07,Consumer,2025-08-22,Partner
C00651,Customer 00651,Female,23,Pune,Maharashtra,R04,Consumer,2023-04-10,Organic
C00652,Customer 00652,Male,39,Kochi,Kerala,R02,Corporate,2023-03-15,Organic
C00653,Customer 00653,Female,32,Hyderabad,Telangana,R02,Consumer,2022-01-29,Organic
C00654,Customer 00654,Male,36,Kanpur,Uttar Pradesh,R07,Consumer,2024-11-21,Paid Search
C00655,Customer 00655,Female,40,Raipur,Chhattisgarh,R05,Consumer,2025-09-01,Social
C00656,Customer 00656,Male,18,Mumbai,Maharashtra,R04,Consumer,2024-04-23,Email
C00657,Customer 00657,Female,41,Raipur,Chhattisgarh,R05,Consumer,2025-08-20,Referral
C00658,Customer 00658,Female,23,Jaipur,Rajasthan,R01,Consumer,2023-08-28,Partner
C00659,Customer 00659,Male,29,Coimbatore,,R02,Consumer,2024-10-09,Organic
C00660,Customer 00660,Female,18,Pune,Maharashtra,R04,Corporate,2025-06-16,Organic
C00661,Customer 00661,Female,42,Jaipur,Rajasthan,R01,Consumer,2024-12-16,Organic
C00662,Customer 00662,Male,18,Guwahati,Assam,R06,Consumer,2022-08-17,Referral
C00663,Customer 00663,Female,23,Ludhiana,Punjab,R01,Consumer,2025-11-19,Paid Search
C00664,Customer 00664,Female,24,Delhi,Delhi,R07,Consumer,2022-02-21,Paid Search
C00665,Customer 00665,Female,34,Nagpur,Maharashtra,R04,Consumer,2022-06-20,Paid Search
C00666,Customer 00666,Female,33,Kolkata,West Bengal,R03,Consumer,2022-10-30,
C00667,Customer 00667,Female,43,Bhopal,Madhya Pradesh,R05,Consumer,2024-11-18,Organic
C00668,Customer 00668,Male,34,Dehradun,Uttarakhand,R01,Consumer,2025-07-04,Paid Search
C00669,Customer 00669,Male,45,Jodhpur,Rajasthan,R01,Small Business,2024-02-28,Social
C00670,Customer 00670,Male,39,Mumbai,Maharashtra,R04,Consumer,2023-05-17,Paid Search
C00671,Customer 00671,Female,83,Faridabad,Haryana,R01,Consumer,2023-11-03,Referral
C00672,Customer 00672,Male,28,Coimbatore,Tamil Nadu,R02,Consumer,2024-09-26,Social
C00673,Customer 00673,Male,50,Dehradun,Uttarakhand,R01,Consumer,2022-11-13,Email
C00674,Customer 00674,Female,47,Kolkata,West Bengal,R03,Small Business,2022-12-04,Email
C00675,Customer 00675,Male,43,Coimbatore,,R02,Consumer,2023-03-05,Paid Search
C00676,Customer 00676,Male,45,Nagpur,Maharashtra,R04,Consumer,2023-12-19,Partner
C00677,Customer 00677,Female,40,Kochi,Kerala,R02,Enterprise,2024-12-10,Referral
C00678,Customer 00678,Female,38,Mysuru,Karnataka,R02,Consumer,2024-02-03,Partner
C00679,Customer 00679,Female,35,Gurugram,Haryana,R01,Consumer,2022-05-20,Social
C00680,Customer 00680,Male,52,Pune,Maharashtra,R04,Corporate,2022-12-25,Organic
C00681,Customer 00681,Female,30,Delhi,Delhi,R07,Enterprise,2022-03-07,Referral
C00682,Customer 00682,Female,37,Amritsar,Punjab,R01,Consumer,2023-07-20,Partner
C00683,Customer 00683,Male,18,Delhi,Delhi,R07,Corporate,2024-01-10,Partner
C00684,Customer 00684,Male,21,Ahmedabad,Gujarat,R04,Consumer,2023-01-18,Organic
C00685,Customer 00685,Male,53,Hyderabad,Telangana,R02,Corporate,2022-03-07,Social
C00686,Customer 00686,Female,41,Pune,Maharashtra,R04,Consumer,2022-05-28,Partner
C00687,Customer 00687,Male,33,Surat,Gujarat,R04,Corporate,2024-10-05,Paid Search
C00688,Customer 00688,Female,36,Ranchi,Jharkhand,R03,Consumer,2023-09-23,Social
C00689,Customer 00689,Female,21,Patna,Bihar,R03,Consumer,2025-11-18,Partner
C00690,Customer 00690,Female,31,Bengaluru,Karnataka,R02,Consumer,2024-04-03,Social
C00691,Customer 00691,Male,20,Jodhpur,Rajasthan,R01,Corporate,2023-03-22,Organic
C00692,Customer 00692,Female,32,Kochi,Kerala,R02,Small Business,2022-05-12,Organic
C00693,Customer 00693,Female,42,Noida,Uttar Pradesh,R07,Small Business,2024-12-12,Social
C00694,Customer 00694,Male,40,Pune,Maharashtra,R04,Enterprise,2023-06-07,Social
C00695,Customer 00695,Female,51,Kochi,Kerala,R02,Consumer,2024-05-21,Partner
C00696,Customer 00696,Male,38,Bengaluru,Karnataka,R02,Corporate,2023-11-08,Email
C00697,Customer 00697,Male,18,Patna,Bihar,R03,Consumer,2022-04-30,Organic
C00698,Customer 00698,Male,55,Chennai,Tamil Nadu,R02,Small Business,2025-09-24,Email
C00699,Customer 00699,Male,27,Hyderabad,Telangana,R02,Corporate,2022-06-23,Organic
C00700,Customer 00700,Male,37,Jodhpur,Rajasthan,R01,Consumer,2024-06-10,Organic
C00701,Customer 00701,Female,36,Noida,Uttar Pradesh,R07,Consumer,2022-07-29,Social
C00702,Customer 00702,Male,37,Mumbai,Maharashtra,R04,Small Business,2025-10-08,Social
C00703,Customer 00703,Male,35,Gurugram,Haryana,R01,Small Business,2023-02-19,Paid Search
C00704,Customer 00704,Female,36,Guwahati,Assam,R06,Small Business,2024-02-06,Social
C00705,Customer 00705,Female,22,Jodhpur,Rajasthan,R01,Consumer,2022-04-25,Partner
C00706,Customer 00706,Male,61,Chennai,Tamil Nadu,R02,Consumer,2025-03-19,Referral
C00707,Customer 00707,Male,42,Bhubaneswar,Odisha,R03,Enterprise,2022-11-24,Paid Search
C00708,Customer 00708,Male,36,Bhubaneswar,Odisha,R03,Corporate,2022-05-21,Partner
C00709,Customer 00709,Female,53,Ahmedabad,Gujarat,R04,Consumer,2023-02-18,Organic
C00710,Customer 00710,Female,24,Bengaluru,Karnataka,R02,Corporate,2024-04-04,Organic
C00711,Customer 00711,Male,44,Dehradun,Uttarakhand,R01,Corporate,2023-04-23,Organic
C00712,Customer 00712,Male,29,Kolkata,West Bengal,R03,Corporate,2023-05-31,Organic
C00713,Customer 00713,Female,39,Bhopal,Madhya Pradesh,R05,Consumer,2022-04-21,Organic
C00714,Customer 00714,Female,39,Kochi,Kerala,R02,Small Business,2024-11-30,Paid Search
C00715,Customer 00715,Male,18,Bhubaneswar,Odisha,R03,Small Business,2023-05-17,Social
C00716,Customer 00716,Male,21,Ludhiana,Punjab,R01,Consumer,2025-07-06,Organic
C00717,Customer 00717,Male,51,Chennai,Tamil Nadu,R02,Consumer,2023-08-10,Organic
C00718,Customer 00718,Female,32,Delhi,Delhi,R07,Consumer,2024-11-06,Referral
C00719,Customer 00719,Female,55,Hyderabad,Telangana,R02,Corporate,2023-04-06,Paid Search
C00720,Customer 00720,Male,48,Visakhapatnam,Andhra Pradesh,R02,Consumer,2022-05-09,Referral
C00721,Customer 00721,Female,33,Bengaluru,Karnataka,R02,Small Business,2024-07-23,Organic
C00722,Customer 00722,Male,32,Surat,Gujarat,R04,Consumer,2024-06-26,Referral
C00723,Customer 00723,Female,51,Delhi,Delhi,R07,Consumer,2025-11-30,Partner
C00724,Customer 00724,Female,56,Ranchi,Jharkhand,R03,Small Business,2024-12-23,Organic
C00725,Customer 00725,Female,32,Gurugram,Haryana,R01,Small Business,2024-07-09,Referral
C00726,Customer 00726,Male,50,Delhi,Delhi,R07,Consumer,2022-02-13,Email
C00727,Customer 00727,Male,45,Lucknow,Uttar Pradesh,R07,Consumer,2025-04-22,Social
C00728,Customer 00728,Female,47,Delhi,Delhi,R07,Consumer,2022-09-05,Paid Search
C00729,Customer 00729,Female,36,Ahmedabad,Gujarat,R04,Consumer,2024-12-04,Organic
C00730,Customer 00730,Male,28,Mysuru,Karnataka,R02,Consumer,2024-09-20,Referral
C00731,Customer 00731,Female,24,Pune,Maharashtra,R04,Consumer,2025-03-21,Social
C00732,Customer 00732,Male,22,Delhi,Delhi,R07,Consumer,2023-04-06,Email
C00733,Customer 00733,Male,54,Gurugram,Haryana,R01,Corporate,2023-12-27,Organic
C00734,Customer 00734,Female,35,Mumbai,Maharashtra,R04,Corporate,2022-04-01,Organic
C00735,Customer 00735,Male,24,Delhi,Delhi,R07,Corporate,2023-06-05,Paid Search
C00736,Customer 00736,Male,45,Kolkata,West Bengal,R03,Consumer,2025-07-23,Social
C00737,Customer 00737,Male,30,Ludhiana,Punjab,R01,Consumer,2022-10-22,Referral
C00738,Customer 00738,Female,28,Jaipur,Rajasthan,R01,Consumer,2025-10-23,Organic
C00739,Customer 00739,Male,56,Nagpur,Maharashtra,R04,Enterprise,2022-03-16,Social
C00740,Customer 00740,Male,22,Ahmedabad,Gujarat,R04,Consumer,2023-06-30,
C00741,Customer 00741,Male,37,Delhi,Delhi,R07,Corporate,2023-07-07,Partner
C00742,Customer 00742,Male,29,Faridabad,Haryana,R01,Consumer,2025-12-21,Partner
C00743,Customer 00743,Male,27,Raipur,Chhattisgarh,R05,Small Business,2024-03-04,Social
C00744,Customer 00744,Male,20,Delhi,Delhi,R07,Consumer,2025-06-05,Partner
C00745,Customer 00745,Male,36,Bengaluru,Karnataka,R02,Consumer,2025-05-26,Social
C00746,Customer 00746,Female,26,Mysuru,Karnataka,R02,Small Business,2024-03-23,Organic
C00747,Customer 00747,Male,41,Pune,Maharashtra,R04,Consumer,2024-11-21,Partner
C00748,Customer 00748,Male,35,Surat,Gujarat,R04,Corporate,2024-12-27,Organic
C00749,Customer 00749,Female,32,Bhubaneswar,Odisha,R03,Consumer,2024-01-06,Paid Search
C00750,Customer 00750,Male,26,Bhopal,Madhya Pradesh,R05,Enterprise,2025-09-29,Organic
C00751,Customer 00751,Male,49,Kanpur,Uttar Pradesh,R07,Corporate,2023-09-22,Social
C00752,Customer 00752,Other,42,Nagpur,Maharashtra,R04,Consumer,2024-11-28,Social
C00753,Customer 00753,Female,28,Kanpur,Uttar Pradesh,R07,Small Business,2023-05-30,Referral
C00754,Customer 00754,Female,21,Bengaluru,Karnataka,R02,Corporate,2023-05-09,Organic
C00755,Customer 00755,Female,18,Kolkata,West Bengal,R03,Consumer,2023-06-11,Organic
C00756,Customer 00756,Female,46,Kanpur,Uttar Pradesh,R07,Consumer,2022-10-10,Organic
C00757,Customer 00757,Male,44,Nagpur,Maharashtra,R04,Consumer,2025-03-28,Organic
C00758,Customer 00758,Male,45,Visakhapatnam,Andhra Pradesh,R02,Corporate,2023-09-23,Organic
C00759,Customer 00759,Female,34,Delhi,Delhi,R07,Consumer,2024-09-07,Organic
C00760,Customer 00760,Male,43,Surat,Gujarat,R04,Small Business,2022-09-30,Partner
C00761,Customer 00761,Female,45,Kolkata,West Bengal,R03,Consumer,2024-09-28,Email
C00762,Customer 00762,Male,34,Gurugram,Haryana,R01,Corporate,2022-02-01,Paid Search
C00763,Customer 00763,Male,31,Delhi,Delhi,R07,Consumer,2024-08-05,Paid Search
C00764,Customer 00764,Female,25,Gurugram,Haryana,R01,Corporate,2023-10-29,Partner
C00765,Customer 00765,Female,39,Kochi,Kerala,R02,Consumer,2022-06-26,Referral
C00766,Customer 00766,Female,41,Delhi,Delhi,R07,Consumer,2023-04-27,
C00767,Customer 00767,Male,31,Ludhiana,Punjab,R01,Consumer,2022-03-01,Partner
C00768,Customer 00768,Male,32,Delhi,Delhi,R07,Corporate,2022-05-20,Organic
C00769,Customer 00769,Female,33,Gurugram,Haryana,R01,Consumer,2025-04-03,Organic
C00770,Customer 00770,Male,43,Chennai,Tamil Nadu,R02,Small Business,2025-06-27,Organic
C00771,Customer 00771,Female,21,Lucknow,Uttar Pradesh,R07,Consumer,2025-04-22,Social
C00772,Customer 00772,Female,24,Coimbatore,Tamil Nadu,R02,Consumer,2022-06-29,Partner
C00773,Customer 00773,Male,24,Coimbatore,Tamil Nadu,R02,Corporate,2024-05-04,Paid Search
C00774,Customer 00774,Male,34,Raipur,Chhattisgarh,R05,Consumer,2024-07-10,Email
C00775,Customer 00775,Female,38,Delhi,Delhi,R07,Consumer,2023-05-20,Referral
C00776,Customer 00776,Male,24,Raipur,Chhattisgarh,R05,Consumer,2024-04-11,Referral
C00777,Customer 00777,Male,44,Coimbatore,Tamil Nadu,R02,Corporate,2023-02-01,Referral
C00778,Customer 00778,Female,50,Gurugram,Haryana,R01,Enterprise,2025-12-01,Social
C00779,Customer 00779,Male,39,Bhubaneswar,Odisha,R03,Consumer,2022-12-27,Referral
C00780,Customer 00780,Female,46,Raipur,Chhattisgarh,R05,Corporate,2023-01-06,Email
C00781,Customer 00781,Male,26,Lucknow,Uttar Pradesh,R07,Corporate,2025-01-25,Social
C00782,Customer 00782,Male,26,Kochi,Kerala,R02,Corporate,2022-12-11,Organic
C00783,Customer 00783,Female,40,Surat,Gujarat,R04,Consumer,2025-08-09,Social
C00784,Customer 00784,Male,35,Chennai,Tamil Nadu,R02,Enterprise,2024-07-05,Social
C00785,Customer 00785,Female,26,Dehradun,Uttarakhand,R01,Consumer,2025-08-13,Partner
C00786,Customer 00786,Male,49,Nagpur,Maharashtra,R04,Small Business,2024-03-26,Organic
C00787,Customer 00787,Female,38,Bhopal,Madhya Pradesh,R05,Consumer,2025-11-09,Organic
C00788,Customer 00788,Female,42,Nagpur,Maharashtra,R04,Small Business,2025-04-01,Paid Search
C00789,Customer 00789,Female,28,Indore,Madhya Pradesh,R05,Enterprise,2025-03-23,Email
C00790,Customer 00790,Male,52,Coimbatore,Tamil Nadu,R02,Small Business,2022-09-10,Social
C00791,Customer 00791,Male,33,Kanpur,Uttar Pradesh,R07,Consumer,2025-03-17,Paid Search
C00792,Customer 00792,Male,45,Ahmedabad,Gujarat,R04,Small Business,2023-03-16,Referral
C00793,Customer 00793,Female,29,Mumbai,Maharashtra,R04,Consumer,2025-05-01,Social
C00794,Customer 00794,Female,37,Delhi,Delhi,R07,Corporate,2022-01-08,Social
C00795,Customer 00795,Female,41,Delhi,Delhi,R07,Consumer,2022-03-29,Paid Search
C00796,Customer 00796,Male,55,Pune,Maharashtra,R04,Corporate,2024-11-20,Referral
C00797,Customer 00797,Male,31,Delhi,Delhi,R07,Consumer,2022-04-06,Organic
C00798,Customer 00798,Male,37,Gurugram,Haryana,R01,Consumer,2023-04-21,Organic
C00799,Customer 00799,Male,41,Patna,Bihar,R03,Consumer,2023-11-09,Referral
C00800,Customer 00800,Male,21,Kolkata,West Bengal,R03,Consumer,2022-12-11,Organic
C00801,Customer 00801,Male,18,Patna,Bihar,R03,Consumer,2024-12-15,Paid Search
C00802,Customer 00802,,25,Nagpur,Maharashtra,R04,Small Business,2024-06-02,Paid Search
C00803,Customer 00803,Female,45,Kochi,Kerala,R02,Corporate,2024-08-14,Social
C00804,Customer 00804,Male,52,Chennai,Tamil Nadu,R02,Small Business,2023-01-03,Email
C00805,Customer 00805,Male,26,Faridabad,Haryana,R01,Small Business,2022-02-02,Email
C00806,Customer 00806,Female,23,Gurugram,Haryana,R01,Consumer,2022-03-24,Paid Search
C00807,Customer 00807,Female,50,Kolkata,West Bengal,R03,Consumer,2023-01-02,Organic
C00808,Customer 00808,Male,29,Gurugram,Haryana,R01,Consumer,2022-12-12,Partner
C00809,Customer 00809,Female,31,Bengaluru,Karnataka,R02,Consumer,2024-06-15,Organic
C00810,Customer 00810,Male,50,Dehradun,Uttarakhand,R01,Corporate,2025-05-26,Email
C00811,Customer 00811,Female,48,Delhi,Delhi,R07,Corporate,2023-02-17,Organic
C00812,Customer 00812,Female,44,Delhi,Delhi,R07,Corporate,2024-05-19,Social
C00813,Customer 00813,Male,18,Dehradun,Uttarakhand,R01,Small Business,2025-09-03,Referral
C00814,Customer 00814,Female,22,Chennai,Tamil Nadu,R02,Consumer,2023-11-20,Social
C00815,Customer 00815,Male,46,Gurugram,Haryana,R01,Small Business,2022-10-27,Social
C00816,Customer 00816,Male,38,Kochi,Kerala,R02,Consumer,2023-12-19,Organic
C00817,Customer 00817,Male,27,Guwahati,Assam,R06,Small Business,2022-04-03,Organic
C00818,Customer 00818,Male,32,Mysuru,Karnataka,R02,Consumer,2025-12-27,Social
C00819,Customer 00819,Male,46,Chennai,Tamil Nadu,R02,Consumer,2025-08-27,Email
C00820,Customer 00820,Female,50,Jaipur,Rajasthan,R01,Consumer,2022-02-16,Social
C00821,Customer 00821,Male,35,Delhi,Delhi,R07,Consumer,2023-01-23,
C00822,Customer 00822,Male,28,Chennai,Tamil Nadu,R02,Consumer,2022-08-24,
C00823,Customer 00823,Male,32,Jodhpur,Rajasthan,R01,Consumer,2025-07-02,Paid Search
C00824,Customer 00824,Male,48,Hyderabad,Telangana,R02,Consumer,2025-06-18,Paid Search
C00825,Customer 00825,Male,48,Bhopal,Madhya Pradesh,R05,Small Business,2023-05-16,Organic
C00826,Customer 00826,Male,37,Delhi,Delhi,R07,Consumer,2024-02-21,Email
C00827,Customer 00827,Female,30,Coimbatore,Tamil Nadu,R02,Consumer,2024-08-05,Organic
C00828,Customer 00828,Other,46,Noida,Uttar Pradesh,R07,Small Business,2025-12-24,Organic
C00829,Customer 00829,Male,51,Guwahati,Assam,R06,Consumer,2025-04-15,Organic
C00830,Customer 00830,Male,20,Kanpur,Uttar Pradesh,R07,Small Business,2024-09-26,Organic
C00831,Customer 00831,Female,33,Chennai,Tamil Nadu,R02,Consumer,2023-10-27,Paid Search
C00832,Customer 00832,Female,47,Mysuru,Karnataka,R02,Consumer,2024-11-22,Organic
C00833,Customer 00833,Other,36,Mumbai,Maharashtra,R04,Consumer,2024-07-30,Paid Search
C00834,Customer 00834,Female,30,Kolkata,West Bengal,R03,Consumer,2024-04-27,Social
C00835,Customer 00835,Female,37,Patna,Bihar,R03,Corporate,2022-11-06,Organic
C00836,Customer 00836,Male,39,Coimbatore,Tamil Nadu,R02,Small Business,2022-01-26,Organic
C00837,Customer 00837,Male,24,Patna,Bihar,R03,Consumer,2024-01-27,Paid Search
C00838,Customer 00838,Female,36,Dehradun,Uttarakhand,R01,Small Business,2025-08-19,Referral
C00839,Customer 00839,Female,39,Surat,Gujarat,R04,Consumer,2025-12-23,Social
C00840,Customer 00840,Female,30,Bengaluru,Karnataka,R02,Consumer,2024-02-04,Organic
C00841,Customer 00841,Other,27,Delhi,Delhi,R07,Small Business,2025-11-13,Organic
C00842,Customer 00842,Male,30,Bhopal,Madhya Pradesh,R05,Small Business,2022-01-14,Organic
C00843,Customer 00843,Male,25,Bengaluru,Karnataka,R02,Consumer,2025-04-15,Partner
C00844,Customer 00844,Female,44,Nagpur,Maharashtra,R04,Consumer,2022-11-03,Partner
C00845,Customer 00845,Female,25,Delhi,Delhi,R07,Consumer,2023-06-06,Social
C00846,Customer 00846,Female,37,Kochi,,R02,Consumer,2023-05-27,Partner
C00847,Customer 00847,Female,31,Nagpur,Maharashtra,R04,Small Business,2022-11-25,Organic
C00848,Customer 00848,Other,28,Kolkata,West Bengal,R03,Consumer,2023-02-23,Referral
C00849,Customer 00849,Male,49,Faridabad,Haryana,R01,Corporate,2024-03-08,Referral
C00850,Customer 00850,Male,34,Ranchi,Jharkhand,R03,Consumer,2022-02-10,Paid Search
C00851,Customer 00851,Male,28,Amritsar,Punjab,R01,Consumer,2022-11-13,Referral
C00852,Customer 00852,Male,27,Ludhiana,Punjab,R01,Consumer,2023-02-14,Social
C00853,Customer 00853,Female,38,Raipur,Chhattisgarh,R05,Consumer,2022-05-08,Email
C00854,Customer 00854,Male,43,Kochi,Kerala,R02,Consumer,2025-08-02,Organic
C00855,Customer 00855,Female,48,Ludhiana,Punjab,R01,Enterprise,2023-10-03,Organic
C00856,Customer 00856,Male,33,Mysuru,Karnataka,R02,Small Business,2024-05-10,Paid Search
C00857,Customer 00857,Female,33,Patna,Bihar,R03,Corporate,2024-04-30,Organic
C00858,Customer 00858,Male,36,Guwahati,Assam,R06,Consumer,2023-04-23,Organic
C00859,Customer 00859,Female,37,Mumbai,Maharashtra,R04,Small Business,2023-01-30,Organic
C00860,Customer 00860,Male,27,Bengaluru,Karnataka,R02,Small Business,2022-05-09,Paid Search
C00861,Customer 00861,Male,50,Patna,Bihar,R03,Small Business,2025-04-14,Referral
C00862,Customer 00862,Male,35,Patna,Bihar,R03,Consumer,2024-08-15,Social
C00863,Customer 00863,Female,40,Bhubaneswar,Odisha,R03,Consumer,2024-11-15,Paid Search
C00864,Customer 00864,Female,39,Chennai,Tamil Nadu,R02,Small Business,2025-03-24,Organic
C00865,Customer 00865,Female,39,Faridabad,Haryana,R01,Consumer,2022-01-04,Social
C00866,Customer 00866,Female,25,Kochi,Kerala,R02,Consumer,2024-09-08,Paid Search
C00867,Customer 00867,Male,35,Raipur,Chhattisgarh,R05,Consumer,2025-12-22,Organic
C00868,Customer 00868,Male,58,Indore,Madhya Pradesh,R05,Consumer,2025-04-25,Paid Search
C00869,Customer 00869,Male,51,Delhi,Delhi,R07,Consumer,2023-01-24,Organic
C00870,Customer 00870,Male,37,Ludhiana,Punjab,R01,Corporate,2024-05-11,Paid Search
C00871,Customer 00871,Male,31,Patna,Bihar,R03,Corporate,2023-01-19,Partner
C00872,Customer 00872,Female,18,Delhi,Delhi,R07,Consumer,2022-07-09,Social
C00873,Customer 00873,Female,30,Ranchi,Jharkhand,R03,Consumer,2023-03-16,Partner
C00874,Customer 00874,Male,34,Pune,Maharashtra,R04,Small Business,2023-05-21,Referral
C00875,Customer 00875,Female,32,Kolkata,West Bengal,R03,Consumer,2025-11-06,Organic
C00876,Customer 00876,Female,33,Guwahati,Assam,R06,Consumer,2023-11-16,Referral
C00877,Customer 00877,Male,41,Pune,Maharashtra,R04,Consumer,2025-05-13,Partner
C00878,Customer 00878,Female,25,Nagpur,Maharashtra,R04,Consumer,2025-10-26,Partner
C00879,Customer 00879,Other,38,Coimbatore,Tamil Nadu,R02,Corporate,2024-07-20,Social
C00880,Customer 00880,Female,34,Coimbatore,Tamil Nadu,R02,Consumer,2023-12-20,Organic
C00881,Customer 00881,Female,26,Surat,Gujarat,R04,Small Business,2023-12-24,Referral
C00882,Customer 00882,Male,52,Chennai,Tamil Nadu,R02,Consumer,2025-02-21,Organic
C00883,Customer 00883,Male,42,Visakhapatnam,Andhra Pradesh,R02,Enterprise,2023-04-23,Organic
C00884,Customer 00884,Other,27,Ahmedabad,Gujarat,R04,Corporate,2023-10-27,Organic
C00885,Customer 00885,Male,40,Ludhiana,Punjab,R01,Consumer,2023-05-05,Organic
C00886,Customer 00886,Male,21,Mumbai,Maharashtra,R04,Consumer,2023-01-14,Paid Search
C00887,Customer 00887,Male,28,Mumbai,Maharashtra,R04,Consumer,2023-04-21,Partner
C00888,Customer 00888,Female,48,Faridabad,Haryana,R01,Enterprise,2022-05-25,Referral
C00889,Customer 00889,Male,39,Gurugram,Haryana,R01,Small Business,2025-06-14,Referral
C00890,Customer 00890,Female,38,Kolkata,West Bengal,R03,Consumer,2025-06-24,Email
C00891,Customer 00891,Female,45,Nagpur,Maharashtra,R04,Consumer,2024-09-22,Organic
C00892,Customer 00892,Male,41,Vijayawada,Andhra Pradesh,R02,Enterprise,2025-01-05,Social
C00893,Customer 00893,Male,32,Noida,Uttar Pradesh,R07,Corporate,2023-08-18,Referral
C00894,Customer 00894,Female,44,Delhi,Delhi,R07,Consumer,2024-02-10,Paid Search
C00895,Customer 00895,Female,18,Patna,Bihar,R03,Consumer,2025-12-22,Paid Search
C00896,Customer 00896,Female,28,Guwahati,Assam,R06,Consumer,2022-03-23,Referral
C00897,Customer 00897,Female,34,Jaipur,Rajasthan,R01,Corporate,2022-09-17,Email
C00898,Customer 00898,Male,40,Ludhiana,Punjab,R01,Corporate,2025-04-20,Paid Search
C00899,Customer 00899,Female,32,Ludhiana,Punjab,R01,Small Business,2022-04-23,Referral
C00900,Customer 00900,Female,18,Mysuru,Karnataka,R02,Consumer,2025-02-08,Referral
C00901,Customer 00901,Female,18,Surat,Gujarat,R04,Corporate,2023-06-22,Partner
C00902,Customer 00902,Female,34,Lucknow,Uttar Pradesh,R07,Consumer,2024-10-30,Email
C00903,Customer 00903,Male,30,Delhi,Delhi,R07,Small Business,2025-12-05,Organic
C00904,Customer 00904,Male,26,Bengaluru,Karnataka,R02,Consumer,2024-04-19,Referral
C00905,Customer 00905,Female,24,Ranchi,Jharkhand,R03,Small Business,2022-02-05,Partner
C00906,Customer 00906,Male,36,Hyderabad,Telangana,R02,Consumer,2024-02-09,Paid Search
C00907,Customer 00907,Female,48,Mysuru,Karnataka,R02,Corporate,2022-04-29,Email
C00908,Customer 00908,Male,36,Faridabad,Haryana,R01,Small Business,2025-10-08,Social
C00909,Customer 00909,Female,48,Noida,Uttar Pradesh,R07,Small Business,2023-05-14,Paid Search
C00910,Customer 00910,Female,31,Jodhpur,Rajasthan,R01,Consumer,2025-10-28,Social
C00911,Customer 00911,Male,39,Patna,Bihar,R03,Corporate,2025-12-13,Paid Search
C00912,Customer 00912,Male,49,Guwahati,Assam,R06,Consumer,2023-04-14,Paid Search
C00913,Customer 00913,Female,33,Kochi,Kerala,R02,Consumer,2023-05-17,Email
C00914,Customer 00914,Male,35,Dehradun,Uttarakhand,R01,Small Business,2025-06-24,Social
C00915,Customer 00915,Male,31,Dehradun,Uttarakhand,R01,Small Business,2024-09-17,Partner
C00916,Customer 00916,Female,41,Visakhapatnam,Andhra Pradesh,R02,Consumer,2024-01-05,Organic
C00917,Customer 00917,Male,44,Delhi,Delhi,R07,Enterprise,2025-06-16,Email
C00918,Customer 00918,Female,39,Faridabad,Haryana,R01,Consumer,2023-01-11,Organic
C00919,Customer 00919,Male,33,Jaipur,Rajasthan,R01,Small Business,2024-09-06,Email
C00920,Customer 00920,Male,20,Bengaluru,Karnataka,R02,Small Business,2023-05-22,Partner
C00921,Customer 00921,Male,35,Delhi,Delhi,R07,Small Business,2022-05-12,Email
C00922,Customer 00922,Female,33,Indore,Madhya Pradesh,R05,Small Business,2023-06-02,Social
C00923,Customer 00923,Female,37,Chennai,Tamil Nadu,R02,Enterprise,2022-08-06,Organic
C00924,Customer 00924,Male,36,Bengaluru,Karnataka,R02,Corporate,2025-12-23,Partner
C00925,Customer 00925,Male,51,Gurugram,Haryana,R01,Consumer,2023-01-14,Paid Search
C00926,Customer 00926,Female,28,Noida,Uttar Pradesh,R07,Consumer,2025-09-23,Organic
C00927,Customer 00927,Female,19,Faridabad,Haryana,R01,Small Business,2025-03-08,Organic
C00928,Customer 00928,Male,24,Raipur,Chhattisgarh,R05,Consumer,2023-06-23,Referral
C00929,Customer 00929,Male,29,Chennai,Tamil Nadu,R02,Small Business,2025-03-17,Email
C00930,Customer 00930,Female,46,Patna,Bihar,R03,Consumer,2022-03-16,Email
C00931,Customer 00931,Female,22,Jaipur,Rajasthan,R01,Small Business,2022-09-06,Social
C00932,Customer 00932,Female,23,Pune,Maharashtra,R04,Consumer,2025-03-16,Referral
C00933,Customer 00933,Female,39,Mumbai,Maharashtra,R04,Small Business,2023-07-08,Partner
C00934,Customer 00934,Female,43,Patna,Bihar,R03,Enterprise,2022-08-12,Referral
C00935,Customer 00935,,20,Bhubaneswar,Odisha,R03,Consumer,2022-07-24,Paid Search
C00936,Customer 00936,Female,18,Amritsar,Punjab,R01,Corporate,2025-03-21,Partner
C00937,Customer 00937,Female,27,Visakhapatnam,Andhra Pradesh,R02,Consumer,2023-11-23,Partner
C00938,Customer 00938,Male,42,Faridabad,Haryana,R01,Small Business,2023-10-08,Referral
C00939,Customer 00939,Female,36,Kochi,Kerala,R02,Small Business,2023-06-17,Social
C00940,Customer 00940,Male,28,Delhi,Delhi,R07,Consumer,2022-05-19,Partner
C00941,Customer 00941,Female,42,Kanpur,Uttar Pradesh,R07,Consumer,2025-12-20,Email
C00942,Customer 00942,Female,36,Indore,Madhya Pradesh,R05,Consumer,2022-11-13,Organic
C00943,Customer 00943,Female,34,Amritsar,Punjab,R01,Consumer,2023-07-22,Partner
C00944,Customer 00944,Male,19,Surat,Gujarat,R04,Small Business,2025-04-21,Referral
C00945,Customer 00945,Female,27,Ahmedabad,Gujarat,R04,Consumer,2022-03-15,Referral
C00946,Customer 00946,Male,55,Kanpur,Uttar Pradesh,R07,Enterprise,2024-05-08,Paid Search
C00947,Customer 00947,Male,32,Kolkata,West Bengal,R03,Enterprise,2024-01-31,Organic
C00948,Customer 00948,Female,25,Raipur,Chhattisgarh,R05,Small Business,2024-11-18,Organic
C00949,Customer 00949,Male,31,Guwahati,Assam,R06,Corporate,2025-08-18,Paid Search
C00950,Customer 00950,Female,36,Nagpur,Maharashtra,R04,Consumer,2022-05-24,Paid Search
C00951,Customer 00951,Male,44,Mysuru,Karnataka,R02,Small Business,2023-06-24,Referral
C00952,Customer 00952,Female,41,Noida,Uttar Pradesh,R07,Corporate,2023-06-16,Paid Search
C00953,Customer 00953,Female,28,Noida,Uttar Pradesh,R07,Enterprise,2025-04-10,Paid Search
C00954,Customer 00954,Male,48,Gurugram,Haryana,R01,Consumer,2023-10-24,Organic
C00955,Customer 00955,Female,43,Vijayawada,Andhra Pradesh,R02,Consumer,2023-09-01,Email
C00956,Customer 00956,Male,31,Kochi,Kerala,R02,Enterprise,2023-02-01,Email
C00957,Customer 00957,Female,34,Bhubaneswar,Odisha,R03,Small Business,2024-04-10,Paid Search
C00958,Customer 00958,Female,41,Mysuru,Karnataka,R02,Consumer,2024-06-26,Organic
C00959,Customer 00959,Female,46,Bengaluru,Karnataka,R02,Corporate,2024-01-04,Organic
C00960,Customer 00960,Female,20,Mysuru,Karnataka,R02,Consumer,2024-06-17,Referral
C00961,Customer 00961,Female,36,Bengaluru,Karnataka,R02,Consumer,2025-07-01,Email
C00962,Customer 00962,Female,35,Ahmedabad,Gujarat,R04,Consumer,2025-06-13,Email
C00963,Customer 00963,Female,29,Faridabad,Haryana,R01,Consumer,2024-04-09,Partner
C00964,Customer 00964,Male,29,Gurugram,Haryana,R01,Consumer,2025-10-16,Referral
C00965,Customer 00965,Male,46,Vijayawada,Andhra Pradesh,R02,Consumer,2023-07-08,Social
C00966,Customer 00966,Female,40,Bengaluru,Karnataka,R02,Consumer,2022-02-01,Organic
C00967,Customer 00967,Male,56,Vijayawada,Andhra Pradesh,R02,Consumer,2025-01-25,Paid Search
C00968,Customer 00968,Male,29,Faridabad,Haryana,R01,Consumer,2025-01-28,Paid Search
C00969,Customer 00969,Female,36,Mysuru,Karnataka,R02,Consumer,2022-03-15,Organic
C00970,Customer 00970,Female,38,Amritsar,Punjab,R01,Corporate,2023-04-27,Organic
C00971,Customer 00971,Male,44,Kanpur,Uttar Pradesh,R07,Corporate,2023-02-03,Organic
C00972,Customer 00972,Male,49,Delhi,Delhi,R07,Consumer,2024-02-08,Organic
C00973,Customer 00973,Male,36,Gurugram,Haryana,R01,Consumer,2023-02-23,Email
C00974,Customer 00974,Male,24,Kochi,Kerala,R02,Small Business,2024-12-22,Social
C00975,Customer 00975,Male,28,Nagpur,Maharashtra,R04,Small Business,2024-04-11,Paid Search
C00976,Customer 00976,Female,36,Chennai,Tamil Nadu,R02,Enterprise,2025-06-21,Organic
C00977,Customer 00977,Male,46,Ahmedabad,Gujarat,R04,Enterprise,2025-05-03,Social
C00978,Customer 00978,Female,21,Pune,Maharashtra,R04,Corporate,2023-03-15,Partner
C00979,Customer 00979,Female,23,Bengaluru,Karnataka,R02,Small Business,2024-03-20,Paid Search
C00980,Customer 00980,Male,43,Amritsar,Punjab,R01,Consumer,2024-06-20,Email
C00981,Customer 00981,Female,22,Dehradun,Uttarakhand,R01,Small Business,2023-11-01,Partner
C00982,Customer 00982,Male,24,Bhopal,Madhya Pradesh,R05,Enterprise,2025-11-07,Email
C00983,Customer 00983,Female,46,Patna,Bihar,R03,Small Business,2022-04-06,Social
C00984,Customer 00984,Other,33,Ahmedabad,Gujarat,R04,Consumer,2025-08-31,Paid Search
C00985,Customer 00985,Female,32,Gurugram,Haryana,R01,Consumer,2025-11-18,Organic
C00986,Customer 00986,Male,49,Kochi,Kerala,R02,Consumer,2023-06-20,Referral
C00987,Customer 00987,Male,24,Pune,Maharashtra,R04,Consumer,2023-03-08,Partner
C00988,Customer 00988,Male,22,Delhi,,R07,Small Business,2022-03-01,
C00989,Customer 00989,Female,51,Nagpur,Maharashtra,R04,Corporate,2022-07-09,Organic
C00990,Customer 00990,Male,37,Bhubaneswar,Odisha,R03,Consumer,2022-12-08,Organic
C00991,Customer 00991,Female,42,Hyderabad,Telangana,R02,Corporate,2025-05-01,Paid Search
C00992,Customer 00992,Male,32,Patna,Bihar,R03,Consumer,2025-02-02,Partner
C00993,Customer 00993,Male,34,Bhubaneswar,Odisha,R03,Consumer,2025-07-24,Organic
C00994,Customer 00994,Male,28,Amritsar,Punjab,R01,Consumer,2023-04-09,Paid Search
C00995,Customer 00995,Male,38,Kochi,Kerala,R02,Consumer,2023-03-13,Social
C00996,Customer 00996,Female,43,Surat,Gujarat,R04,Corporate,2025-04-12,Organic
C00997,Customer 00997,Male,37,Hyderabad,Telangana,R02,Corporate,2024-03-12,Organic
C00998,Customer 00998,Male,46,Delhi,Delhi,R07,Small Business,2022-03-27,Organic
C00999,Customer 00999,Female,42,Dehradun,Uttarakhand,R01,Consumer,2025-02-18,Social
C01000,Customer 01000,Male,25,Jaipur,Rajasthan,R01,Corporate,2022-05-21,Paid Search
C01001,Customer 01001,Female,34,Delhi,Delhi,R07,Consumer,2022-02-01,Organic
C01002,Customer 01002,Female,31,Ahmedabad,Gujarat,R04,Consumer,2025-09-13,Social
C01003,Customer 01003,Female,43,Faridabad,Haryana,R01,Corporate,2025-12-12,Referral
C01004,Customer 01004,Male,40,Gurugram,Haryana,R01,Corporate,2024-10-31,Referral
C01005,Customer 01005,Male,36,Hyderabad,Telangana,R02,Small Business,2023-04-19,Referral
C01006,Customer 01006,Female,45,Pune,Maharashtra,R04,Consumer,2022-08-29,Social
C01007,Customer 01007,Female,18,Kochi,Kerala,R02,Small Business,2023-12-02,Email
C01008,Customer 01008,Male,29,Nagpur,Maharashtra,R04,Consumer,2024-01-28,Organic
C01009,Customer 01009,Male,30,Patna,Bihar,R03,Consumer,2022-03-15,Organic
C01010,Customer 01010,Male,38,Surat,Gujarat,R04,Small Business,2024-08-25,Referral
C01011,Customer 01011,Female,41,Hyderabad,Telangana,R02,Corporate,2022-03-10,Paid Search
C01012,Customer 01012,Male,35,Chennai,Tamil Nadu,R02,Small Business,2023-12-20,Organic
C01013,Customer 01013,Female,22,Mysuru,Karnataka,R02,Small Business,2022-06-13,Organic
C01014,Customer 01014,Male,39,Vijayawada,Andhra Pradesh,R02,Consumer,2022-03-13,Partner
C01015,Customer 01015,Female,36,Pune,Maharashtra,R04,Enterprise,2023-04-15,Email
C01016,Customer 01016,Male,20,Ludhiana,Punjab,R01,Small Business,2024-05-09,Organic
C01017,Customer 01017,Male,32,Kolkata,West Bengal,R03,Consumer,2025-09-08,Paid Search
C01018,Customer 01018,Male,39,Bhopal,Madhya Pradesh,R05,Consumer,2022-03-24,Organic
C01019,Customer 01019,Male,52,Delhi,Delhi,R07,Consumer,2024-01-24,Organic
C01020,Customer 01020,Other,24,Ahmedabad,Gujarat,R04,Small Business,2025-01-19,Organic
C01021,Customer 01021,Male,43,Kochi,Kerala,R02,Enterprise,2023-04-21,Paid Search
C01022,Customer 01022,Male,24,Patna,Bihar,R03,Small Business,2025-03-24,Referral
C01023,Customer 01023,Other,22,Dehradun,,R01,Consumer,2023-10-22,Partner
C01024,Customer 01024,Male,23,Bengaluru,Karnataka,R02,Consumer,2022-01-11,Organic
C01025,Customer 01025,Male,41,Hyderabad,Telangana,R02,Consumer,2023-01-23,Paid Search
C01026,Customer 01026,Male,36,Jaipur,Rajasthan,R01,Consumer,2023-09-02,Referral
C01027,Customer 01027,Male,32,Visakhapatnam,Andhra Pradesh,R02,Consumer,2024-06-30,Paid Search
C01028,Customer 01028,Female,40,Mumbai,Maharashtra,R04,Consumer,2022-08-08,Organic
C01029,Customer 01029,Male,35,Patna,Bihar,R03,Consumer,2024-01-11,Organic
C01030,Customer 01030,Female,36,Mumbai,Maharashtra,R04,Consumer,2025-02-24,Social
C01031,Customer 01031,Male,32,Chennai,Tamil Nadu,R02,Small Business,2023-07-08,Organic
C01032,Customer 01032,Male,25,Kolkata,West Bengal,R03,Consumer,2022-10-14,Organic
C01033,Customer 01033,Female,52,Bengaluru,Karnataka,R02,Consumer,2024-09-29,Referral
C01034,Customer 01034,Female,49,Kochi,Kerala,R02,Corporate,2024-07-17,Paid Search
C01035,Customer 01035,Female,51,Ahmedabad,Gujarat,R04,Enterprise,2023-07-27,Partner
C01036,Customer 01036,Male,30,Hyderabad,Telangana,R02,Small Business,2025-04-22,Social
C01037,Customer 01037,Male,28,Pune,Maharashtra,R04,Corporate,2025-03-24,Organic
C01038,Customer 01038,Female,31,Pune,Maharashtra,R04,Small Business,2022-05-31,Organic
C01039,Customer 01039,Female,46,Surat,Gujarat,R04,Corporate,2024-05-24,Partner
C01040,Customer 01040,Male,35,Faridabad,Haryana,R01,Corporate,2024-07-09,Organic
C01041,Customer 01041,Male,30,Delhi,Delhi,R07,Consumer,2022-10-23,Paid Search
C01042,Customer 01042,Female,39,Hyderabad,Telangana,R02,Consumer,2022-09-25,Paid Search
C01043,Customer 01043,Male,28,Hyderabad,Telangana,R02,Consumer,2022-08-27,Partner
C01044,Customer 01044,Female,21,Hyderabad,Telangana,R02,Consumer,2023-04-25,Partner
C01045,Customer 01045,Female,36,Delhi,Delhi,R07,Consumer,2023-01-09,Referral
C01046,Customer 01046,Male,30,Nagpur,Maharashtra,R04,Consumer,2024-10-26,Organic
C01047,Customer 01047,Male,35,Ludhiana,Punjab,R01,Consumer,2025-09-03,Organic
C01048,Customer 01048,Female,18,Bhubaneswar,Odisha,R03,Consumer,2023-11-03,Organic
C01049,Customer 01049,Female,26,Raipur,Chhattisgarh,R05,Consumer,2025-04-18,Organic
C01050,Customer 01050,Female,35,Kanpur,Uttar Pradesh,R07,Consumer,2024-01-14,Partner
C01051,Customer 01051,Female,20,Hyderabad,Telangana,R02,Consumer,2025-11-21,Social
C01052,Customer 01052,Male,20,Gurugram,Haryana,R01,Consumer,2023-07-19,Organic
C01053,Customer 01053,Male,35,Jodhpur,Rajasthan,R01,Corporate,2024-12-23,Email
C01054,Customer 01054,Female,42,Gurugram,,R01,Consumer,2025-05-18,Organic
C01055,Customer 01055,Male,26,Jaipur,Rajasthan,R01,Consumer,2025-08-28,Social
C01056,Customer 01056,Female,32,Kolkata,West Bengal,R03,Consumer,2023-08-02,Organic
C01057,Customer 01057,Male,33,Kochi,Kerala,R02,Consumer,2023-06-04,Paid Search
C01058,Customer 01058,Male,19,Ludhiana,Punjab,R01,Consumer,2022-01-21,Organic
C01059,Customer 01059,Male,47,Mysuru,Karnataka,R02,Consumer,2024-06-24,Organic
C01060,Customer 01060,Female,33,Kolkata,West Bengal,R03,Consumer,2024-03-27,Partner
C01061,Customer 01061,Female,33,Vijayawada,Andhra Pradesh,R02,Small Business,2023-07-26,Partner
C01062,Customer 01062,Female,39,Coimbatore,Tamil Nadu,R02,Corporate,2022-11-14,Social
C01063,Customer 01063,Male,19,Noida,Uttar Pradesh,R07,Consumer,2025-06-17,Email
C01064,Customer 01064,Female,44,Hyderabad,Telangana,R02,Consumer,2025-12-30,Organic
C01065,Customer 01065,Female,46,Pune,Maharashtra,R04,Small Business,2025-12-27,Paid Search
C01066,Customer 01066,Male,36,Ranchi,Jharkhand,R03,Consumer,2023-10-21,Organic
C01067,Customer 01067,Female,40,Nagpur,Maharashtra,R04,Small Business,2024-12-25,Organic
C01068,Customer 01068,Female,32,Kolkata,West Bengal,R03,Consumer,2025-04-27,Paid Search
C01069,Customer 01069,Male,44,Delhi,Delhi,R07,Consumer,2025-02-15,Referral
C01070,Customer 01070,Male,27,Nagpur,Maharashtra,R04,Consumer,2023-06-03,Referral
C01071,Customer 01071,Female,35,Guwahati,Assam,R06,Small Business,2025-07-11,Paid Search
C01072,Customer 01072,Male,35,Coimbatore,Tamil Nadu,R02,Enterprise,2024-08-18,Paid Search
C01073,Customer 01073,Female,35,Surat,Gujarat,R04,Small Business,2022-05-20,Social
C01074,Customer 01074,Female,46,Visakhapatnam,Andhra Pradesh,R02,Consumer,2022-08-27,Partner
C01075,Customer 01075,Male,57,Raipur,Chhattisgarh,R05,Small Business,2023-12-05,
C01076,Customer 01076,Male,34,Mumbai,Maharashtra,R04,Consumer,2025-10-06,Paid Search
C01077,Customer 01077,Female,40,Mysuru,Karnataka,R02,Consumer,2024-12-06,Partner
C01078,Customer 01078,Male,27,Mysuru,Karnataka,R02,Corporate,2024-08-01,Social
C01079,Customer 01079,Male,45,Hyderabad,Telangana,R02,Enterprise,2024-06-02,Email
C01080,Customer 01080,Male,30,Pune,Maharashtra,R04,Consumer,2025-09-06,Social
C01081,Customer 01081,Female,66,Noida,Uttar Pradesh,R07,Consumer,2024-02-29,Partner
C01082,Customer 01082,Male,18,Kochi,Kerala,R02,Consumer,2023-08-18,Partner
C01083,Customer 01083,Male,56,Kochi,Kerala,R02,Consumer,2023-07-18,Paid Search
C01084,Customer 01084,Female,45,Bhopal,Madhya Pradesh,R05,Consumer,2024-02-03,Organic
C01085,Customer 01085,Male,24,Ranchi,Jharkhand,R03,Small Business,2022-11-19,Social
C01086,Customer 01086,Female,58,Patna,Bihar,R03,Consumer,2025-11-01,Organic
C01087,Customer 01087,Male,26,Patna,Bihar,R03,Corporate,2025-09-09,
C01088,Customer 01088,Female,32,Patna,,R03,Consumer,2023-07-14,Paid Search
C01089,Customer 01089,Male,22,Bengaluru,,R02,Consumer,2024-12-08,Paid Search
C01090,Customer 01090,Male,34,Surat,Gujarat,R04,Consumer,2025-02-04,Partner
C01091,Customer 01091,Male,34,Noida,Uttar Pradesh,R07,Consumer,2024-06-15,Organic
C01092,Customer 01092,Female,43,Hyderabad,Telangana,R02,Consumer,2022-06-12,Paid Search
C01093,Customer 01093,Female,59,Jaipur,Rajasthan,R01,Corporate,2022-05-05,Referral
C01094,Customer 01094,Male,30,Noida,Uttar Pradesh,R07,Enterprise,2024-11-11,Referral
C01095,Customer 01095,Male,18,Chennai,Tamil Nadu,R02,Consumer,2022-06-13,Paid Search
C01096,Customer 01096,Male,41,Ahmedabad,Gujarat,R04,Corporate,2025-04-14,Organic
C01097,Customer 01097,Male,29,Noida,Uttar Pradesh,R07,Small Business,2023-09-24,Organic
C01098,Customer 01098,Male,53,Bhopal,Madhya Pradesh,R05,Consumer,2025-03-19,Partner
C01099,Customer 01099,Female,35,Raipur,Chhattisgarh,R05,Small Business,2022-07-03,Organic
C01100,Customer 01100,Male,27,Faridabad,Haryana,R01,Enterprise,2023-07-29,Social
C01101,Customer 01101,Female,25,Delhi,Delhi,R07,Small Business,2022-08-06,Partner
C01102,Customer 01102,Male,41,Pune,Maharashtra,R04,Consumer,2023-12-16,Organic
C01103,Customer 01103,Female,32,Indore,Madhya Pradesh,R05,Corporate,2022-04-29,Partner
C01104,Customer 01104,Male,50,Bhopal,Madhya Pradesh,R05,Consumer,2023-02-07,Referral
C01105,Customer 01105,Male,33,Faridabad,Haryana,R01,Corporate,2023-03-06,Social
C01106,Customer 01106,Female,49,Bhubaneswar,Odisha,R03,Enterprise,2024-01-15,Partner
C01107,Customer 01107,Male,21,Faridabad,Haryana,R01,Consumer,2022-01-17,Organic
C01108,Customer 01108,Female,18,Pune,Maharashtra,R04,Small Business,2023-04-03,Email
C01109,Customer 01109,Female,43,Dehradun,Uttarakhand,R01,Consumer,2024-12-05,Organic
C01110,Customer 01110,Other,30,Ludhiana,Punjab,R01,Consumer,2023-08-21,Paid Search
C01111,Customer 01111,Female,32,Gurugram,Haryana,R01,Corporate,2024-05-25,Organic
C01112,Customer 01112,Male,25,Ahmedabad,Gujarat,R04,Small Business,2025-06-10,Social
C01113,Customer 01113,Male,24,Coimbatore,Tamil Nadu,R02,Consumer,2024-01-12,Organic
C01114,Customer 01114,Female,41,Visakhapatnam,Andhra Pradesh,R02,Small Business,2025-07-07,Organic
C01115,Customer 01115,Male,35,Dehradun,Uttarakhand,R01,Consumer,2025-12-12,Organic
C01116,Customer 01116,Female,24,Delhi,Delhi,R07,Small Business,2024-02-11,Paid Search
C01117,Customer 01117,Male,43,Faridabad,Haryana,R01,Corporate,2023-12-06,Organic
C01118,Customer 01118,Female,47,Bhubaneswar,Odisha,R03,Small Business,2023-04-08,Referral
C01119,Customer 01119,Male,34,Jodhpur,Rajasthan,R01,Consumer,2025-06-24,Referral
C01120,Customer 01120,Male,45,Guwahati,,R06,Consumer,2025-02-16,Referral
C01121,Customer 01121,Female,25,Hyderabad,Telangana,R02,Small Business,2022-10-04,Referral
C01122,Customer 01122,Female,41,Faridabad,Haryana,R01,Consumer,2024-08-09,Organic
C01123,Customer 01123,Male,37,Bhopal,Madhya Pradesh,R05,Consumer,2023-01-22,Organic
C01124,Customer 01124,Male,27,Ludhiana,Punjab,R01,Small Business,2025-12-17,Referral
C01125,Customer 01125,Female,56,Ahmedabad,Gujarat,R04,Small Business,2023-04-25,Social
C01126,Customer 01126,Male,37,Bengaluru,Karnataka,R02,Small Business,2022-05-04,Referral
C01127,Customer 01127,Female,29,Mysuru,Karnataka,R02,Corporate,2025-12-17,Organic
C01128,Customer 01128,Female,35,Kolkata,West Bengal,R03,Enterprise,2024-06-06,Paid Search
C01129,Customer 01129,Male,26,Hyderabad,Telangana,R02,Consumer,2025-08-19,Paid Search
C01130,Customer 01130,Male,23,Dehradun,Uttarakhand,R01,Corporate,2025-07-27,Referral
C01131,Customer 01131,Male,31,Dehradun,Uttarakhand,R01,Small Business,2023-10-18,Partner
C01132,Customer 01132,Male,31,Bengaluru,Karnataka,R02,Corporate,2023-10-08,Social
C01133,Customer 01133,Female,27,Delhi,Delhi,R07,Consumer,2025-05-18,Email
C01134,Customer 01134,Male,48,Patna,Bihar,R03,Consumer,2023-07-08,
C01135,Customer 01135,Female,27,Ranchi,Jharkhand,R03,Consumer,2022-12-07,Partner
C01136,Customer 01136,Female,26,Nagpur,Maharashtra,R04,Small Business,2024-04-07,Email
C01137,Customer 01137,Male,23,Ahmedabad,Gujarat,R04,Consumer,2024-05-15,Organic
C01138,Customer 01138,Female,22,Surat,Gujarat,R04,Small Business,2025-04-15,Organic
C01139,Customer 01139,Male,45,Delhi,Delhi,R07,Small Business,2022-08-25,Partner
C01140,Customer 01140,Male,38,Hyderabad,Telangana,R02,Consumer,2023-12-12,Social
C01141,Customer 01141,Female,42,Nagpur,Maharashtra,R04,Corporate,2024-04-20,Paid Search
C01142,Customer 01142,Male,45,Bhubaneswar,Odisha,R03,Consumer,2025-11-04,Referral
C01143,Customer 01143,Male,32,Indore,Madhya Pradesh,R05,Consumer,2022-11-21,Paid Search
C01144,Customer 01144,Male,50,Bhopal,Madhya Pradesh,R05,Consumer,2024-06-25,Email
C01145,Customer 01145,Male,29,Surat,Gujarat,R04,Consumer,2024-05-05,Social
C01146,Customer 01146,Female,24,Mumbai,Maharashtra,R04,Small Business,2025-10-25,Partner
C01147,Customer 01147,Other,39,Patna,Bihar,R03,Consumer,2023-09-19,Referral
C01148,Customer 01148,Female,36,Indore,Madhya Pradesh,R05,Consumer,2022-09-22,Organic
C01149,Customer 01149,Other,36,Mysuru,Karnataka,R02,Consumer,2024-03-27,Partner
C01150,Customer 01150,Female,45,Kochi,Kerala,R02,Small Business,2025-06-03,Paid Search
C01151,Customer 01151,Male,36,Faridabad,Haryana,R01,Consumer,2022-08-24,Email
C01152,Customer 01152,Female,38,Guwahati,Assam,R06,Consumer,2024-11-12,Organic
C01153,Customer 01153,Male,49,Delhi,Delhi,R07,Small Business,2024-01-10,Paid Search
C01154,Customer 01154,Male,38,Gurugram,Haryana,R01,Consumer,2025-03-08,Referral
C01155,Customer 01155,Female,40,Mysuru,Karnataka,R02,Consumer,2023-04-08,Referral
C01156,Customer 01156,Female,21,Delhi,Delhi,R07,Consumer,2025-06-01,Partner
C01157,Customer 01157,Female,72,Delhi,Delhi,R07,Corporate,2022-07-30,Email
C01158,Customer 01158,Male,19,Delhi,Delhi,R07,Small Business,2024-02-13,Paid Search
C01159,Customer 01159,Female,30,Ahmedabad,Gujarat,R04,Consumer,2024-01-02,Partner
C01160,Customer 01160,Male,29,Bhubaneswar,Odisha,R03,Small Business,2023-02-13,Partner
C01161,Customer 01161,Male,56,Delhi,Delhi,R07,Corporate,2022-07-22,Partner
C01162,Customer 01162,Female,29,Hyderabad,Telangana,R02,Small Business,2025-10-11,Partner
C01163,Customer 01163,Male,39,Bhopal,Madhya Pradesh,R05,Small Business,2023-09-17,Referral
C01164,Customer 01164,Female,29,Faridabad,Haryana,R01,Small Business,2025-09-17,Email
C01165,Customer 01165,Female,25,Gurugram,Haryana,R01,Consumer,2023-04-18,Referral
C01166,Customer 01166,Female,41,Raipur,Chhattisgarh,R05,Consumer,2024-07-28,Paid Search
C01167,Customer 01167,Male,28,Indore,Madhya Pradesh,R05,Small Business,2024-03-04,Email
C01168,Customer 01168,Male,37,Mysuru,Karnataka,R02,Corporate,2023-08-12,Organic
C01169,Customer 01169,Female,41,Indore,Madhya Pradesh,R05,Consumer,2023-12-08,Paid Search
C01170,Customer 01170,Female,54,Delhi,Delhi,R07,Small Business,2023-01-08,Paid Search
C01171,Customer 01171,Male,22,Mumbai,Maharashtra,R04,Small Business,2022-07-16,Organic
C01172,Customer 01172,Male,33,Patna,Bihar,R03,Corporate,2024-09-03,Email
C01173,Customer 01173,Male,34,Lucknow,Uttar Pradesh,R07,Small Business,2023-02-12,Social
C01174,Customer 01174,Female,35,Patna,Bihar,R03,Consumer,2024-02-14,Social
C01175,Customer 01175,Male,61,Bengaluru,Karnataka,R02,Small Business,2024-03-24,Social
C01176,Customer 01176,Female,33,Patna,Bihar,R03,Enterprise,2025-12-28,Referral
C01177,Customer 01177,Male,18,Ahmedabad,Gujarat,R04,Consumer,2025-05-03,Organic
C01178,Customer 01178,Male,33,Pune,Maharashtra,R04,Consumer,2022-09-28,Social
C01179,Customer 01179,,34,Kanpur,Uttar Pradesh,R07,Small Business,2022-03-28,Organic
C01180,Customer 01180,Female,33,Amritsar,Punjab,R01,Consumer,2025-11-13,Partner
C01181,Customer 01181,Male,28,Patna,Bihar,R03,Consumer,2022-05-13,Organic
C01182,Customer 01182,Male,22,Gurugram,Haryana,R01,Consumer,2024-11-09,Partner
C01183,Customer 01183,,57,Delhi,Delhi,R07,Consumer,2025-03-10,Organic
C01184,Customer 01184,Male,38,Ludhiana,Punjab,R01,Consumer,2025-06-19,Organic
C01185,Customer 01185,Male,33,Amritsar,Punjab,R01,Small Business,2023-05-12,Partner
C01186,Customer 01186,Female,56,Bhopal,Madhya Pradesh,R05,Corporate,2023-05-26,Referral
C01187,Customer 01187,Male,26,Nagpur,Maharashtra,R04,Corporate,2023-01-11,Paid Search
C01188,Customer 01188,Female,41,Dehradun,Uttarakhand,R01,Consumer,2022-09-04,Social
C01189,Customer 01189,Male,23,Gurugram,Haryana,R01,Consumer,2022-12-02,Organic
C01190,Customer 01190,Female,43,Hyderabad,Telangana,R02,Consumer,2022-10-23,Organic
C01191,Customer 01191,Female,24,Ahmedabad,Gujarat,R04,Small Business,2025-11-19,Organic
C01192,Customer 01192,Female,40,Pune,Maharashtra,R04,Enterprise,2023-12-11,Organic
C01193,Customer 01193,Female,55,Guwahati,Assam,R06,Consumer,2024-01-17,Organic
C01194,Customer 01194,Female,36,Ranchi,Jharkhand,R03,Enterprise,2024-07-03,Paid Search
C01195,Customer 01195,Male,18,Guwahati,Assam,R06,Consumer,2022-08-24,Partner
C01196,Customer 01196,Male,35,Ludhiana,Punjab,R01,Consumer,2025-12-14,Paid Search
C01197,Customer 01197,Male,40,Kanpur,Uttar Pradesh,R07,Small Business,2023-08-17,Paid Search
C01198,Customer 01198,Female,44,Hyderabad,Telangana,R02,Consumer,2024-01-13,Organic
C01199,Customer 01199,Male,50,Jodhpur,Rajasthan,R01,Small Business,2023-01-16,Partner
C01200,Customer 01200,Male,50,Patna,Bihar,R03,Consumer,2023-03-13,Organic
C01201,Customer 01201,Female,34,Coimbatore,Tamil Nadu,R02,Small Business,2022-09-04,Paid Search
C01202,Customer 01202,Female,28,Bengaluru,Karnataka,R02,Consumer,2024-01-06,Partner
C01203,Customer 01203,Male,24,Bhopal,Madhya Pradesh,R05,Consumer,2025-11-30,Paid Search
C01204,Customer 01204,Male,30,Kolkata,West Bengal,R03,Consumer,2022-01-28,Paid Search
C01205,Customer 01205,Female,40,Delhi,Delhi,R07,Enterprise,2023-10-13,Referral
C01206,Customer 01206,Female,22,Delhi,Delhi,R07,Corporate,2023-07-26,Organic
C01207,Customer 01207,Female,26,Coimbatore,Tamil Nadu,R02,Corporate,2024-10-06,Paid Search
C01208,Customer 01208,Male,41,Mysuru,Karnataka,R02,Consumer,2024-12-17,Social
C01209,Customer 01209,Female,29,Kanpur,Uttar Pradesh,R07,Consumer,2025-08-05,Partner
C01210,Customer 01210,Male,39,Ahmedabad,Gujarat,R04,Consumer,2023-01-09,Partner
C01211,Customer 01211,Male,27,Patna,Bihar,R03,Small Business,2022-10-28,Referral
C01212,Customer 01212,Male,38,Bhopal,Madhya Pradesh,R05,Consumer,2023-12-02,Paid Search
C01213,Customer 01213,Male,27,Mysuru,Karnataka,R02,Consumer,2022-07-07,Social
C01214,Customer 01214,Female,18,Pune,Maharashtra,R04,Corporate,2023-12-05,Partner
C01215,Customer 01215,Female,45,Jaipur,Rajasthan,R01,Corporate,2023-01-16,Referral
C01216,Customer 01216,Female,28,Mysuru,Karnataka,R02,Consumer,2023-04-03,Organic
C01217,Customer 01217,Female,33,Mumbai,Maharashtra,R04,Consumer,2024-11-07,Partner
C01218,Customer 01218,Male,28,Coimbatore,Tamil Nadu,R02,Consumer,2022-08-07,Partner
C01219,Customer 01219,Female,40,Kolkata,West Bengal,R03,Corporate,2023-07-13,Organic
C01220,Customer 01220,Female,38,Delhi,Delhi,R07,Consumer,2024-09-14,Referral
C01221,Customer 01221,Female,40,Delhi,Delhi,R07,Corporate,2023-12-16,Partner
C01222,Customer 01222,Male,30,Amritsar,Punjab,R01,Consumer,2025-06-04,Organic
C01223,Customer 01223,Female,35,Kochi,Kerala,R02,Small Business,2022-01-30,Partner
C01224,Customer 01224,Female,39,Hyderabad,Telangana,R02,Enterprise,2023-08-20,Organic
C01225,Customer 01225,Male,50,Gurugram,Haryana,R01,Consumer,2022-01-07,Paid Search
C01226,Customer 01226,Female,38,Kochi,Kerala,R02,Consumer,2022-04-02,Partner
C01227,Customer 01227,Male,25,Bengaluru,Karnataka,R02,Consumer,2023-08-18,Partner
C01228,Customer 01228,Male,38,Bengaluru,Karnataka,R02,Small Business,2023-01-02,Organic
C01229,Customer 01229,Female,33,Vijayawada,Andhra Pradesh,R02,Consumer,2022-08-08,Partner
C01230,Customer 01230,Female,18,Delhi,Delhi,R07,Corporate,2025-11-03,Referral
C01231,Customer 01231,Female,18,Noida,Uttar Pradesh,R07,Consumer,2025-03-01,Partner
C01232,Customer 01232,Male,34,Coimbatore,Tamil Nadu,R02,Consumer,2023-09-27,Social
C01233,Customer 01233,Female,35,Amritsar,Punjab,R01,Corporate,2025-10-21,Partner
C01234,Customer 01234,Male,32,Kolkata,West Bengal,R03,Corporate,2022-05-04,Referral
C01235,Customer 01235,Male,44,Ludhiana,Punjab,R01,Small Business,2025-09-14,Referral
C01236,Customer 01236,Female,26,Delhi,Delhi,R07,Small Business,2025-07-04,Paid Search
C01237,Customer 01237,Male,21,Amritsar,Punjab,R01,Corporate,2023-11-12,Paid Search
C01238,Customer 01238,Female,27,Ahmedabad,Gujarat,R04,Consumer,2024-11-06,Organic
C01239,Customer 01239,Female,29,Amritsar,Punjab,R01,Small Business,2023-02-24,Organic
C01240,Customer 01240,Male,34,Gurugram,Haryana,R01,Small Business,2025-11-11,Partner
C01241,Customer 01241,Male,27,Raipur,Chhattisgarh,R05,Small Business,2023-12-08,Social
C01242,Customer 01242,Male,18,Mumbai,Maharashtra,R04,Enterprise,2022-11-14,Social
C01243,Customer 01243,Female,18,Mumbai,Maharashtra,R04,Consumer,2022-06-01,Paid Search
C01244,Customer 01244,Female,36,Delhi,Delhi,R07,Corporate,2024-10-17,Referral
C01245,Customer 01245,Female,24,Mumbai,Maharashtra,R04,Corporate,2025-10-11,Paid Search
C01246,Customer 01246,Female,18,Kanpur,Uttar Pradesh,R07,Consumer,2024-10-06,Email
C01247,Customer 01247,Other,41,Coimbatore,Tamil Nadu,R02,Corporate,2024-09-07,Organic
C01248,Customer 01248,Male,50,Amritsar,Punjab,R01,Consumer,2025-02-25,Organic
C01249,Customer 01249,Male,34,Kochi,Kerala,R02,Consumer,2023-02-23,Paid Search
C01250,Customer 01250,Male,38,Visakhapatnam,Andhra Pradesh,R02,Consumer,2023-05-09,Organic
C01251,Customer 01251,Female,38,Delhi,Delhi,R07,Small Business,2025-01-14,Referral
C01252,Customer 01252,Male,18,Faridabad,Haryana,R01,Corporate,2024-08-04,Referral
C01253,Customer 01253,Male,44,Gurugram,Haryana,R01,Consumer,2022-12-24,Paid Search
C01254,Customer 01254,Male,47,Chennai,Tamil Nadu,R02,Consumer,2022-03-28,Email
C01255,Customer 01255,Male,53,Faridabad,Haryana,R01,Consumer,2025-01-02,Partner
C01256,Customer 01256,Female,31,Raipur,Chhattisgarh,R05,Consumer,2025-06-10,Referral
C01257,Customer 01257,Female,24,Patna,Bihar,R03,Consumer,2023-08-11,Referral
C01258,Customer 01258,Male,49,Bhopal,Madhya Pradesh,R05,Consumer,2025-04-29,Paid Search
C01259,Customer 01259,Female,40,Mysuru,Karnataka,R02,Small Business,2025-06-16,Social
C01260,Customer 01260,Male,44,Dehradun,Uttarakhand,R01,Consumer,2024-10-20,Paid Search
C01261,Customer 01261,Male,29,Delhi,Delhi,R07,Corporate,2025-12-17,Organic
C01262,Customer 01262,Male,38,Mumbai,Maharashtra,R04,Small Business,2025-11-24,Organic
C01263,Customer 01263,Female,24,Pune,Maharashtra,R04,Consumer,2023-04-13,Social
C01264,Customer 01264,Female,35,Visakhapatnam,Andhra Pradesh,R02,Small Business,2025-08-06,Organic
C01265,Customer 01265,Female,32,Chennai,Tamil Nadu,R02,Consumer,2024-03-16,Social
C01266,Customer 01266,Female,58,Bhopal,Madhya Pradesh,R05,Consumer,2023-07-14,Email
C01267,Customer 01267,Male,40,Faridabad,Haryana,R01,Consumer,2022-12-14,Paid Search
C01268,Customer 01268,Female,18,Ranchi,Jharkhand,R03,Consumer,2024-10-05,Paid Search
C01269,Customer 01269,Female,35,Bengaluru,Karnataka,R02,Enterprise,2025-03-15,Paid Search
C01270,Customer 01270,Male,39,Mysuru,Karnataka,R02,Corporate,2022-10-24,Social
C01271,Customer 01271,Male,30,Ranchi,Jharkhand,R03,Corporate,2023-12-20,Organic
C01272,Customer 01272,Male,24,Nagpur,Maharashtra,R04,Consumer,2025-07-25,Social
C01273,Customer 01273,Male,42,Pune,Maharashtra,R04,Small Business,2025-12-08,Organic
C01274,Customer 01274,Male,25,Coimbatore,Tamil Nadu,R02,Consumer,2023-10-05,Social
C01275,Customer 01275,Male,41,Gurugram,Haryana,R01,Consumer,2025-07-19,Referral
C01276,Customer 01276,Female,25,Mumbai,Maharashtra,R04,Enterprise,2025-06-02,Social
C01277,Customer 01277,Female,30,Ludhiana,Punjab,R01,Consumer,2023-02-03,Partner
C01278,Customer 01278,Female,45,Faridabad,Haryana,R01,Consumer,2023-10-27,Organic
C01279,Customer 01279,Female,40,Raipur,Chhattisgarh,R05,Consumer,2022-06-24,Paid Search
C01280,Customer 01280,Other,35,Coimbatore,Tamil Nadu,R02,Consumer,2022-01-09,Paid Search
C01281,Customer 01281,Male,35,Pune,Maharashtra,R04,Small Business,2024-06-24,Partner
C01282,Customer 01282,Female,36,Surat,Gujarat,R04,Consumer,2022-01-04,Organic
C01283,Customer 01283,Female,27,Ahmedabad,Gujarat,R04,Enterprise,2023-04-10,Social
C01284,Customer 01284,Female,20,Hyderabad,Telangana,R02,Consumer,2022-09-14,Paid Search
C01285,Customer 01285,,41,Kochi,Kerala,R02,Corporate,2023-01-06,Partner
C01286,Customer 01286,Male,50,Visakhapatnam,Andhra Pradesh,R02,Corporate,2022-12-20,Social
C01287,Customer 01287,Female,41,Mumbai,Maharashtra,R04,Corporate,2024-03-07,Social
C01288,Customer 01288,Male,38,Pune,Maharashtra,R04,Consumer,2025-02-03,Social
C01289,Customer 01289,Male,23,Surat,Gujarat,R04,Consumer,2024-02-26,Referral
C01290,Customer 01290,Female,44,Coimbatore,Tamil Nadu,R02,Corporate,2025-01-11,Organic
C01291,Customer 01291,Female,40,Surat,Gujarat,R04,Small Business,2024-02-25,Organic
C01292,Customer 01292,Male,43,Hyderabad,Telangana,R02,Consumer,2024-10-02,Organic
C01293,Customer 01293,Male,45,Mysuru,Karnataka,R02,Consumer,2023-03-06,Paid Search
C01294,Customer 01294,,51,Pune,Maharashtra,R04,Corporate,2023-04-25,Social
C01295,Customer 01295,Male,24,Pune,Maharashtra,R04,Consumer,2022-08-15,
C01296,Customer 01296,Female,22,Pune,Maharashtra,R04,Consumer,2024-01-30,Social
C01297,Customer 01297,Male,36,Delhi,Delhi,R07,Enterprise,2022-09-26,Organic
C01298,Customer 01298,Female,26,Faridabad,Haryana,R01,Consumer,2024-07-02,Social
C01299,Customer 01299,Male,24,Kolkata,West Bengal,R03,Consumer,2024-11-18,Paid Search
C01300,Customer 01300,Female,47,Pune,Maharashtra,R04,Corporate,2025-07-16,Referral
C01301,Customer 01301,Female,25,Lucknow,Uttar Pradesh,R07,Consumer,2023-11-15,Referral
C01302,Customer 01302,Male,35,Chennai,Tamil Nadu,R02,Consumer,2025-12-20,Referral
C01303,Customer 01303,Female,19,Patna,Bihar,R03,Consumer,2023-11-17,Partner
C01304,Customer 01304,Female,36,Noida,Uttar Pradesh,R07,Consumer,2024-11-09,Organic
C01305,Customer 01305,Male,47,Indore,Madhya Pradesh,R05,Consumer,2025-11-28,Email
C01306,Customer 01306,Female,47,Kochi,Kerala,R02,Small Business,2024-02-13,Email
C01307,Customer 01307,Female,45,Chennai,Tamil Nadu,R02,Consumer,2025-09-03,Organic
C01308,Customer 01308,Female,34,Hyderabad,Telangana,R02,Consumer,2024-04-21,Referral
C01309,Customer 01309,Female,46,Delhi,,R07,Corporate,2022-04-05,Organic
C01310,Customer 01310,Male,39,Vijayawada,Andhra Pradesh,R02,Consumer,2023-12-24,Social
C01311,Customer 01311,Female,31,Pune,Maharashtra,R04,Consumer,2025-03-11,Paid Search
C01312,Customer 01312,Female,39,Kochi,Kerala,R02,Consumer,2024-08-05,Organic
C01313,Customer 01313,Male,44,Coimbatore,Tamil Nadu,R02,Consumer,2022-12-29,Referral
C01314,Customer 01314,Male,22,Delhi,Delhi,R07,Consumer,2023-02-24,Paid Search
C01315,Customer 01315,Female,24,Delhi,Delhi,R07,Consumer,2024-11-21,Organic
C01316,Customer 01316,Female,34,Kolkata,West Bengal,R03,Small Business,2025-03-12,Social
C01317,Customer 01317,Male,23,Coimbatore,Tamil Nadu,R02,Enterprise,2022-09-11,Social
C01318,Customer 01318,Male,23,Delhi,Delhi,R07,Small Business,2023-10-27,Organic
C01319,Customer 01319,Female,31,Patna,Bihar,R03,Consumer,2022-08-01,Email
C01320,Customer 01320,Male,45,Raipur,Chhattisgarh,R05,Small Business,2023-03-07,Partner
C01321,Customer 01321,Female,45,Mysuru,Karnataka,R02,Consumer,2025-10-04,Paid Search
C01322,Customer 01322,Female,38,Surat,Gujarat,R04,Consumer,2022-02-12,Partner
C01323,Customer 01323,Female,37,Delhi,Delhi,R07,Small Business,2024-03-26,Partner
C01324,Customer 01324,Male,56,Bhubaneswar,Odisha,R03,Small Business,2023-10-22,Social
C01325,Customer 01325,Female,30,Nagpur,Maharashtra,R04,Consumer,2023-05-26,Partner
C01326,Customer 01326,Female,37,Guwahati,Assam,R06,Enterprise,2025-08-04,Email
C01327,Customer 01327,Female,29,Nagpur,Maharashtra,R04,Consumer,2025-07-25,Email
C01328,Customer 01328,Male,22,Chennai,Tamil Nadu,R02,Consumer,2022-01-31,Organic
C01329,Customer 01329,Female,47,Jodhpur,Rajasthan,R01,Consumer,2023-02-28,Email
C01330,Customer 01330,Female,32,Faridabad,Haryana,R01,Consumer,2022-12-12,Organic
C01331,Customer 01331,Female,42,Bhubaneswar,Odisha,R03,Enterprise,2022-04-04,Referral
C01332,Customer 01332,Male,33,Mysuru,Karnataka,R02,Consumer,2024-01-06,Organic
C01333,Customer 01333,Male,47,Mysuru,Karnataka,R02,Consumer,2023-07-31,Email
C01334,Customer 01334,Male,25,Ranchi,Jharkhand,R03,Small Business,2023-08-06,Partner
C01335,Customer 01335,Male,47,Ranchi,Jharkhand,R03,Small Business,2024-10-30,Social
C01336,Customer 01336,Female,44,Raipur,Chhattisgarh,R05,Small Business,2025-11-21,Paid Search
C01337,Customer 01337,Female,18,Ludhiana,Punjab,R01,Small Business,2024-08-25,Organic
C01338,Customer 01338,Female,30,Chennai,Tamil Nadu,R02,Small Business,2024-06-21,Organic
C01339,Customer 01339,Male,45,Guwahati,Assam,R06,Corporate,2023-11-24,Partner
C01340,Customer 01340,Male,51,Mumbai,Maharashtra,R04,Consumer,2023-08-13,Referral
C01341,Customer 01341,Male,42,Delhi,Delhi,R07,Small Business,2024-01-16,Email
C01342,Customer 01342,Male,31,Indore,Madhya Pradesh,R05,Consumer,2023-01-24,Email
C01343,Customer 01343,Female,25,Bengaluru,Karnataka,R02,Consumer,2024-02-13,Social
C01344,Customer 01344,Male,41,Coimbatore,Tamil Nadu,R02,Consumer,2023-07-08,Paid Search
C01345,Customer 01345,Male,31,Dehradun,Uttarakhand,R01,Consumer,2023-07-02,Paid Search
C01346,Customer 01346,Female,31,Chennai,Tamil Nadu,R02,Corporate,2025-06-22,Organic
C01347,Customer 01347,Male,33,Surat,Gujarat,R04,Small Business,2022-05-02,Email
C01348,Customer 01348,Male,44,Nagpur,Maharashtra,R04,Consumer,2025-04-09,Partner
C01349,Customer 01349,Female,53,Surat,Gujarat,R04,Consumer,2022-08-19,Paid Search
C01350,Customer 01350,Male,45,Gurugram,Haryana,R01,Consumer,2023-07-08,Social
C01351,Customer 01351,Female,35,Bhubaneswar,Odisha,R03,Corporate,2024-11-24,Social
C01352,Customer 01352,Male,26,Indore,Madhya Pradesh,R05,Consumer,2025-08-27,Referral
C01353,Customer 01353,Female,42,Jodhpur,Rajasthan,R01,Consumer,2025-03-29,Referral
C01354,Customer 01354,Male,52,Jodhpur,Rajasthan,R01,Corporate,2024-11-27,Organic
C01355,Customer 01355,Male,45,Guwahati,Assam,R06,Consumer,2023-08-01,Referral
C01356,Customer 01356,Female,37,Delhi,Delhi,R07,Consumer,2023-06-13,Referral
C01357,Customer 01357,Male,30,Mysuru,Karnataka,R02,Consumer,2023-04-27,Organic
C01358,Customer 01358,Male,38,Ahmedabad,Gujarat,R04,Consumer,2025-05-02,Social
C01359,Customer 01359,Male,47,Kolkata,West Bengal,R03,Corporate,2024-06-06,Paid Search
C01360,Customer 01360,Male,37,Gurugram,Haryana,R01,Consumer,2022-04-04,Partner
C01361,Customer 01361,Male,34,Hyderabad,Telangana,R02,Consumer,2022-02-01,
C01362,Customer 01362,Other,28,Mumbai,Maharashtra,R04,Small Business,2022-06-27,Social
C01363,Customer 01363,Male,61,Coimbatore,Tamil Nadu,R02,Corporate,2024-04-12,Paid Search
C01364,Customer 01364,Female,26,Delhi,Delhi,R07,Consumer,2025-12-04,Partner
C01365,Customer 01365,Male,25,Surat,Gujarat,R04,Corporate,2023-11-17,Organic
C01366,Customer 01366,Male,37,Bengaluru,Karnataka,R02,Consumer,2022-12-27,Social
C01367,Customer 01367,Female,33,Noida,Uttar Pradesh,R07,Consumer,2023-10-08,Paid Search
C01368,Customer 01368,Female,45,Faridabad,Haryana,R01,Corporate,2024-10-31,Organic
C01369,Customer 01369,Female,46,Amritsar,Punjab,R01,Consumer,2022-01-03,Partner
C01370,Customer 01370,Male,23,Nagpur,Maharashtra,R04,Consumer,2024-08-17,Organic
C01371,Customer 01371,Male,27,Delhi,Delhi,R07,Small Business,2025-10-09,Email
C01372,Customer 01372,Female,26,Vijayawada,Andhra Pradesh,R02,Corporate,2025-09-25,Referral
C01373,Customer 01373,Male,43,Nagpur,Maharashtra,R04,Small Business,2022-09-11,Referral
C01374,Customer 01374,Male,39,Indore,Madhya Pradesh,R05,Small Business,2025-12-04,Organic
C01375,Customer 01375,Male,31,Ranchi,Jharkhand,R03,Consumer,2022-06-15,Paid Search
C01376,Customer 01376,Male,37,Delhi,Delhi,R07,Corporate,2023-11-19,Partner
C01377,Customer 01377,Female,24,Hyderabad,Telangana,R02,Consumer,2023-07-18,Paid Search
C01378,Customer 01378,Female,28,Guwahati,Assam,R06,Corporate,2024-09-05,Organic
C01379,Customer 01379,Female,22,Hyderabad,Telangana,R02,Consumer,2025-02-11,Referral
C01380,Customer 01380,Male,36,Surat,Gujarat,R04,Consumer,2024-06-09,Referral
C01381,Customer 01381,Female,36,Ahmedabad,Gujarat,R04,Consumer,2025-01-22,Social
C01382,Customer 01382,Female,25,Delhi,Delhi,R07,Small Business,2025-12-05,Paid Search
C01383,Customer 01383,Female,39,Bengaluru,Karnataka,R02,Consumer,2024-01-18,Paid Search
C01384,Customer 01384,Female,46,Dehradun,Uttarakhand,R01,Corporate,2024-04-23,Organic
C01385,Customer 01385,Female,25,Visakhapatnam,Andhra Pradesh,R02,Small Business,2024-03-13,Social
C01386,Customer 01386,Male,32,Delhi,Delhi,R07,Small Business,2023-01-27,Partner
C01387,Customer 01387,Female,40,Kolkata,West Bengal,R03,Consumer,2023-10-28,Email
C01388,Customer 01388,Female,35,Jodhpur,Rajasthan,R01,Consumer,2024-03-28,Referral
C01389,Customer 01389,Female,21,Kochi,Kerala,R02,Small Business,2022-02-06,Social
C01390,Customer 01390,Female,31,Delhi,Delhi,R07,Consumer,2023-07-28,Referral
C01391,Customer 01391,Male,30,Vijayawada,Andhra Pradesh,R02,Consumer,2023-02-10,Social
C01392,Customer 01392,Female,33,Bhopal,Madhya Pradesh,R05,Enterprise,2024-08-31,Email
C01393,Customer 01393,Male,34,Gurugram,Haryana,R01,Consumer,2023-07-23,Social
C01394,Customer 01394,Female,51,Delhi,Delhi,R07,Consumer,2022-07-18,Organic
C01395,Customer 01395,Male,33,Indore,,R05,Consumer,2024-03-21,Social
C01396,Customer 01396,Male,18,Gurugram,Haryana,R01,Consumer,2023-11-06,Organic
C01397,Customer 01397,Female,36,Mysuru,Karnataka,R02,Consumer,2024-08-20,Social
C01398,Customer 01398,Female,52,Kochi,Kerala,R02,Corporate,2024-12-20,Email
C01399,Customer 01399,Female,33,Chennai,Tamil Nadu,R02,Consumer,2025-12-13,Referral
C01400,Customer 01400,Male,31,Nagpur,Maharashtra,R04,Corporate,2024-06-21,Organic
C01401,Customer 01401,Male,32,Surat,Gujarat,R04,Small Business,2024-01-12,Referral
C01402,Customer 01402,Male,41,Delhi,Delhi,R07,Small Business,2023-02-14,Organic
C01403,Customer 01403,Male,32,Ranchi,Jharkhand,R03,Consumer,2024-09-08,Referral
C01404,Customer 01404,Female,20,Pune,Maharashtra,R04,Small Business,2023-08-26,Paid Search
C01405,Customer 01405,Female,28,Ludhiana,Punjab,R01,Consumer,2025-11-04,
C01406,Customer 01406,Male,34,Jaipur,Rajasthan,R01,Corporate,2024-09-28,Partner
C01407,Customer 01407,Female,40,Ranchi,Jharkhand,R03,Consumer,2023-02-12,Organic
C01408,Customer 01408,Male,29,Delhi,Delhi,R07,Corporate,2025-10-03,Referral
C01409,Customer 01409,Male,32,Raipur,Chhattisgarh,R05,Consumer,2023-10-25,Referral
C01410,Customer 01410,Male,35,Kolkata,West Bengal,R03,Corporate,2024-06-24,Referral
C01411,Customer 01411,Male,27,Indore,Madhya Pradesh,R05,Consumer,2024-11-19,Partner
C01412,Customer 01412,Female,34,Ranchi,Jharkhand,R03,Consumer,2024-08-13,Social
C01413,Customer 01413,Female,40,Bhopal,Madhya Pradesh,R05,Corporate,2024-04-05,Organic
C01414,Customer 01414,Male,23,Visakhapatnam,Andhra Pradesh,R02,Consumer,2024-12-07,Referral
C01415,Customer 01415,Female,38,Gurugram,,R01,Corporate,2025-07-28,Social
C01416,Customer 01416,Female,24,Bhubaneswar,Odisha,R03,Corporate,2022-08-27,Email
C01417,Customer 01417,Female,24,Bengaluru,Karnataka,R02,Corporate,2024-04-07,Email
C01418,Customer 01418,Female,28,Mysuru,,R02,Corporate,2024-06-05,Referral
C01419,Customer 01419,Female,49,Kochi,Kerala,R02,Small Business,2025-09-09,Paid Search
C01420,Customer 01420,Female,18,Ranchi,Jharkhand,R03,Small Business,2024-04-21,Social
C01421,Customer 01421,Male,30,Kolkata,West Bengal,R03,Consumer,2022-08-06,Partner
C01422,Customer 01422,Male,35,Mysuru,Karnataka,R02,Consumer,2025-01-19,Paid Search
C01423,Customer 01423,Female,47,Ahmedabad,Gujarat,R04,Small Business,2025-03-19,Social
C01424,Customer 01424,Female,54,Mumbai,Maharashtra,R04,Consumer,2025-05-10,Referral
C01425,Customer 01425,Female,31,Nagpur,Maharashtra,R04,Consumer,2022-11-08,Organic
C01426,Customer 01426,Female,40,Pune,Maharashtra,R04,Consumer,2022-08-09,Email
C01427,Customer 01427,Female,34,Delhi,Delhi,R07,Consumer,2022-03-13,Organic
C01428,Customer 01428,Female,34,Delhi,Delhi,R07,Consumer,2023-09-18,Partner
C01429,Customer 01429,Female,38,Bhubaneswar,Odisha,R03,Corporate,2022-06-13,Social
C01430,Customer 01430,Male,19,Surat,Gujarat,R04,Corporate,2025-01-23,Organic
C01431,Customer 01431,Male,35,Vijayawada,Andhra Pradesh,R02,Corporate,2024-04-28,Email
C01432,Customer 01432,Male,40,Chennai,,R02,Consumer,2023-04-06,Email
C01433,Customer 01433,Male,26,Delhi,Delhi,R07,Small Business,2023-03-01,Organic
C01434,Customer 01434,Female,40,Gurugram,Haryana,R01,Corporate,2023-10-19,Organic
C01435,Customer 01435,,18,Amritsar,Punjab,R01,Consumer,2022-07-30,Social
C01436,Customer 01436,Female,36,Ranchi,Jharkhand,R03,Consumer,2023-09-01,Referral
C01437,Customer 01437,Male,48,Noida,Uttar Pradesh,R07,Consumer,2024-07-08,Organic
C01438,Customer 01438,Female,33,Mysuru,Karnataka,R02,Small Business,2023-11-05,Social
C01439,Customer 01439,Male,25,Visakhapatnam,Andhra Pradesh,R02,Consumer,2023-12-14,Social
C01440,Customer 01440,Female,21,Ranchi,Jharkhand,R03,Consumer,2025-04-24,Partner
C01441,Customer 01441,Male,39,Noida,Uttar Pradesh,R07,Consumer,2023-07-10,Email
C01442,Customer 01442,Female,44,Delhi,Delhi,R07,Consumer,2022-07-02,Organic
C01443,Customer 01443,Female,34,Gurugram,Haryana,R01,Consumer,2024-02-22,Referral
C01444,Customer 01444,Female,30,Delhi,Delhi,R07,Small Business,2022-09-12,Social
C01445,Customer 01445,Female,18,Ludhiana,Punjab,R01,Consumer,2025-06-12,Social
C01446,Customer 01446,Female,36,Coimbatore,Tamil Nadu,R02,Small Business,2022-08-16,Organic
C01447,Customer 01447,Female,28,Kochi,Kerala,R02,Consumer,2024-11-24,Referral
C01448,Customer 01448,Male,29,Mysuru,Karnataka,R02,Consumer,2023-10-23,Partner
C01449,Customer 01449,Female,51,Hyderabad,Telangana,R02,Small Business,2023-12-25,Organic
C01450,Customer 01450,Male,18,Amritsar,Punjab,R01,Corporate,2025-07-18,Organic
C01451,Customer 01451,Male,18,Bhopal,Madhya Pradesh,R05,Small Business,2025-04-16,Social
C01452,Customer 01452,Male,37,Chennai,Tamil Nadu,R02,Consumer,2022-09-08,Partner
C01453,Customer 01453,Male,31,Raipur,Chhattisgarh,R05,Consumer,2025-06-14,
C01454,Customer 01454,Male,30,Vijayawada,Andhra Pradesh,R02,Corporate,2023-04-15,Organic
C01455,Customer 01455,Female,38,Mumbai,Maharashtra,R04,Consumer,2023-07-04,Partner
C01456,Customer 01456,Female,38,Delhi,Delhi,R07,Small Business,2025-04-27,Social
C01457,Customer 01457,Female,25,Lucknow,Uttar Pradesh,R07,Consumer,2022-08-07,Social
C01458,Customer 01458,Male,29,Ahmedabad,Gujarat,R04,Consumer,2023-08-25,Organic
C01459,Customer 01459,Female,35,Vijayawada,,R02,Small Business,2022-06-18,Organic
C01460,Customer 01460,Male,37,Nagpur,Maharashtra,R04,Corporate,2024-04-04,Social
C01461,Customer 01461,Male,40,Bhubaneswar,Odisha,R03,Small Business,2024-07-22,Email
C01462,Customer 01462,Male,29,Bengaluru,Karnataka,R02,Small Business,2024-04-30,Referral
C01463,Customer 01463,Female,38,Amritsar,Punjab,R01,Consumer,2025-09-29,Partner
C01464,Customer 01464,Female,45,Nagpur,,R04,Corporate,2024-11-04,Social
C01465,Customer 01465,Male,35,Hyderabad,Telangana,R02,Enterprise,2022-02-26,Referral
C01466,Customer 01466,Male,34,Hyderabad,Telangana,R02,Consumer,2022-10-30,Referral
C01467,Customer 01467,Male,33,Surat,Gujarat,R04,Consumer,2023-12-28,Paid Search
C01468,Customer 01468,Male,29,Kanpur,Uttar Pradesh,R07,Small Business,2023-10-31,Organic
C01469,Customer 01469,Female,26,Kolkata,West Bengal,R03,Consumer,2022-10-11,Email
C01470,Customer 01470,Female,32,Gurugram,Haryana,R01,Small Business,2024-02-11,Organic
C01471,Customer 01471,Female,40,Visakhapatnam,Andhra Pradesh,R02,Consumer,2024-02-16,Partner
C01472,Customer 01472,Other,26,Amritsar,Punjab,R01,Small Business,2023-10-26,Email
C01473,Customer 01473,Male,34,Faridabad,Haryana,R01,Corporate,2025-06-05,Organic
C01474,Customer 01474,Female,33,Bengaluru,Karnataka,R02,Corporate,2023-07-10,Organic
C01475,Customer 01475,Female,53,Bengaluru,Karnataka,R02,Small Business,2025-02-23,Referral
C01476,Customer 01476,Male,42,Bengaluru,Karnataka,R02,Consumer,2024-10-17,Social
C01477,Customer 01477,,42,Surat,Gujarat,R04,Corporate,2025-11-20,Referral
C01478,Customer 01478,Male,44,Dehradun,Uttarakhand,R01,Small Business,2024-07-18,Paid Search
C01479,Customer 01479,Female,30,Bengaluru,Karnataka,R02,Enterprise,2023-12-09,Partner
C01480,Customer 01480,Female,49,Mysuru,Karnataka,R02,Enterprise,2022-01-02,Social
C01481,Customer 01481,Female,37,Ahmedabad,Gujarat,R04,Corporate,2024-08-27,Social
C01482,Customer 01482,Female,35,Delhi,Delhi,R07,Corporate,2024-02-11,Partner
C01483,Customer 01483,Female,23,Coimbatore,Tamil Nadu,R02,Consumer,2025-08-05,Email
C01484,Customer 01484,Male,31,Kanpur,Uttar Pradesh,R07,Corporate,2024-05-20,Referral
C01485,Customer 01485,Female,18,Hyderabad,Telangana,R02,Corporate,2024-10-16,Partner
C01486,Customer 01486,Female,33,Delhi,Delhi,R07,Consumer,2025-08-25,Partner
C01487,Customer 01487,Female,29,Dehradun,Uttarakhand,R01,Consumer,2025-11-09,Email
C01488,Customer 01488,Female,31,Ahmedabad,Gujarat,R04,Corporate,2022-11-19,Email
C01489,Customer 01489,Male,21,Kochi,Kerala,R02,Consumer,2022-12-25,Organic
C01490,Customer 01490,Male,42,Mysuru,Karnataka,R02,Consumer,2025-02-19,Partner
C01491,Customer 01491,Female,41,Delhi,Delhi,R07,Consumer,2022-07-17,Partner
C01492,Customer 01492,Female,52,Indore,Madhya Pradesh,R05,Small Business,2025-04-12,Social
C01493,Customer 01493,Female,52,Hyderabad,Telangana,R02,Enterprise,2022-08-06,Referral
C01494,Customer 01494,Male,37,Bhubaneswar,Odisha,R03,Corporate,2023-06-17,Referral
C01495,Customer 01495,Male,45,Ahmedabad,Gujarat,R04,Enterprise,2025-05-30,Social
C01496,Customer 01496,Female,38,Hyderabad,Telangana,R02,Small Business,2022-07-21,Organic
C01497,Customer 01497,Male,31,Raipur,Chhattisgarh,R05,Consumer,2022-03-19,Referral
C01498,Customer 01498,Female,32,Hyderabad,Telangana,R02,Consumer,2025-01-13,Paid Search
C01499,Customer 01499,Female,41,Mumbai,Maharashtra,R04,Consumer,2025-03-29,Social
C01500,Customer 01500,Male,76,Hyderabad,,R02,Consumer,2025-01-06,Partner
C01501,Customer 01501,Female,47,Hyderabad,Telangana,R02,Corporate,2023-11-10,Organic
C01502,Customer 01502,Female,37,Ranchi,Jharkhand,R03,Consumer,2025-01-20,Partner
C01503,Customer 01503,Female,40,Pune,Maharashtra,R04,Small Business,2024-10-06,Social
C01504,Customer 01504,Male,40,Surat,Gujarat,R04,Corporate,2023-07-07,Partner
C01505,Customer 01505,Female,34,Bhopal,Madhya Pradesh,R05,Consumer,2024-12-25,Organic
C01506,Customer 01506,Male,43,Mysuru,Karnataka,R02,Enterprise,2022-10-10,Organic
C01507,Customer 01507,Male,33,Patna,Bihar,R03,Enterprise,2023-09-13,Referral
C01508,Customer 01508,Female,25,Surat,Gujarat,R04,Small Business,2025-04-23,Social
C01509,Customer 01509,Male,40,Lucknow,Uttar Pradesh,R07,Small Business,2022-08-02,Referral
C01510,Customer 01510,Female,41,Patna,Bihar,R03,Enterprise,2023-09-07,Social
C01511,Customer 01511,,34,Gurugram,Haryana,R01,Corporate,2024-06-20,Social
C01512,Customer 01512,Male,38,Amritsar,,R01,Small Business,2024-05-23,Partner
C01513,Customer 01513,Female,45,Hyderabad,Telangana,R02,Consumer,2025-10-29,Paid Search
C01514,Customer 01514,Female,34,Patna,Bihar,R03,Consumer,2024-08-23,Organic
C01515,Customer 01515,Male,31,Kochi,Kerala,R02,Consumer,2022-02-07,Email
C01516,Customer 01516,Male,28,Jaipur,Rajasthan,R01,Consumer,2025-12-25,Paid Search
C01517,Customer 01517,Female,32,Faridabad,Haryana,R01,Consumer,2022-11-28,Social
C01518,Customer 01518,Female,50,Visakhapatnam,Andhra Pradesh,R02,Consumer,2024-05-18,Social
C01519,Customer 01519,Male,33,Faridabad,Haryana,R01,Consumer,2025-07-01,Paid Search
C01520,Customer 01520,Male,39,Amritsar,Punjab,R01,Consumer,2024-06-06,Paid Search
C01521,Customer 01521,Female,32,Jodhpur,Rajasthan,R01,Consumer,2022-04-12,Organic
C01522,Customer 01522,Male,31,Mysuru,Karnataka,R02,Small Business,2023-05-29,Organic
C01523,Customer 01523,Female,26,Guwahati,Assam,R06,Corporate,2022-01-15,Paid Search
C01524,Customer 01524,Female,36,Patna,Bihar,R03,Corporate,2023-09-08,Organic
C01525,Customer 01525,Male,30,Kolkata,West Bengal,R03,Consumer,2025-07-06,Email
C01526,Customer 01526,Male,48,Ludhiana,Punjab,R01,Small Business,2023-01-12,Partner
C01527,Customer 01527,Female,34,Mumbai,,R04,Consumer,2025-01-27,Organic
C01528,Customer 01528,Male,35,Mysuru,Karnataka,R02,Consumer,2022-03-04,Social
C01529,Customer 01529,Female,33,Faridabad,Haryana,R01,Consumer,2023-01-06,Paid Search
C01530,Customer 01530,Male,39,Jodhpur,Rajasthan,R01,Small Business,2024-04-17,Organic
C01531,Customer 01531,Female,50,Mumbai,Maharashtra,R04,Enterprise,2025-11-12,Organic
C01532,Customer 01532,Female,25,Faridabad,Haryana,R01,Small Business,2024-06-23,Referral
C01533,Customer 01533,Female,38,Mysuru,Karnataka,R02,Corporate,2024-11-06,Organic
C01534,Customer 01534,Male,19,Kolkata,West Bengal,R03,Consumer,2025-02-02,Partner
C01535,Customer 01535,Female,47,Delhi,Delhi,R07,Corporate,2022-06-24,Email
C01536,Customer 01536,Female,34,Bengaluru,Karnataka,R02,Consumer,2025-11-02,Referral
C01537,Customer 01537,Male,20,Bhubaneswar,Odisha,R03,Consumer,2023-11-04,Email
C01538,Customer 01538,Female,22,Patna,Bihar,R03,Enterprise,2023-03-28,Organic
C01539,Customer 01539,Female,43,Indore,Madhya Pradesh,R05,Enterprise,2025-06-17,Referral
C01540,Customer 01540,Male,18,Surat,Gujarat,R04,Consumer,2023-12-18,Organic
C01541,Customer 01541,Female,38,Indore,Madhya Pradesh,R05,Consumer,2024-09-02,Social
C01542,Customer 01542,Male,31,Noida,Uttar Pradesh,R07,Consumer,2023-06-25,Paid Search
C01543,Customer 01543,Male,33,Pune,Maharashtra,R04,Consumer,2024-05-05,Organic
C01544,Customer 01544,Male,28,Amritsar,Punjab,R01,Consumer,2022-08-12,Referral
C01545,Customer 01545,Male,25,Ahmedabad,Gujarat,R04,Corporate,2023-09-02,Paid Search
C01546,Customer 01546,Male,30,Nagpur,Maharashtra,R04,Consumer,2023-10-23,Organic
C01547,Customer 01547,Male,41,Noida,Uttar Pradesh,R07,Consumer,2022-12-29,Partner
C01548,Customer 01548,Female,32,Patna,Bihar,R03,Consumer,2025-08-25,Organic
C01549,Customer 01549,Female,39,Pune,Maharashtra,R04,Small Business,2024-06-15,Organic
C01550,Customer 01550,Male,33,Jodhpur,Rajasthan,R01,Consumer,2025-06-25,Organic
C01551,Customer 01551,Female,41,Gurugram,Haryana,R01,Consumer,2022-08-13,Social
C01552,Customer 01552,Female,39,Surat,Gujarat,R04,Corporate,2023-09-11,Email
C01553,Customer 01553,Female,30,Jodhpur,Rajasthan,R01,Small Business,2025-03-29,Email
C01554,Customer 01554,Other,25,Nagpur,Maharashtra,R04,Consumer,2022-08-27,Referral
C01555,Customer 01555,Male,45,Noida,Uttar Pradesh,R07,Corporate,2022-11-03,Social
C01556,Customer 01556,Male,27,Patna,Bihar,R03,Consumer,2025-09-11,Partner
C01557,Customer 01557,Male,40,Vijayawada,Andhra Pradesh,R02,Corporate,2022-06-26,Email
C01558,Customer 01558,Male,35,Mysuru,Karnataka,R02,Consumer,2023-11-01,Partner
C01559,Customer 01559,Female,30,Hyderabad,Telangana,R02,Small Business,2022-04-16,Organic
C01560,Customer 01560,Male,39,Raipur,Chhattisgarh,R05,Enterprise,2023-05-12,Social
C01561,Customer 01561,Female,49,Dehradun,Uttarakhand,R01,Small Business,2025-04-05,Organic
C01562,Customer 01562,Female,41,Chennai,Tamil Nadu,R02,Small Business,2023-06-16,Social
C01563,Customer 01563,Female,36,Kochi,Kerala,R02,Consumer,2023-11-15,Partner
C01564,Customer 01564,Female,51,Kochi,Kerala,R02,Corporate,2025-08-31,Referral
C01565,Customer 01565,Female,18,Bhubaneswar,,R03,Consumer,2023-08-06,Email
C01566,Customer 01566,Female,24,Ahmedabad,Gujarat,R04,Consumer,2024-05-27,Paid Search
C01567,Customer 01567,Female,30,Delhi,,R07,Consumer,2024-02-01,Paid Search
C01568,Customer 01568,Male,49,Delhi,Delhi,R07,Small Business,2024-11-15,Partner
C01569,Customer 01569,Male,44,Bengaluru,Karnataka,R02,Corporate,2024-05-08,Organic
C01570,Customer 01570,Male,18,Bengaluru,Karnataka,R02,Small Business,2025-04-29,Organic
C01571,Customer 01571,Female,31,Pune,Maharashtra,R04,Consumer,2025-07-10,Paid Search
C01572,Customer 01572,Male,22,Coimbatore,Tamil Nadu,R02,Small Business,2025-12-12,Email
C01573,Customer 01573,Male,35,Bengaluru,Karnataka,R02,Small Business,2023-05-18,Social
C01574,Customer 01574,Male,44,Bhopal,,R05,Small Business,2022-09-17,Organic
C01575,Customer 01575,Female,45,Faridabad,Haryana,R01,Consumer,2022-10-01,Referral
C01576,Customer 01576,Male,38,Noida,Uttar Pradesh,R07,Consumer,2025-02-24,Referral
C01577,Customer 01577,Male,31,Bhubaneswar,Odisha,R03,Corporate,2025-06-23,Social
C01578,Customer 01578,Male,34,Raipur,Chhattisgarh,R05,Enterprise,2022-12-19,Organic
C01579,Customer 01579,Male,42,Dehradun,Uttarakhand,R01,Consumer,2023-12-04,Organic
C01580,Customer 01580,Female,58,Guwahati,Assam,R06,Consumer,2022-01-29,Paid Search
C01581,Customer 01581,Male,23,Kochi,Kerala,R02,Consumer,2024-04-26,Paid Search
C01582,Customer 01582,Male,51,Nagpur,Maharashtra,R04,Consumer,2024-10-21,Organic
C01583,Customer 01583,Other,37,Mumbai,Maharashtra,R04,Small Business,2022-08-20,Email
C01584,Customer 01584,Male,43,Jaipur,Rajasthan,R01,Consumer,2025-09-15,Partner
C01585,Customer 01585,Female,37,Chennai,Tamil Nadu,R02,Consumer,2025-06-13,Organic
C01586,Customer 01586,Female,49,Visakhapatnam,Andhra Pradesh,R02,Corporate,2025-10-30,Social
C01587,Customer 01587,Male,38,Nagpur,Maharashtra,R04,Consumer,2025-10-02,Paid Search
C01588,Customer 01588,Male,29,Mysuru,Karnataka,R02,Consumer,2022-05-01,Paid Search
C01589,Customer 01589,Male,40,Jodhpur,Rajasthan,R01,Corporate,2023-10-16,Social
C01590,Customer 01590,Male,46,Gurugram,Haryana,R01,Consumer,2023-09-14,Paid Search
C01591,Customer 01591,Male,35,Amritsar,Punjab,R01,Enterprise,2022-01-30,Paid Search
C01592,Customer 01592,Female,18,Delhi,Delhi,R07,Small Business,2025-09-29,Organic
C01593,Customer 01593,Male,34,Visakhapatnam,Andhra Pradesh,R02,Enterprise,2022-02-09,Referral
C01594,Customer 01594,Male,36,Mumbai,Maharashtra,R04,Consumer,2024-10-13,Social
C01595,Customer 01595,Female,35,Indore,Madhya Pradesh,R05,Small Business,2023-03-18,Organic
C01596,Customer 01596,Male,30,Kolkata,West Bengal,R03,Consumer,2024-05-22,Paid Search
C01597,Customer 01597,Female,48,Ludhiana,Punjab,R01,Corporate,2023-12-20,Organic
C01598,Customer 01598,Male,18,Ludhiana,Punjab,R01,Consumer,2022-11-18,Paid Search
C01599,Customer 01599,Female,36,Indore,Madhya Pradesh,R05,Consumer,2023-09-25,Organic
C01600,Customer 01600,Female,36,Kanpur,Uttar Pradesh,R07,Consumer,2024-10-31,Social
C01601,Customer 01601,Female,56,Kochi,Kerala,R02,Small Business,2024-04-11,Social
C01602,Customer 01602,Female,35,Gurugram,Haryana,R01,Small Business,2022-11-25,Social
C01603,Customer 01603,Male,39,Kolkata,West Bengal,R03,Consumer,2023-01-12,Paid Search
C01604,Customer 01604,,36,Bhopal,Madhya Pradesh,R05,Corporate,2024-10-13,Referral
C01605,Customer 01605,Male,36,Kanpur,Uttar Pradesh,R07,Corporate,2022-11-03,Email
C01606,Customer 01606,Male,53,Jaipur,Rajasthan,R01,Consumer,2024-05-20,Paid Search
C01607,Customer 01607,Female,24,Ranchi,Jharkhand,R03,Consumer,2025-11-24,Paid Search
C01608,Customer 01608,Male,28,Kanpur,Uttar Pradesh,R07,Small Business,2024-04-20,Partner
C01609,Customer 01609,Male,43,Ahmedabad,,R04,Corporate,2023-02-14,Social
C01610,Customer 01610,Female,38,Ahmedabad,Gujarat,R04,Corporate,2024-09-04,Social
C01611,Customer 01611,Male,32,Kanpur,Uttar Pradesh,R07,Corporate,2025-10-14,Referral
C01612,Customer 01612,Female,34,Bhubaneswar,Odisha,R03,Corporate,2024-08-06,Paid Search
C01613,Customer 01613,Male,44,Bhubaneswar,Odisha,R03,Consumer,2024-04-14,Organic
C01614,Customer 01614,Female,40,Pune,Maharashtra,R04,Small Business,2024-06-15,Referral
C01615,Customer 01615,Male,28,Indore,Madhya Pradesh,R05,Consumer,2022-04-13,Referral
C01616,Customer 01616,Female,37,Amritsar,Punjab,R01,Small Business,2022-02-04,Paid Search
C01617,Customer 01617,Female,35,Delhi,Delhi,R07,Small Business,2024-05-19,Organic
C01618,Customer 01618,Female,40,Coimbatore,Tamil Nadu,R02,Corporate,2023-11-30,Partner
C01619,Customer 01619,Other,32,Dehradun,Uttarakhand,R01,Corporate,2025-12-10,Referral
C01620,Customer 01620,Female,23,Delhi,Delhi,R07,Consumer,2023-11-28,Paid Search
C01621,Customer 01621,Male,42,Amritsar,Punjab,R01,Consumer,2025-05-11,Organic
C01622,Customer 01622,Male,40,Mysuru,Karnataka,R02,Corporate,2024-08-20,Social
C01623,Customer 01623,Female,49,Indore,Madhya Pradesh,R05,Consumer,2023-03-20,Organic
C01624,Customer 01624,Female,22,Delhi,Delhi,R07,Consumer,2025-06-15,Paid Search
C01625,Customer 01625,Female,34,Pune,Maharashtra,R04,Enterprise,2022-05-20,Partner
C01626,Customer 01626,Female,33,Patna,Bihar,R03,Consumer,2024-10-13,Referral
C01627,Customer 01627,Male,31,Mumbai,Maharashtra,R04,Consumer,2023-11-04,Partner
C01628,Customer 01628,Male,20,Amritsar,Punjab,R01,Consumer,2024-11-22,Paid Search
C01629,Customer 01629,Male,24,Amritsar,Punjab,R01,Corporate,2022-05-25,Organic
C01630,Customer 01630,Female,38,Surat,Gujarat,R04,Consumer,2022-10-23,Partner
C01631,Customer 01631,Male,30,Mysuru,Karnataka,R02,Small Business,2023-03-11,Partner
C01632,Customer 01632,Male,27,Raipur,Chhattisgarh,R05,Consumer,2024-04-06,Social
C01633,Customer 01633,Female,49,Hyderabad,Telangana,R02,Consumer,2025-09-03,Organic
C01634,Customer 01634,Male,59,Kolkata,West Bengal,R03,Consumer,2025-08-18,Referral
C01635,Customer 01635,Male,34,Dehradun,Uttarakhand,R01,Consumer,2024-08-12,Organic
C01636,Customer 01636,Male,20,Surat,Gujarat,R04,Small Business,2022-06-16,Partner
C01637,Customer 01637,Female,39,Mumbai,Maharashtra,R04,Consumer,2025-02-18,Referral
C01638,Customer 01638,Male,18,Kochi,Kerala,R02,Consumer,2025-05-25,Organic
C01639,Customer 01639,Female,21,Lucknow,,R07,Consumer,2024-02-29,Organic
C01640,Customer 01640,Female,39,Patna,Bihar,R03,Consumer,2022-04-07,Organic
C01641,Customer 01641,Female,21,Patna,Bihar,R03,Consumer,2022-09-03,Email
C01642,Customer 01642,Female,32,Delhi,Delhi,R07,Consumer,2025-03-24,Organic
C01643,Customer 01643,Male,20,Surat,Gujarat,R04,Enterprise,2022-08-08,Social
C01644,Customer 01644,Male,36,Ludhiana,Punjab,R01,Consumer,2023-05-11,Paid Search
C01645,Customer 01645,Male,46,Amritsar,Punjab,R01,Consumer,2025-01-23,Social
C01646,Customer 01646,Female,29,Ahmedabad,Gujarat,R04,Corporate,2022-08-10,Referral
C01647,Customer 01647,Male,35,Jodhpur,Rajasthan,R01,Consumer,2023-09-20,Organic
C01648,Customer 01648,Female,27,Bhopal,Madhya Pradesh,R05,Corporate,2024-09-26,Organic
C01649,Customer 01649,Female,28,Kochi,Kerala,R02,Small Business,2024-01-01,Paid Search
C01650,Customer 01650,Female,27,Bhopal,Madhya Pradesh,R05,Small Business,2025-07-05,Partner
C01651,Customer 01651,Male,43,Jodhpur,Rajasthan,R01,Small Business,2022-09-19,Paid Search
C01652,Customer 01652,Female,21,Jodhpur,Rajasthan,R01,Corporate,2024-04-16,Organic
C01653,Customer 01653,Male,32,Kanpur,Uttar Pradesh,R07,Consumer,2023-06-13,
C01654,Customer 01654,Female,39,Gurugram,Haryana,R01,Small Business,2024-03-28,Organic
C01655,Customer 01655,Female,44,Visakhapatnam,Andhra Pradesh,R02,Consumer,2022-07-13,Email
C01656,Customer 01656,Male,39,Nagpur,Maharashtra,R04,Corporate,2024-09-30,Paid Search
C01657,Customer 01657,Female,34,Noida,Uttar Pradesh,R07,Small Business,2022-10-26,Partner
C01658,Customer 01658,Female,29,Indore,Madhya Pradesh,R05,Small Business,2025-03-27,Referral
C01659,Customer 01659,Female,44,Mumbai,Maharashtra,R04,Small Business,2025-07-22,Social
C01660,Customer 01660,Male,26,Delhi,Delhi,R07,Consumer,2023-05-13,Paid Search
C01661,Customer 01661,Male,26,Faridabad,Haryana,R01,Corporate,2024-11-13,Organic
C01662,Customer 01662,Male,49,Hyderabad,Telangana,R02,Consumer,2024-03-09,Organic
C01663,Customer 01663,Female,39,Bhubaneswar,Odisha,R03,Small Business,2025-05-29,Email
C01664,Customer 01664,Male,39,Amritsar,,R01,Corporate,2025-09-14,Partner
C01665,Customer 01665,Other,41,Kochi,Kerala,R02,Consumer,2025-07-01,Organic
C01666,Customer 01666,Female,34,Raipur,Chhattisgarh,R05,Small Business,2023-01-15,Partner
C01667,Customer 01667,Male,21,Raipur,Chhattisgarh,R05,Consumer,2024-05-11,Social
C01668,Customer 01668,Female,38,Noida,Uttar Pradesh,R07,Consumer,2022-05-17,Email
C01669,Customer 01669,Male,35,Delhi,Delhi,R07,Enterprise,2023-03-21,Partner
C01670,Customer 01670,Male,26,Guwahati,Assam,R06,Corporate,2023-06-15,Partner
C01671,Customer 01671,Male,24,Jodhpur,Rajasthan,R01,Corporate,2023-12-21,Social
C01672,Customer 01672,Female,35,Chennai,Tamil Nadu,R02,Consumer,2025-05-01,Social
C01673,Customer 01673,Female,21,Patna,Bihar,R03,Consumer,2022-01-28,Referral
C01674,Customer 01674,Male,34,Faridabad,Haryana,R01,Consumer,2023-12-22,Organic
C01675,Customer 01675,Male,32,Bhubaneswar,Odisha,R03,Consumer,2025-04-09,Paid Search
C01676,Customer 01676,Male,34,Vijayawada,Andhra Pradesh,R02,Consumer,2022-12-03,Email
C01677,Customer 01677,Female,39,Patna,Bihar,R03,Consumer,2025-03-18,Organic
C01678,Customer 01678,Male,41,Ahmedabad,Gujarat,R04,Corporate,2022-04-23,Paid Search
C01679,Customer 01679,Female,28,Guwahati,Assam,R06,Consumer,2024-01-13,Paid Search
C01680,Customer 01680,Female,44,Bengaluru,Karnataka,R02,Corporate,2025-12-12,Social
C01681,Customer 01681,Male,33,Patna,Bihar,R03,Small Business,2023-07-06,Organic
C01682,Customer 01682,Female,53,Indore,Madhya Pradesh,R05,Consumer,2024-07-24,Partner
C01683,Customer 01683,Female,29,Patna,Bihar,R03,Corporate,2022-09-10,Email
C01684,Customer 01684,Female,19,Jaipur,Rajasthan,R01,Consumer,2023-09-09,Organic
C01685,Customer 01685,Female,43,Faridabad,Haryana,R01,Consumer,2022-04-21,Paid Search
C01686,Customer 01686,Male,39,Lucknow,Uttar Pradesh,R07,Small Business,2022-06-19,Organic
C01687,Customer 01687,Female,47,Bengaluru,Karnataka,R02,Consumer,2023-04-20,Organic
C01688,Customer 01688,Male,38,Mysuru,Karnataka,R02,Consumer,2025-12-04,Paid Search
C01689,Customer 01689,Female,58,Chennai,Tamil Nadu,R02,Small Business,2025-10-01,Paid Search
C01690,Customer 01690,Male,33,Pune,Maharashtra,R04,Consumer,2022-03-27,Social
C01691,Customer 01691,Male,45,Bhubaneswar,Odisha,R03,Corporate,2022-04-11,Paid Search
C01692,Customer 01692,Male,30,Kochi,Kerala,R02,Corporate,2024-10-01,Paid Search
C01693,Customer 01693,Male,40,Lucknow,Uttar Pradesh,R07,Consumer,2025-10-18,Partner
C01694,Customer 01694,Male,42,Patna,Bihar,R03,Small Business,2024-01-10,Partner
C01695,Customer 01695,Male,43,Kolkata,West Bengal,R03,Consumer,2024-02-12,Organic
C01696,Customer 01696,Female,43,Bengaluru,Karnataka,R02,Consumer,2024-05-28,Social
C01697,Customer 01697,Female,18,Amritsar,Punjab,R01,Enterprise,2023-10-07,Organic
C01698,Customer 01698,Male,34,Bhubaneswar,Odisha,R03,Consumer,2024-12-24,Email
C01699,Customer 01699,Female,29,Ranchi,Jharkhand,R03,Small Business,2022-06-29,Email
C01700,Customer 01700,Female,31,Kolkata,West Bengal,R03,Consumer,2022-03-28,Referral
C01701,Customer 01701,Male,32,Kochi,Kerala,R02,Consumer,2022-04-15,Referral
C01702,Customer 01702,Female,45,Dehradun,Uttarakhand,R01,Small Business,2022-11-22,Email
C01703,Customer 01703,Male,37,Pune,Maharashtra,R04,Corporate,2024-03-06,Organic
C01704,Customer 01704,Female,30,Hyderabad,Telangana,R02,Consumer,2023-01-19,Referral
C01705,Customer 01705,Female,20,Mysuru,Karnataka,R02,Small Business,2024-05-24,Organic
C01706,Customer 01706,Male,50,Dehradun,Uttarakhand,R01,Consumer,2022-01-28,Organic
C01707,Customer 01707,Female,29,Delhi,Delhi,R07,Consumer,2023-09-27,Referral
C01708,Customer 01708,Male,34,Ahmedabad,Gujarat,R04,Small Business,2022-08-04,Organic
C01709,Customer 01709,Female,56,Guwahati,Assam,R06,Corporate,2023-02-24,Organic
C01710,Customer 01710,Male,29,Jodhpur,Rajasthan,R01,Consumer,2024-08-02,Organic
C01711,Customer 01711,Female,32,Bhubaneswar,Odisha,R03,Small Business,2022-01-20,
C01712,Customer 01712,Female,37,Pune,Maharashtra,R04,Consumer,2025-01-30,Organic
C01713,Customer 01713,Male,19,Dehradun,Uttarakhand,R01,Small Business,2023-01-25,Paid Search
C01714,Customer 01714,Female,18,Guwahati,Assam,R06,Small Business,2025-06-12,Organic
C01715,Customer 01715,Male,30,Jodhpur,Rajasthan,R01,Consumer,2024-11-10,Partner
C01716,Customer 01716,Female,31,Bhubaneswar,Odisha,R03,Consumer,2025-08-14,Organic
C01717,Customer 01717,Female,36,Mumbai,Maharashtra,R04,Enterprise,2024-06-04,Social
C01718,Customer 01718,Male,25,Chennai,,R02,Small Business,2023-08-22,Social
C01719,Customer 01719,Male,39,Hyderabad,Telangana,R02,Consumer,2022-08-19,Referral
C01720,Customer 01720,Male,18,Bhopal,,R05,Consumer,2022-04-16,Partner
C01721,Customer 01721,Female,34,Delhi,Delhi,R07,Consumer,2025-03-05,Organic
C01722,Customer 01722,Female,39,Lucknow,Uttar Pradesh,R07,Small Business,2024-07-31,Organic
C01723,Customer 01723,Male,38,Kolkata,West Bengal,R03,Small Business,2022-08-05,Paid Search
C01724,Customer 01724,Male,33,Chennai,Tamil Nadu,R02,Small Business,2022-05-20,Paid Search
C01725,Customer 01725,Female,28,Mysuru,,R02,Consumer,2025-03-08,Partner
C01726,Customer 01726,Male,33,Delhi,Delhi,R07,Small Business,2022-03-29,Organic
C01727,Customer 01727,Male,47,Mumbai,Maharashtra,R04,Consumer,2024-01-19,Email
C01728,Customer 01728,Female,29,Raipur,Chhattisgarh,R05,Consumer,2023-04-20,Organic
C01729,Customer 01729,Male,45,Delhi,Delhi,R07,Consumer,2024-11-13,Organic
C01730,Customer 01730,Female,46,Pune,Maharashtra,R04,Consumer,2022-03-26,Referral
C01731,Customer 01731,Male,18,Visakhapatnam,Andhra Pradesh,R02,Consumer,2022-05-02,Email
C01732,Customer 01732,Female,34,Delhi,,R07,Consumer,2022-07-24,Organic
C01733,Customer 01733,Male,25,Patna,Bihar,R03,Consumer,2024-12-18,Partner
C01734,Customer 01734,Male,20,Kanpur,Uttar Pradesh,R07,Small Business,2024-11-06,Organic
C01735,Customer 01735,Male,43,Raipur,Chhattisgarh,R05,Consumer,2024-11-20,Partner
C01736,Customer 01736,Female,40,Patna,Bihar,R03,Consumer,2024-04-20,Organic
C01737,Customer 01737,Female,38,Guwahati,Assam,R06,Consumer,2022-09-14,Organic
C01738,Customer 01738,Male,24,Kanpur,Uttar Pradesh,R07,Consumer,2022-11-29,Email
C01739,Customer 01739,Female,37,Mysuru,Karnataka,R02,Consumer,2022-07-20,Organic
C01740,Customer 01740,Male,22,Bhubaneswar,Odisha,R03,Corporate,2022-07-03,Social
C01741,Customer 01741,Male,36,Noida,Uttar Pradesh,R07,Consumer,2024-12-29,Email
C01742,Customer 01742,Male,28,Noida,Uttar Pradesh,R07,Consumer,2023-10-30,Organic
C01743,Customer 01743,Female,46,Delhi,Delhi,R07,Small Business,2023-09-01,Referral
C01744,Customer 01744,Male,31,Visakhapatnam,Andhra Pradesh,R02,Consumer,2022-08-03,Social
C01745,Customer 01745,Male,37,Kolkata,West Bengal,R03,Small Business,2024-08-04,Organic
C01746,Customer 01746,Female,37,Hyderabad,Telangana,R02,Consumer,2025-04-29,Organic
C01747,Customer 01747,Female,34,Patna,Bihar,R03,Small Business,2022-01-14,Organic
C01748,Customer 01748,Male,36,Mysuru,Karnataka,R02,Consumer,2025-09-23,Paid Search
C01749,Customer 01749,Female,38,Bengaluru,Karnataka,R02,Consumer,2022-09-26,Paid Search
C01750,Customer 01750,Male,26,Surat,Gujarat,R04,Corporate,2025-08-24,Referral
C01751,Customer 01751,Female,39,Hyderabad,Telangana,R02,Consumer,2024-12-25,Paid Search
C01752,Customer 01752,Male,44,Amritsar,Punjab,R01,Small Business,2025-07-24,Paid Search
C01753,Customer 01753,Female,39,Kochi,Kerala,R02,Consumer,2022-10-18,Email
C01754,Customer 01754,Female,31,Indore,Madhya Pradesh,R05,Consumer,2024-04-04,Social
C01755,Customer 01755,Male,37,Nagpur,Maharashtra,R04,Small Business,2022-04-28,Partner
C01756,Customer 01756,Male,31,Chennai,Tamil Nadu,R02,Small Business,2023-10-17,Social
C01757,Customer 01757,Male,34,Gurugram,Haryana,R01,Consumer,2022-09-13,Partner
C01758,Customer 01758,Female,23,Ranchi,Jharkhand,R03,Consumer,2022-04-14,Partner
C01759,Customer 01759,Female,49,Kochi,Kerala,R02,Small Business,2025-05-01,Paid Search
C01760,Customer 01760,Female,54,Kochi,Kerala,R02,Small Business,2025-01-09,Social
C01761,Customer 01761,Female,28,Nagpur,Maharashtra,R04,Small Business,2023-05-22,Organic
C01762,Customer 01762,Female,43,Gurugram,Haryana,R01,Small Business,2023-08-29,Social
C01763,Customer 01763,Female,50,Ludhiana,Punjab,R01,Consumer,2024-02-14,Paid Search
C01764,Customer 01764,Female,25,Delhi,Delhi,R07,Corporate,2024-06-05,Social
C01765,Customer 01765,Male,18,Faridabad,Haryana,R01,Consumer,2024-04-23,Organic
C01766,Customer 01766,Female,50,Delhi,Delhi,R07,Consumer,2023-03-22,Partner
C01767,Customer 01767,Male,35,Dehradun,Uttarakhand,R01,Small Business,2023-06-29,Organic
C01768,Customer 01768,Male,30,Delhi,Delhi,R07,Corporate,2025-12-16,Email
C01769,Customer 01769,Male,35,Gurugram,Haryana,R01,Consumer,2022-05-17,Partner
C01770,Customer 01770,Male,31,Indore,Madhya Pradesh,R05,Corporate,2023-08-15,Organic
C01771,Customer 01771,Female,65,Coimbatore,Tamil Nadu,R02,Consumer,2023-01-11,Paid Search
C01772,Customer 01772,Male,30,Bhubaneswar,Odisha,R03,Consumer,2022-12-23,Social
C01773,Customer 01773,Male,38,Hyderabad,Telangana,R02,Corporate,2022-08-19,Partner
C01774,Customer 01774,Female,48,Guwahati,Assam,R06,Corporate,2022-05-25,Partner
C01775,Customer 01775,Female,48,Hyderabad,Telangana,R02,Consumer,2025-08-21,Paid Search
C01776,Customer 01776,Male,46,Bengaluru,Karnataka,R02,Consumer,2025-06-25,Partner
C01777,Customer 01777,Male,31,Kolkata,West Bengal,R03,Consumer,2024-12-17,Paid Search
C01778,Customer 01778,Male,33,Surat,Gujarat,R04,Consumer,2025-09-17,Paid Search
C01779,Customer 01779,Female,18,Mumbai,Maharashtra,R04,Small Business,2025-04-17,Social
C01780,Customer 01780,Male,34,Surat,Gujarat,R04,Consumer,2022-07-07,Email
C01781,Customer 01781,Female,35,Gurugram,Haryana,R01,Small Business,2025-04-01,Organic
C01782,Customer 01782,Male,42,Bhopal,Madhya Pradesh,R05,Consumer,2025-03-26,Referral
C01783,Customer 01783,Female,53,Lucknow,Uttar Pradesh,R07,Consumer,2022-01-04,Organic
C01784,Customer 01784,Male,42,Faridabad,Haryana,R01,Consumer,2025-07-08,Organic
C01785,Customer 01785,Male,46,Noida,Uttar Pradesh,R07,Small Business,2024-12-30,Partner
C01786,Customer 01786,Male,35,Indore,Madhya Pradesh,R05,Enterprise,2025-12-23,Referral
C01787,Customer 01787,Male,48,Nagpur,Maharashtra,R04,Consumer,2023-12-06,Social
C01788,Customer 01788,Other,35,Kolkata,West Bengal,R03,Consumer,2024-12-20,Referral
C01789,Customer 01789,Female,46,Raipur,Chhattisgarh,R05,Consumer,2025-02-05,Paid Search
C01790,Customer 01790,Male,43,Delhi,Delhi,R07,Corporate,2024-08-31,Organic
C01791,Customer 01791,Female,39,Patna,Bihar,R03,Consumer,2025-11-03,Social
C01792,Customer 01792,Male,20,Mumbai,Maharashtra,R04,Small Business,2022-07-28,Partner
C01793,Customer 01793,Female,46,Kanpur,Uttar Pradesh,R07,Consumer,2023-06-07,Organic
C01794,Customer 01794,Male,39,Kolkata,West Bengal,R03,Small Business,2022-05-21,Organic
C01795,Customer 01795,Male,42,Kochi,Kerala,R02,Small Business,2024-06-02,Referral
C01796,Customer 01796,Male,38,Jodhpur,Rajasthan,R01,Consumer,2022-02-05,Paid Search
C01797,Customer 01797,Male,40,Coimbatore,Tamil Nadu,R02,Consumer,2023-03-22,Paid Search
C01798,Customer 01798,Female,48,Jaipur,Rajasthan,R01,Small Business,2024-12-16,Social
C01799,Customer 01799,Male,30,Mysuru,Karnataka,R02,Consumer,2025-07-29,Partner
C01800,Customer 01800,Male,40,Coimbatore,Tamil Nadu,R02,Consumer,2022-11-21,Organic
C01801,Customer 01801,Female,27,Chennai,Tamil Nadu,R02,Small Business,2023-01-07,Organic
C01802,Customer 01802,Male,41,Hyderabad,,R02,Consumer,2022-02-08,Social
C01803,Customer 01803,Male,38,Faridabad,Haryana,R01,Small Business,2023-05-29,Social
C01804,Customer 01804,Female,29,Kolkata,West Bengal,R03,Consumer,2024-10-24,Organic
C01805,Customer 01805,Male,36,Kolkata,West Bengal,R03,Corporate,2025-07-21,Social
C01806,Customer 01806,Female,29,Kolkata,West Bengal,R03,Consumer,2023-09-07,Social
C01807,Customer 01807,Female,31,Delhi,Delhi,R07,Consumer,2022-05-28,
C01808,Customer 01808,Male,39,Ahmedabad,Gujarat,R04,Consumer,2023-04-14,
C01809,Customer 01809,Male,38,Ahmedabad,Gujarat,R04,Consumer,2023-12-23,Paid Search
C01810,Customer 01810,Male,18,Delhi,Delhi,R07,Consumer,2024-06-04,Paid Search
C01811,Customer 01811,Female,39,Noida,Uttar Pradesh,R07,Consumer,2024-04-29,Email
C01812,Customer 01812,Female,32,Surat,Gujarat,R04,Corporate,2025-03-15,Referral
C01813,Customer 01813,Female,31,Patna,Bihar,R03,Consumer,2024-04-25,Paid Search
C01814,Customer 01814,Male,24,Lucknow,Uttar Pradesh,R07,Consumer,2023-08-13,Social
C01815,Customer 01815,Female,35,Bhopal,,R05,Consumer,2022-06-25,Paid Search
C01816,Customer 01816,Male,30,Mysuru,Karnataka,R02,Consumer,2025-09-29,Partner
C01817,Customer 01817,Female,48,Patna,Bihar,R03,Consumer,2022-02-27,Referral
C01818,Customer 01818,Male,18,Mysuru,Karnataka,R02,Consumer,2023-04-26,Organic
C01819,Customer 01819,Female,25,Bengaluru,Karnataka,R02,Corporate,2023-09-01,Organic
C01820,Customer 01820,Female,25,Chennai,Tamil Nadu,R02,Small Business,2025-07-24,Organic
C01821,Customer 01821,Male,38,Kochi,Kerala,R02,Corporate,2023-10-26,Organic
C01822,Customer 01822,Male,47,Bengaluru,Karnataka,R02,Consumer,2023-08-27,Social
C01823,Customer 01823,Female,40,Mysuru,Karnataka,R02,Small Business,2025-10-09,Organic
C01824,Customer 01824,Female,24,Chennai,Tamil Nadu,R02,Corporate,2023-06-18,Referral
C01825,Customer 01825,Female,31,Patna,Bihar,R03,Corporate,2025-01-09,Social
C01826,Customer 01826,Male,27,Delhi,Delhi,R07,Consumer,2022-02-17,Organic
C01827,Customer 01827,Female,40,Bengaluru,Karnataka,R02,Consumer,2024-05-24,Organic
C01828,Customer 01828,Male,31,Bengaluru,Karnataka,R02,Consumer,2024-11-30,Organic
C01829,Customer 01829,Female,21,Kochi,Kerala,R02,Consumer,2022-11-03,Social
C01830,Customer 01830,Male,41,Mysuru,Karnataka,R02,Corporate,2025-01-14,Social
C01831,Customer 01831,Female,48,Surat,Gujarat,R04,Consumer,2025-08-10,Paid Search
C01832,Customer 01832,Female,33,Ranchi,Jharkhand,R03,Consumer,2022-03-20,Organic
C01833,Customer 01833,Male,36,Surat,Gujarat,R04,Consumer,2022-10-10,Partner
C01834,Customer 01834,Female,20,Ludhiana,Punjab,R01,Consumer,2022-07-30,Paid Search
C01835,Customer 01835,Male,18,Lucknow,Uttar Pradesh,R07,Consumer,2025-10-16,Paid Search
C01836,Customer 01836,Male,18,Delhi,Delhi,R07,Consumer,2023-03-02,Paid Search
C01837,Customer 01837,Male,35,Delhi,Delhi,R07,Consumer,2025-10-14,Organic
C01838,Customer 01838,Male,32,Surat,Gujarat,R04,Consumer,2023-07-10,Referral
C01839,Customer 01839,Male,40,Bhubaneswar,Odisha,R03,Consumer,2025-11-29,Referral
C01840,Customer 01840,Female,33,Patna,Bihar,R03,Small Business,2024-04-01,Organic
C01841,Customer 01841,Female,45,Delhi,Delhi,R07,Small Business,2023-02-18,Organic
C01842,Customer 01842,Male,44,Chennai,Tamil Nadu,R02,Consumer,2024-01-13,Social
C01843,Customer 01843,Other,32,Faridabad,Haryana,R01,Consumer,2022-07-20,Paid Search
C01844,Customer 01844,Female,25,Visakhapatnam,Andhra Pradesh,R02,Corporate,2022-10-19,Partner
C01845,Customer 01845,Male,18,Gurugram,Haryana,R01,Small Business,2024-07-07,Social
C01846,Customer 01846,Male,49,Hyderabad,Telangana,R02,Consumer,2025-01-05,Partner
C01847,Customer 01847,Female,26,Nagpur,Maharashtra,R04,Consumer,2023-09-10,Organic
C01848,Customer 01848,Male,20,Hyderabad,Telangana,R02,Small Business,2025-06-02,Social
C01849,Customer 01849,Male,36,Ahmedabad,Gujarat,R04,Consumer,2023-07-22,Paid Search
C01850,Customer 01850,Female,20,Patna,Bihar,R03,Small Business,2023-07-01,Partner
C01851,Customer 01851,Female,36,Lucknow,Uttar Pradesh,R07,Consumer,2024-03-23,Social
C01852,Customer 01852,Female,32,Kochi,Kerala,R02,Consumer,2023-07-30,Referral
C01853,Customer 01853,Female,44,Mysuru,Karnataka,R02,Small Business,2024-10-04,Organic
C01854,Customer 01854,Male,43,Patna,Bihar,R03,Corporate,2025-08-10,Social
C01855,Customer 01855,Female,46,Raipur,,R05,Consumer,2023-05-01,Social
C01856,Customer 01856,Female,37,Dehradun,Uttarakhand,R01,Small Business,2023-12-14,Paid Search
C01857,Customer 01857,Male,26,Lucknow,Uttar Pradesh,R07,Small Business,2023-05-05,Referral
C01858,Customer 01858,Male,25,Jaipur,Rajasthan,R01,Consumer,2024-05-13,Social
C01859,Customer 01859,Male,30,Kanpur,Uttar Pradesh,R07,Enterprise,2024-06-10,Social
C01860,Customer 01860,Female,55,Kanpur,Uttar Pradesh,R07,Consumer,2023-10-22,Paid Search
C01861,Customer 01861,Female,33,Chennai,Tamil Nadu,R02,Consumer,2022-04-15,Referral
C01862,Customer 01862,Female,37,Dehradun,Uttarakhand,R01,Small Business,2025-09-15,Organic
C01863,Customer 01863,Male,50,Dehradun,Uttarakhand,R01,Consumer,2024-10-19,Social
C01864,Customer 01864,Female,38,Mysuru,Karnataka,R02,Small Business,2024-11-19,Partner
C01865,Customer 01865,Male,28,Hyderabad,Telangana,R02,Consumer,2025-03-13,Organic
C01866,Customer 01866,Female,42,Raipur,Chhattisgarh,R05,Consumer,2022-02-08,Partner
C01867,Customer 01867,Female,31,Visakhapatnam,Andhra Pradesh,R02,Consumer,2025-07-09,Partner
C01868,Customer 01868,Female,38,Ludhiana,Punjab,R01,Corporate,2022-05-06,Organic
C01869,Customer 01869,Male,40,Bengaluru,Karnataka,R02,Small Business,2025-01-06,Organic
C01870,Customer 01870,Male,30,Bhopal,Madhya Pradesh,R05,Consumer,2025-10-26,Email
C01871,Customer 01871,Male,37,Jaipur,Rajasthan,R01,Consumer,2024-01-11,Partner
C01872,Customer 01872,Female,51,Surat,Gujarat,R04,Consumer,2024-11-11,Organic
C01873,Customer 01873,Male,29,Dehradun,Uttarakhand,R01,Consumer,2025-06-30,Partner
C01874,Customer 01874,Female,48,Dehradun,Uttarakhand,R01,Corporate,2024-04-07,Organic
C01875,Customer 01875,Male,29,Kochi,Kerala,R02,Corporate,2023-12-19,Paid Search
C01876,Customer 01876,Female,53,Bhopal,,R05,Consumer,2025-03-26,Partner
C01877,Customer 01877,Male,26,Jodhpur,Rajasthan,R01,Consumer,2025-02-23,Paid Search
C01878,Customer 01878,Male,31,Mumbai,Maharashtra,R04,Corporate,2022-05-02,Referral
C01879,Customer 01879,Female,50,Bengaluru,Karnataka,R02,Consumer,2022-04-03,Organic
C01880,Customer 01880,Male,51,Mysuru,Karnataka,R02,Consumer,2024-11-07,Paid Search
C01881,Customer 01881,Male,43,Bengaluru,Karnataka,R02,Corporate,2024-11-01,Partner
C01882,Customer 01882,Female,24,Hyderabad,Telangana,R02,Consumer,2025-04-02,Organic
C01883,Customer 01883,Male,36,Surat,Gujarat,R04,Consumer,2022-05-03,Referral
C01884,Customer 01884,Female,35,Patna,Bihar,R03,Consumer,2022-08-16,Partner
C01885,Customer 01885,Female,26,Pune,Maharashtra,R04,Small Business,2022-02-10,Email
C01886,Customer 01886,Male,42,Pune,Maharashtra,R04,Consumer,2023-02-18,Partner
C01887,Customer 01887,Male,27,Faridabad,Haryana,R01,Small Business,2024-01-04,Partner
C01888,Customer 01888,Male,22,Ludhiana,Punjab,R01,Consumer,2023-06-12,Organic
C01889,Customer 01889,Male,19,Raipur,Chhattisgarh,R05,Consumer,2022-06-24,Social
C01890,Customer 01890,Male,52,Ahmedabad,Gujarat,R04,Small Business,2024-03-19,Paid Search
C01891,Customer 01891,Female,30,Lucknow,Uttar Pradesh,R07,Consumer,2023-04-20,Referral
C01892,Customer 01892,Male,30,Patna,,R03,Consumer,2023-02-24,Referral
C01893,Customer 01893,Female,25,Mysuru,Karnataka,R02,Consumer,2025-02-05,Organic
C01894,Customer 01894,Female,49,Delhi,Delhi,R07,Corporate,2023-04-11,Email
C01895,Customer 01895,Male,21,Nagpur,Maharashtra,R04,Consumer,2024-03-14,Paid Search
C01896,Customer 01896,Female,23,Amritsar,Punjab,R01,Small Business,2022-04-08,Referral
C01897,Customer 01897,Male,32,Hyderabad,Telangana,R02,Consumer,2024-12-07,Paid Search
C01898,Customer 01898,Male,35,Jodhpur,Rajasthan,R01,Consumer,2024-03-03,Paid Search
C01899,Customer 01899,Other,42,Delhi,Delhi,R07,Consumer,2025-02-18,Referral
C01900,Customer 01900,Male,28,Delhi,Delhi,R07,Consumer,2023-03-17,Social
C01901,Customer 01901,Male,50,Chennai,Tamil Nadu,R02,Small Business,2023-12-03,Email
C01902,Customer 01902,Female,28,Delhi,Delhi,R07,Consumer,2023-09-18,Email
C01903,Customer 01903,Female,25,Raipur,Chhattisgarh,R05,Small Business,2025-12-11,Partner
C01904,Customer 01904,Female,24,Faridabad,Haryana,R01,Consumer,2022-05-29,Email
C01905,Customer 01905,Female,27,Chennai,Tamil Nadu,R02,Consumer,2022-10-23,Partner
C01906,Customer 01906,Female,23,Ahmedabad,Gujarat,R04,Consumer,2025-11-18,Organic
C01907,Customer 01907,Female,43,Ahmedabad,Gujarat,R04,Small Business,2022-05-05,Referral
C01908,Customer 01908,Female,25,Delhi,Delhi,R07,Consumer,2023-02-11,Organic
C01909,Customer 01909,Female,34,Indore,Madhya Pradesh,R05,Consumer,2023-04-11,Social
C01910,Customer 01910,Female,25,Kochi,Kerala,R02,Small Business,2025-02-23,Partner
C01911,Customer 01911,Male,23,Delhi,Delhi,R07,Corporate,2025-01-19,Referral
C01912,Customer 01912,Male,46,Amritsar,Punjab,R01,Consumer,2025-06-22,Social
C01913,Customer 01913,Male,51,Kochi,Kerala,R02,Small Business,2022-05-21,Referral
C01914,Customer 01914,Male,48,Bengaluru,Karnataka,R02,Consumer,2022-11-11,Organic
C01915,Customer 01915,Male,20,Gurugram,Haryana,R01,Consumer,2023-11-13,Partner
C01916,Customer 01916,Male,22,Amritsar,Punjab,R01,Consumer,2024-12-03,Organic
C01917,Customer 01917,Female,55,Hyderabad,Telangana,R02,Small Business,2024-04-14,Organic
C01918,Customer 01918,Male,32,Patna,Bihar,R03,Consumer,2024-02-02,Organic
C01919,Customer 01919,Male,21,Coimbatore,Tamil Nadu,R02,Small Business,2025-03-26,Partner
C01920,Customer 01920,Female,46,Vijayawada,Andhra Pradesh,R02,Corporate,2022-10-17,Social
C01921,Customer 01921,Male,36,Bengaluru,Karnataka,R02,Consumer,2025-05-20,Social
C01922,Customer 01922,Female,41,Jodhpur,Rajasthan,R01,Consumer,2024-08-20,Paid Search
C01923,Customer 01923,Female,18,Mysuru,Karnataka,R02,Corporate,2022-12-16,Organic
C01924,Customer 01924,Female,32,Pune,Maharashtra,R04,Consumer,2023-10-02,Organic
C01925,Customer 01925,Male,44,Noida,Uttar Pradesh,R07,Consumer,2023-02-05,Organic
C01926,Customer 01926,Male,29,Delhi,Delhi,R07,Consumer,2023-03-28,Social
C01927,Customer 01927,Female,47,Pune,Maharashtra,R04,Small Business,2024-09-26,Organic
C01928,Customer 01928,Male,22,Kolkata,West Bengal,R03,Consumer,2023-03-21,Paid Search
C01929,Customer 01929,,34,Delhi,Delhi,R07,Consumer,2025-06-10,Social
C01930,Customer 01930,Male,51,Ahmedabad,Gujarat,R04,Consumer,2022-05-23,Social
C01931,Customer 01931,Female,23,Hyderabad,Telangana,R02,Consumer,2022-09-03,Partner
C01932,Customer 01932,Female,38,Coimbatore,Tamil Nadu,R02,Enterprise,2025-08-27,Organic
C01933,Customer 01933,Female,41,Bhubaneswar,Odisha,R03,Consumer,2024-11-21,Social
C01934,Customer 01934,Female,36,Indore,Madhya Pradesh,R05,Corporate,2023-10-05,Organic
C01935,Customer 01935,Male,32,Kolkata,West Bengal,R03,Small Business,2022-12-14,Partner
C01936,Customer 01936,Female,26,Faridabad,Haryana,R01,Consumer,2023-01-08,Partner
C01937,Customer 01937,Female,37,Bengaluru,Karnataka,R02,Small Business,2022-09-21,Organic
C01938,Customer 01938,Male,34,Coimbatore,,R02,Enterprise,2025-08-03,Organic
C01939,Customer 01939,Male,21,Lucknow,Uttar Pradesh,R07,Small Business,2023-05-09,Organic
C01940,Customer 01940,Male,46,Delhi,Delhi,R07,Corporate,2025-09-30,Organic
C01941,Customer 01941,Female,26,Noida,Uttar Pradesh,R07,Consumer,2025-03-06,Organic
C01942,Customer 01942,Male,21,Surat,Gujarat,R04,Small Business,2023-06-08,Organic
C01943,Customer 01943,Male,29,Surat,Gujarat,R04,Consumer,2024-12-20,Organic
C01944,Customer 01944,Female,26,Amritsar,Punjab,R01,Small Business,2023-11-28,Organic
C01945,Customer 01945,Female,32,Indore,Madhya Pradesh,R05,Consumer,2023-12-01,Paid Search
C01946,Customer 01946,Male,23,Kochi,Kerala,R02,Consumer,2025-01-29,Organic
C01947,Customer 01947,Female,39,Ludhiana,Punjab,R01,Small Business,2024-11-09,Paid Search
C01948,Customer 01948,,49,Visakhapatnam,Andhra Pradesh,R02,Corporate,2022-11-16,Partner
C01949,Customer 01949,Male,36,Delhi,Delhi,R07,Consumer,2023-08-16,Paid Search
C01950,Customer 01950,Female,21,Kochi,Kerala,R02,Corporate,2025-09-27,Paid Search
C01951,Customer 01951,Female,26,Vijayawada,Andhra Pradesh,R02,Small Business,2022-11-04,Partner
C01952,Customer 01952,Female,37,Delhi,Delhi,R07,Corporate,2024-11-07,Paid Search
C01953,Customer 01953,Other,18,Patna,Bihar,R03,Small Business,2025-05-16,Organic
C01954,Customer 01954,Female,23,Ranchi,Jharkhand,R03,Small Business,2024-05-27,Social
C01955,Customer 01955,Female,19,Kochi,Kerala,R02,Small Business,2022-03-20,Paid Search
C01956,Customer 01956,Female,36,Ranchi,Jharkhand,R03,Consumer,2025-05-28,Social
C01957,Customer 01957,Male,57,Mysuru,Karnataka,R02,Consumer,2025-08-09,Email
C01958,Customer 01958,Male,22,Delhi,Delhi,R07,Small Business,2024-07-29,Social
C01959,Customer 01959,Female,43,Raipur,Chhattisgarh,R05,Small Business,2025-02-26,Email
C01960,Customer 01960,Female,29,Coimbatore,Tamil Nadu,R02,Consumer,2022-03-07,Paid Search
C01961,Customer 01961,Male,22,Chennai,Tamil Nadu,R02,Consumer,2024-11-23,Organic
C01962,Customer 01962,Male,51,Ahmedabad,Gujarat,R04,Consumer,2025-03-21,Paid Search
C01963,Customer 01963,Male,57,Coimbatore,Tamil Nadu,R02,Small Business,2024-04-11,Paid Search
C01964,Customer 01964,Male,39,Gurugram,Haryana,R01,Small Business,2024-02-05,Referral
C01965,Customer 01965,Male,39,Patna,Bihar,R03,Corporate,2025-03-29,Referral
C01966,Customer 01966,Female,36,Delhi,Delhi,R07,Consumer,2024-08-24,Paid Search
C01967,Customer 01967,Male,34,Patna,Bihar,R03,Consumer,2022-02-11,Partner
C01968,Customer 01968,Female,38,Raipur,Chhattisgarh,R05,Small Business,2022-09-27,Organic
C01969,Customer 01969,,42,Bengaluru,Karnataka,R02,Consumer,2024-05-13,Partner
C01970,Customer 01970,Other,52,Mysuru,Karnataka,R02,Consumer,2024-06-03,Organic
C01971,Customer 01971,Female,30,Mumbai,Maharashtra,R04,Consumer,2023-01-17,Referral
C01972,Customer 01972,Male,36,Ranchi,Jharkhand,R03,Small Business,2022-07-23,Referral
C01973,Customer 01973,Female,34,Patna,Bihar,R03,Consumer,2024-07-22,Social
C01974,Customer 01974,Female,45,Mumbai,Maharashtra,R04,Consumer,2023-03-29,Email
C01975,Customer 01975,Male,59,Ludhiana,Punjab,R01,Consumer,2024-09-12,Social
C01976,Customer 01976,Female,46,Noida,Uttar Pradesh,R07,Enterprise,2024-08-23,Social
C01977,Customer 01977,Female,43,Ahmedabad,Gujarat,R04,Consumer,2022-11-10,Partner
C01978,Customer 01978,Female,44,Vijayawada,Andhra Pradesh,R02,Consumer,2025-01-25,Organic
C01979,Customer 01979,Male,48,Patna,Bihar,R03,Consumer,2022-08-15,Social
C01980,Customer 01980,Male,59,Kanpur,Uttar Pradesh,R07,Consumer,2023-08-08,Referral
C01981,Customer 01981,Female,18,Raipur,Chhattisgarh,R05,Small Business,2024-05-08,Paid Search
C01982,Customer 01982,Male,41,Mumbai,Maharashtra,R04,Small Business,2025-07-19,Organic
C01983,Customer 01983,Male,18,Raipur,Chhattisgarh,R05,Consumer,2025-10-06,Organic
C01984,Customer 01984,Female,45,Kanpur,Uttar Pradesh,R07,Small Business,2024-10-10,Organic
C01985,Customer 01985,Female,41,Chennai,Tamil Nadu,R02,Consumer,2024-08-27,Referral
C01986,Customer 01986,Male,30,Kochi,Kerala,R02,Small Business,2024-01-01,Social
C01987,Customer 01987,Male,18,Kanpur,Uttar Pradesh,R07,Consumer,2023-12-09,Organic
C01988,Customer 01988,Female,35,Kolkata,West Bengal,R03,Consumer,2024-03-24,Social
C01989,Customer 01989,Female,37,Dehradun,Uttarakhand,R01,Small Business,2025-09-28,Organic
C01990,Customer 01990,Male,34,Gurugram,Haryana,R01,Small Business,2024-08-08,Partner
C01991,Customer 01991,Female,29,Delhi,Delhi,R07,Small Business,2025-04-11,Referral
C01992,Customer 01992,Male,26,Kolkata,West Bengal,R03,Corporate,2024-03-17,Organic
C01993,Customer 01993,Female,34,Nagpur,Maharashtra,R04,Small Business,2024-12-06,Paid Search
C01994,Customer 01994,Female,27,Delhi,Delhi,R07,Corporate,2025-05-27,Email
C01995,Customer 01995,Female,43,Bengaluru,,R02,Consumer,2023-10-02,Social
C01996,Customer 01996,Female,34,Patna,Bihar,R03,Consumer,2024-07-31,Paid Search
C01997,Customer 01997,Male,18,Jodhpur,Rajasthan,R01,Corporate,2023-12-19,Social
C01998,Customer 01998,Male,37,Nagpur,Maharashtra,R04,Corporate,2024-01-17,Paid Search
C01999,Customer 01999,Female,39,Indore,Madhya Pradesh,R05,Small Business,2023-01-22,Partner
C02000,Customer 02000,Male,51,Mysuru,Karnataka,R02,Consumer,2025-05-07,Partner
C02001,Customer 02001,Female,44,Indore,Madhya Pradesh,R05,Consumer,2025-04-08,Organic
C02002,Customer 02002,Male,26,Ahmedabad,Gujarat,R04,Consumer,2025-09-07,Referral
C02003,Customer 02003,Male,49,Vijayawada,Andhra Pradesh,R02,Small Business,2023-02-20,Email
C02004,Customer 02004,Female,21,Hyderabad,Telangana,R02,Consumer,2025-12-29,Organic
C02005,Customer 02005,Male,35,Faridabad,Haryana,R01,Small Business,2024-10-25,Partner
C02006,Customer 02006,Female,43,Guwahati,Assam,R06,Consumer,2023-05-14,Paid Search
C02007,Customer 02007,Male,50,Mysuru,Karnataka,R02,Consumer,2025-07-02,Paid Search
C02008,Customer 02008,Male,54,Faridabad,Haryana,R01,Small Business,2024-03-27,Partner
C02009,Customer 02009,Male,48,Faridabad,Haryana,R01,Consumer,2024-03-17,Referral
C02010,Customer 02010,Male,34,Kolkata,West Bengal,R03,Small Business,2025-01-11,Paid Search
C02011,Customer 02011,Female,41,Delhi,Delhi,R07,Consumer,2022-08-17,Social
C02012,Customer 02012,Male,37,Jodhpur,Rajasthan,R01,Consumer,2023-11-11,Referral
C02013,Customer 02013,Male,28,Faridabad,Haryana,R01,Corporate,2022-02-06,Referral
C02014,Customer 02014,Other,34,Surat,Gujarat,R04,Small Business,2023-09-15,Organic
C02015,Customer 02015,Male,53,Ahmedabad,Gujarat,R04,Consumer,2024-09-10,Social
C02016,Customer 02016,Male,41,Mysuru,Karnataka,R02,Consumer,2025-12-14,Email
C02017,Customer 02017,Female,56,Jaipur,Rajasthan,R01,Corporate,2022-11-25,Email
C02018,Customer 02018,Female,24,Delhi,Delhi,R07,Enterprise,2025-07-03,Paid Search
C02019,Customer 02019,Male,31,Chennai,Tamil Nadu,R02,Small Business,2022-02-27,Partner
C02020,Customer 02020,Female,39,Nagpur,Maharashtra,R04,Small Business,2022-01-20,Organic
C02021,Customer 02021,Female,42,Hyderabad,Telangana,R02,Consumer,2023-05-17,Email
C02022,Customer 02022,Male,34,Gurugram,Haryana,R01,Consumer,2023-02-27,Paid Search
C02023,Customer 02023,Male,43,Delhi,Delhi,R07,Small Business,2024-04-30,Partner
C02024,Customer 02024,Female,43,Noida,Uttar Pradesh,R07,Small Business,2022-10-10,Partner
C02025,Customer 02025,Male,21,Surat,Gujarat,R04,Small Business,2024-03-16,Partner
C02026,Customer 02026,Female,43,Pune,Maharashtra,R04,Small Business,2025-12-13,Organic
C02027,Customer 02027,Male,46,Indore,Madhya Pradesh,R05,Small Business,2022-09-02,Email
C02028,Customer 02028,Male,38,Pune,Maharashtra,R04,Consumer,2023-09-23,Paid Search
C02029,Customer 02029,Female,18,Bengaluru,Karnataka,R02,Consumer,2024-06-01,Paid Search
C02030,Customer 02030,Other,32,Chennai,Tamil Nadu,R02,Enterprise,2023-09-20,Partner
C02031,Customer 02031,Male,39,Delhi,Delhi,R07,Consumer,2023-08-24,Referral
C02032,Customer 02032,Male,26,Bengaluru,Karnataka,R02,Consumer,2022-02-25,Referral
C02033,Customer 02033,Female,44,Nagpur,Maharashtra,R04,Consumer,2023-11-29,Organic
C02034,Customer 02034,Female,42,Ahmedabad,Gujarat,R04,Corporate,2025-09-16,Social
C02035,Customer 02035,Male,36,Delhi,Delhi,R07,Small Business,2025-07-01,Organic
C02036,Customer 02036,Male,35,Bhubaneswar,Odisha,R03,Small Business,2025-03-12,Organic
C02037,Customer 02037,Female,37,Visakhapatnam,Andhra Pradesh,R02,Consumer,2022-04-25,Partner
C02038,Customer 02038,Male,35,Delhi,Delhi,R07,Consumer,2022-07-03,Social
C02039,Customer 02039,Male,22,Chennai,Tamil Nadu,R02,Consumer,2024-02-11,Organic
C02040,Customer 02040,Male,31,Patna,Bihar,R03,Small Business,2023-03-11,Social
C02041,Customer 02041,Male,36,Jodhpur,Rajasthan,R01,Consumer,2022-09-11,Paid Search
C02042,Customer 02042,Female,49,Bhubaneswar,Odisha,R03,Corporate,2022-09-28,Organic
C02043,Customer 02043,Male,42,Hyderabad,Telangana,R02,Consumer,2022-09-25,Email
C02044,Customer 02044,Female,50,Visakhapatnam,Andhra Pradesh,R02,Corporate,2022-05-15,Organic
C02045,Customer 02045,Male,21,Dehradun,Uttarakhand,R01,Consumer,2024-06-10,Organic
C02046,Customer 02046,Male,31,Delhi,Delhi,R07,Corporate,2023-08-28,Organic
C02047,Customer 02047,Female,56,Ahmedabad,Gujarat,R04,Corporate,2024-09-05,Referral
C02048,Customer 02048,Female,28,Mysuru,Karnataka,R02,Consumer,2022-11-10,Organic
C02049,Customer 02049,Male,27,Gurugram,Haryana,R01,Consumer,2024-06-04,Paid Search
C02050,Customer 02050,Male,32,Pune,Maharashtra,R04,Consumer,2022-09-27,Partner
C02051,Customer 02051,Female,55,Dehradun,Uttarakhand,R01,Consumer,2025-09-11,Social
C02052,Customer 02052,Female,28,Delhi,Delhi,R07,Small Business,2022-09-09,Organic
C02053,Customer 02053,Female,41,Surat,Gujarat,R04,Consumer,2025-03-07,Email
C02054,Customer 02054,Female,39,Bhopal,Madhya Pradesh,R05,Small Business,2024-09-28,Social
C02055,Customer 02055,Male,18,Pune,Maharashtra,R04,Consumer,2022-10-18,Email
C02056,Customer 02056,Female,35,Mysuru,Karnataka,R02,Small Business,2022-05-13,Organic
C02057,Customer 02057,Male,29,Ranchi,Jharkhand,R03,Consumer,2024-07-17,Organic
C02058,Customer 02058,Male,42,Bengaluru,Karnataka,R02,Consumer,2022-03-04,Organic
C02059,Customer 02059,Female,52,Gurugram,Haryana,R01,Consumer,2024-06-25,Social
C02060,Customer 02060,Male,32,Delhi,Delhi,R07,Corporate,2024-09-18,Paid Search
C02061,Customer 02061,Male,32,Visakhapatnam,Andhra Pradesh,R02,Consumer,2024-08-02,Paid Search
C02062,Customer 02062,Male,60,Jodhpur,Rajasthan,R01,Small Business,2025-11-26,Paid Search
C02063,Customer 02063,Female,28,Bengaluru,Karnataka,R02,Consumer,2023-09-19,Paid Search
C02064,Customer 02064,Female,22,Delhi,Delhi,R07,Enterprise,2024-01-03,Paid Search
C02065,Customer 02065,Female,49,Surat,Gujarat,R04,Corporate,2025-10-16,Organic
C02066,Customer 02066,Male,34,Vijayawada,Andhra Pradesh,R02,Corporate,2025-06-11,Social
C02067,Customer 02067,Male,38,Bengaluru,Karnataka,R02,Small Business,2023-11-09,Partner
C02068,Customer 02068,Female,57,Ranchi,Jharkhand,R03,Consumer,2023-09-10,Partner
C02069,Customer 02069,Female,21,Kanpur,Uttar Pradesh,R07,Corporate,2025-02-27,Organic
C02070,Customer 02070,Female,33,Mysuru,Karnataka,R02,Consumer,2024-04-05,Paid Search
C02071,Customer 02071,Male,23,Raipur,Chhattisgarh,R05,Small Business,2023-12-05,Organic
C02072,Customer 02072,Male,38,Surat,Gujarat,R04,Consumer,2025-04-06,Social
C02073,Customer 02073,Male,29,Jodhpur,Rajasthan,R01,Consumer,2025-02-24,Paid Search
C02074,Customer 02074,Female,23,Raipur,Chhattisgarh,R05,Corporate,2023-08-29,Partner
C02075,Customer 02075,Female,42,Mumbai,Maharashtra,R04,Consumer,2023-08-02,Partner
C02076,Customer 02076,Other,35,Mysuru,Karnataka,R02,Consumer,2024-09-03,Paid Search
C02077,Customer 02077,Male,22,Ranchi,Jharkhand,R03,Consumer,2022-01-02,Paid Search
C02078,Customer 02078,,23,Ludhiana,Punjab,R01,Small Business,2025-02-16,Social
C02079,Customer 02079,Female,37,Jodhpur,Rajasthan,R01,Consumer,2024-01-01,Referral
C02080,Customer 02080,Male,18,Delhi,Delhi,R07,Consumer,2025-07-01,Referral
C02081,Customer 02081,Female,37,Nagpur,Maharashtra,R04,Enterprise,2024-03-11,Organic
C02082,Customer 02082,Female,48,Ludhiana,Punjab,R01,Small Business,2023-07-21,Organic
C02083,Customer 02083,Male,42,Kolkata,West Bengal,R03,Consumer,2022-06-18,Referral
C02084,Customer 02084,Male,29,Amritsar,Punjab,R01,Consumer,2022-01-02,Social
C02085,Customer 02085,Male,38,Kolkata,West Bengal,R03,Consumer,2024-08-29,Referral
C02086,Customer 02086,Female,22,Noida,Uttar Pradesh,R07,Small Business,2022-10-18,Paid Search
C02087,Customer 02087,Male,36,Pune,Maharashtra,R04,Consumer,2025-06-01,Organic
C02088,Customer 02088,Male,32,Pune,Maharashtra,R04,Consumer,2023-12-24,Organic
C02089,Customer 02089,Male,25,Kolkata,West Bengal,R03,Consumer,2025-06-22,Email
C02090,Customer 02090,Female,41,Ahmedabad,Gujarat,R04,Consumer,2023-11-12,Paid Search
C02091,Customer 02091,Female,18,Nagpur,Maharashtra,R04,Consumer,2023-07-05,Organic
C02092,Customer 02092,,23,Raipur,Chhattisgarh,R05,Small Business,2022-07-25,Organic
C02093,Customer 02093,Female,24,Coimbatore,Tamil Nadu,R02,Consumer,2023-08-23,Partner
C02094,Customer 02094,Male,30,Ludhiana,Punjab,R01,Consumer,2025-04-14,Social
C02095,Customer 02095,Male,48,Kochi,Kerala,R02,Small Business,2025-06-08,Email
C02096,Customer 02096,Female,43,Nagpur,Maharashtra,R04,Consumer,2023-11-30,Partner
C02097,Customer 02097,Female,36,Delhi,Delhi,R07,Consumer,2025-12-29,Organic
C02098,Customer 02098,Female,36,Mysuru,Karnataka,R02,Consumer,2022-02-22,Partner
C02099,Customer 02099,Male,35,Faridabad,Haryana,R01,Small Business,2022-03-18,Paid Search
C02100,Customer 02100,Female,49,Kanpur,Uttar Pradesh,R07,Consumer,2022-03-31,Referral
C02101,Customer 02101,Male,18,Patna,Bihar,R03,Small Business,2022-04-01,Paid Search
C02102,Customer 02102,Female,43,Gurugram,Haryana,R01,Consumer,2022-01-07,Social
C02103,Customer 02103,Female,30,Bhopal,Madhya Pradesh,R05,Consumer,2022-03-21,Referral
C02104,Customer 02104,Female,40,Visakhapatnam,Andhra Pradesh,R02,Consumer,2025-03-10,Organic
C02105,Customer 02105,Female,40,Coimbatore,Tamil Nadu,R02,Consumer,2023-11-07,Paid Search
C02106,Customer 02106,Female,42,Kolkata,West Bengal,R03,Consumer,2025-02-14,Organic
C02107,Customer 02107,Female,51,Kolkata,West Bengal,R03,Small Business,2025-02-20,Organic
C02108,Customer 02108,Female,21,Dehradun,Uttarakhand,R01,Consumer,2024-10-07,Social
C02109,Customer 02109,Male,45,Nagpur,Maharashtra,R04,Consumer,2022-05-17,Referral
C02110,Customer 02110,Male,34,Faridabad,Haryana,R01,Enterprise,2022-06-27,Organic
C02111,Customer 02111,Female,30,Mysuru,Karnataka,R02,Consumer,2024-10-03,Organic
C02112,Customer 02112,Female,55,Mysuru,Karnataka,R02,Consumer,2025-10-26,Partner
C02113,Customer 02113,Female,42,Amritsar,Punjab,R01,Consumer,2022-09-08,Social
C02114,Customer 02114,Male,31,Coimbatore,Tamil Nadu,R02,Consumer,2024-07-16,Referral
C02115,Customer 02115,Male,45,Delhi,Delhi,R07,Enterprise,2022-02-18,Organic
C02116,Customer 02116,Male,35,Kochi,Kerala,R02,Enterprise,2022-10-18,Referral
C02117,Customer 02117,Female,31,Lucknow,Uttar Pradesh,R07,Consumer,2024-05-20,Email
C02118,Customer 02118,Male,29,Delhi,Delhi,R07,Enterprise,2024-08-13,Organic
C02119,Customer 02119,Male,38,Gurugram,Haryana,R01,Consumer,2024-05-17,Social
C02120,Customer 02120,Male,29,Noida,Uttar Pradesh,R07,Enterprise,2023-10-23,Organic
C02121,Customer 02121,Male,37,Jodhpur,Rajasthan,R01,Small Business,2023-02-18,Organic
C02122,Customer 02122,Male,44,Delhi,Delhi,R07,Consumer,2025-03-13,Social
C02123,Customer 02123,Female,36,Jaipur,Rajasthan,R01,Corporate,2023-04-16,Social
C02124,Customer 02124,Male,55,Amritsar,Punjab,R01,Small Business,2024-11-06,Social
C02125,Customer 02125,Male,35,Nagpur,Maharashtra,R04,Consumer,2023-06-02,Social
C02126,Customer 02126,Male,48,Mumbai,Maharashtra,R04,Consumer,2024-01-26,Social
C02127,Customer 02127,Male,45,Mumbai,Maharashtra,R04,Corporate,2025-09-19,Social
C02128,Customer 02128,Female,50,Mumbai,Maharashtra,R04,Consumer,2023-08-04,Paid Search
C02129,Customer 02129,Female,55,Delhi,Delhi,R07,Consumer,2025-06-19,Organic
C02130,Customer 02130,Female,18,Delhi,Delhi,R07,Consumer,2022-03-30,Organic
C02131,Customer 02131,Female,38,Ludhiana,Punjab,R01,Small Business,2024-02-10,Partner
C02132,Customer 02132,Male,34,Patna,Bihar,R03,Consumer,2024-01-19,Organic
C02133,Customer 02133,Female,36,Dehradun,Uttarakhand,R01,Consumer,2025-11-08,Paid Search
C02134,Customer 02134,Male,31,Kochi,Kerala,R02,Consumer,2023-01-22,Social
C02135,Customer 02135,Female,30,Mysuru,Karnataka,R02,Consumer,2024-04-29,Referral
C02136,Customer 02136,Female,24,Mysuru,Karnataka,R02,Corporate,2024-05-07,Email
C02137,Customer 02137,Male,36,Mumbai,Maharashtra,R04,Consumer,2022-05-29,Referral
C02138,Customer 02138,Male,44,Bhubaneswar,Odisha,R03,Corporate,2025-12-24,Paid Search
C02139,Customer 02139,Male,30,Patna,Bihar,R03,Consumer,2023-12-13,Organic
C02140,Customer 02140,Male,32,Indore,,R05,Corporate,2023-09-30,Email
C02141,Customer 02141,Female,28,Kochi,Kerala,R02,Consumer,2025-07-30,Partner
C02142,Customer 02142,Other,4,Ahmedabad,Gujarat,R04,Small Business,2022-04-10,Partner
C02143,Customer 02143,Male,33,Bhubaneswar,Odisha,R03,Consumer,2024-08-26,Email
C02144,Customer 02144,,38,Bhopal,Madhya Pradesh,R05,Small Business,2022-01-29,Paid Search
C02145,Customer 02145,Female,48,Pune,Maharashtra,R04,Consumer,2025-10-23,Organic
C02146,Customer 02146,Male,23,Vijayawada,Andhra Pradesh,R02,Consumer,2025-03-29,Referral
C02147,Customer 02147,Male,35,Delhi,Delhi,R07,Consumer,2024-02-15,Referral
C02148,Customer 02148,Male,47,Dehradun,Uttarakhand,R01,Consumer,2023-07-28,Organic
C02149,Customer 02149,Female,23,Bhubaneswar,Odisha,R03,Consumer,2025-08-25,Referral
C02150,Customer 02150,Male,48,Delhi,,R07,Small Business,2022-12-24,Partner
C02151,Customer 02151,Male,31,Hyderabad,Telangana,R02,Small Business,2025-01-24,Organic
C02152,Customer 02152,Male,42,Delhi,Delhi,R07,Corporate,2023-08-28,Paid Search
C02153,Customer 02153,Female,33,Bhubaneswar,Odisha,R03,Enterprise,2025-04-16,Paid Search
C02154,Customer 02154,Female,40,Bhopal,Madhya Pradesh,R05,Consumer,2024-12-29,Organic
C02155,Customer 02155,Male,51,Chennai,Tamil Nadu,R02,Consumer,2025-12-19,Email
C02156,Customer 02156,Female,34,Raipur,Chhattisgarh,R05,Small Business,2024-06-01,Referral
C02157,Customer 02157,Female,45,Delhi,Delhi,R07,Consumer,2023-03-18,Organic
C02158,Customer 02158,Male,38,Jodhpur,Rajasthan,R01,Consumer,2025-07-20,Email
C02159,Customer 02159,Male,27,Ahmedabad,Gujarat,R04,Consumer,2024-07-06,Paid Search
C02160,Customer 02160,Male,34,Delhi,Delhi,R07,Consumer,2024-10-25,
C02161,Customer 02161,Male,33,Surat,Gujarat,R04,Consumer,2023-01-10,Referral
C02162,Customer 02162,Female,21,Kanpur,Uttar Pradesh,R07,Consumer,2024-02-15,Partner
C02163,Customer 02163,Female,40,Mumbai,Maharashtra,R04,Corporate,2025-06-01,Organic
C02164,Customer 02164,Female,42,Surat,Gujarat,R04,Small Business,2023-06-21,Social
C02165,Customer 02165,Male,43,Guwahati,Assam,R06,Small Business,2024-05-05,Referral
C02166,Customer 02166,Female,49,Jodhpur,Rajasthan,R01,Consumer,2022-10-29,Partner
C02167,Customer 02167,Male,45,Kochi,Kerala,R02,Consumer,2022-09-14,Email
C02168,Customer 02168,,29,Ahmedabad,Gujarat,R04,Corporate,2025-01-31,Partner
C02169,Customer 02169,Male,31,Mumbai,Maharashtra,R04,Consumer,2023-09-08,Organic
C02170,Customer 02170,Female,43,Bengaluru,Karnataka,R02,Consumer,2022-10-28,Paid Search
C02171,Customer 02171,Female,39,Surat,Gujarat,R04,Corporate,2022-09-23,Paid Search
C02172,Customer 02172,Female,35,Noida,Uttar Pradesh,R07,Small Business,2022-07-02,Social
C02173,Customer 02173,Female,26,Bengaluru,Karnataka,R02,Consumer,2023-11-01,Email
C02174,Customer 02174,Male,30,Faridabad,Haryana,R01,Corporate,2023-03-30,Social
C02175,Customer 02175,Male,41,Pune,Maharashtra,R04,Corporate,2022-04-24,Organic
C02176,Customer 02176,Female,18,Coimbatore,Tamil Nadu,R02,Small Business,2023-12-05,Referral
C02177,Customer 02177,Female,18,Ahmedabad,Gujarat,R04,Consumer,2025-11-11,Organic
C02178,Customer 02178,Female,42,Bhopal,Madhya Pradesh,R05,Small Business,2025-12-01,Organic
C02179,Customer 02179,,30,Lucknow,Uttar Pradesh,R07,Small Business,2024-05-21,Referral
C02180,Customer 02180,Female,40,Ranchi,Jharkhand,R03,Consumer,2024-04-24,Email
C02181,Customer 02181,Male,51,Bhubaneswar,Odisha,R03,Corporate,2025-12-18,Paid Search
C02182,Customer 02182,Male,25,Ranchi,Jharkhand,R03,Corporate,2025-01-11,Social
C02183,Customer 02183,Male,18,Indore,Madhya Pradesh,R05,Consumer,2022-09-11,Social
C02184,Customer 02184,Male,32,Faridabad,Haryana,R01,Consumer,2024-02-08,Organic
C02185,Customer 02185,Female,28,Mysuru,Karnataka,R02,Consumer,2023-07-16,Social
C02186,Customer 02186,Female,35,Faridabad,Haryana,R01,Small Business,2022-08-01,Organic
C02187,Customer 02187,Male,40,Indore,Madhya Pradesh,R05,Consumer,2025-09-22,Email
C02188,Customer 02188,Male,38,Coimbatore,Tamil Nadu,R02,Consumer,2024-05-10,Referral
C02189,Customer 02189,Female,35,Noida,Uttar Pradesh,R07,Consumer,2024-10-07,Paid Search
C02190,Customer 02190,Male,46,Vijayawada,Andhra Pradesh,R02,Corporate,2025-03-02,Organic
C02191,Customer 02191,Male,42,Gurugram,Haryana,R01,Corporate,2022-04-13,Organic
C02192,Customer 02192,Male,33,Coimbatore,Tamil Nadu,R02,Consumer,2023-04-07,Partner
C02193,Customer 02193,Female,41,Kolkata,West Bengal,R03,Consumer,2025-07-14,Email
C02194,Customer 02194,Other,20,Delhi,Delhi,R07,Consumer,2022-10-24,Email
C02195,Customer 02195,Male,46,Chennai,Tamil Nadu,R02,Consumer,2022-10-03,Social
C02196,Customer 02196,Female,35,Bhopal,Madhya Pradesh,R05,Small Business,2024-06-19,Email
C02197,Customer 02197,Female,23,Delhi,Delhi,R07,Consumer,2023-01-18,Social
C02198,Customer 02198,Male,31,Bengaluru,Karnataka,R02,Small Business,2025-04-29,Paid Search
C02199,Customer 02199,Female,45,Kanpur,Uttar Pradesh,R07,Corporate,2024-12-05,Paid Search
C02200,Customer 02200,Female,27,Hyderabad,Telangana,R02,Small Business,2025-01-29,Paid Search
C02201,Customer 02201,Female,39,Faridabad,Haryana,R01,Consumer,2024-11-04,Paid Search
C02202,Customer 02202,Female,44,Visakhapatnam,Andhra Pradesh,R02,Consumer,2022-08-06,Organic
C02203,Customer 02203,Male,35,Kochi,Kerala,R02,Consumer,2024-08-23,Paid Search
C02204,Customer 02204,Female,26,Ludhiana,Punjab,R01,Small Business,2022-09-08,Social
C02205,Customer 02205,Female,34,Mumbai,Maharashtra,R04,Corporate,2022-01-08,Organic
C02206,Customer 02206,Male,21,Coimbatore,Tamil Nadu,R02,Corporate,2025-11-27,Organic
C02207,Customer 02207,Female,30,Kolkata,West Bengal,R03,Corporate,2022-12-31,Referral
C02208,Customer 02208,Female,24,Ahmedabad,Gujarat,R04,Consumer,2024-10-15,Social
C02209,Customer 02209,Female,35,Faridabad,Haryana,R01,Corporate,2023-05-19,Paid Search
C02210,Customer 02210,Female,22,Gurugram,Haryana,R01,Small Business,2024-10-20,Partner
C02211,Customer 02211,Male,36,Dehradun,Uttarakhand,R01,Consumer,2023-08-08,Social
C02212,Customer 02212,Male,46,Surat,Gujarat,R04,Enterprise,2023-10-06,Paid Search
C02213,Customer 02213,Male,47,Guwahati,Assam,R06,Small Business,2022-04-19,Organic
C02214,Customer 02214,Female,23,Bengaluru,Karnataka,R02,Enterprise,2023-11-10,Paid Search
C02215,Customer 02215,Female,28,Kochi,Kerala,R02,Small Business,2024-09-13,Organic
C02216,Customer 02216,Female,44,Delhi,Delhi,R07,Consumer,2024-11-08,Partner
C02217,Customer 02217,Male,42,Gurugram,Haryana,R01,Corporate,2025-07-26,Partner
C02218,Customer 02218,Female,29,Vijayawada,Andhra Pradesh,R02,Consumer,2024-05-11,Paid Search
C02219,Customer 02219,Female,30,Visakhapatnam,Andhra Pradesh,R02,Small Business,2025-12-16,Organic
C02220,Customer 02220,Female,36,Pune,Maharashtra,R04,Consumer,2024-07-05,Organic
C02221,Customer 02221,Female,18,Mumbai,Maharashtra,R04,Small Business,2025-03-11,Referral
C02222,Customer 02222,Male,40,Ahmedabad,Gujarat,R04,Consumer,2022-08-05,Partner
C02223,Customer 02223,Male,46,Ahmedabad,Gujarat,R04,Consumer,2022-10-23,Paid Search
C02224,Customer 02224,Male,31,Amritsar,Punjab,R01,Consumer,2024-05-08,Partner
C02225,Customer 02225,Male,21,Kochi,Kerala,R02,Corporate,2024-01-17,Organic
C02226,Customer 02226,Male,49,Lucknow,Uttar Pradesh,R07,Consumer,2023-12-23,Social
C02227,Customer 02227,Female,37,Kolkata,West Bengal,R03,Consumer,2025-08-30,Organic
C02228,Customer 02228,Male,42,Delhi,Delhi,R07,Consumer,2023-11-28,Social
C02229,Customer 02229,Male,22,Delhi,Delhi,R07,Consumer,2022-04-08,Referral
C02230,Customer 02230,Male,22,Hyderabad,Telangana,R02,Enterprise,2024-02-04,Referral
C02231,Customer 02231,Female,39,Pune,Maharashtra,R04,Consumer,2022-11-30,Email
C02232,Customer 02232,Female,45,Hyderabad,Telangana,R02,Consumer,2022-02-19,Organic
C02233,Customer 02233,Male,24,Delhi,Delhi,R07,Consumer,2023-01-22,Organic
C02234,Customer 02234,Female,34,Visakhapatnam,Andhra Pradesh,R02,Consumer,2022-01-01,Referral
C02235,Customer 02235,Female,19,Patna,Bihar,R03,Consumer,2024-06-09,Social
C02236,Customer 02236,Female,28,Guwahati,Assam,R06,Consumer,2023-11-10,Partner
C02237,Customer 02237,Female,32,Faridabad,Haryana,R01,Consumer,2025-10-22,Email
C02238,Customer 02238,Female,40,Nagpur,,R04,Consumer,2022-04-02,Social
C02239,Customer 02239,Female,18,Nagpur,Maharashtra,R04,Consumer,2023-12-07,Social
C02240,Customer 02240,Male,48,Mysuru,Karnataka,R02,Small Business,2025-08-29,Referral
C02241,Customer 02241,Female,33,Jodhpur,Rajasthan,R01,Consumer,2024-04-03,Organic
C02242,Customer 02242,Male,48,Delhi,Delhi,R07,Corporate,2023-06-11,Paid Search
C02243,Customer 02243,Male,42,Nagpur,Maharashtra,R04,Corporate,2024-07-23,Organic
C02244,Customer 02244,Female,44,Lucknow,Uttar Pradesh,R07,Small Business,2023-02-01,Organic
C02245,Customer 02245,Female,55,Pune,Maharashtra,R04,Consumer,2025-05-29,Email
C02246,Customer 02246,Female,27,Ludhiana,Punjab,R01,Small Business,2024-08-29,Social
C02247,Customer 02247,Female,36,Kanpur,Uttar Pradesh,R07,Small Business,2023-02-23,Partner
C02248,Customer 02248,Female,25,Hyderabad,Telangana,R02,Enterprise,2022-04-21,Partner
C02249,Customer 02249,Female,34,Nagpur,Maharashtra,R04,Small Business,2024-07-03,Email
C02250,Customer 02250,Female,42,Nagpur,Maharashtra,R04,Consumer,2025-08-04,Email
C02251,Customer 02251,Male,46,Mysuru,Karnataka,R02,Enterprise,2025-09-13,Organic
C02252,Customer 02252,Male,31,Bhubaneswar,Odisha,R03,Small Business,2024-08-28,Organic
C02253,Customer 02253,Male,23,Pune,Maharashtra,R04,Consumer,2025-10-03,Referral
C02254,Customer 02254,Female,36,Chennai,Tamil Nadu,R02,Consumer,2025-04-06,Paid Search
C02255,Customer 02255,Female,26,Ranchi,Jharkhand,R03,Small Business,2023-07-14,Paid Search
C02256,Customer 02256,Female,29,Mysuru,Karnataka,R02,Consumer,2025-05-22,Partner
C02257,Customer 02257,Male,42,Kochi,Kerala,R02,Small Business,2022-06-13,Referral
C02258,Customer 02258,Female,40,Bhubaneswar,Odisha,R03,Consumer,2025-07-23,Organic
C02259,Customer 02259,Female,43,Delhi,Delhi,R07,Corporate,2025-09-12,Referral
C02260,Customer 02260,Female,32,Surat,Gujarat,R04,Consumer,2024-04-03,Email
C02261,Customer 02261,Male,45,Kolkata,West Bengal,R03,Corporate,2025-09-07,Partner
C02262,Customer 02262,Female,35,Dehradun,Uttarakhand,R01,Consumer,2022-07-14,Referral
C02263,Customer 02263,Female,32,Surat,Gujarat,R04,Small Business,2022-05-23,Organic
C02264,Customer 02264,Female,24,Delhi,Delhi,R07,Consumer,2023-05-17,Email
C02265,Customer 02265,Male,18,Coimbatore,Tamil Nadu,R02,Consumer,2022-04-29,Referral
C02266,Customer 02266,Male,19,Faridabad,Haryana,R01,Consumer,2022-12-15,Paid Search
C02267,Customer 02267,Male,37,Patna,Bihar,R03,Consumer,2022-09-28,Email
C02268,Customer 02268,Female,26,Bengaluru,Karnataka,R02,Enterprise,2023-10-30,Social
C02269,Customer 02269,Female,19,Kolkata,West Bengal,R03,Consumer,2024-08-03,Partner
C02270,Customer 02270,Female,31,Guwahati,Assam,R06,Consumer,2022-10-19,Partner
C02271,Customer 02271,Female,38,Hyderabad,Telangana,R02,Small Business,2023-03-19,Organic
C02272,Customer 02272,Male,39,Chennai,Tamil Nadu,R02,Consumer,2024-12-13,Paid Search
C02273,Customer 02273,Male,35,Patna,Bihar,R03,Consumer,2022-12-17,Organic
C02274,Customer 02274,Female,34,Bhopal,Madhya Pradesh,R05,Corporate,2023-05-03,Paid Search
C02275,Customer 02275,Female,30,Guwahati,Assam,R06,Consumer,2025-03-14,Organic
C02276,Customer 02276,Female,41,Delhi,Delhi,R07,Small Business,2023-08-01,Social
C02277,Customer 02277,Female,33,Bengaluru,Karnataka,R02,Corporate,2022-12-23,Organic
C02278,Customer 02278,Female,34,Noida,Uttar Pradesh,R07,Consumer,2025-03-18,Email
C02279,Customer 02279,Female,45,Raipur,Chhattisgarh,R05,Corporate,2025-11-04,Organic
C02280,Customer 02280,Female,43,Hyderabad,Telangana,R02,Small Business,2025-08-11,Organic
C02281,Customer 02281,Male,33,Surat,,R04,Consumer,2023-10-03,Organic
C02282,Customer 02282,Male,32,Amritsar,Punjab,R01,Corporate,2022-02-03,Paid Search
C02283,Customer 02283,Female,32,Mumbai,Maharashtra,R04,Consumer,2023-09-10,Organic
C02284,Customer 02284,Male,18,Kolkata,West Bengal,R03,Consumer,2025-01-23,Email
C02285,Customer 02285,Male,46,Ludhiana,Punjab,R01,Corporate,2025-10-10,Paid Search
C02286,Customer 02286,Male,28,Delhi,Delhi,R07,Consumer,2022-04-11,Partner
C02287,Customer 02287,Female,44,Kochi,Kerala,R02,Consumer,2022-06-25,Organic
C02288,Customer 02288,Male,35,Patna,Bihar,R03,Consumer,2023-02-24,Organic
C02289,Customer 02289,Female,49,Ludhiana,Punjab,R01,Corporate,2022-06-17,Email
C02290,Customer 02290,Female,40,Jaipur,Rajasthan,R01,Corporate,2022-09-16,Social
C02291,Customer 02291,Female,44,Ranchi,Jharkhand,R03,Consumer,2023-09-26,Organic
C02292,Customer 02292,Male,29,Kolkata,West Bengal,R03,Consumer,2023-01-04,Organic
C02293,Customer 02293,Female,22,Coimbatore,Tamil Nadu,R02,Small Business,2024-05-07,Partner
C02294,Customer 02294,Female,36,Pune,Maharashtra,R04,Consumer,2025-10-16,Organic
C02295,Customer 02295,Male,18,Jodhpur,Rajasthan,R01,Consumer,2024-01-13,Paid Search
C02296,Customer 02296,Female,30,Delhi,Delhi,R07,Consumer,2024-01-12,Partner
C02297,Customer 02297,Male,23,Patna,Bihar,R03,Consumer,2025-10-27,Referral
C02298,Customer 02298,Female,27,Delhi,Delhi,R07,Consumer,2024-06-04,Email
C02299,Customer 02299,Female,41,Delhi,Delhi,R07,Small Business,2025-12-22,Social
C02300,Customer 02300,Female,40,Patna,Bihar,R03,Corporate,2025-09-12,Referral
C02301,Customer 02301,Female,33,Vijayawada,Andhra Pradesh,R02,Consumer,2022-03-01,Social
C02302,Customer 02302,Male,38,Patna,Bihar,R03,Consumer,2025-10-02,Organic
C02303,Customer 02303,Female,30,Mysuru,Karnataka,R02,Consumer,2022-08-30,Social
C02304,Customer 02304,Female,59,Bengaluru,Karnataka,R02,Consumer,2023-01-28,Partner
C02305,Customer 02305,Male,38,Surat,Gujarat,R04,Corporate,2024-03-19,
C02306,Customer 02306,Female,29,Nagpur,Maharashtra,R04,Consumer,2025-02-01,
C02307,Customer 02307,Female,44,Bengaluru,Karnataka,R02,Small Business,2025-10-20,Paid Search
C02308,Customer 02308,Male,47,Ahmedabad,Gujarat,R04,Consumer,2023-11-05,Referral
C02309,Customer 02309,Female,27,Chennai,Tamil Nadu,R02,Consumer,2023-02-13,Referral
C02310,Customer 02310,Male,21,Kochi,Kerala,R02,Enterprise,2023-07-17,Social
C02311,Customer 02311,Male,23,Dehradun,Uttarakhand,R01,Consumer,2023-06-21,Organic
C02312,Customer 02312,Male,28,Delhi,Delhi,R07,Consumer,2023-03-05,Organic
C02313,Customer 02313,Male,34,Pune,Maharashtra,R04,Consumer,2022-12-04,Paid Search
C02314,Customer 02314,Male,19,Amritsar,Punjab,R01,Enterprise,2024-11-01,Referral
C02315,Customer 02315,Male,31,Nagpur,Maharashtra,R04,Consumer,2025-11-14,Paid Search
C02316,Customer 02316,Female,33,Jaipur,Rajasthan,R01,Consumer,2024-05-20,Paid Search
C02317,Customer 02317,Female,38,Ludhiana,Punjab,R01,Consumer,2022-08-13,Paid Search
C02318,Customer 02318,Female,41,Patna,Bihar,R03,Consumer,2024-09-03,Paid Search
C02319,Customer 02319,Male,39,Mysuru,Karnataka,R02,Consumer,2024-04-04,Referral
C02320,Customer 02320,Male,53,Kochi,Kerala,R02,Consumer,2023-08-09,Referral
C02321,Customer 02321,Female,46,Delhi,Delhi,R07,Small Business,2022-02-03,Email
C02322,Customer 02322,Male,37,Delhi,,R07,Corporate,2025-02-07,Organic
C02323,Customer 02323,Male,25,Pune,Maharashtra,R04,Consumer,2024-05-29,Referral
C02324,Customer 02324,Other,28,Delhi,Delhi,R07,Consumer,2022-12-09,Paid Search
C02325,Customer 02325,Male,21,Kanpur,Uttar Pradesh,R07,Consumer,2023-07-28,Organic
C02326,Customer 02326,Male,37,Dehradun,Uttarakhand,R01,Consumer,2024-02-10,Referral
C02327,Customer 02327,Female,38,Amritsar,Punjab,R01,Corporate,2024-04-06,Organic
C02328,Customer 02328,Male,44,Amritsar,Punjab,R01,Consumer,2024-08-17,Organic
C02329,Customer 02329,Female,200,Coimbatore,Tamil Nadu,R02,Small Business,2022-04-28,Organic
C02330,Customer 02330,Male,46,Mysuru,Karnataka,R02,Consumer,2024-02-21,Social
C02331,Customer 02331,Male,46,Chennai,Tamil Nadu,R02,Corporate,2022-05-14,Organic
C02332,Customer 02332,Male,25,Nagpur,Maharashtra,R04,Small Business,2022-08-29,Email
C02333,Customer 02333,Male,30,Indore,Madhya Pradesh,R05,Corporate,2022-05-15,Paid Search
C02334,Customer 02334,Female,35,Faridabad,Haryana,R01,Small Business,2024-06-26,Paid Search
C02335,Customer 02335,Female,28,Surat,Gujarat,R04,Small Business,2025-05-05,Social
C02336,Customer 02336,Female,33,Kolkata,West Bengal,R03,Consumer,2025-11-14,Email
C02337,Customer 02337,,38,Guwahati,Assam,R06,Consumer,2024-11-24,Referral
C02338,Customer 02338,Female,34,Pune,Maharashtra,R04,Consumer,2025-02-16,Organic
C02339,Customer 02339,Female,35,Chennai,Tamil Nadu,R02,Small Business,2022-07-07,Email
C02340,Customer 02340,Male,26,Delhi,Delhi,R07,Consumer,2022-01-09,Social
C02341,Customer 02341,Male,40,Gurugram,Haryana,R01,Enterprise,2023-04-07,Partner
C02342,Customer 02342,Male,39,Delhi,Delhi,R07,Consumer,2023-06-14,Social
C02343,Customer 02343,Male,27,Patna,Bihar,R03,Corporate,2023-09-30,Paid Search
C02344,Customer 02344,Male,22,Jodhpur,Rajasthan,R01,Consumer,2024-08-29,Email
C02345,Customer 02345,Male,47,Kolkata,West Bengal,R03,Enterprise,2022-05-25,Organic
C02346,Customer 02346,Female,52,Delhi,Delhi,R07,Consumer,2022-06-01,Referral
C02347,Customer 02347,Male,37,Raipur,Chhattisgarh,R05,Consumer,2025-05-12,Social
C02348,Customer 02348,Male,31,Indore,Madhya Pradesh,R05,Small Business,2024-04-26,Organic
C02349,Customer 02349,Female,45,Delhi,Delhi,R07,Consumer,2023-06-15,Organic
C02350,Customer 02350,Female,40,Delhi,Delhi,R07,Consumer,2025-05-02,Organic
C02351,Customer 02351,Male,33,Delhi,Delhi,R07,Small Business,2024-09-06,Organic
C02352,Customer 02352,Male,45,Raipur,Chhattisgarh,R05,Small Business,2025-05-08,Social
C02353,Customer 02353,Female,27,Lucknow,Uttar Pradesh,R07,Consumer,2024-07-26,Referral
C02354,Customer 02354,Female,28,Mysuru,Karnataka,R02,Corporate,2024-01-08,Organic
C02355,Customer 02355,Female,39,Surat,Gujarat,R04,Consumer,2025-08-28,Organic
C02356,Customer 02356,Female,36,Bhubaneswar,Odisha,R03,Consumer,2025-12-18,Email
C02357,Customer 02357,Female,41,Bengaluru,Karnataka,R02,Corporate,2024-12-19,Organic
C02358,Customer 02358,Female,47,Bengaluru,Karnataka,R02,Consumer,2024-07-08,Email
C02359,Customer 02359,Female,19,Dehradun,Uttarakhand,R01,Consumer,2022-02-20,Organic
C02360,Customer 02360,Female,35,Faridabad,Haryana,R01,Consumer,2025-06-24,Email
C02361,Customer 02361,Male,54,Bhopal,Madhya Pradesh,R05,Small Business,2022-08-15,Referral
C02362,Customer 02362,Male,29,Delhi,Delhi,R07,Consumer,2022-02-17,Organic
C02363,Customer 02363,Male,28,Mysuru,Karnataka,R02,Consumer,2023-10-12,Paid Search
C02364,Customer 02364,Female,18,Guwahati,Assam,R06,Small Business,2022-04-23,Paid Search
C02365,Customer 02365,Male,36,Hyderabad,Telangana,R02,Small Business,2022-05-16,Organic
C02366,Customer 02366,Female,41,Kolkata,West Bengal,R03,Consumer,2023-11-08,Paid Search
C02367,Customer 02367,Male,41,Noida,Uttar Pradesh,R07,Enterprise,2023-07-27,Referral
C02368,Customer 02368,Female,25,Ahmedabad,Gujarat,R04,Consumer,2022-07-06,Referral
C02369,Customer 02369,Male,35,Pune,Maharashtra,R04,Consumer,2025-11-29,Organic
C02370,Customer 02370,Female,37,Mysuru,Karnataka,R02,Consumer,2022-10-30,Referral
C02371,Customer 02371,Male,36,Ahmedabad,Gujarat,R04,Consumer,2022-10-28,Organic
C02372,Customer 02372,Female,24,Mumbai,Maharashtra,R04,Corporate,2025-03-24,Organic
C02373,Customer 02373,Female,36,Jaipur,Rajasthan,R01,Consumer,2024-10-26,Organic
C02374,Customer 02374,Male,27,Noida,Uttar Pradesh,R07,Small Business,2023-06-04,Paid Search
C02375,Customer 02375,Female,18,Nagpur,,R04,Consumer,2023-01-15,Organic
C02376,Customer 02376,Female,42,Gurugram,Haryana,R01,Consumer,2025-08-27,Organic
C02377,Customer 02377,Female,36,Guwahati,Assam,R06,Consumer,2022-02-19,Paid Search
C02378,Customer 02378,Female,41,Coimbatore,Tamil Nadu,R02,Consumer,2024-07-24,Partner
C02379,Customer 02379,Male,30,Gurugram,Haryana,R01,Enterprise,2022-05-24,Referral
C02380,Customer 02380,Female,41,Kolkata,West Bengal,R03,Corporate,2022-01-06,Partner
C02381,Customer 02381,Female,45,Raipur,Chhattisgarh,R05,Small Business,2022-06-01,Organic
C02382,Customer 02382,Female,53,Lucknow,Uttar Pradesh,R07,Small Business,2024-04-01,Partner
C02383,Customer 02383,Female,43,Faridabad,Haryana,R01,Consumer,2023-03-13,Organic
C02384,Customer 02384,Female,39,Delhi,Delhi,R07,Consumer,2024-10-06,Organic
C02385,Customer 02385,Female,21,Delhi,Delhi,R07,Consumer,2025-11-04,Organic
C02386,Customer 02386,Female,34,Patna,Bihar,R03,Small Business,2022-02-27,Paid Search
C02387,Customer 02387,Male,21,Dehradun,Uttarakhand,R01,Consumer,2024-06-25,Organic
C02388,Customer 02388,Female,27,Delhi,Delhi,R07,Consumer,2025-08-23,Referral
C02389,Customer 02389,Male,55,Patna,Bihar,R03,Corporate,2022-06-29,Referral
C02390,Customer 02390,Female,25,Delhi,Delhi,R07,Consumer,2023-09-04,Paid Search
C02391,Customer 02391,Female,18,Coimbatore,Tamil Nadu,R02,Consumer,2022-04-13,Email
C02392,Customer 02392,Male,43,Patna,Bihar,R03,Consumer,2022-06-07,Organic
C02393,Customer 02393,Male,28,Nagpur,Maharashtra,R04,Consumer,2025-11-19,Organic
C02394,Customer 02394,Male,43,Delhi,Delhi,R07,Consumer,2023-01-01,
C02395,Customer 02395,Female,23,Chennai,Tamil Nadu,R02,Small Business,2022-09-08,Organic
C02396,Customer 02396,Male,31,Dehradun,Uttarakhand,R01,Corporate,2025-07-31,Organic
C02397,Customer 02397,Male,47,Kanpur,,R07,Consumer,2023-01-31,Organic
C02398,Customer 02398,Male,22,Ludhiana,Punjab,R01,Small Business,2023-02-11,Paid Search
C02399,Customer 02399,Male,33,Faridabad,Haryana,R01,Small Business,2025-05-14,Email
C02400,Customer 02400,Male,38,Bengaluru,Karnataka,R02,Corporate,2025-01-12,Email
C02401,Customer 02401,Male,28,Coimbatore,Tamil Nadu,R02,Small Business,2024-03-21,Partner
C02402,Customer 02402,Female,37,Bhubaneswar,Odisha,R03,Small Business,2025-05-24,Organic
C02403,Customer 02403,Female,35,Patna,Bihar,R03,Consumer,2022-11-28,Organic
C02404,Customer 02404,Female,40,Kochi,Kerala,R02,Consumer,2025-03-10,Social
C02405,Customer 02405,Male,53,Indore,Madhya Pradesh,R05,Consumer,2024-08-28,Social
C02406,Customer 02406,Male,62,Kanpur,Uttar Pradesh,R07,Consumer,2024-04-14,Organic
C02407,Customer 02407,Male,40,Bengaluru,Karnataka,R02,Enterprise,2023-06-27,Email
C02408,Customer 02408,Female,34,Jodhpur,Rajasthan,R01,Corporate,2022-06-25,Partner
C02409,Customer 02409,Male,39,Pune,Maharashtra,R04,Consumer,2024-04-29,Paid Search
C02410,Customer 02410,Male,33,Vijayawada,Andhra Pradesh,R02,Enterprise,2025-03-19,Partner
C02411,Customer 02411,Female,19,Kolkata,West Bengal,R03,Corporate,2022-05-22,Organic
C02412,Customer 02412,Male,35,Ranchi,Jharkhand,R03,Consumer,2022-08-23,Social
C02413,Customer 02413,Female,46,Ahmedabad,Gujarat,R04,Small Business,2025-07-09,Organic
C02414,Customer 02414,Female,20,Mysuru,Karnataka,R02,Consumer,2025-06-16,Social
C02415,Customer 02415,Female,25,Mysuru,Karnataka,R02,Consumer,2024-05-19,Organic
C02416,Customer 02416,Male,29,Faridabad,Haryana,R01,Consumer,2023-11-01,Social
C02417,Customer 02417,Male,39,Lucknow,Uttar Pradesh,R07,Small Business,2022-01-07,Organic
C02418,Customer 02418,Female,59,Bengaluru,Karnataka,R02,Consumer,2025-08-25,Paid Search
C02419,Customer 02419,Male,27,Delhi,,R07,Consumer,2024-03-27,Referral
C02420,Customer 02420,Male,36,Vijayawada,Andhra Pradesh,R02,Corporate,2022-04-27,Paid Search
C02421,Customer 02421,Male,35,Gurugram,Haryana,R01,Small Business,2023-06-13,Social
C02422,Customer 02422,Male,32,Ludhiana,Punjab,R01,Consumer,2025-05-04,Partner
C02423,Customer 02423,Male,35,Bhubaneswar,Odisha,R03,Consumer,2025-08-15,Partner
C02424,Customer 02424,Female,30,Delhi,Delhi,R07,Enterprise,2024-07-19,Partner
C02425,Customer 02425,Female,62,Kochi,Kerala,R02,Small Business,2022-07-22,Organic
C02426,Customer 02426,Male,42,Patna,Bihar,R03,Consumer,2022-08-23,Social
C02427,Customer 02427,Female,30,Delhi,Delhi,R07,Consumer,2023-05-03,Email
C02428,Customer 02428,Other,47,Kolkata,West Bengal,R03,Consumer,2025-01-19,Partner
C02429,Customer 02429,Male,38,Hyderabad,Telangana,R02,Corporate,2025-01-21,Organic
C02430,Customer 02430,Female,36,Patna,Bihar,R03,Consumer,2024-12-30,Partner
C02431,Customer 02431,Male,33,Indore,Madhya Pradesh,R05,Small Business,2022-11-26,Paid Search
C02432,Customer 02432,Female,32,Kolkata,West Bengal,R03,Consumer,2023-04-02,Email
C02433,Customer 02433,Male,23,Coimbatore,Tamil Nadu,R02,Small Business,2023-04-03,Social
C02434,Customer 02434,Male,18,Pune,Maharashtra,R04,Consumer,2024-11-30,Paid Search
C02435,Customer 02435,Female,39,Kolkata,West Bengal,R03,Small Business,2025-01-31,Organic
C02436,Customer 02436,Female,33,Vijayawada,Andhra Pradesh,R02,Consumer,2022-02-13,Organic
C02437,Customer 02437,Male,44,Coimbatore,Tamil Nadu,R02,Consumer,2024-11-06,Referral
C02438,Customer 02438,Female,26,Hyderabad,Telangana,R02,Consumer,2023-07-22,Social
C02439,Customer 02439,Female,24,Surat,Gujarat,R04,Consumer,2023-06-10,Paid Search
C02440,Customer 02440,Male,43,Patna,Bihar,R03,Consumer,2024-01-13,Referral
C02441,Customer 02441,Male,32,Dehradun,Uttarakhand,R01,Corporate,2023-11-14,Social
C02442,Customer 02442,Male,44,Gurugram,Haryana,R01,Small Business,2025-12-02,Organic
C02443,Customer 02443,Female,35,Amritsar,Punjab,R01,Consumer,2024-03-17,Organic
C02444,Customer 02444,Male,54,Mysuru,Karnataka,R02,Consumer,2025-04-20,Paid Search
C02445,Customer 02445,Male,43,Mysuru,Karnataka,R02,Consumer,2025-07-21,Paid Search
C02446,Customer 02446,Male,39,Coimbatore,Tamil Nadu,R02,Small Business,2025-12-06,Partner
C02447,Customer 02447,Male,43,Delhi,Delhi,R07,Consumer,2024-08-24,Partner
C02448,Customer 02448,Female,32,Pune,Maharashtra,R04,Consumer,2025-10-15,Social
C02449,Customer 02449,Male,19,Chennai,Tamil Nadu,R02,Consumer,2024-05-15,Organic
C02450,Customer 02450,,39,Coimbatore,Tamil Nadu,R02,Consumer,2023-06-24,Email
C02451,Customer 02451,Male,54,Hyderabad,Telangana,R02,Corporate,2025-03-30,Organic
C02452,Customer 02452,Male,18,Kolkata,West Bengal,R03,Consumer,2025-07-12,Social
C02453,Customer 02453,Male,40,Hyderabad,,R02,Consumer,2023-03-21,Partner
C02454,Customer 02454,Male,20,Bhubaneswar,Odisha,R03,Small Business,2025-11-07,Partner
C02455,Customer 02455,Female,35,Hyderabad,Telangana,R02,Consumer,2023-10-11,Partner
C02456,Customer 02456,Male,36,Mysuru,Karnataka,R02,Corporate,2022-12-03,Organic
C02457,Customer 02457,Male,42,Coimbatore,Tamil Nadu,R02,Consumer,2024-09-30,Social
C02458,Customer 02458,Female,37,Delhi,Delhi,R07,Small Business,2022-12-22,Email
C02459,Customer 02459,Female,49,Jodhpur,Rajasthan,R01,Corporate,2023-08-14,Organic
C02460,Customer 02460,Female,47,Mysuru,Karnataka,R02,Consumer,2024-02-19,Email
C02461,Customer 02461,Other,33,Guwahati,Assam,R06,Small Business,2023-12-01,Paid Search
C02462,Customer 02462,Male,46,Kolkata,West Bengal,R03,Consumer,2022-06-20,Partner
C02463,Customer 02463,Male,32,Delhi,Delhi,R07,Consumer,2022-08-23,Paid Search
C02464,Customer 02464,Male,30,Coimbatore,Tamil Nadu,R02,Corporate,2022-04-27,Organic
C02465,Customer 02465,Male,23,Noida,Uttar Pradesh,R07,Corporate,2024-06-10,Partner
C02466,Customer 02466,Female,48,Patna,Bihar,R03,Consumer,2025-12-20,Referral
C02467,Customer 02467,Female,32,Indore,Madhya Pradesh,R05,Consumer,2024-07-24,Social
C02468,Customer 02468,Female,18,Chennai,Tamil Nadu,R02,Consumer,2024-03-27,Partner
C02469,Customer 02469,Other,40,Coimbatore,Tamil Nadu,R02,Corporate,2025-06-04,Social
C02470,Customer 02470,Female,31,Nagpur,Maharashtra,R04,Enterprise,2022-02-06,Social
C02471,Customer 02471,Male,32,Ahmedabad,Gujarat,R04,Consumer,2022-05-05,Paid Search
C02472,Customer 02472,Female,33,Raipur,Chhattisgarh,R05,Enterprise,2025-12-17,Email
C02473,Customer 02473,Male,32,Kolkata,West Bengal,R03,Consumer,2025-08-07,
C02474,Customer 02474,Male,62,Bengaluru,Karnataka,R02,Small Business,2024-03-21,Referral
C02475,Customer 02475,Female,52,Mumbai,Maharashtra,R04,Small Business,2022-05-06,Partner
C02476,Customer 02476,Female,42,Delhi,Delhi,R07,Corporate,2022-10-05,Organic
C02477,Customer 02477,Female,37,Gurugram,,R01,Consumer,2024-12-24,Email
C02478,Customer 02478,Male,46,Ludhiana,Punjab,R01,Consumer,2022-12-04,Email
C02479,Customer 02479,Female,37,Mumbai,Maharashtra,R04,Consumer,2024-05-10,Organic
C02480,Customer 02480,Male,43,Vijayawada,Andhra Pradesh,R02,Corporate,2025-01-11,Referral
C02481,Customer 02481,Female,41,Mysuru,Karnataka,R02,Enterprise,2023-08-17,Email
C02482,Customer 02482,Male,36,Kanpur,Uttar Pradesh,R07,Consumer,2023-11-20,Social
C02483,Customer 02483,Male,44,Faridabad,Haryana,R01,Consumer,2025-09-11,Organic
C02484,Customer 02484,Male,31,Mumbai,Maharashtra,R04,Consumer,2025-12-03,Organic
C02485,Customer 02485,Female,36,Bhopal,Madhya Pradesh,R05,Consumer,2023-10-30,Organic
C02486,Customer 02486,Other,25,Pune,Maharashtra,R04,Consumer,2022-10-26,Paid Search
C02487,Customer 02487,Male,26,Bhubaneswar,Odisha,R03,Consumer,2022-02-06,Referral
C02488,Customer 02488,Male,18,Bhopal,,R05,Small Business,2022-09-21,Social
C02489,Customer 02489,Male,40,Gurugram,Haryana,R01,Consumer,2024-01-31,Social
C02490,Customer 02490,Female,42,Coimbatore,Tamil Nadu,R02,Corporate,2025-12-02,Paid Search
C02491,Customer 02491,Female,46,Visakhapatnam,Andhra Pradesh,R02,Consumer,2024-02-17,Referral
C02492,Customer 02492,Female,24,Nagpur,Maharashtra,R04,Consumer,2025-12-07,Partner
C02493,Customer 02493,Male,39,Delhi,Delhi,R07,Corporate,2024-12-23,Email
C02494,Customer 02494,Male,35,Kochi,Kerala,R02,Corporate,2022-04-29,Referral
C02495,Customer 02495,Female,42,Guwahati,Assam,R06,Consumer,2023-06-08,Paid Search
C02496,Customer 02496,Female,28,Bengaluru,Karnataka,R02,Small Business,2024-04-29,Partner
C02497,Customer 02497,Male,32,Mysuru,Karnataka,R02,Consumer,2022-04-19,Partner
C02498,Customer 02498,Male,19,Amritsar,,R01,Consumer,2022-01-29,Partner
C02499,Customer 02499,Male,28,Indore,Madhya Pradesh,R05,Enterprise,2023-05-26,Social
C02500,Customer 02500,Male,35,Mysuru,Karnataka,R02,Enterprise,2025-07-29,Paid Search
C02501,Customer 02501,Male,37,Delhi,Delhi,R07,Consumer,2024-05-30,Paid Search
C02502,Customer 02502,Female,18,Kolkata,West Bengal,R03,Enterprise,2024-02-04,Paid Search
C02503,Customer 02503,Male,30,Visakhapatnam,Andhra Pradesh,R02,Small Business,2024-03-06,Paid Search
C02504,Customer 02504,Male,37,Indore,Madhya Pradesh,R05,Consumer,2024-03-07,Paid Search
C02505,Customer 02505,Female,49,Jodhpur,Rajasthan,R01,Consumer,2025-05-22,Partner
C02506,Customer 02506,Male,27,Delhi,Delhi,R07,Consumer,2023-04-12,Social
C02507,Customer 02507,Male,40,Visakhapatnam,Andhra Pradesh,R02,Corporate,2023-01-30,Paid Search
C02508,Customer 02508,Female,29,Vijayawada,Andhra Pradesh,R02,Small Business,2023-02-18,Referral
C02509,Customer 02509,Male,31,Bengaluru,Karnataka,R02,Consumer,2024-04-11,Paid Search
C02510,Customer 02510,Female,26,Hyderabad,Telangana,R02,Consumer,2023-01-27,Organic
C02511,Customer 02511,Male,25,Surat,Gujarat,R04,Consumer,2025-11-26,Referral
C02512,Customer 02512,Male,30,Surat,Gujarat,R04,Consumer,2024-10-04,Paid Search
C02513,Customer 02513,Male,45,Gurugram,Haryana,R01,Small Business,2023-04-04,Organic
C02514,Customer 02514,Female,27,Delhi,Delhi,R07,Consumer,2023-01-16,Social
C02515,Customer 02515,Male,26,Lucknow,Uttar Pradesh,R07,Consumer,2023-09-30,Organic
C02516,Customer 02516,Female,37,Indore,,R05,Consumer,2025-06-10,Organic
C02517,Customer 02517,Male,35,Gurugram,Haryana,R01,Small Business,2025-12-23,Social
C02518,Customer 02518,Female,34,Lucknow,Uttar Pradesh,R07,Corporate,2024-02-17,Partner
C02519,Customer 02519,Male,38,Bengaluru,Karnataka,R02,Corporate,2022-07-30,Organic
C02520,Customer 02520,Male,25,Lucknow,Uttar Pradesh,R07,Consumer,2022-03-04,Social
C02521,Customer 02521,Female,26,Gurugram,Haryana,R01,Corporate,2024-04-18,Social
C02522,Customer 02522,Male,45,Coimbatore,Tamil Nadu,R02,Corporate,2024-06-29,Referral
C02523,Customer 02523,Male,34,Nagpur,Maharashtra,R04,Corporate,2023-06-26,Social
C02524,Customer 02524,Female,41,Hyderabad,Telangana,R02,Consumer,2025-07-23,Referral
C02525,Customer 02525,Female,47,Kochi,Kerala,R02,Small Business,2022-03-09,Partner
C02526,Customer 02526,Female,43,Gurugram,Haryana,R01,Consumer,2023-03-25,Paid Search
C02527,Customer 02527,Male,21,Kochi,Kerala,R02,Consumer,2025-01-16,Email
C02528,Customer 02528,Male,34,Kochi,Kerala,R02,Enterprise,2022-12-22,Organic
C02529,Customer 02529,Male,45,Bhopal,Madhya Pradesh,R05,Consumer,2022-10-18,Email
C02530,Customer 02530,Male,40,Hyderabad,Telangana,R02,Small Business,2024-12-02,Referral
C02531,Customer 02531,Male,37,Chennai,Tamil Nadu,R02,Corporate,2025-07-27,Social
C02532,Customer 02532,Male,19,Hyderabad,Telangana,R02,Small Business,2022-09-27,Social
C02533,Customer 02533,Male,29,Kolkata,West Bengal,R03,Consumer,2023-09-03,Social
C02534,Customer 02534,Female,36,Delhi,Delhi,R07,Small Business,2025-11-25,Organic
C02535,Customer 02535,Male,21,Vijayawada,Andhra Pradesh,R02,Corporate,2022-07-31,Social
C02536,Customer 02536,Male,43,Chennai,Tamil Nadu,R02,Consumer,2022-07-22,Social
C02537,Customer 02537,Male,34,Bhubaneswar,Odisha,R03,Consumer,2022-12-26,Paid Search
C02538,Customer 02538,Male,18,Mumbai,Maharashtra,R04,Consumer,2023-12-02,Paid Search
C02539,Customer 02539,Female,29,Delhi,Delhi,R07,Consumer,2025-05-01,Paid Search
C02540,Customer 02540,Male,32,Bengaluru,Karnataka,R02,Enterprise,2023-09-28,
C02541,Customer 02541,Male,34,Bengaluru,Karnataka,R02,Consumer,2023-07-01,Paid Search
C02542,Customer 02542,Female,49,Surat,Gujarat,R04,Small Business,2025-05-26,Social
C02543,Customer 02543,Male,41,Pune,Maharashtra,R04,Consumer,2023-01-10,Partner
C02544,Customer 02544,Male,21,Kanpur,Uttar Pradesh,R07,Consumer,2023-06-19,Organic
C02545,Customer 02545,Female,20,Bengaluru,Karnataka,R02,Enterprise,2022-12-30,Organic
C02546,Customer 02546,Female,32,Mumbai,Maharashtra,R04,Consumer,2022-06-11,Partner
C02547,Customer 02547,Female,36,Ranchi,Jharkhand,R03,Corporate,2024-05-02,Referral
C02548,Customer 02548,Female,45,Gurugram,Haryana,R01,Consumer,2025-11-16,Paid Search
C02549,Customer 02549,Female,52,Nagpur,Maharashtra,R04,Consumer,2023-01-11,Organic
C02550,Customer 02550,Male,53,Jodhpur,Rajasthan,R01,Consumer,2022-04-16,Social
C02551,Customer 02551,Male,31,Bengaluru,Karnataka,R02,Corporate,2025-09-28,Email
C02552,Customer 02552,Male,44,Bengaluru,Karnataka,R02,Consumer,2022-06-05,Paid Search
C02553,Customer 02553,Female,39,Hyderabad,Telangana,R02,Small Business,2022-03-14,Email
C02554,Customer 02554,Female,24,Vijayawada,Andhra Pradesh,R02,Corporate,2024-12-12,Paid Search
C02555,Customer 02555,Male,18,Jodhpur,Rajasthan,R01,Consumer,2022-08-16,Social
C02556,Customer 02556,Female,36,Kolkata,West Bengal,R03,Consumer,2025-12-26,Organic
C02557,Customer 02557,Female,20,Delhi,Delhi,R07,Consumer,2023-09-19,Social
C02558,Customer 02558,Male,26,Noida,Uttar Pradesh,R07,Small Business,2024-09-05,Partner
C02559,Customer 02559,Female,28,Ahmedabad,Gujarat,R04,Consumer,2022-11-01,Organic
C02560,Customer 02560,Female,37,Delhi,Delhi,R07,Consumer,2022-11-06,Social
C02561,Customer 02561,Male,48,Coimbatore,Tamil Nadu,R02,Consumer,2025-02-11,Paid Search
C02562,Customer 02562,Female,35,Kolkata,West Bengal,R03,Consumer,2024-01-16,Paid Search
C02563,Customer 02563,Male,30,Patna,Bihar,R03,Corporate,2025-09-01,Organic
C02564,Customer 02564,Male,18,Bengaluru,Karnataka,R02,Consumer,2025-09-08,Social
C02565,Customer 02565,Female,40,Coimbatore,Tamil Nadu,R02,Consumer,2024-05-26,Partner
C02566,Customer 02566,Female,35,Pune,Maharashtra,R04,Consumer,2025-02-14,Organic
C02567,Customer 02567,Female,30,Delhi,Delhi,R07,Corporate,2025-06-01,Organic
C02568,Customer 02568,Female,47,Delhi,Delhi,R07,Corporate,2024-04-30,Organic
C02569,Customer 02569,Female,23,Hyderabad,Telangana,R02,Consumer,2025-03-15,Social
C02570,Customer 02570,Male,28,Dehradun,Uttarakhand,R01,Consumer,2022-02-08,Organic
C02571,Customer 02571,Female,33,Delhi,Delhi,R07,Corporate,2022-08-20,Partner
C02572,Customer 02572,Female,29,Mysuru,Karnataka,R02,Consumer,2023-11-25,Referral
C02573,Customer 02573,Male,41,Patna,Bihar,R03,Consumer,2022-04-25,Referral
C02574,Customer 02574,Male,40,Indore,Madhya Pradesh,R05,Consumer,2023-11-06,Organic
C02575,Customer 02575,Female,46,Mysuru,Karnataka,R02,Consumer,2024-07-08,Social
C02576,Customer 02576,Other,40,Chennai,Tamil Nadu,R02,Consumer,2023-06-22,Email
C02577,Customer 02577,Other,34,Kolkata,West Bengal,R03,Consumer,2025-12-06,Social
C02578,Customer 02578,Male,32,Raipur,Chhattisgarh,R05,Consumer,2025-06-28,Referral
C02579,Customer 02579,Female,40,Faridabad,Haryana,R01,Consumer,2025-04-30,Referral
C02580,Customer 02580,Male,33,Kochi,Kerala,R02,Consumer,2024-11-06,Partner
C02581,Customer 02581,Female,35,Delhi,Delhi,R07,Consumer,2024-06-19,Paid Search
C02582,Customer 02582,Female,40,Bhopal,Madhya Pradesh,R05,Consumer,2024-08-24,Email
C02583,Customer 02583,Female,36,Delhi,Delhi,R07,Corporate,2022-06-12,Organic
C02584,Customer 02584,Other,38,Amritsar,Punjab,R01,Small Business,2025-10-01,Social
C02585,Customer 02585,Male,27,Delhi,Delhi,R07,Enterprise,2025-02-13,Social
C02586,Customer 02586,Female,48,Surat,Gujarat,R04,Consumer,2023-02-28,Paid Search
C02587,Customer 02587,Female,24,Nagpur,Maharashtra,R04,Consumer,2024-09-24,Organic
C02588,Customer 02588,Male,39,Faridabad,Haryana,R01,Consumer,2023-08-27,Paid Search
C02589,Customer 02589,Male,30,Ahmedabad,Gujarat,R04,Small Business,2025-09-26,Organic
C02590,Customer 02590,Female,46,Mumbai,Maharashtra,R04,Consumer,2024-02-22,Social
C02591,Customer 02591,Male,44,Bhubaneswar,Odisha,R03,Consumer,2024-11-02,Organic
C02592,Customer 02592,Male,35,Kochi,Kerala,R02,Small Business,2022-10-04,Social
C02593,Customer 02593,Female,51,Hyderabad,Telangana,R02,Consumer,2022-06-01,Paid Search
C02594,Customer 02594,Male,33,Gurugram,Haryana,R01,Consumer,2025-08-08,Organic
C02595,Customer 02595,Male,44,Jaipur,Rajasthan,R01,Consumer,2024-06-09,Referral
C02596,Customer 02596,Female,28,Kochi,Kerala,R02,Corporate,2024-08-28,Paid Search
C02597,Customer 02597,Male,39,Delhi,Delhi,R07,Corporate,2023-08-13,Social
C02598,Customer 02598,Female,26,Nagpur,Maharashtra,R04,Consumer,2024-07-10,Partner
C02599,Customer 02599,Male,35,Vijayawada,Andhra Pradesh,R02,Corporate,2023-09-08,Partner
C02600,Customer 02600,Female,34,Vijayawada,Andhra Pradesh,R02,Consumer,2024-07-18,Social
C02601,Customer 02601,Male,44,Surat,Gujarat,R04,Consumer,2024-07-13,Social
C02602,Customer 02602,Female,28,Hyderabad,Telangana,R02,Small Business,2022-11-19,Social
C02603,Customer 02603,Female,66,Ahmedabad,Gujarat,R04,Small Business,2025-08-07,Paid Search
C02604,Customer 02604,Female,21,Patna,Bihar,R03,Small Business,2025-10-12,Paid Search
C02605,Customer 02605,Female,37,Delhi,Delhi,R07,Corporate,2025-01-15,Organic
C02606,Customer 02606,Male,38,Faridabad,Haryana,R01,Consumer,2022-01-30,Partner
C02607,Customer 02607,Male,40,Coimbatore,Tamil Nadu,R02,Consumer,2022-02-02,Organic
C02608,Customer 02608,Female,30,Lucknow,Uttar Pradesh,R07,Consumer,2025-03-20,Paid Search
C02609,Customer 02609,Female,37,Hyderabad,Telangana,R02,Consumer,2022-08-03,Organic
C02610,Customer 02610,Female,29,Nagpur,Maharashtra,R04,Consumer,2025-11-29,Organic
C02611,Customer 02611,Male,54,Guwahati,Assam,R06,Consumer,2023-06-15,Organic
C02612,Customer 02612,Female,29,Bhopal,Madhya Pradesh,R05,Consumer,2022-09-15,Paid Search
C02613,Customer 02613,Male,34,Bengaluru,Karnataka,R02,Small Business,2024-09-27,Social
C02614,Customer 02614,Female,28,Bhubaneswar,Odisha,R03,Consumer,2024-09-28,Partner
C02615,Customer 02615,Female,27,Jaipur,Rajasthan,R01,Consumer,2024-07-15,Referral
C02616,Customer 02616,Male,21,Bengaluru,Karnataka,R02,Small Business,2025-01-27,Email
C02617,Customer 02617,Female,42,Amritsar,Punjab,R01,Corporate,2024-01-06,Social
C02618,Customer 02618,Male,28,Raipur,Chhattisgarh,R05,Consumer,2023-04-06,Organic
C02619,Customer 02619,Female,27,Bhopal,Madhya Pradesh,R05,Corporate,2023-09-21,Email
C02620,Customer 02620,Female,25,Kochi,Kerala,R02,Small Business,2024-07-09,Social
C02621,Customer 02621,Male,38,Guwahati,Assam,R06,Small Business,2025-02-27,Email
C02622,Customer 02622,,35,Ranchi,Jharkhand,R03,Consumer,2023-09-24,Organic
C02623,Customer 02623,Female,35,Noida,Uttar Pradesh,R07,Consumer,2022-05-20,Paid Search
C02624,Customer 02624,Female,27,Vijayawada,Andhra Pradesh,R02,Corporate,2023-08-10,Paid Search
C02625,Customer 02625,Male,39,Chennai,Tamil Nadu,R02,Consumer,2024-05-19,Paid Search
C02626,Customer 02626,Male,28,Ahmedabad,,R04,Small Business,2025-02-04,Referral
C02627,Customer 02627,Male,36,Mysuru,Karnataka,R02,Corporate,2025-03-27,Email
C02628,Customer 02628,Female,34,Pune,Maharashtra,R04,Small Business,2025-02-27,Partner
C02629,Customer 02629,Male,18,Jodhpur,Rajasthan,R01,Enterprise,2023-02-02,Email
C02630,Customer 02630,Female,55,Noida,Uttar Pradesh,R07,Corporate,2022-02-03,Email
C02631,Customer 02631,Female,41,Delhi,Delhi,R07,Small Business,2022-10-23,Email
C02632,Customer 02632,Female,37,Bengaluru,Karnataka,R02,Corporate,2022-06-25,Referral
C02633,Customer 02633,Other,38,Kochi,Kerala,R02,Consumer,2024-09-10,Referral
C02634,Customer 02634,Male,56,Hyderabad,Telangana,R02,Small Business,2023-01-31,Organic
C02635,Customer 02635,Female,46,Mysuru,Karnataka,R02,Corporate,2022-09-14,Partner
C02636,Customer 02636,Female,38,Ahmedabad,Gujarat,R04,Enterprise,2024-02-27,Social
C02637,Customer 02637,Female,28,Ahmedabad,Gujarat,R04,Consumer,2023-12-15,Organic
C02638,Customer 02638,Female,29,Amritsar,,R01,Consumer,2024-10-24,Paid Search
C02639,Customer 02639,Male,18,Indore,Madhya Pradesh,R05,Small Business,2025-09-10,Email
C02640,Customer 02640,Female,31,Ludhiana,Punjab,R01,Consumer,2022-05-03,Referral
C02641,Customer 02641,Male,42,Kolkata,West Bengal,R03,Corporate,2022-03-30,Organic
C02642,Customer 02642,Female,41,Patna,Bihar,R03,Consumer,2025-04-08,Paid Search
C02643,Customer 02643,Male,41,Chennai,Tamil Nadu,R02,Consumer,2025-08-21,Referral
C02644,Customer 02644,Female,30,Raipur,Chhattisgarh,R05,Consumer,2023-05-06,Referral
C02645,Customer 02645,Female,41,Jodhpur,Rajasthan,R01,Small Business,2022-10-06,Organic
C02646,Customer 02646,Female,43,Guwahati,Assam,R06,Consumer,2023-03-13,Referral
C02647,Customer 02647,Female,18,Patna,Bihar,R03,Small Business,2023-12-06,Referral
C02648,Customer 02648,Male,38,Bhopal,Madhya Pradesh,R05,Corporate,2022-01-18,Organic
C02649,Customer 02649,Male,56,Hyderabad,Telangana,R02,Corporate,2022-07-13,Paid Search
C02650,Customer 02650,Male,32,Bhopal,Madhya Pradesh,R05,Consumer,2022-02-20,Paid Search
C02651,Customer 02651,Female,18,Dehradun,Uttarakhand,R01,Consumer,2024-11-03,Referral
C02652,Customer 02652,Male,27,Ahmedabad,Gujarat,R04,Small Business,2023-10-12,Partner
C02653,Customer 02653,Male,18,Indore,Madhya Pradesh,R05,Consumer,2025-12-28,Partner
C02654,Customer 02654,Male,29,Patna,,R03,Consumer,2023-10-12,Referral
C02655,Customer 02655,Female,23,Ahmedabad,Gujarat,R04,Enterprise,2023-03-18,Paid Search
C02656,Customer 02656,Female,44,Kochi,Kerala,R02,Consumer,2023-03-24,Organic
C02657,Customer 02657,Male,43,Mumbai,Maharashtra,R04,Consumer,2025-09-12,Social
C02658,Customer 02658,Female,38,Coimbatore,Tamil Nadu,R02,Enterprise,2022-10-02,Social
C02659,Customer 02659,Male,47,Gurugram,Haryana,R01,Consumer,2024-12-02,Referral
C02660,Customer 02660,Male,29,Lucknow,Uttar Pradesh,R07,Consumer,2025-07-09,
C02661,Customer 02661,Male,36,Bhopal,Madhya Pradesh,R05,Consumer,2025-11-11,Organic
C02662,Customer 02662,Female,57,Pune,Maharashtra,R04,Small Business,2022-05-04,Paid Search
C02663,Customer 02663,Male,41,Pune,Maharashtra,R04,Small Business,2024-09-08,Social
C02664,Customer 02664,Male,41,Lucknow,Uttar Pradesh,R07,Small Business,2025-03-30,Paid Search
C02665,Customer 02665,Female,27,Mysuru,Karnataka,R02,Enterprise,2024-09-23,Organic
C02666,Customer 02666,Female,31,Bhopal,Madhya Pradesh,R05,Consumer,2025-05-13,Social
C02667,Customer 02667,Female,25,Kochi,Kerala,R02,Corporate,2025-10-10,Organic
C02668,Customer 02668,Female,52,Delhi,Delhi,R07,Consumer,2025-07-10,Paid Search
C02669,Customer 02669,Female,19,Chennai,Tamil Nadu,R02,Small Business,2024-11-28,Partner
C02670,Customer 02670,Male,44,Ahmedabad,Gujarat,R04,Small Business,2022-10-11,Social
C02671,Customer 02671,Female,41,Coimbatore,Tamil Nadu,R02,Consumer,2025-05-23,Organic
C02672,Customer 02672,Male,19,Surat,Gujarat,R04,Small Business,2024-09-27,Email
C02673,Customer 02673,Male,46,Mumbai,,R04,Corporate,2023-02-20,Organic
C02674,Customer 02674,Other,32,Mysuru,Karnataka,R02,Consumer,2024-08-02,Organic
C02675,Customer 02675,Male,22,Chennai,Tamil Nadu,R02,Corporate,2022-09-04,Partner
C02676,Customer 02676,Male,39,Mysuru,Karnataka,R02,Enterprise,2025-05-03,Email
C02677,Customer 02677,Male,27,Mysuru,Karnataka,R02,Consumer,2024-07-24,Paid Search
C02678,Customer 02678,Female,33,Indore,Madhya Pradesh,R05,Consumer,2024-07-29,Referral
C02679,Customer 02679,Female,30,Patna,Bihar,R03,Enterprise,2023-01-05,Social
C02680,Customer 02680,Male,26,Nagpur,Maharashtra,R04,Consumer,2022-08-10,Partner
C02681,Customer 02681,Male,23,Indore,Madhya Pradesh,R05,Consumer,2023-09-20,Social
C02682,Customer 02682,Female,43,Raipur,Chhattisgarh,R05,Corporate,2023-05-27,Referral
C02683,Customer 02683,Female,38,Gurugram,Haryana,R01,Corporate,2025-06-04,Organic
C02684,Customer 02684,Male,38,Coimbatore,Tamil Nadu,R02,Consumer,2025-12-09,Organic
C02685,Customer 02685,Male,31,Jaipur,Rajasthan,R01,Consumer,2024-07-11,Organic
C02686,Customer 02686,Female,36,Patna,Bihar,R03,Small Business,2025-03-10,Social
C02687,Customer 02687,Male,28,Kanpur,Uttar Pradesh,R07,Consumer,2025-10-11,Social
C02688,Customer 02688,Female,27,Hyderabad,Telangana,R02,Corporate,2024-12-09,Paid Search
C02689,Customer 02689,Male,52,Kanpur,Uttar Pradesh,R07,Small Business,2023-06-03,Organic
C02690,Customer 02690,Female,44,Mysuru,Karnataka,R02,Consumer,2022-12-06,Paid Search
C02691,Customer 02691,Female,29,Vijayawada,Andhra Pradesh,R02,Small Business,2023-02-14,Organic
C02692,Customer 02692,Female,20,Mumbai,Maharashtra,R04,Small Business,2023-04-05,Email
C02693,Customer 02693,Female,18,Guwahati,Assam,R06,Enterprise,2022-11-09,Email
C02694,Customer 02694,Male,29,Dehradun,Uttarakhand,R01,Consumer,2024-09-14,Social
C02695,Customer 02695,Male,36,Guwahati,Assam,R06,Consumer,2025-11-27,Partner
C02696,Customer 02696,Female,36,Gurugram,Haryana,R01,Corporate,2023-01-13,Social
C02697,Customer 02697,Female,36,Bhopal,Madhya Pradesh,R05,Small Business,2023-09-20,Social
C02698,Customer 02698,Female,38,Delhi,Delhi,R07,Enterprise,2025-10-07,Social
C02699,Customer 02699,Male,25,Pune,Maharashtra,R04,Consumer,2025-09-06,Organic
C02700,Customer 02700,Female,50,Guwahati,Assam,R06,Consumer,2022-02-07,Organic
C02701,Customer 02701,Male,33,Kolkata,West Bengal,R03,Consumer,2023-05-19,Social
C02702,Customer 02702,Male,38,Mysuru,Karnataka,R02,Corporate,2023-05-26,Organic
C02703,Customer 02703,Male,28,Mumbai,Maharashtra,R04,Small Business,2023-02-25,Email
C02704,Customer 02704,Female,38,Indore,Madhya Pradesh,R05,Small Business,2025-10-08,Organic
C02705,Customer 02705,Female,56,Kolkata,West Bengal,R03,Consumer,2025-01-31,Paid Search
C02706,Customer 02706,Male,25,Surat,Gujarat,R04,Enterprise,2022-04-05,Social
C02707,Customer 02707,Female,24,Kochi,Kerala,R02,Consumer,2024-06-21,Organic
C02708,Customer 02708,Male,26,Lucknow,Uttar Pradesh,R07,Consumer,2024-04-22,Organic
C02709,Customer 02709,Male,32,Faridabad,Haryana,R01,Consumer,2024-02-06,Social
C02710,Customer 02710,Male,30,Hyderabad,Telangana,R02,Consumer,2024-11-20,Organic
C02711,Customer 02711,Male,25,Ranchi,Jharkhand,R03,Small Business,2023-10-06,Organic
C02712,Customer 02712,Male,35,Noida,Uttar Pradesh,R07,Corporate,2024-11-05,Organic
C02713,Customer 02713,Male,51,Lucknow,Uttar Pradesh,R07,Consumer,2023-11-13,Social
C02714,Customer 02714,Female,34,Faridabad,Haryana,R01,Consumer,2025-10-12,Email
C02715,Customer 02715,Female,34,Raipur,Chhattisgarh,R05,Consumer,2025-05-04,Email
C02716,Customer 02716,Female,38,Lucknow,Uttar Pradesh,R07,Corporate,2022-03-19,Paid Search
C02717,Customer 02717,Male,41,Mysuru,Karnataka,R02,Consumer,2022-08-12,Referral
C02718,Customer 02718,Female,49,Dehradun,Uttarakhand,R01,Consumer,2023-08-07,Partner
C02719,Customer 02719,Male,37,Delhi,Delhi,R07,Consumer,2022-03-16,Paid Search
C02720,Customer 02720,Male,35,Bengaluru,Karnataka,R02,Small Business,2022-04-12,Partner
C02721,Customer 02721,Female,25,Bengaluru,Karnataka,R02,Consumer,2022-01-09,Email
C02722,Customer 02722,Male,42,Bhopal,Madhya Pradesh,R05,Consumer,2025-08-07,Organic
C02723,Customer 02723,Female,27,Pune,,R04,Consumer,2023-12-25,Paid Search
C02724,Customer 02724,Female,26,Ahmedabad,Gujarat,R04,Consumer,2025-02-15,Partner
C02725,Customer 02725,Male,37,Gurugram,Haryana,R01,Consumer,2025-04-10,Organic
C02726,Customer 02726,Female,50,Patna,Bihar,R03,Consumer,2022-08-31,Organic
C02727,Customer 02727,Male,42,Bhubaneswar,Odisha,R03,Corporate,2024-09-07,Organic
C02728,Customer 02728,Other,35,Gurugram,Haryana,R01,Consumer,2024-06-22,Organic
C02729,Customer 02729,Female,25,Mumbai,Maharashtra,R04,Consumer,2025-12-18,Organic
C02730,Customer 02730,Male,50,Kochi,Kerala,R02,Enterprise,2025-06-29,Paid Search
C02731,Customer 02731,Male,34,Delhi,Delhi,R07,Consumer,2024-06-10,Email
C02732,Customer 02732,Male,32,Jodhpur,Rajasthan,R01,Consumer,2024-09-15,Organic
C02733,Customer 02733,Female,41,Mysuru,Karnataka,R02,Consumer,2024-01-14,Email
C02734,Customer 02734,Male,31,Mumbai,Maharashtra,R04,Consumer,2024-05-03,Partner
C02735,Customer 02735,Female,27,Jaipur,Rajasthan,R01,Consumer,2024-04-29,Social
C02736,Customer 02736,Male,28,Ahmedabad,Gujarat,R04,Small Business,2025-07-16,Partner
C02737,Customer 02737,Other,28,Amritsar,,R01,Consumer,2025-07-12,Social
C02738,Customer 02738,Male,24,Bengaluru,Karnataka,R02,Corporate,2022-11-20,Organic
C02739,Customer 02739,Female,23,Kolkata,West Bengal,R03,Enterprise,2022-01-22,Organic
C02740,Customer 02740,Female,45,Chennai,Tamil Nadu,R02,Consumer,2023-01-16,Social
C02741,Customer 02741,Male,42,Delhi,Delhi,R07,Corporate,2023-11-13,Partner
C02742,Customer 02742,Male,27,Bhopal,Madhya Pradesh,R05,Consumer,2022-11-18,Organic
C02743,Customer 02743,Female,44,Amritsar,Punjab,R01,Consumer,2023-08-24,Social
C02744,Customer 02744,Female,38,Patna,Bihar,R03,Small Business,2023-09-26,Email
C02745,Customer 02745,Female,32,Mumbai,Maharashtra,R04,Consumer,2025-10-24,Partner
C02746,Customer 02746,Male,23,Bhubaneswar,Odisha,R03,Enterprise,2023-10-04,Partner
C02747,Customer 02747,Female,38,Amritsar,Punjab,R01,Corporate,2022-10-01,Organic
C02748,Customer 02748,Female,54,Amritsar,Punjab,R01,Consumer,2023-08-21,Organic
C02749,Customer 02749,Female,35,Bengaluru,Karnataka,R02,Consumer,2022-02-07,Organic
C02750,Customer 02750,Male,45,Delhi,Delhi,R07,Corporate,2022-02-13,Organic
C02751,Customer 02751,Male,33,Kanpur,Uttar Pradesh,R07,Consumer,2024-07-11,Partner
C02752,Customer 02752,Other,44,Kolkata,,R03,Consumer,2023-01-03,Referral
C02753,Customer 02753,Female,33,Indore,Madhya Pradesh,R05,Consumer,2024-07-02,Partner
C02754,Customer 02754,Female,18,Delhi,Delhi,R07,Consumer,2022-02-24,Paid Search
C02755,Customer 02755,Female,28,Guwahati,Assam,R06,Enterprise,2023-04-12,Paid Search
C02756,Customer 02756,Male,36,Bhopal,Madhya Pradesh,R05,Consumer,2024-04-17,Organic
C02757,Customer 02757,Female,46,Guwahati,Assam,R06,Consumer,2024-02-28,Paid Search
C02758,Customer 02758,Female,33,Kolkata,West Bengal,R03,Small Business,2024-05-16,Email
C02759,Customer 02759,Female,35,Kolkata,West Bengal,R03,Corporate,2024-05-21,Referral
C02760,Customer 02760,Female,29,Bengaluru,Karnataka,R02,Small Business,2023-04-15,Email
C02761,Customer 02761,Male,51,Hyderabad,Telangana,R02,Enterprise,2023-05-31,Email
C02762,Customer 02762,Male,50,Kochi,Kerala,R02,Consumer,2023-08-19,Organic
C02763,Customer 02763,Female,28,Delhi,Delhi,R07,Consumer,2023-09-07,Organic
C02764,Customer 02764,Female,20,Mumbai,Maharashtra,R04,Corporate,2025-02-22,Referral
C02765,Customer 02765,Male,18,Delhi,Delhi,R07,Consumer,2022-07-27,Paid Search
C02766,Customer 02766,Other,41,Visakhapatnam,Andhra Pradesh,R02,Corporate,2024-03-30,Organic
C02767,Customer 02767,Male,36,Surat,Gujarat,R04,Consumer,2025-01-31,Organic
C02768,Customer 02768,Male,27,Kolkata,West Bengal,R03,Small Business,2023-05-14,Partner
C02769,Customer 02769,Female,38,Indore,Madhya Pradesh,R05,Corporate,2023-07-23,Email
C02770,Customer 02770,Female,23,Dehradun,Uttarakhand,R01,Consumer,2024-09-17,Paid Search
C02771,Customer 02771,Female,43,Gurugram,Haryana,R01,Consumer,2024-08-01,Referral
C02772,Customer 02772,Female,31,Bhopal,Madhya Pradesh,R05,Enterprise,2024-03-20,Organic
C02773,Customer 02773,Female,24,Guwahati,Assam,R06,Corporate,2023-09-16,Organic
C02774,Customer 02774,Male,31,Delhi,Delhi,R07,Small Business,2022-03-09,Paid Search
C02775,Customer 02775,Female,31,Patna,Bihar,R03,Small Business,2022-08-26,Paid Search
C02776,Customer 02776,Female,39,Nagpur,Maharashtra,R04,Consumer,2023-12-13,Partner
C02777,Customer 02777,Female,47,Hyderabad,Telangana,R02,Consumer,2024-10-20,Organic
C02778,Customer 02778,Female,46,Mysuru,Karnataka,R02,Consumer,2022-10-24,Social
C02779,Customer 02779,Male,37,Kanpur,Uttar Pradesh,R07,Corporate,2023-09-02,Email
C02780,Customer 02780,Male,33,Gurugram,Haryana,R01,Corporate,2022-12-27,Organic
C02781,Customer 02781,Female,29,Gurugram,Haryana,R01,Consumer,2022-09-28,Social
C02782,Customer 02782,,18,Faridabad,Haryana,R01,Enterprise,2025-08-07,Paid Search
C02783,Customer 02783,Male,35,Hyderabad,,R02,Consumer,2025-09-25,Organic
C02784,Customer 02784,Male,26,Nagpur,Maharashtra,R04,Small Business,2025-07-29,Organic
C02785,Customer 02785,Male,47,Lucknow,Uttar Pradesh,R07,Consumer,2023-08-14,Email
C02786,Customer 02786,Female,33,Kolkata,West Bengal,R03,Consumer,2024-11-28,Social
C02787,Customer 02787,Male,42,Kolkata,West Bengal,R03,Consumer,2023-02-19,Organic
C02788,Customer 02788,Female,30,Mysuru,Karnataka,R02,Corporate,2024-04-21,Paid Search
C02789,Customer 02789,Female,28,Vijayawada,Andhra Pradesh,R02,Small Business,2023-01-04,Email
C02790,Customer 02790,Male,41,Pune,Maharashtra,R04,Consumer,2024-07-02,Referral
C02791,Customer 02791,Female,38,Indore,Madhya Pradesh,R05,Consumer,2023-09-09,Partner
C02792,Customer 02792,Female,38,Delhi,Delhi,R07,Corporate,2023-06-11,Email
C02793,Customer 02793,Male,34,Patna,Bihar,R03,Consumer,2022-05-07,Organic
C02794,Customer 02794,Male,43,Dehradun,Uttarakhand,R01,Corporate,2023-01-20,Organic
C02795,Customer 02795,Male,41,Indore,Madhya Pradesh,R05,Consumer,2023-10-06,Social
C02796,Customer 02796,Female,18,Chennai,Tamil Nadu,R02,Small Business,2024-05-15,Paid Search
C02797,Customer 02797,Female,32,Hyderabad,Telangana,R02,Corporate,2025-05-06,Social
C02798,Customer 02798,Female,45,Pune,Maharashtra,R04,Consumer,2024-12-17,Referral
C02799,Customer 02799,Female,25,Kolkata,West Bengal,R03,Small Business,2024-03-07,Organic
C02800,Customer 02800,Female,18,Bhubaneswar,Odisha,R03,Consumer,2023-12-25,Partner
C02801,Customer 02801,Male,34,Dehradun,Uttarakhand,R01,Small Business,2023-11-16,Social
C02802,Customer 02802,Male,40,Bengaluru,Karnataka,R02,Corporate,2025-08-01,Referral
C02803,Customer 02803,Female,30,Delhi,Delhi,R07,Consumer,2025-05-08,Paid Search
C02804,Customer 02804,Female,48,Coimbatore,Tamil Nadu,R02,Corporate,2023-07-22,Referral
C02805,Customer 02805,Female,53,Faridabad,Haryana,R01,Consumer,2024-04-04,Partner
C02806,Customer 02806,Female,18,Kanpur,Uttar Pradesh,R07,Small Business,2023-07-05,Organic
C02807,Customer 02807,Male,31,Mumbai,Maharashtra,R04,Enterprise,2024-04-07,Paid Search
C02808,Customer 02808,Male,18,Patna,Bihar,R03,Corporate,2023-09-14,Referral
C02809,Customer 02809,Female,42,Ludhiana,Punjab,R01,Consumer,2025-05-26,Email
C02810,Customer 02810,Female,28,Gurugram,Haryana,R01,Corporate,2024-10-25,Referral
C02811,Customer 02811,Female,30,Delhi,Delhi,R07,Consumer,2022-09-12,Organic
C02812,Customer 02812,Male,46,Guwahati,Assam,R06,Consumer,2022-02-10,Referral
C02813,Customer 02813,Female,22,Kolkata,West Bengal,R03,Small Business,2025-11-04,Referral
C02814,Customer 02814,Male,19,Delhi,Delhi,R07,Consumer,2023-06-01,Organic
C02815,Customer 02815,Male,18,Delhi,Delhi,R07,Consumer,2022-08-09,Social
C02816,Customer 02816,Female,48,Mysuru,Karnataka,R02,Consumer,2024-12-21,Social
C02817,Customer 02817,Female,45,Jaipur,Rajasthan,R01,Enterprise,2023-11-24,Paid Search
C02818,Customer 02818,Female,32,Coimbatore,Tamil Nadu,R02,Enterprise,2024-03-21,Organic
C02819,Customer 02819,Male,22,Surat,Gujarat,R04,Consumer,2024-07-19,Email
C02820,Customer 02820,,43,Kochi,Kerala,R02,Consumer,2023-03-29,Organic
C02821,Customer 02821,Female,63,Jodhpur,Rajasthan,R01,Small Business,2024-04-09,Paid Search
C02822,Customer 02822,Female,33,Kolkata,West Bengal,R03,Consumer,2024-08-17,Referral
C02823,Customer 02823,Female,23,Delhi,Delhi,R07,Enterprise,2024-06-15,Organic
C02824,Customer 02824,Male,47,Vijayawada,Andhra Pradesh,R02,Small Business,2025-08-09,Organic
C02825,Customer 02825,Female,24,Dehradun,Uttarakhand,R01,Small Business,2023-07-26,Partner
C02826,Customer 02826,Male,31,Patna,Bihar,R03,Consumer,2024-01-08,Social
C02827,Customer 02827,Male,18,Ahmedabad,Gujarat,R04,Corporate,2025-01-01,Organic
C02828,Customer 02828,Female,32,Lucknow,Uttar Pradesh,R07,Enterprise,2024-12-16,Organic
C02829,Customer 02829,Male,22,Indore,Madhya Pradesh,R05,Consumer,2025-12-26,Organic
C02830,Customer 02830,Female,48,Patna,Bihar,R03,Small Business,2022-10-17,Referral
C02831,Customer 02831,Female,25,Lucknow,Uttar Pradesh,R07,Consumer,2025-09-06,Paid Search
C02832,Customer 02832,Male,43,Surat,Gujarat,R04,Enterprise,2023-11-23,Organic
C02833,Customer 02833,Male,34,Surat,Gujarat,R04,Corporate,2022-11-11,Partner
C02834,Customer 02834,Female,36,Indore,Madhya Pradesh,R05,Consumer,2023-03-02,Referral
C02835,Customer 02835,Female,40,Kolkata,West Bengal,R03,Consumer,2023-05-30,Email
C02836,Customer 02836,Female,34,Hyderabad,Telangana,R02,Consumer,2025-12-21,Referral
C02837,Customer 02837,Male,29,Hyderabad,Telangana,R02,Consumer,2022-06-10,Partner
C02838,Customer 02838,,27,Jaipur,Rajasthan,R01,Small Business,2022-11-16,Paid Search
C02839,Customer 02839,Female,40,Mumbai,Maharashtra,R04,Consumer,2024-11-10,Organic
C02840,Customer 02840,Male,18,Delhi,Delhi,R07,Enterprise,2025-10-16,Organic
C02841,Customer 02841,Male,52,Bhubaneswar,Odisha,R03,Consumer,2022-04-26,Organic
C02842,Customer 02842,Female,36,Ahmedabad,Gujarat,R04,Corporate,2023-08-21,Email
C02843,Customer 02843,Male,32,Surat,Gujarat,R04,Enterprise,2023-08-21,Social
C02844,Customer 02844,Male,38,Kanpur,Uttar Pradesh,R07,Corporate,2023-12-30,Organic
C02845,Customer 02845,Other,29,Ludhiana,Punjab,R01,Small Business,2025-01-20,Organic
C02846,Customer 02846,Male,33,Chennai,Tamil Nadu,R02,Enterprise,2024-02-05,Referral
C02847,Customer 02847,Female,24,Noida,Uttar Pradesh,R07,Corporate,2022-07-22,Paid Search
C02848,Customer 02848,Female,39,Delhi,Delhi,R07,Small Business,2022-12-20,Email
C02849,Customer 02849,Female,34,Bhubaneswar,Odisha,R03,Consumer,2024-12-15,Partner
C02850,Customer 02850,,37,Mumbai,Maharashtra,R04,Consumer,2022-12-16,Referral
C02851,Customer 02851,Male,50,Mumbai,Maharashtra,R04,Consumer,2023-12-27,Organic
C02852,Customer 02852,Female,27,Ahmedabad,Gujarat,R04,Small Business,2023-07-04,Referral
C02853,Customer 02853,Female,34,Bhopal,Madhya Pradesh,R05,Corporate,2023-10-04,Social
C02854,Customer 02854,Male,18,Nagpur,Maharashtra,R04,Corporate,2024-12-24,Email
C02855,Customer 02855,Male,41,Patna,Bihar,R03,Small Business,2022-12-22,Organic
C02856,Customer 02856,Female,35,Visakhapatnam,Andhra Pradesh,R02,Consumer,2024-10-20,Referral
C02857,Customer 02857,Male,35,Hyderabad,Telangana,R02,Enterprise,2025-01-17,Social
C02858,Customer 02858,Female,33,Surat,Gujarat,R04,Consumer,2025-12-28,Social
C02859,Customer 02859,Female,29,Patna,Bihar,R03,Consumer,2023-10-23,Paid Search
C02860,Customer 02860,Male,60,Ahmedabad,Gujarat,R04,Corporate,2022-05-10,Organic
C02861,Customer 02861,Female,35,Surat,Gujarat,R04,Consumer,2024-09-01,Email
C02862,Customer 02862,Female,38,Bengaluru,Karnataka,R02,Corporate,2025-01-14,Organic
C02863,Customer 02863,Female,24,Pune,Maharashtra,R04,Small Business,2022-02-15,Paid Search
C02864,Customer 02864,Female,44,Faridabad,Haryana,R01,Small Business,2022-10-12,Social
C02865,Customer 02865,Male,34,Surat,Gujarat,R04,Consumer,2023-05-17,Paid Search
C02866,Customer 02866,Female,39,Gurugram,Haryana,R01,Consumer,2024-01-17,Referral
C02867,Customer 02867,Male,44,Surat,Gujarat,R04,Consumer,2024-01-23,Paid Search
C02868,Customer 02868,Male,34,Mysuru,Karnataka,R02,Consumer,2022-10-14,Social
C02869,Customer 02869,Female,28,Vijayawada,Andhra Pradesh,R02,Consumer,2022-10-20,Organic
C02870,Customer 02870,Male,18,Delhi,Delhi,R07,Consumer,2025-09-29,Paid Search
C02871,Customer 02871,Female,31,Coimbatore,Tamil Nadu,R02,Small Business,2024-11-16,Social
C02872,Customer 02872,Male,28,Ahmedabad,Gujarat,R04,Enterprise,2024-01-12,Partner
C02873,Customer 02873,Male,24,Delhi,Delhi,R07,Small Business,2023-04-29,Organic
C02874,Customer 02874,Female,50,Noida,Uttar Pradesh,R07,Consumer,2023-11-17,Paid Search
C02875,Customer 02875,Male,45,Faridabad,Haryana,R01,Consumer,2025-11-11,Organic
C02876,Customer 02876,Male,18,Lucknow,Uttar Pradesh,R07,Consumer,2023-03-26,Organic
C02877,Customer 02877,Male,37,Jaipur,Rajasthan,R01,Consumer,2023-04-28,Paid Search
C02878,Customer 02878,Female,27,Pune,Maharashtra,R04,Consumer,2023-10-18,Partner
C02879,Customer 02879,Female,39,Bengaluru,Karnataka,R02,Enterprise,2022-10-03,Paid Search
C02880,Customer 02880,Female,27,Delhi,Delhi,R07,Corporate,2022-06-11,Organic
C02881,Customer 02881,Female,30,Faridabad,Haryana,R01,Consumer,2025-07-28,Partner
C02882,Customer 02882,Female,45,Delhi,Delhi,R07,Corporate,2024-09-26,Referral
C02883,Customer 02883,Male,43,Mysuru,Karnataka,R02,Enterprise,2023-05-07,Paid Search
C02884,Customer 02884,Male,50,Mumbai,Maharashtra,R04,Consumer,2024-04-13,Referral
C02885,Customer 02885,Female,33,Bengaluru,Karnataka,R02,Small Business,2023-12-26,Referral
C02886,Customer 02886,Male,20,Kanpur,Uttar Pradesh,R07,Consumer,2022-05-26,Email
C02887,Customer 02887,Female,44,Delhi,Delhi,R07,Consumer,2025-01-07,Organic
C02888,Customer 02888,Male,44,Visakhapatnam,Andhra Pradesh,R02,Small Business,2022-05-30,Social
C02889,Customer 02889,Female,41,Faridabad,Haryana,R01,Consumer,2024-04-12,Referral
C02890,Customer 02890,Male,28,Faridabad,Haryana,R01,Small Business,2023-03-05,Partner
C02891,Customer 02891,Female,24,Faridabad,Haryana,R01,Consumer,2023-09-30,Social
C02892,Customer 02892,Female,40,Dehradun,Uttarakhand,R01,Corporate,2023-11-23,Organic
C02893,Customer 02893,Male,26,Chennai,Tamil Nadu,R02,Corporate,2023-09-28,Partner
C02894,Customer 02894,Male,32,Coimbatore,Tamil Nadu,R02,Small Business,2022-11-22,Paid Search
C02895,Customer 02895,Female,64,Dehradun,Uttarakhand,R01,Small Business,2022-05-02,Social
C02896,Customer 02896,Male,56,Delhi,Delhi,R07,Corporate,2022-07-11,Organic
C02897,Customer 02897,Male,43,Ranchi,Jharkhand,R03,Consumer,2024-11-28,Email
C02898,Customer 02898,,28,Amritsar,Punjab,R01,Consumer,2022-05-21,Social
C02899,Customer 02899,Male,28,Hyderabad,Telangana,R02,Corporate,2024-01-10,Partner
C02900,Customer 02900,Male,42,Ahmedabad,Gujarat,R04,Consumer,2023-03-22,Social
C02901,Customer 02901,Male,50,Mumbai,Maharashtra,R04,Consumer,2024-10-13,Organic
C02902,Customer 02902,Male,30,Visakhapatnam,Andhra Pradesh,R02,Enterprise,2024-07-08,Email
C02903,Customer 02903,Female,30,Faridabad,Haryana,R01,Consumer,2022-09-26,Organic
C02904,Customer 02904,Male,36,Dehradun,Uttarakhand,R01,Consumer,2024-09-18,Paid Search
C02905,Customer 02905,Male,21,Nagpur,Maharashtra,R04,Small Business,2024-08-19,Partner
C02906,Customer 02906,Female,21,Hyderabad,Telangana,R02,Consumer,2023-02-18,Partner
C02907,Customer 02907,Female,23,Ranchi,Jharkhand,R03,Corporate,2025-05-14,Email
C02908,Customer 02908,Male,40,Delhi,Delhi,R07,Consumer,2023-10-06,Organic
C02909,Customer 02909,Female,38,Kochi,Kerala,R02,Consumer,2022-02-19,Referral
C02910,Customer 02910,Female,46,Chennai,Tamil Nadu,R02,Corporate,2024-07-07,Social
C02911,Customer 02911,Male,18,Kolkata,West Bengal,R03,Consumer,2023-10-21,Paid Search
C02912,Customer 02912,Male,20,Gurugram,Haryana,R01,Corporate,2023-06-11,Paid Search
C02913,Customer 02913,Female,40,Mysuru,Karnataka,R02,Consumer,2023-10-21,Paid Search
C02914,Customer 02914,Male,26,Kolkata,West Bengal,R03,Consumer,2025-11-30,Paid Search
C02915,Customer 02915,Male,27,Ahmedabad,Gujarat,R04,Consumer,2023-07-22,Social
C02916,Customer 02916,Female,45,Faridabad,Haryana,R01,Consumer,2024-10-09,Organic
C02917,Customer 02917,Male,29,Noida,Uttar Pradesh,R07,Consumer,2025-05-27,Email
C02918,Customer 02918,Male,31,Raipur,Chhattisgarh,R05,Small Business,2024-04-25,Partner
C02919,Customer 02919,Male,32,Delhi,Delhi,R07,Consumer,2025-07-24,Paid Search
C02920,Customer 02920,Female,33,Kolkata,West Bengal,R03,Consumer,2023-12-29,Partner
C02921,Customer 02921,Female,42,Dehradun,Uttarakhand,R01,Consumer,2022-11-26,Email
C02922,Customer 02922,Male,23,Delhi,Delhi,R07,Consumer,2023-12-20,Email
C02923,Customer 02923,Male,33,Gurugram,Haryana,R01,Consumer,2022-06-30,Partner
C02924,Customer 02924,Other,47,Kolkata,West Bengal,R03,Small Business,2023-03-03,Paid Search
C02925,Customer 02925,Female,56,Delhi,Delhi,R07,Corporate,2022-10-28,Email
C02926,Customer 02926,Female,21,Chennai,Tamil Nadu,R02,Corporate,2022-04-23,Organic
C02927,Customer 02927,Male,38,Kolkata,West Bengal,R03,Consumer,2022-08-13,Partner
C02928,Customer 02928,Male,33,Coimbatore,Tamil Nadu,R02,Consumer,2025-05-09,Social
C02929,Customer 02929,Male,34,Nagpur,Maharashtra,R04,Small Business,2025-06-07,Referral
C02930,Customer 02930,Female,27,Kolkata,West Bengal,R03,Consumer,2025-08-15,Paid Search
C02931,Customer 02931,Female,43,Chennai,Tamil Nadu,R02,Corporate,2022-02-06,Organic
C02932,Customer 02932,Male,42,Ludhiana,Punjab,R01,Enterprise,2025-11-24,Organic
C02933,Customer 02933,Female,60,Chennai,Tamil Nadu,R02,Consumer,2023-05-16,Organic
C02934,Customer 02934,Female,22,Guwahati,Assam,R06,Small Business,2023-08-14,Paid Search
C02935,Customer 02935,Female,18,Hyderabad,Telangana,R02,Consumer,2022-09-21,Paid Search
C02936,Customer 02936,Male,56,Mysuru,Karnataka,R02,Consumer,2025-10-14,Partner
C02937,Customer 02937,Male,34,Nagpur,Maharashtra,R04,Consumer,2025-12-29,Email
C02938,Customer 02938,Female,30,Delhi,Delhi,R07,Corporate,2024-10-23,Social
C02939,Customer 02939,Male,37,Kanpur,Uttar Pradesh,R07,Consumer,2022-04-20,Email
C02940,Customer 02940,Male,21,Delhi,Delhi,R07,Corporate,2023-09-09,Social
C02941,Customer 02941,Male,39,Dehradun,Uttarakhand,R01,Corporate,2023-02-12,Partner
C02942,Customer 02942,Female,34,Lucknow,Uttar Pradesh,R07,Consumer,2025-09-03,Referral
C02943,Customer 02943,Male,46,Indore,Madhya Pradesh,R05,Consumer,2024-08-09,Referral
C02944,Customer 02944,Female,44,Gurugram,Haryana,R01,Corporate,2025-11-16,Organic
C02945,Customer 02945,Female,44,Jodhpur,Rajasthan,R01,Consumer,2025-05-04,Email
C02946,Customer 02946,Female,37,Ahmedabad,Gujarat,R04,Small Business,2024-02-20,Email
C02947,Customer 02947,Female,51,Mumbai,Maharashtra,R04,Consumer,2023-02-17,Organic
C02948,Customer 02948,Female,41,Bhopal,Madhya Pradesh,R05,Enterprise,2025-02-13,Organic
C02949,Customer 02949,Female,30,Vijayawada,Andhra Pradesh,R02,Consumer,2024-10-15,Partner
C02950,Customer 02950,Female,27,Guwahati,Assam,R06,Consumer,2025-02-08,Partner
C02951,Customer 02951,Female,28,Faridabad,Haryana,R01,Corporate,2025-09-24,Social
C02952,Customer 02952,Female,41,Bhubaneswar,Odisha,R03,Consumer,2024-06-08,Organic
C02953,Customer 02953,Male,22,Gurugram,Haryana,R01,Consumer,2024-09-01,Paid Search
C02954,Customer 02954,Female,37,Kochi,Kerala,R02,Consumer,2023-09-10,Organic
C02955,Customer 02955,Female,27,Mysuru,Karnataka,R02,Corporate,2023-12-20,Email
C02956,Customer 02956,Female,22,Mumbai,Maharashtra,R04,Consumer,2022-07-16,Organic
C02957,Customer 02957,Male,24,Faridabad,Haryana,R01,Consumer,2022-10-08,Paid Search
C02958,Customer 02958,Male,35,Delhi,Delhi,R07,Consumer,2025-12-29,Social
C02959,Customer 02959,Female,43,Lucknow,Uttar Pradesh,R07,Consumer,2022-09-18,Referral
C02960,Customer 02960,Female,28,Kochi,Kerala,R02,Enterprise,2022-04-15,Partner
C02961,Customer 02961,Male,18,Indore,Madhya Pradesh,R05,Consumer,2025-03-12,Paid Search
C02962,Customer 02962,Female,67,Ranchi,Jharkhand,R03,Corporate,2022-07-17,Organic
C02963,Customer 02963,Female,46,Delhi,Delhi,R07,Consumer,2023-11-06,Organic
C02964,Customer 02964,Male,44,Chennai,Tamil Nadu,R02,Consumer,2023-07-02,Referral
C02965,Customer 02965,Female,51,Kanpur,Uttar Pradesh,R07,Enterprise,2023-09-01,Organic
C02966,Customer 02966,Male,36,Bengaluru,Karnataka,R02,Consumer,2023-08-06,
C02967,Customer 02967,Male,34,Mumbai,Maharashtra,R04,Small Business,2022-02-22,Paid Search
C02968,Customer 02968,Male,49,Jaipur,Rajasthan,R01,Consumer,2023-01-26,Paid Search
C02969,Customer 02969,Male,48,Coimbatore,Tamil Nadu,R02,Corporate,2024-07-25,Organic
C02970,Customer 02970,Female,41,Amritsar,Punjab,R01,Consumer,2022-04-25,Partner
C02971,Customer 02971,Male,44,Surat,Gujarat,R04,Consumer,2023-01-24,Referral
C02972,Customer 02972,Female,23,Hyderabad,Telangana,R02,Consumer,2025-08-07,Social
C02973,Customer 02973,Female,32,Gurugram,Haryana,R01,Consumer,2024-08-14,Paid Search
C02974,Customer 02974,Male,52,Visakhapatnam,Andhra Pradesh,R02,Enterprise,2024-01-20,Paid Search
C02975,Customer 02975,Female,43,Mysuru,Karnataka,R02,Small Business,2024-03-08,Paid Search
C02976,Customer 02976,Male,20,Bhopal,Madhya Pradesh,R05,Consumer,2025-11-17,Email
C02977,Customer 02977,Female,30,Hyderabad,Telangana,R02,Consumer,2022-03-13,Paid Search
C02978,Customer 02978,Female,50,Kolkata,West Bengal,R03,Corporate,2025-07-06,Organic
C02979,Customer 02979,Female,40,Kolkata,West Bengal,R03,Consumer,2023-11-30,Partner
C02980,Customer 02980,Male,37,Guwahati,Assam,R06,Consumer,2023-12-23,Social
C02981,Customer 02981,Female,37,Coimbatore,Tamil Nadu,R02,Corporate,2022-12-01,Organic
C02982,Customer 02982,Female,34,Jaipur,Rajasthan,R01,Consumer,2023-07-22,Organic
C02983,Customer 02983,Male,30,Delhi,Delhi,R07,Consumer,2024-03-03,Paid Search
C02984,Customer 02984,Female,27,Coimbatore,Tamil Nadu,R02,Consumer,2023-01-08,Social
C02985,Customer 02985,Male,45,Delhi,Delhi,R07,Consumer,2023-05-27,Partner
C02986,Customer 02986,Male,37,Lucknow,Uttar Pradesh,R07,Corporate,2025-12-21,Organic
C02987,Customer 02987,Male,42,Delhi,Delhi,R07,Corporate,2025-04-07,Paid Search
C02988,Customer 02988,Male,40,Mysuru,Karnataka,R02,Enterprise,2024-06-02,Organic
C02989,Customer 02989,Female,49,Gurugram,Haryana,R01,Consumer,2023-03-04,Paid Search
C02990,Customer 02990,Male,40,Coimbatore,Tamil Nadu,R02,Corporate,2025-05-13,Email
C02991,Customer 02991,Male,43,Bhubaneswar,Odisha,R03,Enterprise,2025-06-07,Organic
C02992,Customer 02992,Male,37,Bhopal,Madhya Pradesh,R05,Corporate,2025-12-09,Partner
C02993,Customer 02993,Male,26,Pune,Maharashtra,R04,Enterprise,2024-09-03,Organic
C02994,Customer 02994,Female,33,Mysuru,,R02,Enterprise,2022-11-24,Referral
C02995,Customer 02995,Female,41,Coimbatore,Tamil Nadu,R02,Small Business,2023-07-05,Referral
C02996,Customer 02996,Male,42,Bengaluru,Karnataka,R02,Enterprise,2025-09-13,Social
C02997,Customer 02997,Male,50,Hyderabad,Telangana,R02,Corporate,2022-05-31,Email
C02998,Customer 02998,Male,30,Amritsar,Punjab,R01,Consumer,2025-03-06,Social
C02999,Customer 02999,Female,37,Ranchi,Jharkhand,R03,Small Business,2024-01-03,Email
C03000,Customer 03000,Male,34,Delhi,Delhi,R07,Small Business,2023-10-27,Social
C03001,Customer 03001,Female,51,Bhopal,Madhya Pradesh,R05,Consumer,2022-08-23,Referral
C03002,Customer 03002,Female,39,Chennai,Tamil Nadu,R02,Consumer,2025-10-18,Organic
C03003,Customer 03003,Male,39,Lucknow,,R07,Consumer,2022-11-02,Referral
C03004,Customer 03004,Male,35,Patna,Bihar,R03,Small Business,2024-05-11,Partner
C03005,Customer 03005,Male,33,Delhi,Delhi,R07,Consumer,2024-03-15,Referral
C03006,Customer 03006,Male,21,Bhubaneswar,Odisha,R03,Consumer,2023-07-30,Email
C03007,Customer 03007,Male,22,Coimbatore,Tamil Nadu,R02,Consumer,2022-08-01,Partner
C03008,Customer 03008,Female,37,Faridabad,Haryana,R01,Consumer,2022-08-22,Organic
C03009,Customer 03009,Male,36,Delhi,Delhi,R07,Enterprise,2024-07-20,Referral
C03010,Customer 03010,Male,37,Patna,Bihar,R03,Consumer,2024-11-29,Partner
C03011,Customer 03011,Female,44,Jodhpur,Rajasthan,R01,Consumer,2022-12-21,Organic
C03012,Customer 03012,Female,36,Kochi,Kerala,R02,Consumer,2025-02-04,Organic
C03013,Customer 03013,Male,32,Patna,Bihar,R03,Small Business,2024-09-26,Organic
C03014,Customer 03014,Female,33,Kolkata,West Bengal,R03,Corporate,2022-10-30,Partner
C03015,Customer 03015,Male,37,Jaipur,Rajasthan,R01,Consumer,2023-07-16,Partner
C03016,Customer 03016,Female,31,Kolkata,West Bengal,R03,Consumer,2023-06-28,Partner
C03017,Customer 03017,Female,46,Vijayawada,Andhra Pradesh,R02,Small Business,2024-03-21,Social
C03018,Customer 03018,Male,35,Delhi,Delhi,R07,Small Business,2022-03-22,Referral
C03019,Customer 03019,Male,38,Mumbai,Maharashtra,R04,Corporate,2025-10-22,Organic
C03020,Customer 03020,Male,27,Lucknow,Uttar Pradesh,R07,Consumer,2024-03-25,Partner
C03021,Customer 03021,Female,46,Nagpur,Maharashtra,R04,Enterprise,2024-09-29,Partner
C03022,Customer 03022,Male,49,Patna,Bihar,R03,Corporate,2024-05-26,Social
C03023,Customer 03023,Female,21,Mysuru,Karnataka,R02,Consumer,2023-08-08,Organic
C03024,Customer 03024,Male,39,Chennai,Tamil Nadu,R02,Enterprise,2025-05-24,Partner
C03025,Customer 03025,Female,34,Nagpur,Maharashtra,R04,Small Business,2023-04-18,Partner
C03026,Customer 03026,Male,38,Gurugram,Haryana,R01,Corporate,2022-02-08,Partner
C03027,Customer 03027,Female,40,Jaipur,Rajasthan,R01,Small Business,2024-03-30,Social
C03028,Customer 03028,Male,18,Raipur,Chhattisgarh,R05,Consumer,2022-06-24,Paid Search
C03029,Customer 03029,Male,43,Coimbatore,Tamil Nadu,R02,Consumer,2025-04-14,Paid Search
C03030,Customer 03030,Male,46,Mumbai,Maharashtra,R04,Consumer,2022-02-16,Social
C03031,Customer 03031,Female,47,Bhubaneswar,Odisha,R03,Corporate,2022-11-02,Partner
C03032,Customer 03032,Male,26,Delhi,Delhi,R07,Consumer,2025-10-11,Organic
C03033,Customer 03033,Male,35,Lucknow,Uttar Pradesh,R07,Consumer,2023-01-19,Referral
C03034,Customer 03034,Male,30,Noida,Uttar Pradesh,R07,Enterprise,2024-01-20,Partner
C03035,Customer 03035,Male,18,Dehradun,Uttarakhand,R01,Consumer,2025-06-30,Organic
C03036,Customer 03036,Female,29,Kolkata,West Bengal,R03,Small Business,2022-12-26,Social
C03037,Customer 03037,Male,24,Chennai,Tamil Nadu,R02,Consumer,2023-03-15,Email
C03038,Customer 03038,Female,38,Delhi,Delhi,R07,Consumer,2022-01-28,Social
C03039,Customer 03039,Female,19,Amritsar,Punjab,R01,Consumer,2025-03-18,Social
C03040,Customer 03040,Female,25,Hyderabad,Telangana,R02,Consumer,2022-05-22,Email
C03041,Customer 03041,Male,30,Pune,Maharashtra,R04,Consumer,2025-11-29,Organic
C03042,Customer 03042,Female,43,Kochi,Kerala,R02,Consumer,2024-11-18,Referral
C03043,Customer 03043,Female,63,Patna,Bihar,R03,Corporate,2023-04-04,Partner
C03044,Customer 03044,Male,38,Surat,Gujarat,R04,Consumer,2023-12-03,Organic
C03045,Customer 03045,Male,25,Patna,Bihar,R03,Consumer,2024-01-26,Organic
C03046,Customer 03046,Male,28,Ranchi,Jharkhand,R03,Consumer,2024-12-08,Organic
C03047,Customer 03047,Male,42,Ahmedabad,Gujarat,R04,Consumer,2023-06-26,
C03048,Customer 03048,Male,22,Hyderabad,Telangana,R02,Consumer,2023-01-23,Paid Search
C03049,Customer 03049,Male,46,Kochi,Kerala,R02,Consumer,2022-07-13,Social
C03050,Customer 03050,Female,38,Kanpur,Uttar Pradesh,R07,Corporate,2023-10-05,Referral
C03051,Customer 03051,Male,34,Guwahati,Assam,R06,Corporate,2023-12-05,Social
C03052,Customer 03052,,18,Delhi,Delhi,R07,Small Business,2024-06-30,Social
C03053,Customer 03053,Female,44,Hyderabad,Telangana,R02,Small Business,2025-05-02,Email
C03054,Customer 03054,Male,27,Bhubaneswar,Odisha,R03,Consumer,2022-11-07,Paid Search
C03055,Customer 03055,Male,37,Coimbatore,Tamil Nadu,R02,Consumer,2022-11-22,Partner
C03056,Customer 03056,Male,33,Bengaluru,Karnataka,R02,Consumer,2023-02-25,Social
C03057,Customer 03057,Male,19,Chennai,Tamil Nadu,R02,Corporate,2022-08-28,Paid Search
C03058,Customer 03058,Female,33,Gurugram,Haryana,R01,Consumer,2022-07-26,Organic
C03059,Customer 03059,Male,23,Lucknow,Uttar Pradesh,R07,Consumer,2025-03-14,Referral
C03060,Customer 03060,Female,28,Jodhpur,Rajasthan,R01,Enterprise,2024-11-05,Referral
C03061,Customer 03061,Female,39,Coimbatore,Tamil Nadu,R02,Consumer,2025-04-27,Email
C03062,Customer 03062,Male,42,Surat,Gujarat,R04,Consumer,2024-04-30,Social
C03063,Customer 03063,Female,35,Noida,Uttar Pradesh,R07,Enterprise,2025-04-08,Partner
C03064,Customer 03064,Female,26,Guwahati,Assam,R06,Consumer,2023-10-12,Paid Search
C03065,Customer 03065,Female,29,Pune,Maharashtra,R04,Consumer,2025-07-10,Referral
C03066,Customer 03066,Male,28,Surat,Gujarat,R04,Consumer,2024-04-08,Paid Search
C03067,Customer 03067,Female,18,Ahmedabad,Gujarat,R04,Consumer,2022-02-19,Organic
C03068,Customer 03068,Male,36,Amritsar,Punjab,R01,Enterprise,2022-09-06,Social
C03069,Customer 03069,Male,18,Patna,,R03,Corporate,2024-01-25,Organic
C03070,Customer 03070,Female,36,Ahmedabad,Gujarat,R04,Consumer,2025-04-02,Organic
C03071,Customer 03071,Male,20,Delhi,Delhi,R07,Consumer,2022-08-03,Paid Search
C03072,Customer 03072,Male,23,Ranchi,Jharkhand,R03,Consumer,2025-01-08,Partner
C03073,Customer 03073,Male,42,Bhopal,Madhya Pradesh,R05,Corporate,2025-07-23,Partner
C03074,Customer 03074,Female,35,Kolkata,West Bengal,R03,Consumer,2022-09-23,Partner
C03075,Customer 03075,Male,18,Guwahati,Assam,R06,Consumer,2024-03-20,Organic
C03076,Customer 03076,Male,29,Kochi,Kerala,R02,Corporate,2025-07-18,Organic
C03077,Customer 03077,Female,38,Nagpur,Maharashtra,R04,Small Business,2023-03-28,Organic
C03078,Customer 03078,Male,29,Coimbatore,Tamil Nadu,R02,Small Business,2023-07-30,Referral
C03079,Customer 03079,Male,32,Coimbatore,Tamil Nadu,R02,Small Business,2023-10-19,Partner
C03080,Customer 03080,Female,37,Jodhpur,Rajasthan,R01,Consumer,2023-11-09,Paid Search
C03081,Customer 03081,Female,35,Lucknow,Uttar Pradesh,R07,Small Business,2023-05-01,Social
C03082,Customer 03082,Female,25,Gurugram,Haryana,R01,Small Business,2024-02-16,Organic
C03083,Customer 03083,Male,35,Hyderabad,Telangana,R02,Consumer,2023-01-30,Referral
C03084,Customer 03084,Male,32,Bhubaneswar,Odisha,R03,Consumer,2025-03-04,Partner
C03085,Customer 03085,Female,52,Patna,Bihar,R03,Consumer,2024-09-24,Referral
C03086,Customer 03086,Male,34,Nagpur,Maharashtra,R04,Enterprise,2022-08-28,Referral
C03087,Customer 03087,Female,36,Ludhiana,Punjab,R01,Small Business,2025-05-27,Social
C03088,Customer 03088,Male,38,Surat,Gujarat,R04,Small Business,2023-01-23,Paid Search
C03089,Customer 03089,Female,32,Bengaluru,Karnataka,R02,Consumer,2024-02-12,Paid Search
C03090,Customer 03090,Male,28,Kochi,Kerala,R02,Enterprise,2025-09-30,Email
C03091,Customer 03091,Female,40,Guwahati,Assam,R06,Consumer,2024-09-23,Referral
C03092,Customer 03092,Male,40,Kochi,Kerala,R02,Consumer,2025-10-02,Paid Search
C03093,Customer 03093,Female,56,Raipur,Chhattisgarh,R05,Corporate,2024-05-30,Social
C03094,Customer 03094,Male,42,Ranchi,Jharkhand,R03,Small Business,2025-03-27,Organic
C03095,Customer 03095,Female,43,Surat,Gujarat,R04,Small Business,2023-11-09,Organic
C03096,Customer 03096,Male,42,Delhi,Delhi,R07,Consumer,2022-09-04,Organic
C03097,Customer 03097,Male,28,Delhi,Delhi,R07,Consumer,2022-09-17,Partner
C03098,Customer 03098,Male,22,Nagpur,Maharashtra,R04,Consumer,2024-05-19,Organic
C03099,Customer 03099,Male,25,Lucknow,Uttar Pradesh,R07,Consumer,2022-07-30,Partner
C03100,Customer 03100,Female,42,Faridabad,Haryana,R01,Small Business,2023-10-14,Paid Search
C03101,Customer 03101,Female,49,Vijayawada,Andhra Pradesh,R02,Consumer,2023-11-08,Paid Search
C03102,Customer 03102,Female,42,Ludhiana,Punjab,R01,Consumer,2022-04-28,Email
C03103,Customer 03103,Male,33,Ranchi,Jharkhand,R03,Consumer,2025-05-22,Organic
C03104,Customer 03104,Male,52,Patna,Bihar,R03,Corporate,2022-04-21,Partner
C03105,Customer 03105,Male,31,Hyderabad,Telangana,R02,Small Business,2023-04-05,Referral
C03106,Customer 03106,Male,24,Kolkata,West Bengal,R03,Consumer,2025-06-05,Organic
C03107,Customer 03107,Female,38,Nagpur,,R04,Consumer,2022-02-24,Partner
C03108,Customer 03108,Female,48,Hyderabad,Telangana,R02,Enterprise,2022-05-13,Paid Search
C03109,Customer 03109,Male,27,Ludhiana,Punjab,R01,Consumer,2025-05-17,Organic
C03110,Customer 03110,Male,18,Visakhapatnam,Andhra Pradesh,R02,Consumer,2023-02-01,Partner
C03111,Customer 03111,Male,35,Jodhpur,Rajasthan,R01,Consumer,2025-08-23,Paid Search
C03112,Customer 03112,Male,43,Kanpur,Uttar Pradesh,R07,Enterprise,2022-08-09,Referral
C03113,Customer 03113,Male,18,Kolkata,West Bengal,R03,Corporate,2022-08-28,Organic
C03114,Customer 03114,Male,45,Hyderabad,Telangana,R02,Consumer,2024-04-20,Partner
C03115,Customer 03115,Male,21,Surat,Gujarat,R04,Consumer,2025-10-24,Paid Search
C03116,Customer 03116,Male,95,Hyderabad,Telangana,R02,Consumer,2025-01-15,Organic
C03117,Customer 03117,Female,18,Faridabad,Haryana,R01,Consumer,2024-06-09,Partner
C03118,Customer 03118,Other,20,Hyderabad,Telangana,R02,Consumer,2023-01-23,Referral
C03119,Customer 03119,Male,41,Jaipur,Rajasthan,R01,Consumer,2022-04-12,Email
C03120,Customer 03120,Male,47,Jaipur,Rajasthan,R01,Consumer,2025-02-16,Social
C03121,Customer 03121,Male,35,Gurugram,Haryana,R01,Consumer,2022-06-21,Referral
C03122,Customer 03122,Female,59,Mumbai,Maharashtra,R04,Consumer,2022-09-13,Paid Search
C03123,Customer 03123,Female,25,Mumbai,Maharashtra,R04,Consumer,2023-10-07,Social
C03124,Customer 03124,Female,25,Ahmedabad,Gujarat,R04,Small Business,2023-06-06,Paid Search
C03125,Customer 03125,Female,32,Amritsar,,R01,Consumer,2025-06-20,Paid Search
C03126,Customer 03126,Female,32,Amritsar,Punjab,R01,Small Business,2022-12-21,Organic
C03127,Customer 03127,Male,38,Mysuru,Karnataka,R02,Small Business,2024-08-10,Email
C03128,Customer 03128,Male,28,Gurugram,Haryana,R01,Enterprise,2023-10-26,
C03129,Customer 03129,Male,41,Kolkata,West Bengal,R03,Consumer,2022-12-15,Social
C03130,Customer 03130,Male,40,Visakhapatnam,Andhra Pradesh,R02,Consumer,2025-12-04,Referral
C03131,Customer 03131,Male,51,Surat,Gujarat,R04,Corporate,2025-03-07,Organic
C03132,Customer 03132,Female,30,Kochi,Kerala,R02,Consumer,2024-12-12,Paid Search
C03133,Customer 03133,Female,38,Delhi,Delhi,R07,Consumer,2023-11-02,Organic
C03134,Customer 03134,Female,41,Delhi,Delhi,R07,Consumer,2022-10-28,Organic
C03135,Customer 03135,Female,35,Kolkata,West Bengal,R03,Corporate,2024-08-02,Email
C03136,Customer 03136,Female,33,Patna,Bihar,R03,Small Business,2025-11-12,Social
C03137,Customer 03137,Female,18,Indore,Madhya Pradesh,R05,Consumer,2023-01-24,Paid Search
C03138,Customer 03138,Female,36,Delhi,Delhi,R07,Small Business,2024-09-22,Organic
C03139,Customer 03139,Male,41,Bhubaneswar,Odisha,R03,Small Business,2025-06-08,Social
C03140,Customer 03140,Female,34,Nagpur,Maharashtra,R04,Consumer,2023-10-26,Organic
C03141,Customer 03141,Female,27,Jodhpur,Rajasthan,R01,Consumer,2022-04-27,Organic
C03142,Customer 03142,Female,18,Faridabad,Haryana,R01,Consumer,2025-08-31,Social
C03143,Customer 03143,Female,40,Dehradun,Uttarakhand,R01,Small Business,2022-06-05,Referral
C03144,Customer 03144,Male,35,Delhi,Delhi,R07,Small Business,2025-01-19,Organic
C03145,Customer 03145,Female,49,Indore,Madhya Pradesh,R05,Corporate,2023-12-01,Organic
C03146,Customer 03146,Male,21,Hyderabad,Telangana,R02,Corporate,2024-12-01,Referral
C03147,Customer 03147,Female,30,Patna,Bihar,R03,Consumer,2024-10-27,Organic
C03148,Customer 03148,Female,22,Kolkata,West Bengal,R03,Small Business,2022-10-21,Organic
C03149,Customer 03149,Female,45,Raipur,Chhattisgarh,R05,Small Business,2022-05-23,Partner
C03150,Customer 03150,Male,47,Amritsar,Punjab,R01,Corporate,2022-07-06,Organic
C03151,Customer 03151,Female,54,Delhi,Delhi,R07,Consumer,2022-10-20,Referral
C03152,Customer 03152,Male,40,Coimbatore,,R02,Consumer,2025-06-18,Email
C03153,Customer 03153,Male,43,Pune,Maharashtra,R04,Consumer,2022-05-08,Paid Search
C03154,Customer 03154,Male,39,Gurugram,Haryana,R01,Consumer,2024-09-20,Social
C03155,Customer 03155,Female,41,Ludhiana,Punjab,R01,Corporate,2023-07-14,Social
C03156,Customer 03156,Male,35,Pune,Maharashtra,R04,Small Business,2025-04-08,Organic
C03157,Customer 03157,Male,41,Delhi,Delhi,R07,Enterprise,2024-05-24,Paid Search
C03158,Customer 03158,Female,56,Delhi,Delhi,R07,Consumer,2025-01-23,Partner
C03159,Customer 03159,Male,37,Kochi,Kerala,R02,Consumer,2025-04-23,Organic
C03160,Customer 03160,Female,35,Nagpur,Maharashtra,R04,Consumer,2025-08-12,Email
C03161,Customer 03161,Female,37,Dehradun,Uttarakhand,R01,Enterprise,2025-03-16,
C03162,Customer 03162,Male,34,Ranchi,Jharkhand,R03,Small Business,2023-07-03,Referral
C03163,Customer 03163,Female,37,Gurugram,Haryana,R01,Consumer,2025-09-05,Paid Search
C03164,Customer 03164,Male,33,Kolkata,West Bengal,R03,Consumer,2023-05-27,Social
C03165,Customer 03165,Female,46,Chennai,,R02,Consumer,2024-05-05,Social
C03166,Customer 03166,Male,45,Kolkata,West Bengal,R03,Consumer,2022-12-13,Social
C03167,Customer 03167,Female,57,Delhi,Delhi,R07,Consumer,2025-04-01,Email
C03168,Customer 03168,Female,35,Amritsar,Punjab,R01,Consumer,2022-06-04,Partner
C03169,Customer 03169,Female,38,Delhi,Delhi,R07,Consumer,2025-11-06,Organic
C03170,Customer 03170,Male,37,Chennai,Tamil Nadu,R02,Consumer,2023-12-07,Organic
C03171,Customer 03171,Female,37,Dehradun,Uttarakhand,R01,Consumer,2025-05-24,Email
C03172,Customer 03172,Male,46,Hyderabad,Telangana,R02,Corporate,2023-12-29,Organic
C03173,Customer 03173,,19,Kolkata,West Bengal,R03,Consumer,2022-07-24,Partner
C03174,Customer 03174,Male,40,Dehradun,Uttarakhand,R01,Consumer,2022-06-17,Organic
C03175,Customer 03175,Male,55,Kolkata,West Bengal,R03,Enterprise,2025-07-14,Organic
C03176,Customer 03176,Female,49,Delhi,Delhi,R07,Consumer,2024-05-31,Organic
C03177,Customer 03177,Male,47,Raipur,Chhattisgarh,R05,Corporate,2022-07-26,Organic
C03178,Customer 03178,Female,43,Nagpur,Maharashtra,R04,Consumer,2023-06-15,Referral
C03179,Customer 03179,Female,29,Delhi,Delhi,R07,Corporate,2024-04-15,Paid Search
C03180,Customer 03180,Male,28,Mysuru,Karnataka,R02,Consumer,2023-10-29,Partner
C03181,Customer 03181,Female,28,Vijayawada,Andhra Pradesh,R02,Consumer,2022-04-19,Paid Search
C03182,Customer 03182,Male,24,Kanpur,Uttar Pradesh,R07,Consumer,2024-01-16,Referral
C03183,Customer 03183,Female,44,Mysuru,Karnataka,R02,Corporate,2022-09-12,Referral
C03184,Customer 03184,Male,50,Amritsar,Punjab,R01,Corporate,2023-03-30,Paid Search
C03185,Customer 03185,Male,39,Delhi,Delhi,R07,Corporate,2024-09-01,Partner
C03186,Customer 03186,Female,43,Delhi,Delhi,R07,Consumer,2024-09-27,Paid Search
C03187,Customer 03187,Female,38,Patna,Bihar,R03,Corporate,2022-04-26,Social
C03188,Customer 03188,Female,41,Raipur,Chhattisgarh,R05,Consumer,2024-01-15,Paid Search
C03189,Customer 03189,Female,18,Faridabad,Haryana,R01,Consumer,2023-01-09,Paid Search
C03190,Customer 03190,Male,38,Jaipur,Rajasthan,R01,Consumer,2023-10-07,Organic
C03191,Customer 03191,Male,31,Amritsar,Punjab,R01,Consumer,2025-03-22,Paid Search
C03192,Customer 03192,Male,35,Delhi,Delhi,R07,Small Business,2023-08-22,Partner
C03193,Customer 03193,Female,37,Mysuru,Karnataka,R02,Consumer,2024-05-06,Email
C03194,Customer 03194,Male,28,Kolkata,West Bengal,R03,Consumer,2022-02-04,Partner
C03195,Customer 03195,Female,24,Hyderabad,Telangana,R02,Enterprise,2023-12-21,Referral
C03196,Customer 03196,,28,Pune,Maharashtra,R04,Small Business,2025-01-31,Referral
C03197,Customer 03197,Male,21,Mysuru,Karnataka,R02,Consumer,2024-08-05,Partner
C03198,Customer 03198,Female,23,Delhi,Delhi,R07,Small Business,2025-11-13,Social
C03199,Customer 03199,Male,25,Faridabad,Haryana,R01,Consumer,2025-02-20,Partner
C03200,Customer 03200,Male,21,Visakhapatnam,Andhra Pradesh,R02,Small Business,2022-07-11,Paid Search
C03201,Customer 03201,Female,40,Patna,Bihar,R03,Consumer,2022-03-30,Social
C03202,Customer 03202,Female,26,Kochi,Kerala,R02,Consumer,2023-02-27,Social
C03203,Customer 03203,Male,18,Kochi,Kerala,R02,Enterprise,2025-04-02,Organic
C03204,Customer 03204,Male,31,Hyderabad,Telangana,R02,Consumer,2025-05-22,Organic
C03205,Customer 03205,Male,24,Kochi,Kerala,R02,Small Business,2024-11-25,Partner
C03206,Customer 03206,Female,50,Ahmedabad,Gujarat,R04,Consumer,2024-11-01,Social
C03207,Customer 03207,Male,36,Delhi,Delhi,R07,Consumer,2024-09-04,Organic
C03208,Customer 03208,Female,20,Delhi,Delhi,R07,Enterprise,2023-04-02,Partner
C03209,Customer 03209,Male,41,Gurugram,Haryana,R01,Consumer,2024-09-21,Partner
C03210,Customer 03210,Female,36,Delhi,Delhi,R07,Small Business,2024-08-06,Referral
C03211,Customer 03211,Female,33,Mumbai,Maharashtra,R04,Small Business,2022-05-01,Paid Search
C03212,Customer 03212,Female,51,Kolkata,West Bengal,R03,Consumer,2025-09-02,Paid Search
C03213,Customer 03213,Male,25,Bhubaneswar,Odisha,R03,Consumer,2025-01-11,Partner
C03214,Customer 03214,Male,45,Coimbatore,Tamil Nadu,R02,Consumer,2022-11-17,Organic
C03215,Customer 03215,Male,31,Gurugram,Haryana,R01,Consumer,2023-02-25,Organic
C03216,Customer 03216,Female,35,Patna,Bihar,R03,Consumer,2024-09-19,Organic
C03217,Customer 03217,Male,28,Nagpur,Maharashtra,R04,Consumer,2022-12-23,Referral
C03218,Customer 03218,Male,28,Delhi,Delhi,R07,Small Business,2025-04-01,Paid Search
C03219,Customer 03219,Male,31,Jodhpur,Rajasthan,R01,Consumer,2023-11-18,Partner
C03220,Customer 03220,Male,18,Nagpur,Maharashtra,R04,Corporate,2022-05-20,Email
C03221,Customer 03221,Male,38,Jodhpur,Rajasthan,R01,Consumer,2024-10-07,Partner
C03222,Customer 03222,Female,36,Indore,Madhya Pradesh,R05,Consumer,2025-09-27,Paid Search
C03223,Customer 03223,Female,20,Patna,Bihar,R03,Consumer,2023-04-30,Social
C03224,Customer 03224,Male,42,Kolkata,West Bengal,R03,Consumer,2025-11-02,Referral
C03225,Customer 03225,Female,50,Gurugram,Haryana,R01,Corporate,2024-11-18,Partner
C03226,Customer 03226,Male,28,Bhopal,Madhya Pradesh,R05,Consumer,2024-12-07,Paid Search
C03227,Customer 03227,Other,27,Kolkata,West Bengal,R03,Small Business,2023-06-11,Paid Search
C03228,Customer 03228,Female,46,Ludhiana,Punjab,R01,Small Business,2024-01-24,Referral
C03229,Customer 03229,Male,39,Hyderabad,Telangana,R02,Consumer,2022-11-21,Referral
C03230,Customer 03230,Female,34,Bengaluru,Karnataka,R02,Small Business,2024-06-01,Organic
C03231,Customer 03231,Male,43,Surat,Gujarat,R04,Enterprise,2025-06-09,Paid Search
C03232,Customer 03232,Male,38,Gurugram,Haryana,R01,Consumer,2024-08-05,Paid Search
C03233,Customer 03233,Male,49,Mysuru,Karnataka,R02,Enterprise,2025-06-30,Paid Search
C03234,Customer 03234,Female,35,Delhi,Delhi,R07,Consumer,2022-08-14,Organic
C03235,Customer 03235,Female,39,Gurugram,Haryana,R01,Corporate,2024-06-06,Referral
C03236,Customer 03236,Female,46,Gurugram,Haryana,R01,Consumer,2023-03-07,Organic
C03237,Customer 03237,Female,18,Visakhapatnam,Andhra Pradesh,R02,Small Business,2024-04-03,Organic
C03238,Customer 03238,Male,46,Jodhpur,Rajasthan,R01,Small Business,2022-05-28,Social
C03239,Customer 03239,Female,30,Pune,Maharashtra,R04,Enterprise,2023-07-14,Organic
C03240,Customer 03240,Male,40,Mumbai,Maharashtra,R04,Enterprise,2023-06-26,Referral
C03241,Customer 03241,Male,52,Kochi,Kerala,R02,Consumer,2024-02-10,Social
C03242,Customer 03242,Female,32,Chennai,Tamil Nadu,R02,Corporate,2024-12-24,Social
C03243,Customer 03243,Female,30,Kochi,Kerala,R02,Consumer,2024-04-18,Organic
C03244,Customer 03244,Female,34,Jodhpur,Rajasthan,R01,Consumer,2025-07-17,Organic
C03245,Customer 03245,Female,20,Gurugram,Haryana,R01,Consumer,2023-02-20,Referral
C03246,Customer 03246,Male,57,Bengaluru,Karnataka,R02,Small Business,2023-06-27,Organic
C03247,Customer 03247,Female,35,Mumbai,Maharashtra,R04,Corporate,2023-11-21,Organic
C03248,Customer 03248,Male,51,Bhopal,Madhya Pradesh,R05,Consumer,2024-06-19,Email
C03249,Customer 03249,Female,32,Guwahati,Assam,R06,Enterprise,2025-05-26,Organic
C03250,Customer 03250,Male,35,Bengaluru,Karnataka,R02,Small Business,2024-05-19,Social
C03251,Customer 03251,Female,44,Ranchi,Jharkhand,R03,Consumer,2025-11-01,Organic
C03252,Customer 03252,Female,24,Bengaluru,Karnataka,R02,Consumer,2023-11-22,Organic
C03253,Customer 03253,Male,34,Jodhpur,Rajasthan,R01,Corporate,2024-02-13,Partner
C03254,Customer 03254,Male,44,Mysuru,Karnataka,R02,Corporate,2024-10-11,Referral
C03255,Customer 03255,Male,33,Delhi,Delhi,R07,Consumer,2022-08-03,Organic
C03256,Customer 03256,Male,30,Indore,Madhya Pradesh,R05,Consumer,2022-08-09,Organic
C03257,Customer 03257,Female,46,Delhi,Delhi,R07,Consumer,2023-05-03,Social
C03258,Customer 03258,Male,49,Mumbai,Maharashtra,R04,Consumer,2022-04-20,Referral
C03259,Customer 03259,Male,51,Chennai,Tamil Nadu,R02,Consumer,2023-08-30,Social
C03260,Customer 03260,Male,28,Delhi,Delhi,R07,Consumer,2023-05-24,Paid Search
C03261,Customer 03261,Male,29,Delhi,Delhi,R07,Consumer,2024-06-21,Partner
C03262,Customer 03262,Male,30,Kolkata,West Bengal,R03,Corporate,2025-11-17,Email
C03263,Customer 03263,Female,42,Delhi,Delhi,R07,Consumer,2024-04-06,Referral
C03264,Customer 03264,Female,23,Bengaluru,Karnataka,R02,Consumer,2025-10-24,Partner
C03265,Customer 03265,Female,24,Nagpur,Maharashtra,R04,Consumer,2024-06-01,Paid Search
C03266,Customer 03266,Male,28,Noida,Uttar Pradesh,R07,Enterprise,2024-07-13,Paid Search
C03267,Customer 03267,Male,26,Ludhiana,Punjab,R01,Consumer,2025-05-07,Paid Search
C03268,Customer 03268,Male,44,Patna,Bihar,R03,Consumer,2024-04-25,Organic
C03269,Customer 03269,Female,43,Vijayawada,Andhra Pradesh,R02,Consumer,2025-11-16,Organic
C03270,Customer 03270,Male,30,Faridabad,Haryana,R01,Corporate,2024-07-14,Partner
C03271,Customer 03271,Male,33,Ranchi,Jharkhand,R03,Consumer,2023-05-05,Email
C03272,Customer 03272,Female,18,Coimbatore,Tamil Nadu,R02,Consumer,2023-09-20,Social
C03273,Customer 03273,Male,30,Hyderabad,Telangana,R02,Small Business,2024-08-02,Referral
C03274,Customer 03274,Female,47,Kolkata,West Bengal,R03,Small Business,2023-02-26,Organic
C03275,Customer 03275,Female,30,Kolkata,West Bengal,R03,Consumer,2024-12-07,Organic
C03276,Customer 03276,Female,24,Bhopal,Madhya Pradesh,R05,Consumer,2022-01-09,Paid Search
C03277,Customer 03277,Male,49,Mysuru,Karnataka,R02,Enterprise,2024-12-01,Referral
C03278,Customer 03278,Female,24,Mysuru,Karnataka,R02,Enterprise,2022-01-29,Referral
C03279,Customer 03279,Male,50,Pune,Maharashtra,R04,Corporate,2022-08-27,Social
C03280,Customer 03280,Male,64,Faridabad,Haryana,R01,Small Business,2025-11-21,Partner
C03281,Customer 03281,Male,34,Hyderabad,Telangana,R02,Small Business,2025-04-27,Organic
C03282,Customer 03282,Male,47,Delhi,Delhi,R07,Enterprise,2024-12-23,Organic
C03283,Customer 03283,Male,18,Jodhpur,Rajasthan,R01,Consumer,2025-09-18,Organic
C03284,Customer 03284,Female,18,Delhi,Delhi,R07,Enterprise,2024-10-05,Partner
C03285,Customer 03285,Female,27,Ludhiana,Punjab,R01,Corporate,2022-06-05,Paid Search
C03286,Customer 03286,Male,43,Hyderabad,Telangana,R02,Corporate,2025-05-18,Paid Search
C03287,Customer 03287,Male,35,Hyderabad,Telangana,R02,Consumer,2022-12-12,Partner
C03288,Customer 03288,Male,33,Ahmedabad,Gujarat,R04,Consumer,2024-06-05,Paid Search
C03289,Customer 03289,Other,22,Delhi,Delhi,R07,Small Business,2025-07-27,Paid Search
C03290,Customer 03290,Male,34,Surat,Gujarat,R04,Corporate,2024-09-02,Organic
C03291,Customer 03291,Male,29,Mumbai,Maharashtra,R04,Consumer,2022-02-24,Paid Search
C03292,Customer 03292,Male,26,Kolkata,West Bengal,R03,Corporate,2025-02-28,Referral
C03293,Customer 03293,Female,25,Coimbatore,Tamil Nadu,R02,Consumer,2025-03-15,Partner
C03294,Customer 03294,Male,37,Mysuru,Karnataka,R02,Consumer,2022-07-02,Organic
C03295,Customer 03295,Male,28,Bengaluru,Karnataka,R02,Corporate,2025-10-08,Referral
C03296,Customer 03296,Male,35,Ranchi,Jharkhand,R03,Corporate,2022-10-02,Organic
C03297,Customer 03297,Female,18,Patna,Bihar,R03,Consumer,2022-03-20,Email
C03298,Customer 03298,Male,40,Bengaluru,Karnataka,R02,Consumer,2024-03-23,Paid Search
C03299,Customer 03299,Female,37,Mysuru,Karnataka,R02,Consumer,2024-09-15,Organic
C03300,Customer 03300,Female,33,Delhi,Delhi,R07,Corporate,2022-05-22,Paid Search
C03301,Customer 03301,Female,37,Vijayawada,Andhra Pradesh,R02,Small Business,2022-08-16,Partner
C03302,Customer 03302,Female,44,Pune,Maharashtra,R04,Small Business,2024-08-21,Organic
C03303,Customer 03303,Female,21,Noida,Uttar Pradesh,R07,Small Business,2022-04-30,Paid Search
C03304,Customer 03304,Male,36,Dehradun,Uttarakhand,R01,Consumer,2025-04-30,Organic
C03305,Customer 03305,Female,22,Kolkata,West Bengal,R03,Consumer,2023-02-03,Partner
C03306,Customer 03306,Female,36,Delhi,Delhi,R07,Small Business,2025-05-08,Paid Search
C03307,Customer 03307,Female,32,Delhi,,R07,Consumer,2024-12-18,Partner
C03308,Customer 03308,Female,35,Delhi,Delhi,R07,Consumer,2023-04-18,Organic
C03309,Customer 03309,Female,43,Coimbatore,Tamil Nadu,R02,Consumer,2025-03-12,Paid Search
C03310,Customer 03310,Female,43,Delhi,Delhi,R07,Corporate,2022-10-24,Social
C03311,Customer 03311,Male,46,Vijayawada,Andhra Pradesh,R02,Consumer,2023-12-06,Organic
C03312,Customer 03312,Female,31,Visakhapatnam,Andhra Pradesh,R02,Consumer,2025-11-01,Social
C03313,Customer 03313,Female,42,Mysuru,Karnataka,R02,Corporate,2025-07-23,Paid Search
C03314,Customer 03314,Female,40,Chennai,Tamil Nadu,R02,Consumer,2025-08-25,Organic
C03315,Customer 03315,Male,31,Jodhpur,Rajasthan,R01,Consumer,2022-08-07,Paid Search
C03316,Customer 03316,Male,36,Delhi,Delhi,R07,Small Business,2023-04-04,Referral
C03317,Customer 03317,Male,34,Patna,Bihar,R03,Enterprise,2022-04-21,Social
C03318,Customer 03318,Male,49,Delhi,Delhi,R07,Consumer,2025-07-30,Paid Search
C03319,Customer 03319,Male,43,Delhi,Delhi,R07,Consumer,2025-02-21,Email
C03320,Customer 03320,Male,32,Nagpur,Maharashtra,R04,Consumer,2025-07-11,Referral
C03321,Customer 03321,Male,31,Delhi,Delhi,R07,Consumer,2022-06-17,Referral
C03322,Customer 03322,Female,45,Ahmedabad,Gujarat,R04,Small Business,2023-05-09,Organic
C03323,Customer 03323,Male,48,Kolkata,West Bengal,R03,Corporate,2024-11-11,Referral
C03324,Customer 03324,Male,38,Bhopal,Madhya Pradesh,R05,Consumer,2023-06-15,Organic
C03325,Customer 03325,Female,42,Coimbatore,Tamil Nadu,R02,Small Business,2023-03-04,Organic
C03326,Customer 03326,Male,48,Bhopal,Madhya Pradesh,R05,Consumer,2025-09-23,Paid Search
C03327,Customer 03327,Female,33,Pune,Maharashtra,R04,Consumer,2024-02-21,Partner
C03328,Customer 03328,Female,36,Raipur,Chhattisgarh,R05,Small Business,2024-12-19,Organic
C03329,Customer 03329,Male,40,Bengaluru,Karnataka,R02,Consumer,2025-02-01,Paid Search
C03330,Customer 03330,Male,31,Lucknow,Uttar Pradesh,R07,Consumer,2024-06-21,Organic
C03331,Customer 03331,Male,52,Visakhapatnam,Andhra Pradesh,R02,Small Business,2024-12-16,Organic
C03332,Customer 03332,Male,31,Jodhpur,Rajasthan,R01,Consumer,2025-10-24,Paid Search
C03333,Customer 03333,Female,36,Delhi,Delhi,R07,Consumer,2023-12-31,Organic
C03334,Customer 03334,Male,54,Lucknow,Uttar Pradesh,R07,Consumer,2025-06-17,Email
C03335,Customer 03335,,18,Nagpur,Maharashtra,R04,Consumer,2022-04-09,Organic
C03336,Customer 03336,Female,37,Pune,Maharashtra,R04,Consumer,2022-04-20,Social
C03337,Customer 03337,Male,28,Bengaluru,Karnataka,R02,Consumer,2023-07-27,Organic
C03338,Customer 03338,Male,35,Guwahati,Assam,R06,Consumer,2023-12-30,Organic
C03339,Customer 03339,Female,23,Jodhpur,Rajasthan,R01,Consumer,2023-04-27,Social
C03340,Customer 03340,Male,31,Mysuru,Karnataka,R02,Corporate,2025-08-01,Paid Search
C03341,Customer 03341,Female,35,Pune,Maharashtra,R04,Small Business,2022-02-03,Organic
C03342,Customer 03342,Female,37,Bhopal,Madhya Pradesh,R05,Corporate,2022-06-12,Organic
C03343,Customer 03343,Female,44,Faridabad,Haryana,R01,Corporate,2024-07-07,Paid Search
C03344,Customer 03344,Male,18,Faridabad,Haryana,R01,Small Business,2022-04-16,Email
C03345,Customer 03345,Male,34,Mysuru,Karnataka,R02,Consumer,2022-10-13,Email
C03346,Customer 03346,Female,33,Hyderabad,Telangana,R02,Consumer,2025-06-09,Organic
C03347,Customer 03347,Female,34,Bhubaneswar,Odisha,R03,Consumer,2025-04-07,Organic
C03348,Customer 03348,Female,35,Coimbatore,Tamil Nadu,R02,Consumer,2025-02-09,Paid Search
C03349,Customer 03349,Female,27,Bhubaneswar,Odisha,R03,Enterprise,2023-05-18,Referral
C03350,Customer 03350,Male,20,Mumbai,Maharashtra,R04,Consumer,2022-09-02,Paid Search
C03351,Customer 03351,Male,37,Delhi,Delhi,R07,Small Business,2023-04-10,Organic
C03352,Customer 03352,Female,25,Faridabad,Haryana,R01,Consumer,2022-09-22,
C03353,Customer 03353,Female,39,Delhi,Delhi,R07,Consumer,2022-12-15,Referral
C03354,Customer 03354,Female,26,Nagpur,Maharashtra,R04,Consumer,2025-05-01,Social
C03355,Customer 03355,Female,42,Bengaluru,Karnataka,R02,Consumer,2022-12-24,Referral
C03356,Customer 03356,Female,34,Pune,Maharashtra,R04,Consumer,2022-11-02,Organic
C03357,Customer 03357,Female,35,Mysuru,Karnataka,R02,Corporate,2023-01-09,
C03358,Customer 03358,Female,33,Mysuru,Karnataka,R02,Consumer,2022-07-30,Social
C03359,Customer 03359,Female,31,Kolkata,West Bengal,R03,Small Business,2025-06-16,Referral
C03360,Customer 03360,Female,33,Hyderabad,Telangana,R02,Small Business,2025-08-18,Organic
C03361,Customer 03361,Female,47,Nagpur,Maharashtra,R04,Consumer,2022-10-21,Paid Search
C03362,Customer 03362,Female,20,Pune,Maharashtra,R04,Enterprise,2025-03-22,Organic
C03363,Customer 03363,Female,29,Chennai,Tamil Nadu,R02,Consumer,2023-01-30,Partner
C03364,Customer 03364,Female,46,Chennai,Tamil Nadu,R02,Consumer,2023-08-13,Paid Search
C03365,Customer 03365,Female,43,Nagpur,Maharashtra,R04,Consumer,2025-12-31,Partner
C03366,Customer 03366,Female,48,Nagpur,Maharashtra,R04,Corporate,2024-07-03,Partner
C03367,Customer 03367,Female,34,Kolkata,West Bengal,R03,Consumer,2025-03-28,Social
C03368,Customer 03368,Male,22,Hyderabad,Telangana,R02,Consumer,2023-09-21,Partner
C03369,Customer 03369,Female,24,Faridabad,Haryana,R01,Small Business,2024-06-26,Organic
C03370,Customer 03370,Female,32,Ahmedabad,Gujarat,R04,Consumer,2023-02-05,Organic
C03371,Customer 03371,Female,43,Kochi,Kerala,R02,Small Business,2024-12-09,Paid Search
C03372,Customer 03372,Male,32,Delhi,Delhi,R07,Consumer,2025-12-12,Referral
C03373,Customer 03373,Female,32,Raipur,Chhattisgarh,R05,Consumer,2022-08-17,Partner
C03374,Customer 03374,Female,39,Gurugram,Haryana,R01,Consumer,2024-03-08,Social
C03375,Customer 03375,Male,35,Mysuru,Karnataka,R02,Consumer,2023-01-28,Organic
C03376,Customer 03376,Female,31,Surat,Gujarat,R04,Consumer,2024-07-20,Organic
C03377,Customer 03377,Female,25,Delhi,Delhi,R07,Small Business,2023-10-29,Paid Search
C03378,Customer 03378,Female,44,Kochi,Kerala,R02,Consumer,2023-08-20,Referral
C03379,Customer 03379,Male,45,Surat,Gujarat,R04,Consumer,2023-07-23,Social
C03380,Customer 03380,Male,24,Visakhapatnam,Andhra Pradesh,R02,Small Business,2024-01-02,Partner
C03381,Customer 03381,Female,31,Jodhpur,Rajasthan,R01,Corporate,2022-10-29,Organic
C03382,Customer 03382,Female,42,Raipur,Chhattisgarh,R05,Enterprise,2023-02-25,Social
C03383,Customer 03383,Male,24,Kochi,Kerala,R02,Consumer,2022-04-13,Organic
C03384,Customer 03384,Female,39,Mysuru,Karnataka,R02,Corporate,2023-09-20,Referral
C03385,Customer 03385,Male,32,Ludhiana,Punjab,R01,Consumer,2024-06-13,Email
C03386,Customer 03386,Male,23,Kolkata,West Bengal,R03,Corporate,2024-07-06,Social
C03387,Customer 03387,Female,53,Mysuru,Karnataka,R02,Consumer,2022-11-03,Paid Search
C03388,Customer 03388,Male,32,Visakhapatnam,Andhra Pradesh,R02,Consumer,2025-04-01,Organic
C03389,Customer 03389,Male,40,Surat,Gujarat,R04,Enterprise,2023-08-31,Partner
C03390,Customer 03390,Female,24,Jaipur,Rajasthan,R01,Corporate,2025-03-18,Social
C03391,Customer 03391,Female,51,Faridabad,Haryana,R01,Corporate,2025-04-13,Email
C03392,Customer 03392,Male,54,Kolkata,West Bengal,R03,Consumer,2022-01-17,Organic
C03393,Customer 03393,Male,20,Ranchi,Jharkhand,R03,Corporate,2022-03-10,Organic
C03394,Customer 03394,Female,33,Delhi,Delhi,R07,Consumer,2024-02-21,Social
C03395,Customer 03395,Female,48,Patna,Bihar,R03,Consumer,2025-05-09,Social
C03396,Customer 03396,Male,30,Kochi,Kerala,R02,Consumer,2023-06-30,Paid Search
C03397,Customer 03397,Male,39,Delhi,Delhi,R07,Consumer,2024-06-10,Paid Search
C03398,Customer 03398,Female,18,Faridabad,Haryana,R01,Consumer,2024-06-05,Paid Search
C03399,Customer 03399,Female,27,Kolkata,West Bengal,R03,Small Business,2025-01-18,Paid Search
C03400,Customer 03400,Female,38,Hyderabad,Telangana,R02,Consumer,2025-07-12,Organic
C03401,Customer 03401,Male,29,Delhi,Delhi,R07,Small Business,2024-04-11,Referral
C03402,Customer 03402,Female,31,Indore,Madhya Pradesh,R05,Small Business,2025-02-06,Email
C03403,Customer 03403,Other,20,Bengaluru,Karnataka,R02,Consumer,2024-05-29,Paid Search
C03404,Customer 03404,Male,42,Kochi,Kerala,R02,Corporate,2023-04-29,Partner
C03405,Customer 03405,Male,22,Guwahati,Assam,R06,Consumer,2024-04-13,Partner
C03406,Customer 03406,Female,50,Indore,Madhya Pradesh,R05,Small Business,2024-12-15,Social
C03407,Customer 03407,Female,28,Mysuru,Karnataka,R02,Consumer,2025-07-31,Email
C03408,Customer 03408,Male,43,Noida,Uttar Pradesh,R07,Consumer,2022-05-29,Social
C03409,Customer 03409,Male,42,Bengaluru,Karnataka,R02,Consumer,2023-05-05,Organic
C03410,Customer 03410,Female,25,Delhi,Delhi,R07,Small Business,2022-07-07,Organic
C03411,Customer 03411,Female,29,Hyderabad,Telangana,R02,Consumer,2022-09-08,Paid Search
C03412,Customer 03412,Male,30,Gurugram,Haryana,R01,Small Business,2022-11-26,Organic
C03413,Customer 03413,Male,31,Bengaluru,Karnataka,R02,Consumer,2025-08-11,Partner
C03414,Customer 03414,Male,22,Delhi,Delhi,R07,Corporate,2023-08-08,Partner
C03415,Customer 03415,Female,40,Jodhpur,Rajasthan,R01,Consumer,2025-09-04,Social
C03416,Customer 03416,Female,28,Kanpur,Uttar Pradesh,R07,Consumer,2024-01-17,Social
C03417,Customer 03417,Male,34,Coimbatore,Tamil Nadu,R02,Consumer,2022-01-28,Partner
C03418,Customer 03418,Female,45,Bhubaneswar,Odisha,R03,Consumer,2023-08-05,Referral
C03419,Customer 03419,Female,41,Delhi,Delhi,R07,Small Business,2024-11-27,Organic
C03420,Customer 03420,Female,29,Raipur,Chhattisgarh,R05,Corporate,2024-07-06,Partner
C03421,Customer 03421,Male,45,Raipur,Chhattisgarh,R05,Consumer,2023-06-23,Social
C03422,Customer 03422,Male,42,Pune,Maharashtra,R04,Consumer,2022-07-01,
C03423,Customer 03423,Male,28,Hyderabad,Telangana,R02,Consumer,2025-01-11,Organic
C03424,Customer 03424,Male,30,Mumbai,Maharashtra,R04,Corporate,2024-02-01,Email
C03425,Customer 03425,Female,45,Faridabad,Haryana,R01,Small Business,2025-03-01,Organic
C03426,Customer 03426,Female,43,Bengaluru,Karnataka,R02,Small Business,2023-02-02,Email
C03427,Customer 03427,Male,20,Delhi,Delhi,R07,Small Business,2022-08-18,Email
C03428,Customer 03428,Female,25,Guwahati,Assam,R06,Consumer,2023-06-17,Organic
C03429,Customer 03429,Female,42,Kochi,Kerala,R02,Consumer,2022-12-16,Paid Search
C03430,Customer 03430,Female,23,Bhopal,Madhya Pradesh,R05,Small Business,2024-01-14,Social
C03431,Customer 03431,Male,43,Chennai,Tamil Nadu,R02,Consumer,2024-01-03,Organic
C03432,Customer 03432,Other,54,Mysuru,Karnataka,R02,Consumer,2022-07-13,Social
C03433,Customer 03433,Female,39,Dehradun,Uttarakhand,R01,Consumer,2023-11-15,Partner
C03434,Customer 03434,Female,26,Lucknow,Uttar Pradesh,R07,Small Business,2023-07-22,Social
C03435,Customer 03435,Female,37,Delhi,Delhi,R07,Corporate,2024-01-29,Social
C03436,Customer 03436,Female,45,Chennai,Tamil Nadu,R02,Enterprise,2025-01-16,Partner
C03437,Customer 03437,Male,36,Mumbai,,R04,Consumer,2023-10-28,Partner
C03438,Customer 03438,Female,40,Pune,Maharashtra,R04,Consumer,2023-02-10,Partner
C03439,Customer 03439,Male,27,Delhi,Delhi,R07,Consumer,2025-08-12,Organic
C03440,Customer 03440,Female,28,Chennai,Tamil Nadu,R02,Small Business,2025-01-22,Organic
C03441,Customer 03441,Male,44,Kanpur,Uttar Pradesh,R07,Consumer,2025-11-05,Social
C03442,Customer 03442,Male,28,Ludhiana,Punjab,R01,Enterprise,2022-12-04,Organic
C03443,Customer 03443,Female,18,Delhi,Delhi,R07,Consumer,2024-06-17,Social
C03444,Customer 03444,Female,32,Nagpur,Maharashtra,R04,Small Business,2025-01-06,Email
C03445,Customer 03445,Female,38,Guwahati,Assam,R06,Small Business,2025-07-28,Partner
C03446,Customer 03446,Female,46,Mumbai,Maharashtra,R04,Consumer,2022-10-12,Paid Search
C03447,Customer 03447,Female,51,Kolkata,West Bengal,R03,Small Business,2023-01-04,Email
C03448,Customer 03448,Female,36,Patna,Bihar,R03,Consumer,2025-10-21,Social
C03449,Customer 03449,Male,42,Mumbai,Maharashtra,R04,Small Business,2024-04-07,Referral
C03450,Customer 03450,Female,36,Indore,Madhya Pradesh,R05,Small Business,2022-08-13,Organic
C03451,Customer 03451,Female,39,Kolkata,West Bengal,R03,Consumer,2022-10-10,Organic
C03452,Customer 03452,Male,33,Mysuru,Karnataka,R02,Consumer,2025-12-31,Email
C03453,Customer 03453,Male,39,Delhi,Delhi,R07,Enterprise,2025-08-06,Social
C03454,Customer 03454,,28,Delhi,Delhi,R07,Enterprise,2022-12-01,Email
C03455,Customer 03455,Female,55,Dehradun,Uttarakhand,R01,Corporate,2024-03-18,Organic
C03456,Customer 03456,Female,18,Bhubaneswar,Odisha,R03,Enterprise,2024-11-03,Organic
C03457,Customer 03457,Male,41,Vijayawada,,R02,Consumer,2023-10-14,Organic
C03458,Customer 03458,Male,38,Kochi,Kerala,R02,Consumer,2023-03-22,Referral
C03459,Customer 03459,Male,39,Delhi,Delhi,R07,Consumer,2024-10-20,Social
C03460,Customer 03460,Male,23,Bhubaneswar,Odisha,R03,Consumer,2022-05-01,Paid Search
C03461,Customer 03461,Male,18,Ahmedabad,Gujarat,R04,Consumer,2022-10-31,Organic
C03462,Customer 03462,Female,41,Bhubaneswar,Odisha,R03,Corporate,2022-02-06,Organic
C03463,Customer 03463,Female,48,Delhi,Delhi,R07,Consumer,2025-07-25,Organic
C03464,Customer 03464,Female,37,Jodhpur,Rajasthan,R01,Consumer,2022-08-04,Organic
C03465,Customer 03465,Female,43,Patna,Bihar,R03,Corporate,2025-06-24,Partner
C03466,Customer 03466,Other,30,Bhubaneswar,Odisha,R03,Small Business,2023-08-20,Organic
C03467,Customer 03467,Female,38,Coimbatore,Tamil Nadu,R02,Enterprise,2022-06-03,Organic
C03468,Customer 03468,Female,47,Jodhpur,Rajasthan,R01,Consumer,2024-04-27,Email
C03469,Customer 03469,Female,32,Nagpur,Maharashtra,R04,Small Business,2023-04-10,Partner
C03470,Customer 03470,Female,47,Ranchi,Jharkhand,R03,Consumer,2023-12-01,Referral
C03471,Customer 03471,Male,19,Surat,Gujarat,R04,Consumer,2025-11-30,Organic
C03472,Customer 03472,Male,29,Surat,Gujarat,R04,Corporate,2024-07-10,Paid Search
C03473,Customer 03473,Female,40,Mysuru,Karnataka,R02,Consumer,2022-01-26,Organic
C03474,Customer 03474,Female,54,Ahmedabad,Gujarat,R04,Small Business,2022-05-21,Organic
C03475,Customer 03475,Female,35,Bengaluru,Karnataka,R02,Consumer,2025-01-31,Referral
C03476,Customer 03476,Male,25,Ahmedabad,Gujarat,R04,Consumer,2024-09-15,Email
C03477,Customer 03477,Female,54,Bhopal,Madhya Pradesh,R05,Consumer,2023-12-15,Organic
C03478,Customer 03478,Female,34,Kochi,Kerala,R02,Consumer,2025-02-21,Referral
C03479,Customer 03479,Female,42,Vijayawada,Andhra Pradesh,R02,Consumer,2022-11-24,Referral
C03480,Customer 03480,,32,Coimbatore,Tamil Nadu,R02,Consumer,2022-12-03,Social
C03481,Customer 03481,Male,36,Ahmedabad,Gujarat,R04,Consumer,2023-08-18,Paid Search
C03482,Customer 03482,Male,29,Kolkata,West Bengal,R03,Small Business,2025-03-02,Partner
C03483,Customer 03483,Female,58,Indore,Madhya Pradesh,R05,Consumer,2025-12-06,Organic
C03484,Customer 03484,Male,47,Chennai,Tamil Nadu,R02,Corporate,2023-01-01,Organic
C03485,Customer 03485,Female,53,Kolkata,West Bengal,R03,Corporate,2024-06-22,Organic
C03486,Customer 03486,Male,27,Patna,Bihar,R03,Consumer,2023-10-11,Referral
C03487,Customer 03487,Other,18,Kolkata,West Bengal,R03,Consumer,2025-07-10,Partner
C03488,Customer 03488,Male,32,Patna,Bihar,R03,Corporate,2025-03-23,Organic
C03489,Customer 03489,Female,60,Ludhiana,Punjab,R01,Small Business,2022-09-10,Organic
C03490,Customer 03490,Female,32,Mysuru,Karnataka,R02,Consumer,2024-10-01,Partner
C03491,Customer 03491,Female,46,Chennai,Tamil Nadu,R02,Small Business,2022-01-26,
C03492,Customer 03492,Female,25,Delhi,Delhi,R07,Consumer,2024-01-06,Partner
C03493,Customer 03493,Male,27,Raipur,Chhattisgarh,R05,Consumer,2023-01-26,Referral
C03494,Customer 03494,Male,34,Chennai,Tamil Nadu,R02,Consumer,2023-06-25,Email
C03495,Customer 03495,Male,56,Gurugram,Haryana,R01,Consumer,2023-04-28,Social
C03496,Customer 03496,Female,46,Indore,Madhya Pradesh,R05,Consumer,2024-04-03,Organic
C03497,Customer 03497,Female,18,Kolkata,West Bengal,R03,Consumer,2025-05-24,Social
C03498,Customer 03498,Male,42,Patna,Bihar,R03,Consumer,2024-01-30,Paid Search
C03499,Customer 03499,Female,24,Nagpur,Maharashtra,R04,Consumer,2025-06-19,Social
C03500,Customer 03500,Male,28,Raipur,Chhattisgarh,R05,Consumer,2025-11-20,Social
C03501,Customer 03501,Male,40,Surat,Gujarat,R04,Small Business,2022-11-22,Organic
C03502,Customer 03502,Male,49,Chennai,Tamil Nadu,R02,Small Business,2025-04-22,Social
C03503,Customer 03503,Female,48,Delhi,Delhi,R07,Consumer,2022-11-14,
C03504,Customer 03504,Male,38,Hyderabad,Telangana,R02,Consumer,2022-06-20,Email
C03505,Customer 03505,Female,38,Kolkata,West Bengal,R03,Consumer,2022-11-01,Organic
C03506,Customer 03506,Female,48,Chennai,Tamil Nadu,R02,Small Business,2023-08-26,Social
C03507,Customer 03507,Female,19,Bengaluru,Karnataka,R02,Consumer,2022-09-06,Paid Search
C03508,Customer 03508,Male,53,Indore,Madhya Pradesh,R05,Consumer,2024-05-08,Organic
C03509,Customer 03509,Female,28,Kolkata,West Bengal,R03,Enterprise,2024-05-21,Paid Search
C03510,Customer 03510,Female,38,Jodhpur,Rajasthan,R01,Consumer,2024-10-27,Paid Search
C03511,Customer 03511,Female,30,Visakhapatnam,Andhra Pradesh,R02,Consumer,2025-08-24,Referral
C03512,Customer 03512,Male,23,Kolkata,West Bengal,R03,Small Business,2022-09-17,Organic
C03513,Customer 03513,Male,40,Dehradun,Uttarakhand,R01,Small Business,2025-12-03,Email
C03514,Customer 03514,Male,37,Ranchi,Jharkhand,R03,Consumer,2025-04-28,Organic
C03515,Customer 03515,Male,34,Kochi,Kerala,R02,Consumer,2022-03-20,Social
C03516,Customer 03516,Female,33,Patna,Bihar,R03,Consumer,2024-07-09,Referral
C03517,Customer 03517,Male,50,Chennai,Tamil Nadu,R02,Consumer,2023-01-13,Organic
C03518,Customer 03518,Female,57,Gurugram,Haryana,R01,Consumer,2022-04-09,Organic
C03519,Customer 03519,Male,48,Bengaluru,,R02,Consumer,2024-09-22,Organic
C03520,Customer 03520,Female,38,Bhubaneswar,Odisha,R03,Corporate,2022-03-28,Paid Search
C03521,Customer 03521,Female,19,Bengaluru,Karnataka,R02,Small Business,2022-09-17,Paid Search
C03522,Customer 03522,Male,41,Guwahati,Assam,R06,Enterprise,2024-09-29,Partner
C03523,Customer 03523,Male,42,Gurugram,Haryana,R01,Small Business,2022-05-03,Organic
C03524,Customer 03524,Female,43,Pune,Maharashtra,R04,Consumer,2025-01-08,Partner
C03525,Customer 03525,Female,24,Bengaluru,Karnataka,R02,Consumer,2022-02-08,Partner
C03526,Customer 03526,Female,44,Ahmedabad,Gujarat,R04,Consumer,2023-03-30,Organic
C03527,Customer 03527,Female,51,Faridabad,Haryana,R01,Consumer,2023-01-10,Referral
C03528,Customer 03528,Female,25,Gurugram,Haryana,R01,Consumer,2022-08-25,Partner
C03529,Customer 03529,Female,42,Indore,Madhya Pradesh,R05,Small Business,2024-02-17,Organic
C03530,Customer 03530,Male,27,Bengaluru,Karnataka,R02,Consumer,2022-11-18,Social
C03531,Customer 03531,Male,34,Delhi,Delhi,R07,Consumer,2022-08-08,Referral
C03532,Customer 03532,Male,26,Delhi,Delhi,R07,Consumer,2023-07-28,Referral
C03533,Customer 03533,Female,31,Bengaluru,Karnataka,R02,Enterprise,2023-12-27,Email
C03534,Customer 03534,Male,32,Gurugram,Haryana,R01,Corporate,2024-07-12,Paid Search
C03535,Customer 03535,Male,39,Kolkata,West Bengal,R03,Consumer,2022-05-05,Organic
C03536,Customer 03536,Female,44,Bhubaneswar,Odisha,R03,Consumer,2022-10-02,Referral
C03537,Customer 03537,Male,47,Noida,Uttar Pradesh,R07,Small Business,2022-03-15,Paid Search
C03538,Customer 03538,Male,28,Coimbatore,Tamil Nadu,R02,Consumer,2025-03-02,Referral
C03539,Customer 03539,,39,Faridabad,Haryana,R01,Corporate,2024-03-28,Social
C03540,Customer 03540,Male,24,Jaipur,Rajasthan,R01,Corporate,2022-12-30,Paid Search
C03541,Customer 03541,Male,34,Kochi,Kerala,R02,Corporate,2024-02-17,Partner
C03542,Customer 03542,Male,35,Bengaluru,Karnataka,R02,Consumer,2025-03-28,Referral
C03543,Customer 03543,Male,26,Guwahati,Assam,R06,Small Business,2025-01-17,Referral
C03544,Customer 03544,Female,41,Lucknow,Uttar Pradesh,R07,Consumer,2025-09-12,Partner
C03545,Customer 03545,Male,33,Pune,Maharashtra,R04,Consumer,2022-12-03,Organic
C03546,Customer 03546,,37,Bengaluru,Karnataka,R02,Consumer,2022-08-28,Referral
C03547,Customer 03547,Female,47,Mysuru,Karnataka,R02,Consumer,2025-01-21,Paid Search
C03548,Customer 03548,Female,31,Dehradun,Uttarakhand,R01,Consumer,2025-09-02,Social
C03549,Customer 03549,Female,44,Faridabad,Haryana,R01,Small Business,2022-09-14,Email
C03550,Customer 03550,Female,49,Raipur,Chhattisgarh,R05,Small Business,2024-10-27,Partner
C03551,Customer 03551,Male,49,Raipur,,R05,Consumer,2024-04-19,Paid Search
C03552,Customer 03552,Male,33,Bengaluru,Karnataka,R02,Small Business,2025-07-20,Email
C03553,Customer 03553,Male,25,Mumbai,Maharashtra,R04,Enterprise,2022-10-09,Paid Search
C03554,Customer 03554,Female,28,Bengaluru,Karnataka,R02,Consumer,2023-05-22,Referral
C03555,Customer 03555,Female,19,Jodhpur,Rajasthan,R01,Corporate,2024-06-26,Partner
C03556,Customer 03556,Male,42,Indore,Madhya Pradesh,R05,Enterprise,2025-06-15,Referral
C03557,Customer 03557,Male,42,Bengaluru,Karnataka,R02,Small Business,2025-04-20,Referral
C03558,Customer 03558,Female,36,Kochi,Kerala,R02,Consumer,2023-11-28,Email
C03559,Customer 03559,Female,21,Hyderabad,Telangana,R02,Small Business,2023-06-25,Organic
C03560,Customer 03560,Male,31,Mysuru,Karnataka,R02,Corporate,2022-10-05,
C03561,Customer 03561,Female,49,Kolkata,West Bengal,R03,Consumer,2023-08-10,Referral
C03562,Customer 03562,Female,41,Mysuru,Karnataka,R02,Consumer,2025-12-27,Social
C03563,Customer 03563,Male,43,Kochi,Kerala,R02,Consumer,2022-11-29,Partner
C03564,Customer 03564,Male,68,Ludhiana,Punjab,R01,Consumer,2025-10-17,
C03565,Customer 03565,Female,38,Ranchi,Jharkhand,R03,Consumer,2023-02-13,Organic
C03566,Customer 03566,Male,18,Indore,Madhya Pradesh,R05,Consumer,2022-07-02,Email
C03567,Customer 03567,Other,24,Raipur,Chhattisgarh,R05,Small Business,2024-11-14,Organic
C03568,Customer 03568,Female,38,Mysuru,Karnataka,R02,Corporate,2023-10-29,Referral
C03569,Customer 03569,Female,35,Indore,Madhya Pradesh,R05,Consumer,2024-12-04,Partner
C03570,Customer 03570,Female,33,Nagpur,Maharashtra,R04,Consumer,2025-12-11,Email
C03571,Customer 03571,Other,33,Patna,Bihar,R03,Consumer,2022-08-05,Referral
C03572,Customer 03572,Male,27,Faridabad,Haryana,R01,Consumer,2024-03-12,Partner
C03573,Customer 03573,Male,39,Mumbai,Maharashtra,R04,Corporate,2023-01-24,Social
C03574,Customer 03574,Female,49,Ahmedabad,Gujarat,R04,Consumer,2023-12-28,Organic
C03575,Customer 03575,Male,52,Nagpur,Maharashtra,R04,Enterprise,2023-01-10,Referral
C03576,Customer 03576,Female,52,Nagpur,Maharashtra,R04,Consumer,2022-10-13,Referral
C03577,Customer 03577,Female,25,Indore,Madhya Pradesh,R05,Consumer,2024-01-29,Partner
C03578,Customer 03578,Male,35,Lucknow,Uttar Pradesh,R07,Small Business,2023-09-05,Paid Search
C03579,Customer 03579,Male,32,Patna,,R03,Consumer,2025-01-25,Organic
C03580,Customer 03580,Female,41,Delhi,Delhi,R07,Consumer,2023-12-29,Organic
C03581,Customer 03581,Male,34,Bhubaneswar,Odisha,R03,Consumer,2024-05-31,Paid Search
C03582,Customer 03582,Male,33,Bhubaneswar,Odisha,R03,Corporate,2024-11-09,Email
C03583,Customer 03583,Male,50,Nagpur,Maharashtra,R04,Consumer,2022-03-21,Social
C03584,Customer 03584,Male,36,Kolkata,West Bengal,R03,Small Business,2023-10-20,Organic
C03585,Customer 03585,Female,36,Kochi,Kerala,R02,Corporate,2024-02-06,Organic
C03586,Customer 03586,Other,39,Bhopal,Madhya Pradesh,R05,Small Business,2024-07-16,Paid Search
C03587,Customer 03587,Female,42,Nagpur,Maharashtra,R04,Corporate,2022-02-28,Social
C03588,Customer 03588,Female,42,Bengaluru,Karnataka,R02,Small Business,2022-05-29,Email
C03589,Customer 03589,Male,51,Bhubaneswar,Odisha,R03,Corporate,2025-05-25,Partner
C03590,Customer 03590,Other,22,Jodhpur,Rajasthan,R01,Consumer,2025-01-20,Social
C03591,Customer 03591,Female,38,Bhopal,Madhya Pradesh,R05,Corporate,2023-09-07,Paid Search
C03592,Customer 03592,Female,34,Mumbai,Maharashtra,R04,Corporate,2022-01-05,Organic
C03593,Customer 03593,Male,32,Indore,Madhya Pradesh,R05,Consumer,2023-01-14,Social
C03594,Customer 03594,Male,43,Delhi,Delhi,R07,Corporate,2024-07-27,Social
C03595,Customer 03595,Male,48,Delhi,,R07,Consumer,2024-09-21,Paid Search
C03596,Customer 03596,Male,29,Dehradun,Uttarakhand,R01,Consumer,2025-04-22,Paid Search
C03597,Customer 03597,Male,52,Guwahati,Assam,R06,Consumer,2024-03-17,Email
C03598,Customer 03598,Female,21,Guwahati,Assam,R06,Consumer,2025-01-25,Referral
C03599,Customer 03599,Male,41,Visakhapatnam,Andhra Pradesh,R02,Consumer,2022-12-11,Paid Search
C03600,Customer 03600,Male,26,Surat,Gujarat,R04,Consumer,2022-08-04,Social
C03601,Customer 03601,Female,29,Jaipur,Rajasthan,R01,Consumer,2023-05-06,Social
C03602,Customer 03602,Female,36,Faridabad,Haryana,R01,Consumer,2025-05-18,Organic
C03603,Customer 03603,Male,31,Mysuru,Karnataka,R02,Consumer,2025-07-19,Partner
C03604,Customer 03604,Male,18,Lucknow,Uttar Pradesh,R07,Consumer,2022-04-26,Organic
C03605,Customer 03605,Female,41,Visakhapatnam,Andhra Pradesh,R02,Enterprise,2022-10-14,Organic
C03606,Customer 03606,Female,43,Delhi,Delhi,R07,Small Business,2022-04-07,Social
C03607,Customer 03607,Female,33,Faridabad,Haryana,R01,Consumer,2025-01-20,Social
C03608,Customer 03608,Male,33,Lucknow,Uttar Pradesh,R07,Consumer,2025-04-16,Social
C03609,Customer 03609,Female,31,Amritsar,Punjab,R01,Consumer,2025-09-16,Partner
C03610,Customer 03610,Female,18,Kanpur,Uttar Pradesh,R07,Consumer,2022-09-24,Paid Search
C03611,Customer 03611,Male,18,Hyderabad,Telangana,R02,Consumer,2024-01-29,Organic
C03612,Customer 03612,Male,43,Pune,Maharashtra,R04,Corporate,2023-10-16,Organic
C03613,Customer 03613,Female,46,Coimbatore,Tamil Nadu,R02,Corporate,2025-11-27,Organic
C03614,Customer 03614,Female,41,Kochi,Kerala,R02,Consumer,2025-09-30,Email
C03615,Customer 03615,Male,39,Chennai,Tamil Nadu,R02,Corporate,2025-05-07,Paid Search
C03616,Customer 03616,Female,43,Kolkata,,R03,Consumer,2022-11-02,Organic
C03617,Customer 03617,Female,42,Nagpur,Maharashtra,R04,Small Business,2023-05-03,Referral
C03618,Customer 03618,Male,27,Faridabad,Haryana,R01,Enterprise,2025-02-14,Email
C03619,Customer 03619,Male,37,Nagpur,Maharashtra,R04,Consumer,2024-06-08,Partner
C03620,Customer 03620,Male,32,Ranchi,Jharkhand,R03,Small Business,2024-05-03,Paid Search
C03621,Customer 03621,Other,32,Chennai,Tamil Nadu,R02,Small Business,2022-04-21,Referral
C03622,Customer 03622,Male,46,Jaipur,Rajasthan,R01,Consumer,2023-08-16,Organic
C03623,Customer 03623,Female,51,Ahmedabad,Gujarat,R04,Consumer,2025-11-25,Partner
C03624,Customer 03624,Female,18,Bhopal,Madhya Pradesh,R05,Small Business,2023-11-02,Partner
C03625,Customer 03625,Female,32,Hyderabad,,R02,Consumer,2025-07-14,Referral
C03626,Customer 03626,Other,32,Mysuru,Karnataka,R02,Consumer,2023-08-23,Referral
C03627,Customer 03627,Female,47,Guwahati,Assam,R06,Corporate,2025-05-23,Referral
C03628,Customer 03628,Female,20,Hyderabad,Telangana,R02,Consumer,2025-04-23,Social
C03629,Customer 03629,Male,18,Hyderabad,Telangana,R02,Consumer,2024-06-27,Paid Search
C03630,Customer 03630,Male,43,Ludhiana,Punjab,R01,Enterprise,2025-04-04,Referral
C03631,Customer 03631,Male,45,Gurugram,Haryana,R01,Consumer,2022-03-12,Partner
C03632,Customer 03632,Female,18,Ranchi,Jharkhand,R03,Consumer,2023-06-30,Referral
C03633,Customer 03633,Male,34,Coimbatore,Tamil Nadu,R02,Corporate,2022-05-11,Paid Search
C03634,Customer 03634,Male,50,Surat,Gujarat,R04,Consumer,2024-10-15,Social
C03635,Customer 03635,Male,24,Coimbatore,Tamil Nadu,R02,Corporate,2023-03-04,Social
C03636,Customer 03636,Female,36,Delhi,Delhi,R07,Corporate,2024-02-17,Organic
C03637,Customer 03637,Male,40,Indore,Madhya Pradesh,R05,Consumer,2025-05-16,Social
C03638,Customer 03638,Male,21,Kanpur,Uttar Pradesh,R07,Consumer,2024-12-29,Organic
C03639,Customer 03639,Female,29,Indore,Madhya Pradesh,R05,Enterprise,2024-08-31,Social
C03640,Customer 03640,,18,Mysuru,Karnataka,R02,Small Business,2022-03-15,Organic
C03641,Customer 03641,Female,33,Jodhpur,Rajasthan,R01,Consumer,2024-06-19,Paid Search
C03642,Customer 03642,Female,27,Delhi,Delhi,R07,Consumer,2023-05-06,Partner
C03643,Customer 03643,Female,37,Bhopal,Madhya Pradesh,R05,Consumer,2025-12-17,Organic
C03644,Customer 03644,Male,41,Ludhiana,Punjab,R01,Small Business,2023-05-06,Organic
C03645,Customer 03645,Male,49,Delhi,Delhi,R07,Small Business,2024-12-30,Paid Search
C03646,Customer 03646,Female,58,Patna,Bihar,R03,Consumer,2024-05-21,Social
C03647,Customer 03647,Male,37,Nagpur,Maharashtra,R04,Small Business,2023-05-06,Partner
C03648,Customer 03648,Female,32,Nagpur,Maharashtra,R04,Consumer,2022-10-31,Referral
C03649,Customer 03649,Female,31,Kanpur,Uttar Pradesh,R07,Consumer,2023-01-15,Partner
C03650,Customer 03650,Male,25,Raipur,Chhattisgarh,R05,Corporate,2024-02-16,Organic
C03651,Customer 03651,Female,39,Jodhpur,Rajasthan,R01,Consumer,2025-07-18,Paid Search
C03652,Customer 03652,Male,30,Amritsar,Punjab,R01,Corporate,2025-12-02,Partner
C03653,Customer 03653,Male,40,Nagpur,Maharashtra,R04,Consumer,2023-04-05,Organic
C03654,Customer 03654,Male,26,Ludhiana,Punjab,R01,Small Business,2022-03-05,Paid Search
C03655,Customer 03655,Female,30,Mumbai,Maharashtra,R04,Enterprise,2022-11-19,Paid Search
C03656,Customer 03656,Other,39,Delhi,Delhi,R07,Consumer,2024-01-06,Partner
C03657,Customer 03657,Male,34,Gurugram,Haryana,R01,Consumer,2023-08-10,Paid Search
C03658,Customer 03658,Female,18,Surat,Gujarat,R04,Corporate,2022-07-22,Partner
C03659,Customer 03659,Male,35,Guwahati,Assam,R06,Consumer,2022-09-11,Social
C03660,Customer 03660,Male,27,Delhi,Delhi,R07,Small Business,2024-04-30,Paid Search
C03661,Customer 03661,Female,47,Ludhiana,Punjab,R01,Corporate,2023-01-25,Organic
C03662,Customer 03662,Female,45,Kochi,Kerala,R02,Consumer,2022-12-18,Social
C03663,Customer 03663,Female,18,Kochi,Kerala,R02,Small Business,2023-07-05,Organic
C03664,Customer 03664,Female,43,Kolkata,West Bengal,R03,Consumer,2025-08-11,Paid Search
C03665,Customer 03665,Male,39,Lucknow,Uttar Pradesh,R07,Consumer,2025-05-16,Social
C03666,Customer 03666,Female,20,Surat,Gujarat,R04,Consumer,2023-04-10,Social
C03667,Customer 03667,Male,44,Ludhiana,Punjab,R01,Small Business,2025-01-26,Paid Search
C03668,Customer 03668,Female,22,Gurugram,,R01,Small Business,2025-11-01,Partner
C03669,Customer 03669,Male,46,Pune,Maharashtra,R04,Consumer,2023-02-14,Organic
C03670,Customer 03670,Male,29,Chennai,Tamil Nadu,R02,Consumer,2022-01-07,Partner
C03671,Customer 03671,Female,20,Pune,Maharashtra,R04,Consumer,2022-12-05,Referral
C03672,Customer 03672,Male,56,Coimbatore,Tamil Nadu,R02,Corporate,2025-04-30,Email
C03673,Customer 03673,Female,20,Jodhpur,Rajasthan,R01,Consumer,2022-06-05,Referral
C03674,Customer 03674,Other,27,Nagpur,Maharashtra,R04,Consumer,2023-01-18,Organic
C03675,Customer 03675,Male,29,Bhubaneswar,Odisha,R03,Consumer,2025-10-25,Referral
C03676,Customer 03676,Female,30,Guwahati,Assam,R06,Consumer,2022-10-22,Email
C03677,Customer 03677,Female,42,Mumbai,Maharashtra,R04,Corporate,2023-12-02,Referral
C03678,Customer 03678,Female,36,Coimbatore,Tamil Nadu,R02,Consumer,2025-07-15,Partner
C03679,Customer 03679,Male,45,Jaipur,Rajasthan,R01,Consumer,2025-05-22,Organic
C03680,Customer 03680,Female,39,Delhi,Delhi,R07,Consumer,2023-03-21,Partner
C03681,Customer 03681,Female,18,Patna,Bihar,R03,Consumer,2023-01-01,Partner
C03682,Customer 03682,Female,40,Gurugram,Haryana,R01,Consumer,2024-05-03,Partner
C03683,Customer 03683,Female,37,Surat,Gujarat,R04,Consumer,2023-04-17,Referral
C03684,Customer 03684,Male,29,Bengaluru,Karnataka,R02,Consumer,2024-12-12,Email
C03685,Customer 03685,Female,56,Ludhiana,Punjab,R01,Consumer,2024-09-15,Social
C03686,Customer 03686,Male,41,Delhi,Delhi,R07,Consumer,2023-09-05,Social
C03687,Customer 03687,Female,44,Pune,Maharashtra,R04,Corporate,2023-08-22,Partner
C03688,Customer 03688,Female,45,Vijayawada,Andhra Pradesh,R02,Consumer,2022-05-29,Organic
C03689,Customer 03689,Female,31,Coimbatore,,R02,Consumer,2024-10-10,Email
C03690,Customer 03690,Male,41,Pune,Maharashtra,R04,Corporate,2025-09-09,Paid Search
C03691,Customer 03691,Male,38,Delhi,Delhi,R07,Consumer,2025-07-03,Paid Search
C03692,Customer 03692,Male,29,Chennai,Tamil Nadu,R02,Consumer,2024-08-03,Social
C03693,Customer 03693,Male,23,Delhi,Delhi,R07,Small Business,2024-11-29,Referral
C03694,Customer 03694,Male,35,Bengaluru,Karnataka,R02,Consumer,2025-07-27,Organic
C03695,Customer 03695,Female,41,Patna,Bihar,R03,Small Business,2022-11-16,Referral
C03696,Customer 03696,Male,35,Surat,Gujarat,R04,Consumer,2025-01-26,Paid Search
C03697,Customer 03697,Female,33,Jodhpur,Rajasthan,R01,Small Business,2022-06-01,Referral
C03698,Customer 03698,Male,35,Delhi,Delhi,R07,Small Business,2025-02-04,Organic
C03699,Customer 03699,Male,32,Delhi,Delhi,R07,Consumer,2022-11-16,Organic
C03700,Customer 03700,Female,50,Surat,Gujarat,R04,Consumer,2024-05-11,Organic
C03701,Customer 03701,Male,38,Guwahati,Assam,R06,Corporate,2022-01-04,Organic
C03702,Customer 03702,Female,30,Kanpur,Uttar Pradesh,R07,Consumer,2022-01-10,Email
C03703,Customer 03703,Female,18,Chennai,Tamil Nadu,R02,Consumer,2024-08-06,Social
C03704,Customer 03704,Female,33,Kolkata,West Bengal,R03,Enterprise,2025-07-13,Email
C03705,Customer 03705,Female,29,Delhi,Delhi,R07,Corporate,2022-06-11,Referral
C03706,Customer 03706,Female,29,Faridabad,Haryana,R01,Enterprise,2025-04-28,Organic
C03707,Customer 03707,Other,44,Mumbai,Maharashtra,R04,Small Business,2025-01-08,Partner
C03708,Customer 03708,Male,36,Hyderabad,Telangana,R02,Small Business,2024-11-28,Email
C03709,Customer 03709,Female,18,Surat,Gujarat,R04,Corporate,2023-02-03,Organic
C03710,Customer 03710,Female,41,Patna,Bihar,R03,Corporate,2025-07-06,Social
C03711,Customer 03711,Male,19,Guwahati,Assam,R06,Small Business,2024-06-09,Paid Search
C03712,Customer 03712,Female,42,Patna,Bihar,R03,Corporate,2022-09-27,Paid Search
C03713,Customer 03713,Female,30,Dehradun,Uttarakhand,R01,Consumer,2025-07-13,Paid Search
C03714,Customer 03714,Male,36,Patna,Bihar,R03,Corporate,2023-02-16,Social
C03715,Customer 03715,Male,35,Raipur,Chhattisgarh,R05,Consumer,2023-12-29,Paid Search
C03716,Customer 03716,Female,34,Bhopal,Madhya Pradesh,R05,Enterprise,2022-08-18,Social
C03717,Customer 03717,Male,37,Patna,Bihar,R03,Corporate,2023-07-24,Social
C03718,Customer 03718,Male,36,Indore,Madhya Pradesh,R05,Consumer,2024-08-02,Referral
C03719,Customer 03719,Female,54,Vijayawada,Andhra Pradesh,R02,Consumer,2025-08-05,Organic
C03720,Customer 03720,Female,37,Mysuru,Karnataka,R02,Consumer,2023-10-03,Organic
C03721,Customer 03721,Female,37,Hyderabad,Telangana,R02,Consumer,2024-06-21,Social
C03722,Customer 03722,Male,28,Bengaluru,Karnataka,R02,Corporate,2022-05-30,Social
C03723,Customer 03723,Male,39,Raipur,Chhattisgarh,R05,Corporate,2022-12-15,Social
C03724,Customer 03724,Female,25,Ahmedabad,Gujarat,R04,Consumer,2024-04-21,Social
C03725,Customer 03725,Male,47,Indore,Madhya Pradesh,R05,Consumer,2022-03-02,Organic
C03726,Customer 03726,Female,20,Indore,Madhya Pradesh,R05,Consumer,2023-05-11,Referral
C03727,Customer 03727,Female,27,Ranchi,Jharkhand,R03,Consumer,2022-03-29,Social
C03728,Customer 03728,Male,19,Noida,Uttar Pradesh,R07,Small Business,2023-12-18,Social
C03729,Customer 03729,Female,39,Kolkata,West Bengal,R03,Small Business,2023-01-19,Social
C03730,Customer 03730,Female,31,Patna,Bihar,R03,Small Business,2023-01-17,Social
C03731,Customer 03731,Female,42,Vijayawada,Andhra Pradesh,R02,Consumer,2023-11-06,Social
C03732,Customer 03732,Female,25,Kochi,Kerala,R02,Consumer,2022-08-24,Email
C03733,Customer 03733,Male,40,Chennai,Tamil Nadu,R02,Small Business,2025-01-14,Social
C03734,Customer 03734,Female,41,Chennai,Tamil Nadu,R02,Enterprise,2023-10-21,Partner
C03735,Customer 03735,Female,37,Faridabad,Haryana,R01,Consumer,2025-08-11,Partner
C03736,Customer 03736,Female,35,Ranchi,Jharkhand,R03,Corporate,2022-11-27,Paid Search
C03737,Customer 03737,Male,36,Kanpur,Uttar Pradesh,R07,Consumer,2022-04-01,Partner
C03738,Customer 03738,Female,26,Patna,Bihar,R03,Consumer,2023-08-15,Paid Search
C03739,Customer 03739,Female,24,Bhubaneswar,Odisha,R03,Enterprise,2022-06-03,Partner
C03740,Customer 03740,Male,40,Surat,Gujarat,R04,Small Business,2023-07-13,Partner
C03741,Customer 03741,Male,31,Ludhiana,Punjab,R01,Enterprise,2025-02-01,Paid Search
C03742,Customer 03742,Male,40,Ludhiana,Punjab,R01,Consumer,2025-10-05,Paid Search
C03743,Customer 03743,Male,51,Raipur,Chhattisgarh,R05,Consumer,2023-10-31,Referral
C03744,Customer 03744,Male,30,Bengaluru,Karnataka,R02,Small Business,2022-09-30,Paid Search
C03745,Customer 03745,Female,29,Delhi,,R07,Corporate,2023-07-21,Referral
C03746,Customer 03746,Male,32,Kolkata,West Bengal,R03,Consumer,2023-02-23,Paid Search
C03747,Customer 03747,Male,35,Lucknow,Uttar Pradesh,R07,Consumer,2022-06-26,Social
C03748,Customer 03748,Male,41,Guwahati,Assam,R06,Consumer,2025-03-02,Paid Search
C03749,Customer 03749,Male,35,Mumbai,Maharashtra,R04,Corporate,2024-12-04,Email
C03750,Customer 03750,Male,56,Ludhiana,Punjab,R01,Small Business,2023-03-09,Social
C03751,Customer 03751,Male,39,Delhi,Delhi,R07,Consumer,2023-12-11,Referral
C03752,Customer 03752,Female,43,Mysuru,Karnataka,R02,Consumer,2023-12-03,Email
C03753,Customer 03753,Male,35,Ahmedabad,Gujarat,R04,Consumer,2023-09-22,Email
C03754,Customer 03754,Female,45,Patna,Bihar,R03,Consumer,2025-01-18,Social
C03755,Customer 03755,Male,33,Surat,Gujarat,R04,Consumer,2024-10-17,Organic
C03756,Customer 03756,Male,29,Mumbai,Maharashtra,R04,Consumer,2022-01-07,Paid Search
C03757,Customer 03757,Male,44,Kanpur,Uttar Pradesh,R07,Small Business,2022-11-24,Social
C03758,Customer 03758,Male,34,Jodhpur,Rajasthan,R01,Consumer,2025-10-29,Organic
C03759,Customer 03759,Female,37,Kochi,Kerala,R02,Corporate,2023-08-28,Email
C03760,Customer 03760,Female,45,Faridabad,Haryana,R01,Consumer,2023-11-08,Organic
C03761,Customer 03761,Female,36,Dehradun,Uttarakhand,R01,Consumer,2025-01-17,Paid Search
C03762,Customer 03762,Male,34,Pune,Maharashtra,R04,Corporate,2025-01-14,Referral
C03763,Customer 03763,Male,30,Delhi,Delhi,R07,Corporate,2024-04-06,Referral
C03764,Customer 03764,Female,46,Kanpur,Uttar Pradesh,R07,Consumer,2025-09-07,Paid Search
C03765,Customer 03765,Male,32,Delhi,Delhi,R07,Consumer,2024-05-11,Referral
C03766,Customer 03766,Male,34,Bhubaneswar,Odisha,R03,Consumer,2025-07-05,Partner
C03767,Customer 03767,Male,38,Bengaluru,Karnataka,R02,Consumer,2023-10-27,Organic
C03768,Customer 03768,Other,38,Pune,Maharashtra,R04,Consumer,2022-11-18,
C03769,Customer 03769,Female,45,Hyderabad,Telangana,R02,Consumer,2022-06-12,Social
C03770,Customer 03770,Male,34,Hyderabad,Telangana,R02,Consumer,2024-03-22,Paid Search
C03771,Customer 03771,Male,49,Vijayawada,Andhra Pradesh,R02,Consumer,2025-07-26,Email
C03772,Customer 03772,Female,33,Ranchi,Jharkhand,R03,Corporate,2023-08-23,Email
C03773,Customer 03773,Male,39,Kolkata,West Bengal,R03,Consumer,2024-11-27,Referral
C03774,Customer 03774,Male,33,Indore,Madhya Pradesh,R05,Small Business,2024-02-17,Paid Search
C03775,Customer 03775,Male,56,Bhubaneswar,Odisha,R03,Corporate,2025-03-23,Organic
C03776,Customer 03776,Male,31,Mysuru,Karnataka,R02,Consumer,2025-02-13,Paid Search
C03777,Customer 03777,Male,32,Kolkata,West Bengal,R03,Corporate,2024-10-16,Social
C03778,Customer 03778,Female,36,Delhi,Delhi,R07,Consumer,2023-06-02,Social
C03779,Customer 03779,Female,32,Patna,Bihar,R03,Small Business,2023-08-25,Partner
C03780,Customer 03780,Female,38,Ranchi,Jharkhand,R03,Small Business,2023-11-29,Paid Search
C03781,Customer 03781,Male,47,Delhi,Delhi,R07,Small Business,2025-04-16,Referral
C03782,Customer 03782,Male,36,Indore,Madhya Pradesh,R05,Consumer,2024-06-07,Referral
C03783,Customer 03783,Female,37,Vijayawada,Andhra Pradesh,R02,Small Business,2022-09-08,Referral
C03784,Customer 03784,Male,33,Noida,Uttar Pradesh,R07,Corporate,2023-01-31,Partner
C03785,Customer 03785,Male,30,Bengaluru,Karnataka,R02,Small Business,2023-04-01,Email
C03786,Customer 03786,Male,36,Kochi,Kerala,R02,Consumer,2024-06-05,Organic
C03787,Customer 03787,Male,35,Ranchi,Jharkhand,R03,Small Business,2025-01-23,Email
C03788,Customer 03788,Male,47,Faridabad,Haryana,R01,Corporate,2022-08-06,Partner
C03789,Customer 03789,Male,25,Mumbai,Maharashtra,R04,Consumer,2024-11-22,Organic
C03790,Customer 03790,Female,50,Kolkata,West Bengal,R03,Enterprise,2024-06-27,Social
C03791,Customer 03791,Male,34,Noida,Uttar Pradesh,R07,Corporate,2022-10-30,Social
C03792,Customer 03792,Female,36,Nagpur,Maharashtra,R04,Small Business,2022-07-29,
C03793,Customer 03793,Female,24,Delhi,Delhi,R07,Consumer,2022-08-03,Partner
C03794,Customer 03794,Male,41,Gurugram,Haryana,R01,Consumer,2025-02-07,Email
C03795,Customer 03795,Female,25,Chennai,Tamil Nadu,R02,Corporate,2022-12-10,Organic
C03796,Customer 03796,Female,39,Hyderabad,Telangana,R02,Consumer,2022-10-11,Organic
C03797,Customer 03797,Male,38,Hyderabad,Telangana,R02,Small Business,2023-09-03,Organic
C03798,Customer 03798,Female,32,Bhubaneswar,Odisha,R03,Corporate,2024-08-01,Partner
C03799,Customer 03799,Female,18,Surat,Gujarat,R04,Consumer,2023-10-09,Organic
C03800,Customer 03800,Female,57,Jodhpur,Rajasthan,R01,Corporate,2024-04-29,Referral
C03801,Customer 03801,Male,24,Delhi,Delhi,R07,Consumer,2023-06-20,Referral
C03802,Customer 03802,Male,38,Ludhiana,Punjab,R01,Small Business,2023-09-14,Organic
C03803,Customer 03803,Male,28,Nagpur,Maharashtra,R04,Small Business,2024-05-04,Organic
C03804,Customer 03804,Male,45,Ludhiana,Punjab,R01,Consumer,2024-08-01,Email
C03805,Customer 03805,Male,31,Delhi,Delhi,R07,Consumer,2024-12-13,Paid Search
C03806,Customer 03806,Female,27,Gurugram,Haryana,R01,Consumer,2025-05-21,Social
C03807,Customer 03807,Male,41,Hyderabad,Telangana,R02,Consumer,2023-04-26,Paid Search
C03808,Customer 03808,Male,22,Hyderabad,Telangana,R02,Small Business,2022-06-25,Organic
C03809,Customer 03809,Male,31,Vijayawada,Andhra Pradesh,R02,Consumer,2022-05-16,Paid Search
C03810,Customer 03810,Male,42,Bhopal,Madhya Pradesh,R05,Consumer,2024-09-15,Organic
C03811,Customer 03811,Female,50,Coimbatore,Tamil Nadu,R02,Consumer,2023-09-22,Paid Search
C03812,Customer 03812,Female,25,Faridabad,Haryana,R01,Corporate,2023-08-23,Organic
C03813,Customer 03813,Male,29,Chennai,Tamil Nadu,R02,Small Business,2024-12-07,Referral
C03814,Customer 03814,Male,39,Delhi,Delhi,R07,Consumer,2024-09-11,Paid Search
C03815,Customer 03815,Male,18,Ahmedabad,Gujarat,R04,Consumer,2025-08-28,Organic
C03816,Customer 03816,Female,49,Mumbai,Maharashtra,R04,Consumer,2025-07-02,Email
C03817,Customer 03817,Male,25,Ahmedabad,Gujarat,R04,Consumer,2024-12-31,Social
C03818,Customer 03818,Male,31,Jaipur,Rajasthan,R01,Consumer,2024-08-11,
C03819,Customer 03819,Male,38,Kolkata,West Bengal,R03,Small Business,2025-08-03,Email
C03820,Customer 03820,Male,36,Bhopal,Madhya Pradesh,R05,Consumer,2022-08-22,Paid Search
C03821,Customer 03821,Male,25,Bhubaneswar,Odisha,R03,Consumer,2025-10-27,Social
C03822,Customer 03822,Female,52,Hyderabad,Telangana,R02,Corporate,2023-08-31,Partner
C03823,Customer 03823,Male,18,Mysuru,Karnataka,R02,Small Business,2022-12-29,Paid Search
C03824,Customer 03824,Male,24,Delhi,Delhi,R07,Consumer,2024-03-13,Organic
C03825,Customer 03825,Male,29,Kolkata,West Bengal,R03,Consumer,2025-07-30,Organic
C03826,Customer 03826,Male,26,Mysuru,Karnataka,R02,Small Business,2022-07-05,Partner
C03827,Customer 03827,Female,47,Jaipur,Rajasthan,R01,Consumer,2022-09-11,Organic
C03828,Customer 03828,Female,18,Mumbai,Maharashtra,R04,Small Business,2024-07-29,Partner
C03829,Customer 03829,Female,51,Vijayawada,Andhra Pradesh,R02,Small Business,2024-09-04,Social
C03830,Customer 03830,Female,32,Hyderabad,Telangana,R02,Small Business,2024-11-08,Social
C03831,Customer 03831,Female,21,Mysuru,Karnataka,R02,Consumer,2025-08-05,Paid Search
C03832,Customer 03832,Female,18,Coimbatore,Tamil Nadu,R02,Consumer,2025-01-19,Paid Search
C03833,Customer 03833,Female,33,Ahmedabad,Gujarat,R04,Small Business,2025-04-01,Paid Search
C03834,Customer 03834,Female,28,Mysuru,Karnataka,R02,Consumer,2022-06-25,Referral
C03835,Customer 03835,Female,37,Jodhpur,Rajasthan,R01,Consumer,2023-06-06,Referral
C03836,Customer 03836,,30,Ahmedabad,Gujarat,R04,Consumer,2024-10-27,Social
C03837,Customer 03837,Male,45,Kolkata,West Bengal,R03,Consumer,2025-04-12,Paid Search
C03838,Customer 03838,,34,Delhi,Delhi,R07,Corporate,2023-06-19,Referral
C03839,Customer 03839,Male,31,Bhubaneswar,Odisha,R03,Enterprise,2024-04-29,Social
C03840,Customer 03840,Female,45,Jaipur,Rajasthan,R01,Corporate,2022-11-05,Email
C03841,Customer 03841,Female,37,Kolkata,West Bengal,R03,Consumer,2025-06-18,Organic
C03842,Customer 03842,Female,43,Hyderabad,Telangana,R02,Enterprise,2024-02-06,Partner
C03843,Customer 03843,Female,46,Hyderabad,Telangana,R02,Corporate,2022-05-20,Social
C03844,Customer 03844,Female,32,Chennai,Tamil Nadu,R02,Consumer,2024-04-16,Social
C03845,Customer 03845,Female,35,Visakhapatnam,Andhra Pradesh,R02,Corporate,2023-01-22,Paid Search
C03846,Customer 03846,Male,43,Bengaluru,Karnataka,R02,Consumer,2023-10-30,Social
C03847,Customer 03847,Male,18,Patna,Bihar,R03,Consumer,2023-05-23,Organic
C03848,Customer 03848,Male,34,Kolkata,West Bengal,R03,Corporate,2025-05-13,Social
C03849,Customer 03849,Male,33,Noida,Uttar Pradesh,R07,Consumer,2025-05-22,Paid Search
C03850,Customer 03850,Male,39,Jodhpur,Rajasthan,R01,Consumer,2022-08-16,Paid Search
C03851,Customer 03851,Female,27,Ahmedabad,Gujarat,R04,Corporate,2023-04-19,Organic
C03852,Customer 03852,Female,46,Jaipur,Rajasthan,R01,Consumer,2023-08-18,Partner
C03853,Customer 03853,Male,28,Nagpur,Maharashtra,R04,Consumer,2025-06-02,Email
C03854,Customer 03854,Female,30,Nagpur,Maharashtra,R04,Consumer,2023-01-26,Social
C03855,Customer 03855,Male,28,Coimbatore,Tamil Nadu,R02,Corporate,2024-10-21,Organic
C03856,Customer 03856,Female,47,Kanpur,Uttar Pradesh,R07,Small Business,2022-03-13,Paid Search
C03857,Customer 03857,Male,18,Bhopal,Madhya Pradesh,R05,Consumer,2025-11-02,Partner
C03858,Customer 03858,Female,53,Surat,,R04,Small Business,2023-05-11,Email
C03859,Customer 03859,Male,50,Kolkata,West Bengal,R03,Consumer,2023-01-28,Email
C03860,Customer 03860,Male,29,Delhi,Delhi,R07,Consumer,2024-11-15,Referral
C03861,Customer 03861,Male,45,Mysuru,Karnataka,R02,Consumer,2024-06-12,Referral
C03862,Customer 03862,Female,36,Delhi,Delhi,R07,Consumer,2024-02-04,Organic
C03863,Customer 03863,Female,52,Kolkata,West Bengal,R03,Consumer,2025-09-21,Paid Search
C03864,Customer 03864,Female,45,Mumbai,Maharashtra,R04,Small Business,2023-09-04,Email
C03865,Customer 03865,Female,57,Vijayawada,Andhra Pradesh,R02,Small Business,2024-02-28,Organic
C03866,Customer 03866,Male,19,Nagpur,Maharashtra,R04,Enterprise,2023-11-25,Organic
C03867,Customer 03867,Female,37,Chennai,Tamil Nadu,R02,Small Business,2022-09-10,Email
C03868,Customer 03868,Female,18,Kanpur,Uttar Pradesh,R07,Consumer,2023-04-02,Email
C03869,Customer 03869,Male,30,Chennai,Tamil Nadu,R02,Consumer,2024-05-31,Organic
C03870,Customer 03870,Female,57,Surat,Gujarat,R04,Consumer,2022-06-28,Social
C03871,Customer 03871,Male,40,Pune,Maharashtra,R04,Consumer,2024-12-03,Organic
C03872,Customer 03872,Male,45,Ludhiana,Punjab,R01,Small Business,2024-05-12,Organic
C03873,Customer 03873,Male,40,Gurugram,Haryana,R01,Consumer,2024-08-07,Organic
C03874,Customer 03874,Female,40,Faridabad,Haryana,R01,Consumer,2025-04-06,Referral
C03875,Customer 03875,Female,30,Dehradun,Uttarakhand,R01,Consumer,2023-12-08,Paid Search
C03876,Customer 03876,Male,28,Surat,Gujarat,R04,Small Business,2025-02-26,Email
C03877,Customer 03877,,30,Delhi,Delhi,R07,Consumer,2024-12-30,Organic
C03878,Customer 03878,Female,18,Visakhapatnam,Andhra Pradesh,R02,Corporate,2022-12-07,Organic
C03879,Customer 03879,Female,34,Delhi,Delhi,R07,Consumer,2023-02-01,Paid Search
C03880,Customer 03880,Female,37,Surat,Gujarat,R04,Consumer,2023-09-27,Referral
C03881,Customer 03881,Female,29,Kolkata,West Bengal,R03,Consumer,2022-05-20,
C03882,Customer 03882,Male,34,Kochi,Kerala,R02,Small Business,2024-03-17,Paid Search
C03883,Customer 03883,Female,40,Kolkata,West Bengal,R03,Small Business,2025-08-26,Social
C03884,Customer 03884,Male,44,Surat,Gujarat,R04,Consumer,2025-03-18,Organic
C03885,Customer 03885,Male,23,Ranchi,Jharkhand,R03,Consumer,2024-11-30,Organic
C03886,Customer 03886,Male,27,Delhi,Delhi,R07,Consumer,2022-10-15,Organic
C03887,Customer 03887,Female,43,Dehradun,Uttarakhand,R01,Consumer,2025-03-16,Organic
C03888,Customer 03888,,41,Raipur,Chhattisgarh,R05,Consumer,2022-07-13,Partner
C03889,Customer 03889,Male,48,Visakhapatnam,Andhra Pradesh,R02,Consumer,2023-08-25,Referral
C03890,Customer 03890,Female,48,Lucknow,Uttar Pradesh,R07,Corporate,2025-09-23,Partner
C03891,Customer 03891,Male,59,Gurugram,Haryana,R01,Small Business,2025-01-16,Email
C03892,Customer 03892,Female,32,Hyderabad,Telangana,R02,Corporate,2022-08-01,Email
C03893,Customer 03893,Male,51,Mysuru,Karnataka,R02,Corporate,2024-02-02,Paid Search
C03894,Customer 03894,Female,26,Mysuru,Karnataka,R02,Enterprise,2025-12-16,Organic
C03895,Customer 03895,Female,59,Kochi,Kerala,R02,Enterprise,2023-10-15,Organic
C03896,Customer 03896,Male,40,Chennai,Tamil Nadu,R02,Consumer,2024-05-25,Organic
C03897,Customer 03897,Female,40,Nagpur,,R04,Consumer,2023-07-14,Organic
C03898,Customer 03898,Female,45,Nagpur,,R04,Consumer,2023-12-31,Organic
C03899,Customer 03899,Male,21,Gurugram,Haryana,R01,Small Business,2024-01-28,Referral
C03900,Customer 03900,Female,24,Amritsar,Punjab,R01,Consumer,2022-10-04,Paid Search
C03901,Customer 03901,Female,36,Faridabad,Haryana,R01,Consumer,2025-10-09,Social
C03902,Customer 03902,Male,38,Bhopal,Madhya Pradesh,R05,Consumer,2025-06-11,Social
C03903,Customer 03903,Male,56,Kolkata,West Bengal,R03,Corporate,2022-05-27,Paid Search
C03904,Customer 03904,Female,26,Bengaluru,Karnataka,R02,Corporate,2022-09-09,Organic
C03905,Customer 03905,Female,50,Mumbai,,R04,Small Business,2024-07-31,Social
C03906,Customer 03906,Female,32,Hyderabad,Telangana,R02,Consumer,2023-08-10,Partner
C03907,Customer 03907,Female,32,Bhopal,,R05,Small Business,2024-09-19,Referral
C03908,Customer 03908,Female,33,Guwahati,Assam,R06,Consumer,2022-03-12,Partner
C03909,Customer 03909,Male,32,Bengaluru,Karnataka,R02,Small Business,2025-01-02,Paid Search
C03910,Customer 03910,Male,40,Indore,Madhya Pradesh,R05,Corporate,2022-02-02,Email
C03911,Customer 03911,Male,31,Mysuru,Karnataka,R02,Consumer,2022-10-15,Referral
C03912,Customer 03912,Male,21,Bengaluru,Karnataka,R02,Enterprise,2024-12-01,Partner
C03913,Customer 03913,Female,32,Raipur,Chhattisgarh,R05,Small Business,2023-05-23,Paid Search
C03914,Customer 03914,Female,40,Nagpur,Maharashtra,R04,Small Business,2022-10-31,Email
C03915,Customer 03915,Male,21,Pune,Maharashtra,R04,Small Business,2025-07-13,Social
C03916,Customer 03916,Female,41,Jaipur,Rajasthan,R01,Consumer,2024-05-27,Paid Search
C03917,Customer 03917,Male,47,Bengaluru,Karnataka,R02,Consumer,2023-02-25,Social
C03918,Customer 03918,Male,50,Bengaluru,Karnataka,R02,Consumer,2024-11-22,Paid Search
C03919,Customer 03919,Female,38,Hyderabad,Telangana,R02,Small Business,2022-07-15,Partner
C03920,Customer 03920,Male,18,Ahmedabad,Gujarat,R04,Small Business,2023-12-20,Partner
C03921,Customer 03921,Female,41,Kanpur,Uttar Pradesh,R07,Enterprise,2022-10-04,Referral
C03922,Customer 03922,Male,45,Raipur,Chhattisgarh,R05,Small Business,2024-08-17,Organic
C03923,Customer 03923,Male,28,Pune,Maharashtra,R04,Corporate,2023-02-02,Paid Search
C03924,Customer 03924,Female,34,Kochi,Kerala,R02,Consumer,2022-12-19,Paid Search
C03925,Customer 03925,Female,40,Amritsar,Punjab,R01,Consumer,2023-01-09,Referral
C03926,Customer 03926,Female,53,Mysuru,Karnataka,R02,Consumer,2025-04-09,Organic
C03927,Customer 03927,Female,32,Bengaluru,Karnataka,R02,Small Business,2025-06-19,Referral
C03928,Customer 03928,Female,44,Bhopal,Madhya Pradesh,R05,Consumer,2022-10-29,Social
C03929,Customer 03929,Female,38,Gurugram,Haryana,R01,Small Business,2022-08-18,Organic
C03930,Customer 03930,Male,37,Kochi,Kerala,R02,Corporate,2024-05-12,Organic
C03931,Customer 03931,Male,48,Bengaluru,Karnataka,R02,Consumer,2024-07-27,Organic
C03932,Customer 03932,Female,27,Chennai,Tamil Nadu,R02,Small Business,2025-05-06,Partner
C03933,Customer 03933,Female,37,Mysuru,Karnataka,R02,Corporate,2025-04-15,Social
C03934,Customer 03934,Male,35,Delhi,Delhi,R07,Corporate,2025-03-04,Social
C03935,Customer 03935,Male,20,Bengaluru,Karnataka,R02,Consumer,2022-03-04,Organic
C03936,Customer 03936,Male,47,Kanpur,,R07,Consumer,2022-03-16,Email
C03937,Customer 03937,Male,43,Pune,Maharashtra,R04,Consumer,2022-09-30,Organic
C03938,Customer 03938,Male,35,Hyderabad,,R02,Consumer,2023-06-21,Paid Search
C03939,Customer 03939,Female,32,Bengaluru,Karnataka,R02,Small Business,2024-12-15,Referral
C03940,Customer 03940,Female,35,Delhi,Delhi,R07,Enterprise,2025-05-30,Organic
C03941,Customer 03941,Other,42,Delhi,Delhi,R07,Small Business,2024-11-16,Email
C03942,Customer 03942,Female,36,Amritsar,Punjab,R01,Consumer,2025-05-28,Email
C03943,Customer 03943,Male,28,Ludhiana,Punjab,R01,Enterprise,2023-06-29,Social
C03944,Customer 03944,Female,30,Coimbatore,Tamil Nadu,R02,Consumer,2024-07-18,Paid Search
C03945,Customer 03945,Female,35,Ludhiana,Punjab,R01,Consumer,2022-07-18,Organic
C03946,Customer 03946,Female,26,Guwahati,Assam,R06,Small Business,2022-06-08,Referral
C03947,Customer 03947,Male,38,Amritsar,Punjab,R01,Small Business,2025-04-21,Paid Search
C03948,Customer 03948,Female,27,Delhi,Delhi,R07,Enterprise,2023-08-14,Email
C03949,Customer 03949,Male,25,Guwahati,Assam,R06,Small Business,2024-11-28,Referral
C03950,Customer 03950,Male,67,Jaipur,Rajasthan,R01,Consumer,2025-11-05,Paid Search
C03951,Customer 03951,Male,54,Ahmedabad,Gujarat,R04,Consumer,2024-04-19,Organic
C03952,Customer 03952,Male,36,Vijayawada,Andhra Pradesh,R02,Consumer,2022-06-05,Paid Search
C03953,Customer 03953,Female,44,Vijayawada,Andhra Pradesh,R02,Corporate,2024-08-18,Paid Search
C03954,Customer 03954,Male,45,Kolkata,West Bengal,R03,Consumer,2025-03-16,Partner
C03955,Customer 03955,Male,34,Delhi,Delhi,R07,Consumer,2023-02-06,Referral
C03956,Customer 03956,Female,38,Chennai,Tamil Nadu,R02,Consumer,2023-09-03,Referral
C03957,Customer 03957,Female,32,Dehradun,Uttarakhand,R01,Consumer,2024-07-06,Paid Search
C03958,Customer 03958,Female,48,Vijayawada,Andhra Pradesh,R02,Corporate,2024-12-24,Paid Search
C03959,Customer 03959,,48,Gurugram,Haryana,R01,Consumer,2022-09-22,Social
C03960,Customer 03960,Male,51,Mumbai,Maharashtra,R04,Consumer,2022-03-21,Partner
C03961,Customer 03961,Female,38,Nagpur,Maharashtra,R04,Corporate,2024-07-20,Referral
C03962,Customer 03962,Female,57,Faridabad,Haryana,R01,Corporate,2022-01-16,Organic
C03963,Customer 03963,Male,34,Kolkata,West Bengal,R03,Consumer,2023-10-23,Partner
C03964,Customer 03964,Female,55,Jaipur,Rajasthan,R01,Consumer,2023-03-16,Organic
C03965,Customer 03965,Female,30,Mumbai,Maharashtra,R04,Enterprise,2023-10-03,Referral
C03966,Customer 03966,Female,22,Delhi,Delhi,R07,Small Business,2025-06-25,Partner
C03967,Customer 03967,Male,55,Mysuru,Karnataka,R02,Consumer,2025-09-29,Social
C03968,Customer 03968,Female,42,Faridabad,Haryana,R01,Consumer,2024-09-20,Partner
C03969,Customer 03969,Female,40,Surat,Gujarat,R04,Corporate,2023-06-28,Email
C03970,Customer 03970,Male,31,Gurugram,Haryana,R01,Consumer,2024-06-12,Organic
C03971,Customer 03971,Male,27,Vijayawada,Andhra Pradesh,R02,Consumer,2022-07-23,Referral
C03972,Customer 03972,Male,27,Gurugram,Haryana,R01,Enterprise,2025-12-28,Referral
C03973,Customer 03973,Male,36,Bengaluru,Karnataka,R02,Consumer,2025-06-30,
C03974,Customer 03974,Male,33,Ludhiana,Punjab,R01,Consumer,2023-05-23,
C03975,Customer 03975,Male,18,Delhi,Delhi,R07,Small Business,2022-02-05,Email
C03976,Customer 03976,Female,52,Ludhiana,Punjab,R01,Consumer,2025-05-27,Paid Search
C03977,Customer 03977,Female,31,Delhi,Delhi,R07,Corporate,2022-02-14,Organic
C03978,Customer 03978,Female,47,Faridabad,Haryana,R01,Consumer,2022-06-10,Organic
C03979,Customer 03979,Female,28,Mysuru,Karnataka,R02,Consumer,2022-01-09,Organic
C03980,Customer 03980,Male,37,Hyderabad,Telangana,R02,Consumer,2022-09-07,Social
C03981,Customer 03981,Male,45,Delhi,Delhi,R07,Enterprise,2025-09-03,Referral
C03982,Customer 03982,Female,43,Surat,Gujarat,R04,Corporate,2023-11-30,Organic
C03983,Customer 03983,Female,32,Coimbatore,Tamil Nadu,R02,Small Business,2022-09-02,Social
C03984,Customer 03984,Male,40,Kanpur,Uttar Pradesh,R07,Consumer,2025-11-02,Organic
C03985,Customer 03985,Female,42,Nagpur,Maharashtra,R04,Small Business,2023-08-31,Partner
C03986,Customer 03986,Female,34,Delhi,Delhi,R07,Consumer,2024-10-24,Email
C03987,Customer 03987,Female,24,Noida,Uttar Pradesh,R07,Corporate,2024-03-06,Organic
C03988,Customer 03988,Female,29,Ahmedabad,Gujarat,R04,Consumer,2022-06-14,Organic
C03989,Customer 03989,Male,31,Dehradun,Uttarakhand,R01,Corporate,2024-11-03,Partner
C03990,Customer 03990,Female,35,Dehradun,Uttarakhand,R01,Consumer,2025-10-27,Paid Search
C03991,Customer 03991,Female,51,Dehradun,Uttarakhand,R01,Consumer,2025-11-27,Email
C03992,Customer 03992,Female,44,Surat,Gujarat,R04,Small Business,2025-01-23,Organic
C03993,Customer 03993,Female,27,Delhi,Delhi,R07,Consumer,2024-09-07,Paid Search
C03994,Customer 03994,Female,53,Nagpur,Maharashtra,R04,Consumer,2024-12-12,Social
C03995,Customer 03995,Female,34,Kanpur,Uttar Pradesh,R07,Small Business,2025-11-16,Paid Search
C03996,Customer 03996,Male,42,Delhi,Delhi,R07,Consumer,2024-03-16,Email
C03997,Customer 03997,Female,26,Delhi,Delhi,R07,Corporate,2025-08-17,Partner
C03998,Customer 03998,Female,30,Surat,,R04,Small Business,2023-07-29,Social
C03999,Customer 03999,Female,45,Mumbai,Maharashtra,R04,Small Business,2023-04-09,Social
C04000,Customer 04000,Female,26,Ludhiana,Punjab,R01,Consumer,2022-06-10,Referral
C04001,Customer 04001,Female,36,Kolkata,West Bengal,R03,Consumer,2023-11-07,Referral
C04002,Customer 04002,Other,40,Mumbai,Maharashtra,R04,Consumer,2024-06-24,Organic
C04003,Customer 04003,Male,25,Raipur,Chhattisgarh,R05,Consumer,2023-08-19,Paid Search
C04004,Customer 04004,Male,18,Noida,Uttar Pradesh,R07,Small Business,2022-07-06,Social
C04005,Customer 04005,Female,44,Bengaluru,Karnataka,R02,Enterprise,2023-10-06,Paid Search
C04006,Customer 04006,Male,64,Amritsar,Punjab,R01,Consumer,2024-05-11,Referral
C04007,Customer 04007,Male,40,Bengaluru,Karnataka,R02,Consumer,2022-06-22,Partner
C04008,Customer 04008,Female,42,Gurugram,Haryana,R01,Corporate,2024-02-28,Email
C04009,Customer 04009,Female,26,Faridabad,Haryana,R01,Consumer,2023-07-12,Referral
C04010,Customer 04010,Male,50,Coimbatore,Tamil Nadu,R02,Small Business,2024-05-21,Email
C04011,Customer 04011,Male,31,Lucknow,Uttar Pradesh,R07,Consumer,2022-01-09,Organic
C04012,Customer 04012,Male,47,Gurugram,Haryana,R01,Consumer,2025-04-22,Organic
C04013,Customer 04013,Female,41,Visakhapatnam,,R02,Corporate,2023-08-06,
C04014,Customer 04014,Male,41,Delhi,Delhi,R07,Enterprise,2023-08-24,
C04015,Customer 04015,Male,41,Coimbatore,Tamil Nadu,R02,Consumer,2022-06-11,Partner
C04016,Customer 04016,Female,41,Mysuru,Karnataka,R02,Small Business,2023-09-30,Email
C04017,Customer 04017,Other,38,Lucknow,Uttar Pradesh,R07,Consumer,2023-08-04,Paid Search
C04018,Customer 04018,Male,45,Ahmedabad,Gujarat,R04,Consumer,2022-03-29,Organic
C04019,Customer 04019,Female,28,Delhi,Delhi,R07,Consumer,2024-04-25,Organic
C04020,Customer 04020,Female,33,Kolkata,West Bengal,R03,Consumer,2023-02-25,Paid Search
C04021,Customer 04021,Male,50,Lucknow,Uttar Pradesh,R07,Corporate,2023-06-05,Referral
C04022,Customer 04022,Female,37,Amritsar,Punjab,R01,Consumer,2022-04-29,Partner
C04023,Customer 04023,Male,32,Nagpur,Maharashtra,R04,Consumer,2024-07-24,Organic
C04024,Customer 04024,Male,45,Kochi,Kerala,R02,Consumer,2022-07-27,Email
C04025,Customer 04025,Male,43,Indore,Madhya Pradesh,R05,Small Business,2024-05-18,Referral
C04026,Customer 04026,Male,22,Visakhapatnam,Andhra Pradesh,R02,Small Business,2023-09-16,Paid Search
C04027,Customer 04027,Female,42,Hyderabad,Telangana,R02,Consumer,2024-12-22,Organic
C04028,Customer 04028,Female,36,Hyderabad,Telangana,R02,Consumer,2023-08-18,Organic
C04029,Customer 04029,Female,42,Bengaluru,Karnataka,R02,Enterprise,2024-08-15,Social
C04030,Customer 04030,Female,35,Kochi,Kerala,R02,Consumer,2025-09-29,Email
C04031,Customer 04031,Male,40,Bengaluru,Karnataka,R02,Small Business,2023-01-14,Referral
C04032,Customer 04032,Female,18,Mumbai,Maharashtra,R04,Consumer,2022-06-24,Email
C04033,Customer 04033,Female,26,Hyderabad,Telangana,R02,Small Business,2024-06-06,Social
C04034,Customer 04034,Male,42,Bengaluru,Karnataka,R02,Consumer,2022-08-07,Organic
C04035,Customer 04035,Female,61,Gurugram,,R01,Consumer,2022-11-17,Organic
C04036,Customer 04036,Female,39,Mumbai,Maharashtra,R04,Consumer,2025-01-02,Email
C04037,Customer 04037,Male,28,Mumbai,Maharashtra,R04,Consumer,2024-09-27,Social
C04038,Customer 04038,Male,36,Bhopal,Madhya Pradesh,R05,Consumer,2022-02-02,Partner
C04039,Customer 04039,Male,26,Nagpur,Maharashtra,R04,Enterprise,2024-05-10,Paid Search
C04040,Customer 04040,Other,47,Indore,Madhya Pradesh,R05,Consumer,2024-08-09,Organic
C04041,Customer 04041,Female,35,Surat,Gujarat,R04,Consumer,2023-04-16,Referral
C04042,Customer 04042,Female,46,Patna,Bihar,R03,Consumer,2024-12-28,Social
C04043,Customer 04043,Female,33,Gurugram,Haryana,R01,Consumer,2024-11-19,Referral
C04044,Customer 04044,Male,46,Kochi,Kerala,R02,Consumer,2024-07-07,Organic
C04045,Customer 04045,Female,19,Mysuru,Karnataka,R02,Consumer,2023-01-01,Organic
C04046,Customer 04046,Female,35,Noida,Uttar Pradesh,R07,Small Business,2023-02-25,Social
C04047,Customer 04047,Female,40,Noida,Uttar Pradesh,R07,Small Business,2024-03-10,Social
C04048,Customer 04048,Male,32,Noida,Uttar Pradesh,R07,Consumer,2022-06-01,Organic
C04049,Customer 04049,Male,39,Nagpur,Maharashtra,R04,Small Business,2023-08-24,Paid Search
C04050,Customer 04050,Male,38,Kolkata,West Bengal,R03,Consumer,2025-12-23,Referral
C04051,Customer 04051,Male,45,Visakhapatnam,Andhra Pradesh,R02,Consumer,2024-07-27,Social
C04052,Customer 04052,Male,41,Hyderabad,Telangana,R02,Small Business,2025-06-09,Organic
C04053,Customer 04053,Male,39,Bengaluru,Karnataka,R02,Small Business,2023-04-20,Partner
C04054,Customer 04054,Female,44,Surat,Gujarat,R04,Consumer,2024-12-03,Organic
C04055,Customer 04055,Female,21,Bhopal,Madhya Pradesh,R05,Consumer,2024-12-10,Organic
C04056,Customer 04056,Male,27,Raipur,Chhattisgarh,R05,Consumer,2022-10-01,Organic
C04057,Customer 04057,Male,21,Jodhpur,Rajasthan,R01,Consumer,2022-11-19,Paid Search
C04058,Customer 04058,Female,40,Visakhapatnam,Andhra Pradesh,R02,Corporate,2023-09-22,Referral
C04059,Customer 04059,Female,39,Mumbai,Maharashtra,R04,Consumer,2024-07-19,Organic
C04060,Customer 04060,Female,49,Bhopal,Madhya Pradesh,R05,Small Business,2024-11-03,Organic
C04061,Customer 04061,Female,39,Ranchi,Jharkhand,R03,Corporate,2025-11-27,Organic
C04062,Customer 04062,Male,29,Kolkata,West Bengal,R03,Consumer,2022-05-29,Organic
C04063,Customer 04063,Male,36,Faridabad,Haryana,R01,Small Business,2024-07-25,Paid Search
C04064,Customer 04064,Female,18,Chennai,Tamil Nadu,R02,Small Business,2025-10-30,Organic
C04065,Customer 04065,Female,31,Gurugram,Haryana,R01,Consumer,2022-09-05,Paid Search
C04066,Customer 04066,Female,18,Bhubaneswar,Odisha,R03,Consumer,2025-10-27,Email
C04067,Customer 04067,Female,38,Jodhpur,Rajasthan,R01,Small Business,2025-05-15,Paid Search
C04068,Customer 04068,Male,32,Kolkata,West Bengal,R03,Enterprise,2022-08-08,Organic
C04069,Customer 04069,Male,34,Kochi,Kerala,R02,Consumer,2022-11-06,Social
C04070,Customer 04070,Male,26,Amritsar,Punjab,R01,Corporate,2022-10-15,Organic
C04071,Customer 04071,Female,28,Nagpur,Maharashtra,R04,Small Business,2022-05-15,Organic
C04072,Customer 04072,Female,42,Hyderabad,Telangana,R02,Enterprise,2023-06-16,Paid Search
C04073,Customer 04073,,21,Surat,Gujarat,R04,Consumer,2023-10-07,Organic
C04074,Customer 04074,Male,40,Ludhiana,Punjab,R01,Consumer,2023-10-21,Organic
C04075,Customer 04075,Female,27,Delhi,Delhi,R07,Small Business,2025-05-01,Paid Search
C04076,Customer 04076,Male,18,Mumbai,Maharashtra,R04,Consumer,2023-10-06,Social
C04077,Customer 04077,Female,47,Hyderabad,Telangana,R02,Consumer,2022-10-07,Organic
C04078,Customer 04078,Male,48,Coimbatore,Tamil Nadu,R02,Corporate,2024-10-02,Organic
C04079,Customer 04079,Female,30,Faridabad,Haryana,R01,Consumer,2024-07-25,Partner
C04080,Customer 04080,Female,30,Ahmedabad,Gujarat,R04,Corporate,2023-11-18,Referral
C04081,Customer 04081,Male,32,Pune,Maharashtra,R04,Consumer,2024-07-29,Referral
C04082,Customer 04082,Female,27,Jodhpur,Rajasthan,R01,Small Business,2022-09-27,Paid Search
C04083,Customer 04083,Female,29,Patna,Bihar,R03,Consumer,2025-02-12,Social
C04084,Customer 04084,Male,40,Pune,Maharashtra,R04,Small Business,2023-01-17,Referral
C04085,Customer 04085,Male,56,Mysuru,Karnataka,R02,Consumer,2022-03-12,Paid Search
C04086,Customer 04086,Female,31,Kochi,Kerala,R02,Consumer,2023-08-24,Email
C04087,Customer 04087,Female,45,Mysuru,Karnataka,R02,Enterprise,2022-12-17,Email
C04088,Customer 04088,Female,39,Coimbatore,Tamil Nadu,R02,Small Business,2024-01-29,Paid Search
C04089,Customer 04089,Male,18,Delhi,Delhi,R07,Consumer,2023-11-09,Paid Search
C04090,Customer 04090,Female,35,Ludhiana,Punjab,R01,Consumer,2025-09-10,Organic
C04091,Customer 04091,Female,33,Delhi,Delhi,R07,Corporate,2023-09-01,Social
C04092,Customer 04092,Male,50,Patna,,R03,Enterprise,2022-05-21,Email
C04093,Customer 04093,Male,50,Indore,Madhya Pradesh,R05,Consumer,2024-01-20,Social
C04094,Customer 04094,Male,39,Amritsar,Punjab,R01,Enterprise,2025-03-21,Paid Search
C04095,Customer 04095,Female,47,Noida,Uttar Pradesh,R07,Consumer,2023-01-23,Paid Search
C04096,Customer 04096,Male,34,Nagpur,Maharashtra,R04,Corporate,2023-03-31,Referral
C04097,Customer 04097,Female,46,Chennai,Tamil Nadu,R02,Consumer,2022-09-21,Social
C04098,Customer 04098,Male,36,Coimbatore,Tamil Nadu,R02,Consumer,2024-11-28,Social
C04099,Customer 04099,Female,46,Kolkata,West Bengal,R03,Small Business,2022-09-01,Social
C04100,Customer 04100,Male,47,Kochi,Kerala,R02,Consumer,2023-01-13,Referral
C04101,Customer 04101,Female,42,Jaipur,Rajasthan,R01,Enterprise,2022-05-08,Referral
C04102,Customer 04102,Female,28,Hyderabad,Telangana,R02,Consumer,2023-07-17,Referral
C04103,Customer 04103,Female,31,Mysuru,Karnataka,R02,Consumer,2025-06-21,Referral
C04104,Customer 04104,Female,43,Jodhpur,Rajasthan,R01,Small Business,2023-10-10,Partner
C04105,Customer 04105,Male,44,Kochi,Kerala,R02,Corporate,2022-06-22,Referral
C04106,Customer 04106,Male,37,Delhi,Delhi,R07,Consumer,2025-01-01,Social
C04107,Customer 04107,Male,32,Kolkata,West Bengal,R03,Corporate,2023-06-03,Partner
C04108,Customer 04108,Female,37,Patna,Bihar,R03,Consumer,2022-08-31,Partner
C04109,Customer 04109,Female,32,Kochi,Kerala,R02,Small Business,2022-01-29,Paid Search
C04110,Customer 04110,Male,32,Mysuru,Karnataka,R02,Consumer,2023-05-22,Email
C04111,Customer 04111,Female,55,Pune,Maharashtra,R04,Consumer,2022-08-17,Partner
C04112,Customer 04112,Male,30,Indore,Madhya Pradesh,R05,Consumer,2024-02-12,Organic
C04113,Customer 04113,Female,40,Bhubaneswar,Odisha,R03,Corporate,2023-09-24,Paid Search
C04114,Customer 04114,Male,37,Mysuru,Karnataka,R02,Small Business,2024-08-18,Paid Search
C04115,Customer 04115,Other,23,Bhubaneswar,Odisha,R03,Small Business,2023-02-06,Social
C04116,Customer 04116,Female,22,Jaipur,Rajasthan,R01,Consumer,2022-04-22,Partner
C04117,Customer 04117,Other,34,Chennai,Tamil Nadu,R02,Consumer,2022-06-16,Paid Search
C04118,Customer 04118,Female,18,Raipur,Chhattisgarh,R05,Consumer,2022-05-19,Referral
C04119,Customer 04119,Male,53,Nagpur,Maharashtra,R04,Small Business,2023-01-27,Email
C04120,Customer 04120,Female,31,Bengaluru,Karnataka,R02,Consumer,2024-11-15,Referral
C04121,Customer 04121,Male,31,Visakhapatnam,Andhra Pradesh,R02,Corporate,2024-03-10,Social
C04122,Customer 04122,Male,47,Indore,Madhya Pradesh,R05,Consumer,2023-06-19,Social
C04123,Customer 04123,Male,34,Guwahati,Assam,R06,Enterprise,2022-12-14,Paid Search
C04124,Customer 04124,Female,42,Nagpur,Maharashtra,R04,Consumer,2022-08-30,Organic
C04125,Customer 04125,Female,29,Dehradun,Uttarakhand,R01,Consumer,2022-08-02,Paid Search
C04126,Customer 04126,Male,35,Gurugram,Haryana,R01,Small Business,2023-01-20,Organic
C04127,Customer 04127,,45,Mysuru,Karnataka,R02,Enterprise,2023-12-31,Referral
C04128,Customer 04128,Male,26,Bengaluru,Karnataka,R02,Corporate,2024-05-23,Email
C04129,Customer 04129,Male,40,Bhopal,Madhya Pradesh,R05,Small Business,2025-10-13,Organic
C04130,Customer 04130,Male,18,Kochi,Kerala,R02,Corporate,2025-10-24,Referral
C04131,Customer 04131,Male,48,Patna,Bihar,R03,Consumer,2023-01-19,Organic
C04132,Customer 04132,Female,29,Hyderabad,Telangana,R02,Consumer,2024-12-05,Paid Search
C04133,Customer 04133,Male,34,Ahmedabad,Gujarat,R04,Corporate,2022-07-10,Organic
C04134,Customer 04134,Male,34,Bengaluru,Karnataka,R02,Corporate,2025-03-10,Paid Search
C04135,Customer 04135,Male,25,Bengaluru,Karnataka,R02,Consumer,2025-09-19,Email
C04136,Customer 04136,Female,24,Delhi,Delhi,R07,Consumer,2024-06-07,Paid Search
C04137,Customer 04137,Female,40,Bengaluru,Karnataka,R02,Corporate,2024-02-26,Organic
C04138,Customer 04138,Male,41,Raipur,Chhattisgarh,R05,Consumer,2023-06-27,Organic
C04139,Customer 04139,Female,26,Kolkata,West Bengal,R03,Corporate,2025-07-16,Email
C04140,Customer 04140,Male,40,Bhubaneswar,Odisha,R03,Corporate,2025-11-06,Paid Search
C04141,Customer 04141,Female,41,Mumbai,Maharashtra,R04,Consumer,2024-10-29,Partner
C04142,Customer 04142,Male,31,Mysuru,Karnataka,R02,Consumer,2022-04-29,Social
C04143,Customer 04143,Male,22,Delhi,Delhi,R07,Consumer,2025-07-08,Social
C04144,Customer 04144,Male,35,Pune,Maharashtra,R04,Consumer,2025-03-27,Paid Search
C04145,Customer 04145,Male,39,Mysuru,Karnataka,R02,Corporate,2023-06-09,Email
C04146,Customer 04146,Male,34,Kanpur,Uttar Pradesh,R07,Small Business,2023-01-13,Email
C04147,Customer 04147,Female,29,Delhi,Delhi,R07,Small Business,2025-01-27,Organic
C04148,Customer 04148,Male,40,Kolkata,West Bengal,R03,Consumer,2024-06-07,Paid Search
C04149,Customer 04149,Male,48,Ahmedabad,Gujarat,R04,Corporate,2025-01-03,
C04150,Customer 04150,Female,27,Surat,Gujarat,R04,Consumer,2025-12-06,Partner
C04151,Customer 04151,Female,32,Noida,Uttar Pradesh,R07,Small Business,2023-06-24,Referral
C04152,Customer 04152,Female,62,Bengaluru,Karnataka,R02,Consumer,2025-05-15,Paid Search
C04153,Customer 04153,Male,38,Surat,Gujarat,R04,Consumer,2023-11-17,Paid Search
C04154,Customer 04154,Female,22,Bengaluru,Karnataka,R02,Consumer,2025-05-27,Paid Search
C04155,Customer 04155,Female,30,Chennai,Tamil Nadu,R02,Consumer,2022-12-22,Partner
C04156,Customer 04156,Female,27,Delhi,Delhi,R07,Enterprise,2025-04-17,Social
C04157,Customer 04157,Male,39,Kochi,Kerala,R02,Consumer,2024-10-28,Organic
C04158,Customer 04158,Male,38,Delhi,Delhi,R07,Consumer,2023-10-25,Referral
C04159,Customer 04159,Male,29,Ahmedabad,Gujarat,R04,Corporate,2025-09-04,Organic
C04160,Customer 04160,,54,Amritsar,Punjab,R01,Consumer,2023-07-29,Referral
C04161,Customer 04161,Female,36,Mysuru,Karnataka,R02,Consumer,2024-12-20,Social
C04162,Customer 04162,Male,30,Jodhpur,Rajasthan,R01,Consumer,2024-01-28,Email
C04163,Customer 04163,Male,23,Raipur,Chhattisgarh,R05,Consumer,2022-07-26,Social
C04164,Customer 04164,Female,26,Nagpur,Maharashtra,R04,Small Business,2023-02-21,Organic
C04165,Customer 04165,Male,23,Hyderabad,Telangana,R02,Consumer,2025-03-15,Partner
C04166,Customer 04166,Female,33,Noida,Uttar Pradesh,R07,Consumer,2023-11-30,Partner
C04167,Customer 04167,Female,26,Delhi,Delhi,R07,Consumer,2025-05-27,Paid Search
C04168,Customer 04168,Male,43,Mumbai,Maharashtra,R04,Small Business,2022-07-05,Social
C04169,Customer 04169,Female,29,Bengaluru,Karnataka,R02,Small Business,2025-01-28,Social
C04170,Customer 04170,Female,43,Ahmedabad,Gujarat,R04,Consumer,2025-07-27,Social
C04171,Customer 04171,Male,40,Ranchi,Jharkhand,R03,Corporate,2025-12-20,Organic
C04172,Customer 04172,Male,41,Kolkata,West Bengal,R03,Consumer,2024-12-10,Social
C04173,Customer 04173,Female,44,Dehradun,Uttarakhand,R01,Consumer,2023-11-21,Organic
C04174,Customer 04174,Male,55,Jaipur,Rajasthan,R01,Small Business,2022-04-01,Email
C04175,Customer 04175,Male,27,Bhubaneswar,Odisha,R03,Small Business,2022-10-27,Email
C04176,Customer 04176,Male,43,Bengaluru,Karnataka,R02,Consumer,2024-08-22,Organic
C04177,Customer 04177,Female,39,Coimbatore,Tamil Nadu,R02,Small Business,2025-07-13,Referral
C04178,Customer 04178,Male,46,Dehradun,Uttarakhand,R01,Corporate,2025-01-13,Organic
C04179,Customer 04179,Male,36,Hyderabad,Telangana,R02,Small Business,2024-06-06,Organic
C04180,Customer 04180,Male,47,Kochi,Kerala,R02,Small Business,2025-06-12,Organic
C04181,Customer 04181,Male,22,Patna,Bihar,R03,Consumer,2023-03-26,Social
C04182,Customer 04182,Female,25,Gurugram,Haryana,R01,Enterprise,2023-04-26,Email
C04183,Customer 04183,Female,29,Kolkata,West Bengal,R03,Consumer,2022-05-09,Paid Search
C04184,Customer 04184,Male,34,Bengaluru,Karnataka,R02,Consumer,2024-07-10,Partner
C04185,Customer 04185,Female,35,Kochi,Kerala,R02,Consumer,2022-09-25,Paid Search
C04186,Customer 04186,Female,28,Bhopal,Madhya Pradesh,R05,Small Business,2023-02-08,Organic
C04187,Customer 04187,Female,25,Gurugram,Haryana,R01,Consumer,2022-05-18,Paid Search
C04188,Customer 04188,Female,28,Gurugram,Haryana,R01,Consumer,2025-05-25,Referral
C04189,Customer 04189,Male,18,Delhi,Delhi,R07,Small Business,2022-10-29,Social
C04190,Customer 04190,,32,Bengaluru,,R02,Consumer,2025-07-02,Paid Search
C04191,Customer 04191,Female,34,Delhi,Delhi,R07,Consumer,2022-12-05,Organic
C04192,Customer 04192,Female,39,Kolkata,West Bengal,R03,Consumer,2022-04-22,Referral
C04193,Customer 04193,Male,37,Bengaluru,Karnataka,R02,Corporate,2025-11-30,Paid Search
C04194,Customer 04194,Male,53,Bhopal,Madhya Pradesh,R05,Consumer,2023-02-21,Partner
C04195,Customer 04195,Male,43,Jaipur,Rajasthan,R01,Consumer,2024-11-20,Paid Search
C04196,Customer 04196,Male,42,Mysuru,Karnataka,R02,Consumer,2022-05-31,Organic
C04197,Customer 04197,Male,39,Gurugram,Haryana,R01,Enterprise,2022-09-30,Email
C04198,Customer 04198,Male,40,Guwahati,Assam,R06,Small Business,2023-08-06,Organic
C04199,Customer 04199,Male,33,Amritsar,Punjab,R01,Consumer,2025-01-07,Organic
C04200,Customer 04200,Male,36,Gurugram,Haryana,R01,Small Business,2022-01-08,Referral
C04201,Customer 04201,Other,54,Ludhiana,Punjab,R01,Small Business,2024-07-13,Paid Search
C04202,Customer 04202,Female,34,Indore,Madhya Pradesh,R05,Small Business,2025-02-17,Paid Search
C04203,Customer 04203,,22,Faridabad,Haryana,R01,Consumer,2022-05-28,Paid Search
C04204,Customer 04204,Female,42,Chennai,Tamil Nadu,R02,Consumer,2023-09-23,Email
C04205,Customer 04205,Male,44,Patna,,R03,Corporate,2025-10-15,Social
C04206,Customer 04206,Male,37,Patna,Bihar,R03,Consumer,2024-02-20,Referral
C04207,Customer 04207,Female,18,Amritsar,Punjab,R01,Consumer,2025-01-01,Partner
C04208,Customer 04208,Male,48,Delhi,Delhi,R07,Consumer,2024-12-20,Referral
C04209,Customer 04209,Female,37,Ahmedabad,Gujarat,R04,Consumer,2023-08-27,Organic
C04210,Customer 04210,Male,32,Ludhiana,Punjab,R01,Corporate,2024-11-06,Email
C04211,Customer 04211,Male,47,Kolkata,West Bengal,R03,Consumer,2025-10-16,Email
C04212,Customer 04212,Male,18,Pune,Maharashtra,R04,Corporate,2023-04-05,Paid Search
C04213,Customer 04213,Male,36,Ahmedabad,Gujarat,R04,Small Business,2022-03-12,Referral
C04214,Customer 04214,Female,30,Faridabad,Haryana,R01,Consumer,2025-02-17,Social
C04215,Customer 04215,Male,50,Coimbatore,Tamil Nadu,R02,Consumer,2023-04-04,Organic
C04216,Customer 04216,Male,37,Ludhiana,Punjab,R01,Consumer,2024-07-25,Referral
C04217,Customer 04217,Male,26,Kolkata,West Bengal,R03,Consumer,2022-08-20,Paid Search
C04218,Customer 04218,Female,46,Delhi,Delhi,R07,Small Business,2022-11-15,Paid Search
C04219,Customer 04219,Female,18,Ranchi,Jharkhand,R03,Corporate,2025-01-11,Social
C04220,Customer 04220,Female,40,Kolkata,West Bengal,R03,Small Business,2022-02-12,Social
C04221,Customer 04221,Female,22,Amritsar,Punjab,R01,Enterprise,2023-12-28,Referral
C04222,Customer 04222,Other,30,Delhi,Delhi,R07,Consumer,2025-01-09,Partner
C04223,Customer 04223,Male,33,Nagpur,Maharashtra,R04,Corporate,2023-11-18,Referral
C04224,Customer 04224,Female,44,Faridabad,Haryana,R01,Consumer,2022-08-31,Partner
C04225,Customer 04225,Male,57,Noida,Uttar Pradesh,R07,Consumer,2024-07-16,Organic
C04226,Customer 04226,Male,18,Guwahati,Assam,R06,Consumer,2022-06-14,Organic
C04227,Customer 04227,Female,39,Chennai,Tamil Nadu,R02,Consumer,2024-04-27,Email
C04228,Customer 04228,Female,57,Amritsar,Punjab,R01,Corporate,2023-09-07,Referral
C04229,Customer 04229,Female,29,Mysuru,Karnataka,R02,Corporate,2024-03-03,Partner
C04230,Customer 04230,Male,29,Kanpur,Uttar Pradesh,R07,Consumer,2025-09-08,Referral
C04231,Customer 04231,Female,37,Ranchi,Jharkhand,R03,Consumer,2025-07-17,Organic
C04232,Customer 04232,Male,43,Delhi,Delhi,R07,Consumer,2024-11-15,Referral
C04233,Customer 04233,Female,42,Patna,Bihar,R03,Corporate,2023-12-24,Organic
C04234,Customer 04234,Male,31,Bhubaneswar,Odisha,R03,Consumer,2025-03-11,Paid Search
C04235,Customer 04235,Male,27,Delhi,Delhi,R07,Consumer,2022-05-27,Referral
C04236,Customer 04236,Male,48,Faridabad,Haryana,R01,Consumer,2023-01-30,Referral
C04237,Customer 04237,Female,27,Pune,Maharashtra,R04,Small Business,2023-11-10,Paid Search
C04238,Customer 04238,Male,18,Guwahati,Assam,R06,Small Business,2025-05-05,Referral
C04239,Customer 04239,Male,20,Bengaluru,Karnataka,R02,Consumer,2023-07-20,Partner
C04240,Customer 04240,Male,29,Hyderabad,Telangana,R02,Consumer,2023-08-30,Organic
C04241,Customer 04241,Female,50,Bhubaneswar,Odisha,R03,Consumer,2025-10-21,Organic
C04242,Customer 04242,Male,23,Indore,Madhya Pradesh,R05,Corporate,2025-12-01,Organic
C04243,Customer 04243,Female,50,Bengaluru,Karnataka,R02,Consumer,2022-02-24,Paid Search
C04244,Customer 04244,Male,48,Mysuru,Karnataka,R02,Corporate,2024-04-12,Paid Search
C04245,Customer 04245,Male,37,Kolkata,West Bengal,R03,Enterprise,2024-10-08,Social
C04246,Customer 04246,Male,18,Noida,Uttar Pradesh,R07,Consumer,2024-06-04,Organic
C04247,Customer 04247,Male,23,Raipur,Chhattisgarh,R05,Consumer,2025-11-15,Organic
C04248,Customer 04248,Female,29,Delhi,Delhi,R07,Consumer,2025-08-30,Paid Search
C04249,Customer 04249,Male,52,Ludhiana,Punjab,R01,Consumer,2023-01-02,Partner
C04250,Customer 04250,Female,29,Bhopal,Madhya Pradesh,R05,Small Business,2025-10-17,Paid Search
C04251,Customer 04251,,27,Mumbai,Maharashtra,R04,Enterprise,2023-09-07,Organic
C04252,Customer 04252,Male,37,Faridabad,Haryana,R01,Consumer,2022-01-26,Paid Search
C04253,Customer 04253,Male,21,Amritsar,Punjab,R01,Small Business,2023-06-11,Partner
C04254,Customer 04254,Female,35,Mysuru,Karnataka,R02,Consumer,2022-12-06,Paid Search
C04255,Customer 04255,Male,27,Indore,Madhya Pradesh,R05,Consumer,2025-09-14,Email
C04256,Customer 04256,Female,62,Delhi,Delhi,R07,Corporate,2024-06-16,Organic
C04257,Customer 04257,Female,26,Delhi,Delhi,R07,Consumer,2023-03-28,Organic
C04258,Customer 04258,Male,54,Surat,Gujarat,R04,Consumer,2022-01-06,Social
C04259,Customer 04259,Male,24,Visakhapatnam,Andhra Pradesh,R02,Corporate,2023-06-23,Referral
C04260,Customer 04260,Male,38,Jodhpur,Rajasthan,R01,Consumer,2023-04-09,Email
C04261,Customer 04261,Male,40,Visakhapatnam,Andhra Pradesh,R02,Enterprise,2023-10-18,Organic
C04262,Customer 04262,Male,36,Guwahati,Assam,R06,Consumer,2022-10-14,Partner
C04263,Customer 04263,,36,Jodhpur,Rajasthan,R01,Consumer,2024-02-22,Social
C04264,Customer 04264,Female,44,Bhopal,Madhya Pradesh,R05,Enterprise,2024-02-04,Social
C04265,Customer 04265,Female,39,Kolkata,West Bengal,R03,Consumer,2024-11-20,Email
C04266,Customer 04266,Male,33,Mysuru,Karnataka,R02,Consumer,2024-05-22,Paid Search
C04267,Customer 04267,Male,28,Surat,Gujarat,R04,Consumer,2024-11-25,Referral
C04268,Customer 04268,Female,33,Indore,Madhya Pradesh,R05,Consumer,2022-10-04,Social
C04269,Customer 04269,Male,33,Bhubaneswar,Odisha,R03,Consumer,2022-07-20,Organic
C04270,Customer 04270,Female,33,Patna,Bihar,R03,Consumer,2024-02-23,Organic
C04271,Customer 04271,Female,36,Dehradun,Uttarakhand,R01,Consumer,2025-12-18,Partner
C04272,Customer 04272,Male,21,Mysuru,Karnataka,R02,Consumer,2023-08-03,Partner
C04273,Customer 04273,Male,25,Indore,Madhya Pradesh,R05,Small Business,2024-12-02,Partner
C04274,Customer 04274,Female,43,Raipur,Chhattisgarh,R05,Small Business,2025-12-18,Referral
C04275,Customer 04275,Female,18,Amritsar,Punjab,R01,Consumer,2022-05-19,Referral
C04276,Customer 04276,Male,47,Delhi,Delhi,R07,Enterprise,2022-04-06,Organic
C04277,Customer 04277,Male,29,Pune,Maharashtra,R04,Small Business,2024-08-23,Referral
C04278,Customer 04278,Male,52,Raipur,Chhattisgarh,R05,Small Business,2025-05-13,Social
C04279,Customer 04279,Female,47,Jodhpur,Rajasthan,R01,Corporate,2024-09-05,Paid Search
C04280,Customer 04280,Male,32,Kolkata,West Bengal,R03,Consumer,2025-12-31,Referral
C04281,Customer 04281,Female,33,Delhi,Delhi,R07,Consumer,2022-02-24,Organic
C04282,Customer 04282,Female,51,Pune,Maharashtra,R04,Small Business,2024-03-02,Social
C04283,Customer 04283,,48,Coimbatore,Tamil Nadu,R02,Consumer,2024-10-31,Referral
C04284,Customer 04284,Male,45,Faridabad,Haryana,R01,Small Business,2024-09-21,Email
C04285,Customer 04285,Female,46,Kochi,Kerala,R02,Corporate,2022-02-20,Social
C04286,Customer 04286,Female,24,Faridabad,Haryana,R01,Consumer,2022-07-06,Paid Search
C04287,Customer 04287,Female,37,Kochi,Kerala,R02,Consumer,2025-12-27,Social
C04288,Customer 04288,Male,27,Noida,Uttar Pradesh,R07,Enterprise,2023-05-28,Organic
C04289,Customer 04289,Female,24,Dehradun,Uttarakhand,R01,Consumer,2022-09-26,Organic
C04290,Customer 04290,,37,Coimbatore,Tamil Nadu,R02,Corporate,2022-09-23,Email
C04291,Customer 04291,Female,31,Delhi,Delhi,R07,Enterprise,2022-09-09,Organic
C04292,Customer 04292,Female,33,Delhi,Delhi,R07,Consumer,2024-05-02,Paid Search
C04293,Customer 04293,Other,30,Delhi,Delhi,R07,Consumer,2024-01-06,Paid Search
C04294,Customer 04294,Female,22,Chennai,Tamil Nadu,R02,Consumer,2025-10-08,Partner
C04295,Customer 04295,Male,52,Bhopal,Madhya Pradesh,R05,Small Business,2023-11-29,
C04296,Customer 04296,Female,37,Pune,Maharashtra,R04,Consumer,2022-02-13,Email
C04297,Customer 04297,Female,21,Ahmedabad,Gujarat,R04,Consumer,2024-02-13,Referral
C04298,Customer 04298,Female,37,Coimbatore,Tamil Nadu,R02,Consumer,2023-12-24,Organic
C04299,Customer 04299,Male,50,Mysuru,Karnataka,R02,Consumer,2023-04-24,Paid Search
C04300,Customer 04300,Female,45,Kolkata,West Bengal,R03,Consumer,2024-11-23,Organic
C04301,Customer 04301,Female,30,Mysuru,Karnataka,R02,Consumer,2025-10-06,Social
C04302,Customer 04302,Female,30,Kolkata,West Bengal,R03,Small Business,2023-09-22,Organic
C04303,Customer 04303,Female,25,Dehradun,Uttarakhand,R01,Consumer,2024-11-25,Partner
C04304,Customer 04304,Male,28,Mumbai,Maharashtra,R04,Small Business,2024-02-27,Organic
C04305,Customer 04305,Female,28,Delhi,Delhi,R07,Small Business,2024-11-26,Organic
C04306,Customer 04306,Female,20,Gurugram,Haryana,R01,Corporate,2023-10-24,Social
C04307,Customer 04307,Female,31,Bengaluru,Karnataka,R02,Corporate,2023-01-15,Paid Search
C04308,Customer 04308,Male,38,Nagpur,Maharashtra,R04,Consumer,2024-05-22,Organic
C04309,Customer 04309,Female,31,Vijayawada,Andhra Pradesh,R02,Consumer,2023-07-27,Partner
C04310,Customer 04310,Female,37,Hyderabad,Telangana,R02,Consumer,2022-04-11,Organic
C04311,Customer 04311,Male,51,Bengaluru,Karnataka,R02,Consumer,2024-12-18,Referral
C04312,Customer 04312,Female,53,Bhopal,Madhya Pradesh,R05,Corporate,2024-03-09,Referral
C04313,Customer 04313,,34,Kanpur,Uttar Pradesh,R07,Consumer,2024-06-09,
C04314,Customer 04314,Female,44,Bhopal,Madhya Pradesh,R05,Consumer,2024-01-18,Organic
C04315,Customer 04315,Female,33,Delhi,,R07,Corporate,2025-07-18,Social
C04316,Customer 04316,Male,30,Chennai,Tamil Nadu,R02,Consumer,2022-09-23,Partner
C04317,Customer 04317,Female,24,Vijayawada,Andhra Pradesh,R02,Consumer,2022-04-28,Referral
C04318,Customer 04318,Female,36,Bhubaneswar,Odisha,R03,Consumer,2024-02-21,Paid Search
C04319,Customer 04319,Female,46,Raipur,Chhattisgarh,R05,Consumer,2025-06-25,Organic
C04320,Customer 04320,,22,Nagpur,Maharashtra,R04,Consumer,2023-11-08,Social
C04321,Customer 04321,Male,32,Indore,Madhya Pradesh,R05,Consumer,2023-09-05,Social
C04322,Customer 04322,Male,32,Mysuru,Karnataka,R02,Consumer,2024-05-16,Paid Search
C04323,Customer 04323,Female,37,Chennai,Tamil Nadu,R02,Corporate,2023-05-16,Referral
C04324,Customer 04324,Female,38,Delhi,Delhi,R07,Enterprise,2024-04-03,Partner
C04325,Customer 04325,Female,40,Ludhiana,Punjab,R01,Corporate,2025-11-10,Partner
C04326,Customer 04326,Female,54,Bengaluru,Karnataka,R02,Consumer,2023-08-15,Referral
C04327,Customer 04327,Male,26,Delhi,Delhi,R07,Corporate,2023-12-08,Partner
C04328,Customer 04328,Male,26,Patna,Bihar,R03,Small Business,2025-02-15,Paid Search
C04329,Customer 04329,Female,37,Indore,Madhya Pradesh,R05,Enterprise,2024-09-09,Organic
C04330,Customer 04330,Male,50,Kochi,Kerala,R02,Consumer,2023-06-07,Paid Search
C04331,Customer 04331,Female,20,Delhi,Delhi,R07,Consumer,2024-02-06,Referral
C04332,Customer 04332,Female,38,Vijayawada,Andhra Pradesh,R02,Consumer,2023-11-25,Email
C04333,Customer 04333,Male,33,Delhi,Delhi,R07,Small Business,2023-08-05,Partner
C04334,Customer 04334,Female,44,Bengaluru,Karnataka,R02,Consumer,2023-09-15,Social
C04335,Customer 04335,Female,41,Bhopal,Madhya Pradesh,R05,Small Business,2022-01-24,Paid Search
C04336,Customer 04336,Female,35,Delhi,Delhi,R07,Consumer,2023-12-11,Paid Search
C04337,Customer 04337,Female,40,Delhi,Delhi,R07,Corporate,2023-04-04,Social
C04338,Customer 04338,Female,28,Delhi,Delhi,R07,Consumer,2025-03-15,Referral
C04339,Customer 04339,Female,43,Mysuru,Karnataka,R02,Consumer,2024-07-09,Referral
C04340,Customer 04340,Male,49,Indore,Madhya Pradesh,R05,Consumer,2024-11-02,Organic
C04341,Customer 04341,Female,36,Faridabad,,R01,Small Business,2023-01-24,Paid Search
C04342,Customer 04342,Female,31,Gurugram,Haryana,R01,Consumer,2022-03-03,Organic
C04343,Customer 04343,Other,34,Chennai,Tamil Nadu,R02,Consumer,2023-07-16,Social
C04344,Customer 04344,Male,43,Lucknow,Uttar Pradesh,R07,Corporate,2023-12-24,Organic
C04345,Customer 04345,Male,35,Patna,Bihar,R03,Small Business,2023-09-24,Partner
C04346,Customer 04346,Female,23,Visakhapatnam,Andhra Pradesh,R02,Small Business,2022-07-02,Email
C04347,Customer 04347,Female,45,Bhubaneswar,Odisha,R03,Corporate,2022-10-23,Referral
C04348,Customer 04348,Female,25,Guwahati,Assam,R06,Consumer,2024-12-01,Organic
C04349,Customer 04349,Male,39,Mysuru,Karnataka,R02,Small Business,2025-08-12,Paid Search
C04350,Customer 04350,Female,18,Bhopal,Madhya Pradesh,R05,Consumer,2025-12-12,Organic
C04351,Customer 04351,Female,36,Amritsar,Punjab,R01,Small Business,2024-01-12,Organic
C04352,Customer 04352,Female,34,Delhi,Delhi,R07,Small Business,2024-06-23,Paid Search
C04353,Customer 04353,Female,18,Hyderabad,Telangana,R02,Consumer,2024-06-05,Paid Search
C04354,Customer 04354,Male,38,Delhi,Delhi,R07,Consumer,2023-07-09,Partner
C04355,Customer 04355,Female,24,Kochi,Kerala,R02,Small Business,2023-04-26,Partner
C04356,Customer 04356,Male,36,Kolkata,West Bengal,R03,Corporate,2022-04-16,Partner
C04357,Customer 04357,Other,31,Visakhapatnam,Andhra Pradesh,R02,Corporate,2022-02-23,Organic
C04358,Customer 04358,Male,20,Mumbai,Maharashtra,R04,Enterprise,2023-05-01,Social
C04359,Customer 04359,Female,25,Bengaluru,Karnataka,R02,Consumer,2023-06-22,Organic
C04360,Customer 04360,Male,25,Patna,Bihar,R03,Consumer,2024-02-07,Social
C04361,Customer 04361,Male,45,Lucknow,Uttar Pradesh,R07,Consumer,2025-11-19,Social
C04362,Customer 04362,Other,43,Bengaluru,,R02,Consumer,2025-07-10,Paid Search
C04363,Customer 04363,Male,57,Hyderabad,Telangana,R02,Consumer,2022-10-12,Organic
C04364,Customer 04364,Male,30,Ranchi,Jharkhand,R03,Small Business,2024-01-20,Organic
C04365,Customer 04365,Female,30,Patna,Bihar,R03,Consumer,2024-03-24,Paid Search
C04366,Customer 04366,Male,36,Faridabad,Haryana,R01,Small Business,2025-12-09,Organic
C04367,Customer 04367,Female,31,Bengaluru,Karnataka,R02,Small Business,2023-08-15,Organic
C04368,Customer 04368,Other,29,Chennai,Tamil Nadu,R02,Consumer,2023-06-24,Email
C04369,Customer 04369,Male,36,Gurugram,Haryana,R01,Small Business,2025-01-16,Organic
C04370,Customer 04370,Male,42,Surat,Gujarat,R04,Small Business,2022-01-01,
C04371,Customer 04371,Female,18,Jodhpur,Rajasthan,R01,Consumer,2022-05-21,Partner
C04372,Customer 04372,Female,29,Faridabad,Haryana,R01,Consumer,2024-07-07,Partner
C04373,Customer 04373,Male,21,Mysuru,,R02,Consumer,2023-05-02,Paid Search
C04374,Customer 04374,Female,33,Faridabad,Haryana,R01,Corporate,2022-11-17,Email
C04375,Customer 04375,Male,39,Coimbatore,Tamil Nadu,R02,Consumer,2025-04-22,Organic
C04376,Customer 04376,Male,46,Faridabad,Haryana,R01,Consumer,2022-12-23,Referral
C04377,Customer 04377,Male,31,Kolkata,West Bengal,R03,Small Business,2022-02-08,Partner
C04378,Customer 04378,Female,36,Amritsar,Punjab,R01,Corporate,2022-01-26,Social
C04379,Customer 04379,Male,18,Kochi,Kerala,R02,Corporate,2025-08-20,Organic
C04380,Customer 04380,Male,26,Delhi,Delhi,R07,Enterprise,2024-02-16,Social
C04381,Customer 04381,Female,37,Bengaluru,Karnataka,R02,Consumer,2022-01-20,Referral
C04382,Customer 04382,Male,21,Nagpur,Maharashtra,R04,Consumer,2022-12-28,Partner
C04383,Customer 04383,Female,47,Lucknow,Uttar Pradesh,R07,Corporate,2023-04-25,Paid Search
C04384,Customer 04384,Female,40,Bengaluru,Karnataka,R02,Consumer,2025-12-23,Paid Search
C04385,Customer 04385,Male,26,Indore,Madhya Pradesh,R05,Consumer,2024-02-27,Referral
C04386,Customer 04386,Male,20,Kochi,Kerala,R02,Small Business,2025-05-05,Organic
C04387,Customer 04387,Male,28,Jodhpur,Rajasthan,R01,Consumer,2023-10-18,Organic
C04388,Customer 04388,Male,26,Gurugram,,R01,Consumer,2024-11-19,Organic
C04389,Customer 04389,Male,23,Kolkata,West Bengal,R03,Consumer,2022-02-23,Paid Search
C04390,Customer 04390,Male,21,Chennai,Tamil Nadu,R02,Corporate,2023-06-02,Paid Search
C04391,Customer 04391,Male,33,Ludhiana,Punjab,R01,Consumer,2023-11-04,Referral
C04392,Customer 04392,Female,42,Patna,Bihar,R03,Consumer,2022-04-15,Organic
C04393,Customer 04393,Male,28,Mysuru,Karnataka,R02,Small Business,2023-01-24,Paid Search
C04394,Customer 04394,Male,39,Hyderabad,Telangana,R02,Small Business,2024-09-04,Referral
C04395,Customer 04395,Male,32,Pune,Maharashtra,R04,Consumer,2024-09-27,Social
C04396,Customer 04396,Male,41,Surat,Gujarat,R04,Consumer,2022-02-02,Email
C04397,Customer 04397,Female,8,Amritsar,Punjab,R01,Corporate,2023-01-21,Partner
C04398,Customer 04398,,38,Patna,Bihar,R03,Consumer,2023-10-08,Organic
C04399,Customer 04399,Male,36,Faridabad,Haryana,R01,Consumer,2023-02-03,Partner
C04400,Customer 04400,Female,49,Bhubaneswar,Odisha,R03,Consumer,2022-03-19,Partner
C04401,Customer 04401,Male,41,Indore,Madhya Pradesh,R05,Consumer,2022-02-25,Paid Search
C04402,Customer 04402,Female,38,Patna,Bihar,R03,Consumer,2024-03-28,Email
C04403,Customer 04403,Male,20,Delhi,Delhi,R07,Consumer,2023-06-21,Social
C04404,Customer 04404,Female,30,Jaipur,Rajasthan,R01,Small Business,2024-03-28,Email
C04405,Customer 04405,Male,27,Surat,Gujarat,R04,Consumer,2024-10-29,Referral
C04406,Customer 04406,Male,27,Chennai,Tamil Nadu,R02,Consumer,2024-02-15,Partner
C04407,Customer 04407,Female,35,Kochi,Kerala,R02,Consumer,2024-03-24,Organic
C04408,Customer 04408,Male,37,Mumbai,Maharashtra,R04,Small Business,2024-11-10,Referral
C04409,Customer 04409,Female,38,Guwahati,Assam,R06,Consumer,2022-09-24,Organic
C04410,Customer 04410,Female,48,Gurugram,Haryana,R01,Consumer,2022-11-30,Partner
C04411,Customer 04411,Male,40,Mumbai,Maharashtra,R04,Corporate,2024-11-27,Organic
C04412,Customer 04412,Other,23,Delhi,Delhi,R07,Corporate,2022-12-20,Paid Search
C04413,Customer 04413,Male,37,Patna,,R03,Small Business,2025-06-30,Email
C04414,Customer 04414,Female,41,Gurugram,Haryana,R01,Consumer,2023-09-01,Social
C04415,Customer 04415,Female,48,Noida,Uttar Pradesh,R07,Consumer,2022-04-28,Referral
C04416,Customer 04416,Male,33,Bhubaneswar,Odisha,R03,Consumer,2024-10-23,Paid Search
C04417,Customer 04417,Male,34,Bengaluru,Karnataka,R02,Consumer,2023-09-15,Social
C04418,Customer 04418,Female,46,Delhi,Delhi,R07,Consumer,2022-06-20,Email
C04419,Customer 04419,Female,37,Delhi,Delhi,R07,Consumer,2022-11-07,Partner
C04420,Customer 04420,Female,19,Mysuru,Karnataka,R02,Consumer,2025-07-18,Paid Search
C04421,Customer 04421,Male,18,Jodhpur,Rajasthan,R01,Enterprise,2023-11-03,Referral
C04422,Customer 04422,Male,53,Amritsar,Punjab,R01,Consumer,2023-01-04,Social
C04423,Customer 04423,Female,18,Chennai,Tamil Nadu,R02,Consumer,2024-03-03,Partner
C04424,Customer 04424,Female,33,Kanpur,Uttar Pradesh,R07,Small Business,2022-07-06,Referral
C04425,Customer 04425,Male,44,Chennai,Tamil Nadu,R02,Corporate,2023-07-26,Paid Search
C04426,Customer 04426,Female,18,Mumbai,Maharashtra,R04,Consumer,2024-05-25,Social
C04427,Customer 04427,Female,24,Amritsar,Punjab,R01,Corporate,2025-10-30,Organic
C04428,Customer 04428,Female,23,Gurugram,Haryana,R01,Consumer,2023-02-07,Partner
C04429,Customer 04429,Female,53,Noida,Uttar Pradesh,R07,Small Business,2025-04-23,Organic
C04430,Customer 04430,Male,55,Delhi,Delhi,R07,Consumer,2023-08-21,Organic
C04431,Customer 04431,Male,28,Nagpur,Maharashtra,R04,Enterprise,2025-07-26,Paid Search
C04432,Customer 04432,Female,41,Kochi,Kerala,R02,Consumer,2022-03-31,Referral
C04433,Customer 04433,Female,38,Indore,Madhya Pradesh,R05,Corporate,2022-07-18,Referral
C04434,Customer 04434,Female,32,Mumbai,Maharashtra,R04,Consumer,2023-11-11,Organic
C04435,Customer 04435,Male,19,Coimbatore,Tamil Nadu,R02,Consumer,2025-02-25,Organic
C04436,Customer 04436,Male,58,Chennai,Tamil Nadu,R02,Consumer,2023-03-20,Organic
C04437,Customer 04437,Male,18,Bhopal,Madhya Pradesh,R05,Small Business,2022-06-24,Social
C04438,Customer 04438,Female,37,Noida,Uttar Pradesh,R07,Consumer,2022-09-06,Partner
C04439,Customer 04439,Male,29,Jaipur,Rajasthan,R01,Enterprise,2023-02-28,Partner
C04440,Customer 04440,Male,45,Jaipur,Rajasthan,R01,Consumer,2023-07-19,Social
C04441,Customer 04441,Female,43,Delhi,Delhi,R07,Corporate,2024-04-19,Paid Search
C04442,Customer 04442,Male,25,Mumbai,Maharashtra,R04,Corporate,2025-01-30,Paid Search
C04443,Customer 04443,Male,27,Guwahati,Assam,R06,Consumer,2022-07-07,Email
C04444,Customer 04444,Female,19,Kochi,Kerala,R02,Corporate,2025-01-20,Referral
C04445,Customer 04445,Male,37,Gurugram,Haryana,R01,Small Business,2025-12-12,Organic
C04446,Customer 04446,Male,42,Surat,Gujarat,R04,Corporate,2023-06-11,Organic
C04447,Customer 04447,Male,31,Mumbai,,R04,Consumer,2022-10-28,Social
C04448,Customer 04448,Male,33,Mysuru,Karnataka,R02,Corporate,2025-11-24,Social
C04449,Customer 04449,Female,54,Mysuru,Karnataka,R02,Consumer,2025-08-24,Partner
C04450,Customer 04450,Female,44,Delhi,Delhi,R07,Consumer,2022-07-03,Organic
C04451,Customer 04451,Male,48,Indore,Madhya Pradesh,R05,Consumer,2025-05-19,Email
C04452,Customer 04452,Male,18,Ranchi,Jharkhand,R03,Corporate,2025-06-02,Partner
C04453,Customer 04453,Male,40,Hyderabad,Telangana,R02,Small Business,2023-03-20,Paid Search
C04454,Customer 04454,Female,38,Hyderabad,Telangana,R02,Consumer,2025-12-01,Organic
C04455,Customer 04455,Female,22,Mysuru,Karnataka,R02,Consumer,2022-10-05,Organic
C04456,Customer 04456,Female,25,Mumbai,Maharashtra,R04,Consumer,2024-04-17,Referral
C04457,Customer 04457,,33,Gurugram,Haryana,R01,Consumer,2024-10-24,Organic
C04458,Customer 04458,Female,22,Coimbatore,Tamil Nadu,R02,Small Business,2022-03-29,Partner
C04459,Customer 04459,Female,27,Delhi,Delhi,R07,Corporate,2025-09-05,Referral
C04460,Customer 04460,Male,30,Indore,Madhya Pradesh,R05,Corporate,2025-09-07,Email
C04461,Customer 04461,Male,41,Surat,Gujarat,R04,Small Business,2023-07-05,Referral
C04462,Customer 04462,Male,28,Surat,Gujarat,R04,Consumer,2023-10-01,Organic
C04463,Customer 04463,Female,31,Nagpur,Maharashtra,R04,Consumer,2023-06-24,Referral
C04464,Customer 04464,Male,45,Ranchi,Jharkhand,R03,Consumer,2022-09-09,Social
C04465,Customer 04465,Male,18,Ludhiana,Punjab,R01,Small Business,2025-07-15,Organic
C04466,Customer 04466,Female,37,Faridabad,Haryana,R01,Small Business,2025-07-26,Paid Search
C04467,Customer 04467,Female,39,Faridabad,Haryana,R01,Consumer,2024-04-17,Paid Search
C04468,Customer 04468,Male,39,Hyderabad,Telangana,R02,Consumer,2023-09-16,Social
C04469,Customer 04469,Male,30,Dehradun,Uttarakhand,R01,Consumer,2024-09-17,Organic
C04470,Customer 04470,Male,24,Noida,Uttar Pradesh,R07,Enterprise,2023-12-31,
C04471,Customer 04471,Male,50,Kochi,Kerala,R02,Consumer,2025-01-05,Partner
C04472,Customer 04472,Female,26,Jaipur,Rajasthan,R01,Consumer,2024-04-14,Paid Search
C04473,Customer 04473,Female,24,Hyderabad,Telangana,R02,Consumer,2022-09-12,Organic
C04474,Customer 04474,Female,35,Delhi,,R07,Corporate,2025-08-17,Social
C04475,Customer 04475,Female,28,Bengaluru,Karnataka,R02,Corporate,2023-09-17,Paid Search
C04476,Customer 04476,Female,46,Hyderabad,Telangana,R02,Consumer,2024-01-06,Partner
C04477,Customer 04477,Male,32,Mysuru,Karnataka,R02,Small Business,2024-08-25,Social
C04478,Customer 04478,,47,Kanpur,Uttar Pradesh,R07,Consumer,2025-07-21,Organic
C04479,Customer 04479,Female,39,Bhopal,Madhya Pradesh,R05,Small Business,2023-09-05,Organic
C04480,Customer 04480,Female,31,Ranchi,Jharkhand,R03,Consumer,2022-09-06,Organic
C04481,Customer 04481,Female,46,Ahmedabad,Gujarat,R04,Corporate,2022-06-04,Referral
C04482,Customer 04482,Female,28,Hyderabad,Telangana,R02,Consumer,2024-06-20,Organic
C04483,Customer 04483,Male,32,Bhubaneswar,Odisha,R03,Corporate,2023-09-05,Email
C04484,Customer 04484,Male,40,Noida,Uttar Pradesh,R07,Consumer,2024-02-07,Social
C04485,Customer 04485,Male,37,Raipur,Chhattisgarh,R05,Consumer,2025-05-23,Referral
C04486,Customer 04486,,28,Jaipur,Rajasthan,R01,Consumer,2023-04-20,Organic
C04487,Customer 04487,Female,20,Bhubaneswar,Odisha,R03,Consumer,2024-08-03,Organic
C04488,Customer 04488,Female,35,Faridabad,Haryana,R01,Small Business,2022-11-07,Paid Search
C04489,Customer 04489,Female,28,Jaipur,Rajasthan,R01,Consumer,2024-10-13,Paid Search
C04490,Customer 04490,Male,35,Mysuru,Karnataka,R02,Consumer,2022-04-13,Social
C04491,Customer 04491,Male,31,Mysuru,Karnataka,R02,Corporate,2022-10-29,Referral
C04492,Customer 04492,Male,28,Raipur,Chhattisgarh,R05,Consumer,2023-01-18,Partner
C04493,Customer 04493,Other,32,Dehradun,Uttarakhand,R01,Small Business,2022-10-02,Social
C04494,Customer 04494,,34,Faridabad,Haryana,R01,Consumer,2024-09-21,Organic
C04495,Customer 04495,Female,42,Jaipur,Rajasthan,R01,Enterprise,2023-08-02,Paid Search
C04496,Customer 04496,Female,39,Mumbai,Maharashtra,R04,Small Business,2023-02-11,Partner
C04497,Customer 04497,Male,56,Mysuru,Karnataka,R02,Consumer,2023-01-27,Organic
C04498,Customer 04498,Female,36,Bengaluru,Karnataka,R02,Consumer,2024-11-29,Organic
C04499,Customer 04499,Female,28,Raipur,Chhattisgarh,R05,Corporate,2024-03-11,Partner
C04500,Customer 04500,Male,33,Bhubaneswar,Odisha,R03,Small Business,2025-07-02,Organic
C04501,Customer 04501,Female,41,Delhi,Delhi,R07,Consumer,2024-01-08,Referral
C04502,Customer 04502,Male,45,Surat,Gujarat,R04,Consumer,2024-10-11,Organic
C04503,Customer 04503,Female,48,Chennai,Tamil Nadu,R02,Consumer,2025-09-04,Referral
C04504,Customer 04504,Male,25,Ahmedabad,Gujarat,R04,Small Business,2025-03-22,Organic
C04505,Customer 04505,Male,48,Faridabad,Haryana,R01,Corporate,2025-01-10,Partner
C04506,Customer 04506,Female,35,Nagpur,Maharashtra,R04,Consumer,2024-04-17,Organic
C04507,Customer 04507,,26,Ahmedabad,Gujarat,R04,Consumer,2025-06-26,Paid Search
C04508,Customer 04508,Male,33,Amritsar,Punjab,R01,Small Business,2025-10-14,Email
C04509,Customer 04509,Female,47,Patna,Bihar,R03,Enterprise,2022-06-24,Social
C04510,Customer 04510,Male,40,Mumbai,Maharashtra,R04,Consumer,2025-01-19,Paid Search
C04511,Customer 04511,Female,23,Chennai,Tamil Nadu,R02,Consumer,2022-01-20,Paid Search
C04512,Customer 04512,Female,23,Mysuru,Karnataka,R02,Consumer,2023-04-17,Social
C04513,Customer 04513,Male,23,Guwahati,Assam,R06,Corporate,2025-03-29,Partner
C04514,Customer 04514,Other,28,Gurugram,Haryana,R01,Consumer,2024-11-22,Referral
C04515,Customer 04515,Male,36,Gurugram,Haryana,R01,Consumer,2024-06-17,Social
C04516,Customer 04516,Male,24,Jaipur,Rajasthan,R01,Small Business,2024-09-08,Paid Search
C04517,Customer 04517,Male,31,Surat,Gujarat,R04,Consumer,2022-08-18,Social
C04518,Customer 04518,Female,49,Jaipur,Rajasthan,R01,Consumer,2025-01-02,Partner
C04519,Customer 04519,Male,51,Patna,Bihar,R03,Consumer,2022-05-27,Organic
C04520,Customer 04520,Male,51,Noida,Uttar Pradesh,R07,Consumer,2023-04-12,Paid Search
C04521,Customer 04521,Female,18,Delhi,Delhi,R07,Consumer,2022-05-04,Organic
C04522,Customer 04522,Female,52,Ahmedabad,Gujarat,R04,Consumer,2024-01-15,Referral
C04523,Customer 04523,Male,36,Bhubaneswar,Odisha,R03,Consumer,2025-06-11,Email
C04524,Customer 04524,,36,Raipur,Chhattisgarh,R05,Consumer,2025-07-10,Referral
C04525,Customer 04525,Male,45,Patna,Bihar,R03,Small Business,2022-01-15,Email
C04526,Customer 04526,Male,42,Mysuru,Karnataka,R02,Small Business,2025-11-26,Email
C04527,Customer 04527,Female,18,Kolkata,West Bengal,R03,Consumer,2022-10-29,Partner
C04528,Customer 04528,Male,29,Kolkata,West Bengal,R03,Corporate,2023-06-10,Paid Search
C04529,Customer 04529,Male,31,Lucknow,Uttar Pradesh,R07,Consumer,2023-02-16,Organic
C04530,Customer 04530,Male,22,Bengaluru,Karnataka,R02,Small Business,2023-12-13,Social
C04531,Customer 04531,Female,45,Bhubaneswar,Odisha,R03,Small Business,2022-01-12,Email
C04532,Customer 04532,Female,49,Pune,Maharashtra,R04,Corporate,2023-04-29,
C04533,Customer 04533,Male,35,Hyderabad,Telangana,R02,Corporate,2023-03-21,Paid Search
C04534,Customer 04534,Female,38,Bengaluru,Karnataka,R02,Consumer,2024-11-14,Referral
C04535,Customer 04535,Female,35,Bengaluru,Karnataka,R02,Consumer,2025-06-08,Organic
C04536,Customer 04536,Male,36,Delhi,Delhi,R07,Consumer,2022-02-26,Referral
C04537,Customer 04537,Male,46,Hyderabad,Telangana,R02,Consumer,2023-08-23,Referral
C04538,Customer 04538,Male,18,Raipur,Chhattisgarh,R05,Corporate,2025-10-25,Partner
C04539,Customer 04539,Female,40,Faridabad,Haryana,R01,Consumer,2025-09-15,Referral
C04540,Customer 04540,Male,35,Mumbai,Maharashtra,R04,Consumer,2024-03-13,Organic
C04541,Customer 04541,Male,28,Delhi,Delhi,R07,Corporate,2025-01-02,Social
C04542,Customer 04542,Female,30,Delhi,Delhi,R07,Small Business,2023-01-31,Paid Search
C04543,Customer 04543,Female,53,Dehradun,Uttarakhand,R01,Corporate,2025-03-20,Paid Search
C04544,Customer 04544,Female,22,Bengaluru,Karnataka,R02,Consumer,2022-02-24,Email
C04545,Customer 04545,Male,33,Nagpur,Maharashtra,R04,Small Business,2024-01-21,Social
C04546,Customer 04546,Male,51,Jaipur,Rajasthan,R01,Consumer,2024-03-30,Referral
C04547,Customer 04547,Female,22,Dehradun,Uttarakhand,R01,Corporate,2022-09-09,Referral
C04548,Customer 04548,Female,30,Noida,Uttar Pradesh,R07,Consumer,2024-05-06,Referral
C04549,Customer 04549,Other,35,Patna,Bihar,R03,Consumer,2025-10-03,Referral
C04550,Customer 04550,Female,39,Jaipur,Rajasthan,R01,Enterprise,2024-10-12,Organic
C04551,Customer 04551,Female,34,Delhi,Delhi,R07,Consumer,2022-07-30,Organic
C04552,Customer 04552,Male,26,Kolkata,,R03,Consumer,2024-02-07,Organic
C04553,Customer 04553,Other,39,Delhi,Delhi,R07,Consumer,2024-10-27,Email
C04554,Customer 04554,Female,34,Kolkata,West Bengal,R03,Enterprise,2024-01-24,Partner
C04555,Customer 04555,Male,41,Kanpur,Uttar Pradesh,R07,Small Business,2022-08-13,Partner
C04556,Customer 04556,Male,44,Patna,Bihar,R03,Consumer,2023-03-21,Organic
C04557,Customer 04557,Female,20,Bhubaneswar,Odisha,R03,Consumer,2023-11-01,Partner
C04558,Customer 04558,Male,45,Kolkata,West Bengal,R03,Consumer,2022-10-11,Partner
C04559,Customer 04559,Female,32,Delhi,Delhi,R07,Corporate,2023-09-12,Organic
C04560,Customer 04560,Female,43,Kolkata,West Bengal,R03,Consumer,2023-01-02,Social
C04561,Customer 04561,Male,40,Dehradun,Uttarakhand,R01,Consumer,2022-07-24,Partner
C04562,Customer 04562,Other,54,Kanpur,Uttar Pradesh,R07,Consumer,2023-07-02,Social
C04563,Customer 04563,,35,Jodhpur,Rajasthan,R01,Small Business,2022-01-26,Partner
C04564,Customer 04564,Male,31,Indore,Madhya Pradesh,R05,Consumer,2025-02-03,Social
C04565,Customer 04565,Male,30,Gurugram,Haryana,R01,Consumer,2022-02-28,Paid Search
C04566,Customer 04566,Female,25,Hyderabad,Telangana,R02,Enterprise,2022-06-22,Organic
C04567,Customer 04567,Male,43,Patna,Bihar,R03,Consumer,2023-03-18,Organic
C04568,Customer 04568,Female,24,Delhi,Delhi,R07,Consumer,2024-07-29,Referral
C04569,Customer 04569,Male,43,Bengaluru,Karnataka,R02,Consumer,2023-10-12,Paid Search
C04570,Customer 04570,Female,33,Coimbatore,Tamil Nadu,R02,Consumer,2022-02-25,Paid Search
C04571,Customer 04571,Female,18,Jaipur,Rajasthan,R01,Consumer,2023-05-05,Partner
C04572,Customer 04572,Male,50,Guwahati,Assam,R06,Consumer,2022-03-04,Organic
C04573,Customer 04573,Female,18,Gurugram,Haryana,R01,Consumer,2023-09-15,Paid Search
C04574,Customer 04574,Male,34,Pune,Maharashtra,R04,Consumer,2023-02-04,Partner
C04575,Customer 04575,Male,37,Raipur,Chhattisgarh,R05,Small Business,2025-08-03,Partner
C04576,Customer 04576,Male,18,Amritsar,Punjab,R01,Consumer,2023-06-06,Email
C04577,Customer 04577,Male,39,Bhopal,Madhya Pradesh,R05,Corporate,2024-05-11,Paid Search
C04578,Customer 04578,Male,28,Delhi,Delhi,R07,Consumer,2022-10-05,Organic
C04579,Customer 04579,Male,33,Mysuru,Karnataka,R02,Consumer,2023-12-04,Email
C04580,Customer 04580,Male,48,Delhi,Delhi,R07,Consumer,2025-07-18,Email
C04581,Customer 04581,Male,36,Kolkata,West Bengal,R03,Consumer,2022-02-06,Referral
C04582,Customer 04582,Male,31,Bhubaneswar,Odisha,R03,Corporate,2023-03-22,Paid Search
C04583,Customer 04583,Female,33,Raipur,Chhattisgarh,R05,Consumer,2023-06-06,Referral
C04584,Customer 04584,Male,53,Dehradun,Uttarakhand,R01,Corporate,2023-11-16,Referral
C04585,Customer 04585,Female,39,Hyderabad,Telangana,R02,Small Business,2023-08-27,Partner
C04586,Customer 04586,Male,26,Bhubaneswar,Odisha,R03,Consumer,2025-12-23,Organic
C04587,Customer 04587,Male,30,Bengaluru,Karnataka,R02,Small Business,2022-07-27,Organic
C04588,Customer 04588,Male,23,Kochi,Kerala,R02,Consumer,2023-01-06,Paid Search
C04589,Customer 04589,Male,30,Hyderabad,Telangana,R02,Consumer,2023-11-20,Email
C04590,Customer 04590,Female,51,Guwahati,Assam,R06,Consumer,2024-06-23,Partner
C04591,Customer 04591,Female,33,Kanpur,Uttar Pradesh,R07,Small Business,2022-04-30,Organic
C04592,Customer 04592,Male,22,Mysuru,Karnataka,R02,Corporate,2024-12-26,Social
C04593,Customer 04593,Male,39,Patna,Bihar,R03,Enterprise,2024-02-10,Social
C04594,Customer 04594,Female,31,Amritsar,Punjab,R01,Corporate,2023-01-31,Organic
C04595,Customer 04595,Male,41,Amritsar,Punjab,R01,Consumer,2023-07-10,Email
C04596,Customer 04596,Female,33,Ranchi,Jharkhand,R03,Small Business,2022-03-25,Social
C04597,Customer 04597,Female,49,Surat,Gujarat,R04,Enterprise,2024-08-28,Partner
C04598,Customer 04598,Male,26,Amritsar,Punjab,R01,Small Business,2025-03-02,Social
C04599,Customer 04599,Male,23,Mumbai,Maharashtra,R04,Consumer,2025-12-29,Email
C04600,Customer 04600,Male,44,Nagpur,Maharashtra,R04,Small Business,2023-02-27,Organic
C04601,Customer 04601,Female,18,Hyderabad,Telangana,R02,Consumer,2023-02-02,Paid Search
C04602,Customer 04602,Female,33,Kochi,Kerala,R02,Small Business,2023-04-15,Paid Search
C04603,Customer 04603,Male,43,Dehradun,Uttarakhand,R01,Enterprise,2022-07-12,Organic
C04604,Customer 04604,Female,18,Hyderabad,Telangana,R02,Corporate,2023-08-29,Social
C04605,Customer 04605,Male,36,Kolkata,West Bengal,R03,Consumer,2022-07-02,Referral
C04606,Customer 04606,Male,20,Pune,Maharashtra,R04,Consumer,2022-02-27,Social
C04607,Customer 04607,Female,18,Raipur,Chhattisgarh,R05,Enterprise,2023-05-12,Email
C04608,Customer 04608,Female,24,Noida,Uttar Pradesh,R07,Small Business,2025-05-28,Paid Search
C04609,Customer 04609,Male,33,Gurugram,Haryana,R01,Small Business,2025-11-19,Paid Search
C04610,Customer 04610,Female,28,Ranchi,Jharkhand,R03,Enterprise,2025-06-15,Organic
C04611,Customer 04611,Male,46,Raipur,,R05,Consumer,2025-10-31,Email
C04612,Customer 04612,Female,36,Jodhpur,Rajasthan,R01,Small Business,2025-06-27,Organic
C04613,Customer 04613,Female,30,Kolkata,West Bengal,R03,Consumer,2024-08-13,Organic
C04614,Customer 04614,Female,22,Surat,Gujarat,R04,Consumer,2022-09-24,Organic
C04615,Customer 04615,Female,37,Nagpur,Maharashtra,R04,Consumer,2025-03-31,Paid Search
C04616,Customer 04616,Female,56,Jodhpur,Rajasthan,R01,Consumer,2025-11-27,Paid Search
C04617,Customer 04617,Female,28,Faridabad,Haryana,R01,Consumer,2023-12-27,Paid Search
C04618,Customer 04618,Female,29,Mysuru,Karnataka,R02,Small Business,2024-08-24,Email
C04619,Customer 04619,Male,24,Ahmedabad,,R04,Consumer,2023-07-15,Paid Search
C04620,Customer 04620,Female,47,Bengaluru,Karnataka,R02,Corporate,2024-05-16,Organic
C04621,Customer 04621,Female,44,Noida,Uttar Pradesh,R07,Consumer,2022-01-31,Social
C04622,Customer 04622,Female,31,Visakhapatnam,Andhra Pradesh,R02,Small Business,2024-11-21,Organic
C04623,Customer 04623,Female,29,Hyderabad,Telangana,R02,Consumer,2024-01-31,Organic
C04624,Customer 04624,Male,26,Kochi,Kerala,R02,Corporate,2025-01-09,Email
C04625,Customer 04625,Male,32,Faridabad,Haryana,R01,Corporate,2023-07-02,Organic
C04626,Customer 04626,,45,Hyderabad,Telangana,R02,Consumer,2023-08-31,Referral
C04627,Customer 04627,Female,35,Raipur,Chhattisgarh,R05,Consumer,2022-08-02,Referral
C04628,Customer 04628,Female,48,Nagpur,Maharashtra,R04,Consumer,2024-05-03,Partner
C04629,Customer 04629,Female,28,Ludhiana,Punjab,R01,Consumer,2025-09-06,Paid Search
C04630,Customer 04630,Male,18,Lucknow,Uttar Pradesh,R07,Consumer,2024-05-04,Referral
C04631,Customer 04631,Other,61,Jodhpur,Rajasthan,R01,Consumer,2025-08-02,
C04632,Customer 04632,Male,37,Surat,Gujarat,R04,Corporate,2022-01-12,Email
C04633,Customer 04633,Male,43,Pune,Maharashtra,R04,Consumer,2024-12-13,Paid Search
C04634,Customer 04634,Female,27,Jaipur,Rajasthan,R01,Consumer,2022-01-15,Social
C04635,Customer 04635,Female,21,Hyderabad,Telangana,R02,Consumer,2023-09-21,Social
C04636,Customer 04636,Female,37,Delhi,Delhi,R07,Consumer,2023-11-19,Organic
C04637,Customer 04637,Female,18,Pune,Maharashtra,R04,Consumer,2023-11-16,Organic
C04638,Customer 04638,Male,32,Kolkata,West Bengal,R03,Corporate,2024-03-26,Partner
C04639,Customer 04639,Male,45,Ludhiana,Punjab,R01,Corporate,2025-01-26,Referral
C04640,Customer 04640,Female,39,Noida,Uttar Pradesh,R07,Consumer,2024-10-30,Social
C04641,Customer 04641,Male,38,Ludhiana,Punjab,R01,Consumer,2022-03-17,Referral
C04642,Customer 04642,Female,52,Delhi,Delhi,R07,Consumer,2025-01-04,Organic
C04643,Customer 04643,Male,39,Bengaluru,Karnataka,R02,Corporate,2023-08-05,Organic
C04644,Customer 04644,Male,18,Delhi,Delhi,R07,Consumer,2024-05-05,Referral
C04645,Customer 04645,Female,34,Jaipur,Rajasthan,R01,Small Business,2025-09-04,Referral
C04646,Customer 04646,Female,54,Dehradun,Uttarakhand,R01,Corporate,2023-02-20,Referral
C04647,Customer 04647,Male,32,Kochi,Kerala,R02,Corporate,2024-06-07,Paid Search
C04648,Customer 04648,Male,54,Noida,Uttar Pradesh,R07,Consumer,2024-06-23,Social
C04649,Customer 04649,Male,45,Mumbai,Maharashtra,R04,Small Business,2024-01-06,Referral
C04650,Customer 04650,Male,31,Surat,Gujarat,R04,Consumer,2023-01-15,Paid Search
C04651,Customer 04651,Female,24,Indore,Madhya Pradesh,R05,Consumer,2024-12-28,Social
C04652,Customer 04652,Male,38,Bhopal,Madhya Pradesh,R05,Small Business,2025-04-09,Organic
C04653,Customer 04653,Male,48,Gurugram,Haryana,R01,Corporate,2025-10-12,Organic
C04654,Customer 04654,Female,19,Faridabad,Haryana,R01,Consumer,2023-09-11,Email
C04655,Customer 04655,Female,36,Ahmedabad,Gujarat,R04,Consumer,2022-07-12,Paid Search
C04656,Customer 04656,Male,18,Guwahati,Assam,R06,Consumer,2025-07-31,Email
C04657,Customer 04657,Female,32,Guwahati,Assam,R06,Small Business,2024-06-10,Referral
C04658,Customer 04658,Male,18,Faridabad,Haryana,R01,Consumer,2022-07-06,Paid Search
C04659,Customer 04659,Male,41,Coimbatore,Tamil Nadu,R02,Consumer,2025-02-09,Email
C04660,Customer 04660,Female,28,Faridabad,Haryana,R01,Consumer,2024-10-27,Organic
C04661,Customer 04661,Male,47,Kolkata,West Bengal,R03,Enterprise,2025-05-01,Organic
C04662,Customer 04662,Other,30,Kochi,Kerala,R02,Consumer,2023-09-20,Paid Search
C04663,Customer 04663,Female,29,Surat,Gujarat,R04,Consumer,2023-11-23,Referral
C04664,Customer 04664,Female,19,Delhi,Delhi,R07,Small Business,2022-07-06,Paid Search
C04665,Customer 04665,Male,39,Coimbatore,Tamil Nadu,R02,Consumer,2023-09-20,Paid Search
C04666,Customer 04666,Male,40,Surat,Gujarat,R04,Small Business,2024-03-27,Partner
C04667,Customer 04667,Female,44,Bhopal,Madhya Pradesh,R05,Corporate,2025-06-20,Partner
C04668,Customer 04668,Female,42,Pune,Maharashtra,R04,Consumer,2022-11-06,Partner
C04669,Customer 04669,Female,39,Guwahati,Assam,R06,Small Business,2022-03-06,Organic
C04670,Customer 04670,Male,41,Jodhpur,Rajasthan,R01,Enterprise,2023-03-04,Email
C04671,Customer 04671,Female,42,Faridabad,Haryana,R01,Consumer,2022-10-21,Email
C04672,Customer 04672,Male,44,Nagpur,Maharashtra,R04,Consumer,2023-10-29,Organic
C04673,Customer 04673,Male,20,Delhi,Delhi,R07,Small Business,2024-10-29,Organic
C04674,Customer 04674,Female,30,Jodhpur,Rajasthan,R01,Consumer,2023-06-17,Organic
C04675,Customer 04675,,19,Hyderabad,Telangana,R02,Consumer,2023-05-16,Email
C04676,Customer 04676,Female,38,Gurugram,Haryana,R01,Consumer,2023-07-22,Social
C04677,Customer 04677,Male,51,Faridabad,Haryana,R01,Small Business,2025-11-29,Organic
C04678,Customer 04678,Female,44,Faridabad,Haryana,R01,Corporate,2023-08-04,Organic
C04679,Customer 04679,Female,29,Delhi,Delhi,R07,Enterprise,2024-11-12,Email
C04680,Customer 04680,Male,40,Guwahati,Assam,R06,Consumer,2022-01-25,Social
C04681,Customer 04681,Female,38,Visakhapatnam,Andhra Pradesh,R02,Enterprise,2022-06-12,Email
C04682,Customer 04682,Female,37,Delhi,Delhi,R07,Consumer,2023-06-21,Organic
C04683,Customer 04683,Male,22,Patna,Bihar,R03,Corporate,2024-02-18,Partner
C04684,Customer 04684,Female,48,Patna,Bihar,R03,Corporate,2023-07-29,Organic
C04685,Customer 04685,Female,23,Dehradun,Uttarakhand,R01,Consumer,2023-01-27,Paid Search
C04686,Customer 04686,Female,31,Mumbai,Maharashtra,R04,Consumer,2024-05-15,Partner
C04687,Customer 04687,Male,45,Jodhpur,Rajasthan,R01,Consumer,2023-01-15,Paid Search
C04688,Customer 04688,Female,31,Ahmedabad,Gujarat,R04,Consumer,2023-12-04,Social
C04689,Customer 04689,Female,36,Raipur,Chhattisgarh,R05,Corporate,2022-06-11,Paid Search
C04690,Customer 04690,Female,36,Patna,Bihar,R03,Consumer,2022-09-10,Referral
C04691,Customer 04691,Male,36,Bengaluru,Karnataka,R02,Corporate,2025-08-16,Paid Search
C04692,Customer 04692,Male,36,Kanpur,Uttar Pradesh,R07,Consumer,2024-05-08,Paid Search
C04693,Customer 04693,Female,37,Patna,Bihar,R03,Consumer,2023-03-24,Organic
C04694,Customer 04694,Male,36,Raipur,Chhattisgarh,R05,Corporate,2022-02-21,Partner
C04695,Customer 04695,Female,26,Mumbai,Maharashtra,R04,Consumer,2025-02-13,Partner
C04696,Customer 04696,Male,19,Hyderabad,Telangana,R02,Enterprise,2023-05-02,Email
C04697,Customer 04697,Female,45,Nagpur,Maharashtra,R04,Enterprise,2023-10-28,Partner
C04698,Customer 04698,Male,45,Mysuru,Karnataka,R02,Consumer,2024-06-24,Social
C04699,Customer 04699,Female,38,Bengaluru,Karnataka,R02,Consumer,2022-04-20,Organic
C04700,Customer 04700,Female,38,Bhubaneswar,Odisha,R03,Consumer,2024-06-30,Organic
C04701,Customer 04701,Male,26,Ranchi,Jharkhand,R03,Small Business,2025-12-28,Email
C04702,Customer 04702,Male,18,Ahmedabad,Gujarat,R04,Consumer,2022-09-21,Social
C04703,Customer 04703,Female,33,Mumbai,Maharashtra,R04,Small Business,2025-09-29,Organic
C04704,Customer 04704,Female,18,Nagpur,Maharashtra,R04,Enterprise,2023-05-11,Organic
C04705,Customer 04705,Female,37,Faridabad,Haryana,R01,Consumer,2022-01-12,Partner
C04706,Customer 04706,Male,48,Jodhpur,Rajasthan,R01,Corporate,2023-10-31,Organic
C04707,Customer 04707,Female,29,Delhi,Delhi,R07,Consumer,2022-10-23,Paid Search
C04708,Customer 04708,Female,29,Ahmedabad,Gujarat,R04,Consumer,2023-08-25,Referral
C04709,Customer 04709,Male,25,Gurugram,Haryana,R01,Consumer,2022-09-07,Referral
C04710,Customer 04710,Female,35,Mumbai,Maharashtra,R04,Corporate,2024-09-28,Organic
C04711,Customer 04711,Male,35,Bhubaneswar,Odisha,R03,Consumer,2023-06-18,Referral
C04712,Customer 04712,Female,25,Lucknow,Uttar Pradesh,R07,Small Business,2024-12-17,Paid Search
C04713,Customer 04713,Female,44,Coimbatore,Tamil Nadu,R02,Consumer,2022-11-04,Organic
C04714,Customer 04714,Male,62,Kochi,Kerala,R02,Corporate,2022-03-01,Social
C04715,Customer 04715,Male,47,Chennai,Tamil Nadu,R02,Small Business,2023-04-20,Partner
C04716,Customer 04716,Male,34,Amritsar,Punjab,R01,Corporate,2024-12-24,Referral
C04717,Customer 04717,Male,34,Mumbai,Maharashtra,R04,Consumer,2025-12-07,Organic
C04718,Customer 04718,Female,30,Coimbatore,Tamil Nadu,R02,Consumer,2025-07-07,Organic
C04719,Customer 04719,Female,30,Mysuru,,R02,Consumer,2022-01-13,Social
C04720,Customer 04720,Male,45,Faridabad,Haryana,R01,Consumer,2025-08-28,Organic
C04721,Customer 04721,Male,45,Ahmedabad,Gujarat,R04,Enterprise,2023-08-06,Organic
C04722,Customer 04722,Male,23,Bengaluru,Karnataka,R02,Consumer,2022-03-23,Organic
C04723,Customer 04723,Female,39,Jaipur,Rajasthan,R01,Consumer,2022-12-14,Organic
C04724,Customer 04724,Male,46,Chennai,Tamil Nadu,R02,Small Business,2025-07-15,Social
C04725,Customer 04725,Male,31,Delhi,Delhi,R07,Consumer,2024-05-26,Organic
C04726,Customer 04726,Female,33,Mumbai,Maharashtra,R04,Small Business,2022-08-28,Organic
C04727,Customer 04727,Female,42,Bhopal,Madhya Pradesh,R05,Consumer,2025-03-12,Organic
C04728,Customer 04728,,42,Kanpur,Uttar Pradesh,R07,Consumer,2023-05-10,Social
C04729,Customer 04729,Male,39,Coimbatore,Tamil Nadu,R02,Corporate,2022-06-24,Paid Search
C04730,Customer 04730,Male,38,Ahmedabad,Gujarat,R04,Consumer,2023-07-12,Organic
C04731,Customer 04731,Female,39,Mumbai,Maharashtra,R04,Small Business,2025-01-25,Paid Search
C04732,Customer 04732,Female,32,Kochi,Kerala,R02,Consumer,2023-03-13,Organic
C04733,Customer 04733,Female,24,Mumbai,Maharashtra,R04,Consumer,2022-08-23,Email
C04734,Customer 04734,Female,19,Noida,Uttar Pradesh,R07,Consumer,2023-03-07,Paid Search
C04735,Customer 04735,Male,41,Kochi,Kerala,R02,Consumer,2025-03-07,Referral
C04736,Customer 04736,Female,36,Patna,Bihar,R03,Corporate,2022-09-05,Referral
C04737,Customer 04737,Male,40,Kolkata,West Bengal,R03,Consumer,2023-11-06,Social
C04738,Customer 04738,Male,27,Delhi,Delhi,R07,Consumer,2024-08-20,Social
C04739,Customer 04739,Female,36,Faridabad,Haryana,R01,Small Business,2022-04-02,Paid Search
C04740,Customer 04740,Male,36,Hyderabad,Telangana,R02,Consumer,2024-04-28,
C04741,Customer 04741,Male,48,Ludhiana,Punjab,R01,Corporate,2025-02-15,Paid Search
C04742,Customer 04742,Male,44,Kanpur,Uttar Pradesh,R07,Consumer,2024-06-15,Organic
C04743,Customer 04743,Male,28,Bhubaneswar,Odisha,R03,Small Business,2022-09-28,Paid Search
C04744,Customer 04744,Female,40,Jaipur,Rajasthan,R01,Consumer,2024-02-01,Social
C04745,Customer 04745,Female,28,Delhi,Delhi,R07,Consumer,2025-08-11,Organic
C04746,Customer 04746,Male,18,Delhi,Delhi,R07,Consumer,2022-11-19,Partner
C04747,Customer 04747,Male,52,Ahmedabad,Gujarat,R04,Consumer,2022-08-23,Organic
C04748,Customer 04748,,31,Chennai,Tamil Nadu,R02,Consumer,2024-05-06,Organic
C04749,Customer 04749,Male,45,Guwahati,Assam,R06,Consumer,2023-09-03,Referral
C04750,Customer 04750,Female,28,Gurugram,,R01,Small Business,2024-08-13,Email
C04751,Customer 04751,Male,27,Ludhiana,Punjab,R01,Consumer,2024-05-31,Social
C04752,Customer 04752,Female,30,Bengaluru,Karnataka,R02,Enterprise,2022-03-17,Social
C04753,Customer 04753,Male,38,Nagpur,Maharashtra,R04,Consumer,2024-11-25,Organic
C04754,Customer 04754,Female,37,Mysuru,Karnataka,R02,Consumer,2025-12-14,Partner
C04755,Customer 04755,Female,40,Kochi,Kerala,R02,Consumer,2022-07-21,Referral
C04756,Customer 04756,Male,30,Bengaluru,Karnataka,R02,Consumer,2024-04-27,Organic
C04757,Customer 04757,Male,35,Ahmedabad,Gujarat,R04,Small Business,2023-07-01,Referral
C04758,Customer 04758,Female,27,Dehradun,Uttarakhand,R01,Consumer,2024-07-21,Organic
C04759,Customer 04759,Other,50,Delhi,Delhi,R07,Small Business,2024-05-11,Paid Search
C04760,Customer 04760,Male,22,Visakhapatnam,Andhra Pradesh,R02,Consumer,2024-04-12,Social
C04761,Customer 04761,Male,27,Bengaluru,Karnataka,R02,Consumer,2022-07-23,Referral
C04762,Customer 04762,Female,31,Mysuru,Karnataka,R02,Consumer,2024-10-06,Partner
C04763,Customer 04763,Male,59,Kochi,Kerala,R02,Corporate,2024-09-08,Paid Search
C04764,Customer 04764,Female,43,Bengaluru,Karnataka,R02,Consumer,2024-08-17,Referral
C04765,Customer 04765,Female,26,Surat,Gujarat,R04,Small Business,2022-10-08,Referral
C04766,Customer 04766,Male,43,Jodhpur,Rajasthan,R01,Consumer,2025-03-13,Organic
C04767,Customer 04767,Female,40,Hyderabad,Telangana,R02,Consumer,2022-11-11,Referral
C04768,Customer 04768,Female,38,Coimbatore,Tamil Nadu,R02,Small Business,2022-08-25,Partner
C04769,Customer 04769,Male,42,Kanpur,Uttar Pradesh,R07,Consumer,2023-04-25,Social
C04770,Customer 04770,Female,36,Kolkata,West Bengal,R03,Small Business,2022-08-28,Social
C04771,Customer 04771,Male,37,Hyderabad,Telangana,R02,Consumer,2023-05-03,Referral
C04772,Customer 04772,Male,19,Pune,Maharashtra,R04,Corporate,2022-11-17,Email
C04773,Customer 04773,Female,49,Delhi,Delhi,R07,Consumer,2022-04-27,Organic
C04774,Customer 04774,Female,31,Ahmedabad,Gujarat,R04,Enterprise,2025-11-08,Organic
C04775,Customer 04775,Female,23,Delhi,Delhi,R07,Consumer,2024-09-17,Referral
C04776,Customer 04776,Male,30,Delhi,Delhi,R07,Small Business,2023-06-06,Organic
C04777,Customer 04777,Female,30,Ahmedabad,Gujarat,R04,Consumer,2023-07-12,Email
C04778,Customer 04778,Male,27,Delhi,Delhi,R07,Small Business,2023-04-07,Paid Search
C04779,Customer 04779,Female,43,Jodhpur,Rajasthan,R01,Small Business,2024-12-30,Organic
C04780,Customer 04780,Male,45,Hyderabad,Telangana,R02,Small Business,2022-12-02,Email
C04781,Customer 04781,Female,18,Nagpur,Maharashtra,R04,Consumer,2022-05-13,Organic
C04782,Customer 04782,Male,30,Dehradun,Uttarakhand,R01,Consumer,2023-12-05,Paid Search
C04783,Customer 04783,Male,31,Kochi,Kerala,R02,Small Business,2022-11-21,Paid Search
C04784,Customer 04784,Male,33,Chennai,Tamil Nadu,R02,Consumer,2025-08-15,Email
C04785,Customer 04785,Female,52,Ranchi,Jharkhand,R03,Corporate,2023-06-08,Organic
C04786,Customer 04786,Male,27,Guwahati,Assam,R06,Consumer,2024-09-11,Referral
C04787,Customer 04787,Male,51,Mumbai,Maharashtra,R04,Consumer,2023-08-01,Partner
C04788,Customer 04788,Male,34,Patna,Bihar,R03,Consumer,2022-10-02,Social
C04789,Customer 04789,Female,51,Faridabad,Haryana,R01,Corporate,2023-04-10,Organic
C04790,Customer 04790,Other,32,Kolkata,West Bengal,R03,Consumer,2025-05-08,Paid Search
C04791,Customer 04791,Female,31,Bengaluru,Karnataka,R02,Consumer,2022-04-26,Social
C04792,Customer 04792,Female,35,Delhi,Delhi,R07,Small Business,2025-10-13,Paid Search
C04793,Customer 04793,Female,48,Jodhpur,Rajasthan,R01,Consumer,2022-01-31,Social
C04794,Customer 04794,Male,37,Vijayawada,Andhra Pradesh,R02,Small Business,2024-11-07,Social
C04795,Customer 04795,Male,37,Mumbai,Maharashtra,R04,Consumer,2024-10-06,Referral
C04796,Customer 04796,Male,41,Amritsar,Punjab,R01,Consumer,2024-05-17,Referral
C04797,Customer 04797,Male,26,Amritsar,Punjab,R01,Consumer,2022-04-09,Referral
C04798,Customer 04798,Female,38,Bengaluru,Karnataka,R02,Consumer,2024-09-08,Organic
C04799,Customer 04799,Female,29,Indore,Madhya Pradesh,R05,Corporate,2022-04-12,Paid Search
C04800,Customer 04800,Female,50,Patna,Bihar,R03,Consumer,2024-12-11,Email
C04801,Customer 04801,Female,39,Ahmedabad,Gujarat,R04,Consumer,2025-02-07,Referral
C04802,Customer 04802,Female,42,Amritsar,Punjab,R01,Consumer,2025-06-09,Organic
C04803,Customer 04803,Male,18,Delhi,Delhi,R07,Corporate,2023-07-22,Organic
C04804,Customer 04804,Male,42,Ahmedabad,Gujarat,R04,Small Business,2024-08-20,Referral
C04805,Customer 04805,Female,33,Bhopal,Madhya Pradesh,R05,Consumer,2022-09-28,Paid Search
C04806,Customer 04806,Female,21,Patna,Bihar,R03,Consumer,2024-02-16,Paid Search
C04807,Customer 04807,Male,36,Surat,Gujarat,R04,Consumer,2024-11-18,Organic
C04808,Customer 04808,Male,20,Coimbatore,Tamil Nadu,R02,Corporate,2022-09-24,Paid Search
C04809,Customer 04809,Female,41,Ahmedabad,Gujarat,R04,Consumer,2025-04-29,Organic
C04810,Customer 04810,Female,49,Coimbatore,Tamil Nadu,R02,Consumer,2023-07-01,Organic
C04811,Customer 04811,Female,18,Mysuru,Karnataka,R02,Small Business,2025-09-13,Paid Search
C04812,Customer 04812,Other,35,Kolkata,West Bengal,R03,Consumer,2022-05-04,Email
C04813,Customer 04813,Male,33,Bengaluru,Karnataka,R02,Small Business,2022-11-24,Partner
C04814,Customer 04814,Female,18,Visakhapatnam,Andhra Pradesh,R02,Consumer,2024-11-30,Organic
C04815,Customer 04815,Female,44,Surat,Gujarat,R04,Small Business,2022-10-12,Organic
C04816,Customer 04816,Female,41,Delhi,Delhi,R07,Consumer,2025-12-20,Organic
C04817,Customer 04817,Female,55,Lucknow,Uttar Pradesh,R07,Consumer,2025-10-06,Partner
C04818,Customer 04818,Female,40,Mysuru,Karnataka,R02,Consumer,2022-05-21,Organic
C04819,Customer 04819,Male,26,Bengaluru,Karnataka,R02,Consumer,2025-05-20,Partner
C04820,Customer 04820,Female,40,Bengaluru,Karnataka,R02,Corporate,2023-10-06,Referral
C04821,Customer 04821,Female,48,Kolkata,West Bengal,R03,Consumer,2025-05-14,Email
C04822,Customer 04822,Male,30,Jodhpur,Rajasthan,R01,Consumer,2024-10-19,Organic
C04823,Customer 04823,Female,44,Hyderabad,Telangana,R02,Small Business,2023-04-03,Social
C04824,Customer 04824,Female,18,Kolkata,West Bengal,R03,Consumer,2022-02-13,Organic
C04825,Customer 04825,Female,50,Ahmedabad,Gujarat,R04,Corporate,2023-04-09,Referral
C04826,Customer 04826,Male,43,Nagpur,Maharashtra,R04,Corporate,2023-10-05,Social
C04827,Customer 04827,Male,18,Ludhiana,Punjab,R01,Consumer,2024-02-21,Email
C04828,Customer 04828,Male,39,Ahmedabad,Gujarat,R04,Corporate,2025-03-07,Referral
C04829,Customer 04829,Female,18,Bhubaneswar,Odisha,R03,Small Business,2025-04-08,Partner
C04830,Customer 04830,Male,29,Kochi,Kerala,R02,Small Business,2023-03-05,Social
C04831,Customer 04831,,42,Coimbatore,Tamil Nadu,R02,Consumer,2022-10-11,Social
C04832,Customer 04832,Female,34,Jaipur,Rajasthan,R01,Consumer,2024-08-21,Organic
C04833,Customer 04833,Male,48,Kolkata,West Bengal,R03,Small Business,2024-12-21,Organic
C04834,Customer 04834,Male,36,Patna,Bihar,R03,Corporate,2024-06-06,Organic
C04835,Customer 04835,Male,35,Nagpur,Maharashtra,R04,Consumer,2024-06-20,Organic
C04836,Customer 04836,Female,46,Indore,Madhya Pradesh,R05,Consumer,2024-10-19,Organic
C04837,Customer 04837,Female,32,Delhi,Delhi,R07,Corporate,2023-08-21,Organic
C04838,Customer 04838,Male,35,Delhi,Delhi,R07,Small Business,2022-12-17,Organic
C04839,Customer 04839,Male,36,Gurugram,Haryana,R01,Small Business,2025-02-27,Referral
C04840,Customer 04840,Female,34,Gurugram,Haryana,R01,Small Business,2022-09-03,Social
C04841,Customer 04841,Male,47,Guwahati,Assam,R06,Consumer,2022-03-25,Partner
C04842,Customer 04842,Female,28,Ahmedabad,Gujarat,R04,Corporate,2022-01-25,Paid Search
C04843,Customer 04843,Male,27,Jaipur,Rajasthan,R01,Consumer,2023-08-01,Organic
C04844,Customer 04844,Female,24,Ahmedabad,Gujarat,R04,Consumer,2023-12-03,Email
C04845,Customer 04845,Male,18,Mumbai,Maharashtra,R04,Consumer,2024-03-03,Email
C04846,Customer 04846,Female,50,Jodhpur,Rajasthan,R01,Small Business,2022-09-30,Paid Search
C04847,Customer 04847,Male,26,Gurugram,Haryana,R01,Consumer,2023-09-17,Organic
C04848,Customer 04848,Male,33,Hyderabad,Telangana,R02,Consumer,2024-08-09,Partner
C04849,Customer 04849,Female,51,Faridabad,Haryana,R01,Consumer,2023-02-28,Partner
C04850,Customer 04850,Male,34,Bhubaneswar,Odisha,R03,Consumer,2024-03-13,Partner
C04851,Customer 04851,Male,40,Amritsar,Punjab,R01,Consumer,2023-02-05,Paid Search
C04852,Customer 04852,Male,21,Patna,Bihar,R03,Consumer,2025-05-03,Organic
C04853,Customer 04853,Female,49,Bhopal,Madhya Pradesh,R05,Consumer,2023-10-10,Paid Search
C04854,Customer 04854,Female,34,Faridabad,Haryana,R01,Consumer,2025-03-17,Social
C04855,Customer 04855,Female,25,Delhi,Delhi,R07,Small Business,2023-05-09,Organic
C04856,Customer 04856,Male,25,Visakhapatnam,Andhra Pradesh,R02,Corporate,2023-06-12,Organic
C04857,Customer 04857,Male,52,Surat,Gujarat,R04,Small Business,2025-01-12,Partner
C04858,Customer 04858,Male,29,Hyderabad,Telangana,R02,Consumer,2023-03-09,Organic
C04859,Customer 04859,Male,25,Delhi,,R07,Consumer,2024-11-16,Organic
C04860,Customer 04860,Male,31,Jodhpur,Rajasthan,R01,Consumer,2022-05-01,Social
C04861,Customer 04861,Female,35,Mysuru,Karnataka,R02,Enterprise,2025-05-14,Partner
C04862,Customer 04862,Female,37,Guwahati,Assam,R06,Consumer,2025-01-10,Partner
C04863,Customer 04863,Female,39,Jaipur,Rajasthan,R01,Consumer,2024-04-01,Organic
C04864,Customer 04864,Female,37,Bhubaneswar,Odisha,R03,Enterprise,2023-12-26,Social
C04865,Customer 04865,Female,41,Hyderabad,Telangana,R02,Enterprise,2023-06-30,Partner
C04866,Customer 04866,Male,32,Faridabad,Haryana,R01,Consumer,2023-05-07,Referral
C04867,Customer 04867,Female,56,Jaipur,Rajasthan,R01,Small Business,2023-03-30,Organic
C04868,Customer 04868,Male,30,Noida,Uttar Pradesh,R07,Consumer,2024-10-24,Referral
C04869,Customer 04869,Female,49,Surat,Gujarat,R04,Consumer,2022-10-22,Social
C04870,Customer 04870,Male,29,Hyderabad,Telangana,R02,Consumer,2023-02-05,Social
C04871,Customer 04871,Female,21,Surat,Gujarat,R04,Enterprise,2023-07-24,Social
C04872,Customer 04872,Female,18,Kanpur,Uttar Pradesh,R07,Consumer,2023-11-30,Organic
C04873,Customer 04873,Male,38,Kolkata,West Bengal,R03,Small Business,2023-01-27,Email
C04874,Customer 04874,Male,47,Chennai,Tamil Nadu,R02,Consumer,2023-09-29,Paid Search
C04875,Customer 04875,Female,23,Mysuru,Karnataka,R02,Corporate,2025-03-24,Organic
C04876,Customer 04876,Male,26,Mysuru,Karnataka,R02,Corporate,2023-01-30,Paid Search
C04877,Customer 04877,Male,39,Noida,Uttar Pradesh,R07,Small Business,2022-09-11,Referral
C04878,Customer 04878,Male,35,Kolkata,West Bengal,R03,Small Business,2025-02-28,Social
C04879,Customer 04879,Male,29,Nagpur,Maharashtra,R04,Small Business,2023-01-30,Email
C04880,Customer 04880,Female,22,Nagpur,Maharashtra,R04,Corporate,2024-10-30,Email
C04881,Customer 04881,Female,38,Faridabad,Haryana,R01,Consumer,2025-10-23,Referral
C04882,Customer 04882,Female,42,Chennai,Tamil Nadu,R02,Enterprise,2024-01-30,Social
C04883,Customer 04883,Female,40,Chennai,Tamil Nadu,R02,Consumer,2024-03-09,Social
C04884,Customer 04884,Female,35,Mumbai,Maharashtra,R04,Consumer,2024-10-06,Paid Search
C04885,Customer 04885,Female,24,Raipur,Chhattisgarh,R05,Consumer,2022-07-03,Social
C04886,Customer 04886,Male,38,Bhopal,Madhya Pradesh,R05,Consumer,2022-05-11,Social
C04887,Customer 04887,Female,37,Faridabad,,R01,Corporate,2022-09-23,Email
C04888,Customer 04888,Male,22,Kolkata,West Bengal,R03,Consumer,2023-09-20,Referral
C04889,Customer 04889,Male,32,Mumbai,Maharashtra,R04,Consumer,2025-05-12,Organic
C04890,Customer 04890,Female,39,Dehradun,Uttarakhand,R01,Small Business,2024-05-26,Partner
C04891,Customer 04891,Female,34,Kanpur,Uttar Pradesh,R07,Small Business,2025-06-09,Partner
C04892,Customer 04892,Female,18,Jaipur,Rajasthan,R01,Consumer,2023-07-30,Organic
C04893,Customer 04893,Female,29,Surat,Gujarat,R04,Enterprise,2025-03-23,Partner
C04894,Customer 04894,Male,28,Jaipur,Rajasthan,R01,Consumer,2024-11-09,Social
C04895,Customer 04895,Male,41,Kolkata,West Bengal,R03,Consumer,2022-05-27,Organic
C04896,Customer 04896,Male,61,Mysuru,Karnataka,R02,Small Business,2024-02-02,Referral
C04897,Customer 04897,Male,36,Noida,Uttar Pradesh,R07,Corporate,2024-07-15,Organic
C04898,Customer 04898,Female,23,Bengaluru,Karnataka,R02,Small Business,2023-07-14,Referral
C04899,Customer 04899,Female,33,Kochi,Kerala,R02,Consumer,2025-01-31,Email
C04900,Customer 04900,Male,35,Bhubaneswar,Odisha,R03,Consumer,2023-08-30,Paid Search
C04901,Customer 04901,Male,43,Mysuru,Karnataka,R02,Consumer,2024-11-02,Paid Search
C04902,Customer 04902,Male,47,Jodhpur,Rajasthan,R01,Enterprise,2024-11-12,Organic
C04903,Customer 04903,Female,49,Ludhiana,Punjab,R01,Consumer,2022-11-19,Paid Search
C04904,Customer 04904,Male,40,Guwahati,Assam,R06,Consumer,2022-04-07,
C04905,Customer 04905,Male,35,Kolkata,West Bengal,R03,Consumer,2025-07-06,Email
C04906,Customer 04906,Male,50,Coimbatore,Tamil Nadu,R02,Corporate,2025-05-09,Partner
C04907,Customer 04907,Male,32,Guwahati,Assam,R06,Consumer,2025-10-24,Social
C04908,Customer 04908,Male,36,Gurugram,Haryana,R01,Small Business,2022-03-25,Social
C04909,Customer 04909,Female,33,Kolkata,West Bengal,R03,Consumer,2024-10-18,Paid Search
C04910,Customer 04910,Male,18,Lucknow,Uttar Pradesh,R07,Consumer,2022-07-13,Social
C04911,Customer 04911,Male,48,Faridabad,Haryana,R01,Consumer,2023-12-09,Organic
C04912,Customer 04912,Male,42,Ahmedabad,Gujarat,R04,Consumer,2025-03-29,Social
C04913,Customer 04913,Male,18,Pune,Maharashtra,R04,Corporate,2023-01-06,Social
C04914,Customer 04914,Female,45,Vijayawada,Andhra Pradesh,R02,Small Business,2023-07-02,Referral
C04915,Customer 04915,Female,32,Pune,Maharashtra,R04,Consumer,2023-12-19,Organic
C04916,Customer 04916,Male,45,Bhopal,Madhya Pradesh,R05,Consumer,2023-11-03,Paid Search
C04917,Customer 04917,Female,36,Patna,Bihar,R03,Consumer,2022-01-30,Email
C04918,Customer 04918,Male,21,Hyderabad,Telangana,R02,Small Business,2023-06-29,Email
C04919,Customer 04919,Male,35,Kochi,Kerala,R02,Enterprise,2025-05-19,Social
C04920,Customer 04920,Male,26,Pune,Maharashtra,R04,Small Business,2022-05-16,Partner
C04921,Customer 04921,Female,23,Nagpur,Maharashtra,R04,Consumer,2023-05-24,Referral
C04922,Customer 04922,Female,44,Faridabad,Haryana,R01,Consumer,2024-06-08,Email
C04923,Customer 04923,Male,39,Jodhpur,Rajasthan,R01,Enterprise,2023-07-15,Email
C04924,Customer 04924,Female,50,Guwahati,,R06,Consumer,2024-10-03,Referral
C04925,Customer 04925,Male,31,Bengaluru,Karnataka,R02,Corporate,2023-01-26,Email
C04926,Customer 04926,Male,25,Nagpur,Maharashtra,R04,Small Business,2022-10-05,Organic
C04927,Customer 04927,Male,41,Lucknow,Uttar Pradesh,R07,Small Business,2025-09-10,Social
C04928,Customer 04928,Male,27,Mysuru,Karnataka,R02,Corporate,2025-01-03,Email
C04929,Customer 04929,Male,32,Kolkata,West Bengal,R03,Consumer,2023-03-14,Organic
C04930,Customer 04930,Female,40,Jodhpur,Rajasthan,R01,Small Business,2022-05-26,Organic
C04931,Customer 04931,Male,34,Patna,Bihar,R03,Consumer,2023-10-04,Paid Search
C04932,Customer 04932,Male,30,Hyderabad,Telangana,R02,Small Business,2025-02-06,Social
C04933,Customer 04933,Male,21,Bhubaneswar,,R03,Consumer,2024-06-14,Referral
C04934,Customer 04934,Male,44,Noida,Uttar Pradesh,R07,Small Business,2024-10-21,Social
C04935,Customer 04935,Male,31,Hyderabad,Telangana,R02,Small Business,2024-02-08,Organic
C04936,Customer 04936,Male,41,Gurugram,Haryana,R01,Consumer,2025-08-25,Email
C04937,Customer 04937,Male,40,Mumbai,Maharashtra,R04,Consumer,2022-06-24,Organic
C04938,Customer 04938,Male,46,Kolkata,West Bengal,R03,Consumer,2025-04-03,Email
C04939,Customer 04939,Male,33,Hyderabad,Telangana,R02,Small Business,2025-11-13,Social
C04940,Customer 04940,Female,32,Ludhiana,Punjab,R01,Corporate,2025-05-18,Organic
C04941,Customer 04941,Female,24,Raipur,,R05,Consumer,2023-02-14,Social
C04942,Customer 04942,Male,30,Delhi,Delhi,R07,Small Business,2025-10-31,Referral
C04943,Customer 04943,Female,38,Chennai,Tamil Nadu,R02,Small Business,2025-11-09,Partner
C04944,Customer 04944,Female,27,Dehradun,Uttarakhand,R01,Small Business,2025-05-18,Social
C04945,Customer 04945,Female,38,Bengaluru,Karnataka,R02,Corporate,2023-04-10,Partner
C04946,Customer 04946,Female,50,Bhopal,Madhya Pradesh,R05,Enterprise,2025-03-09,Paid Search
C04947,Customer 04947,Female,31,Coimbatore,Tamil Nadu,R02,Small Business,2025-06-06,Organic
C04948,Customer 04948,Female,22,Bhubaneswar,Odisha,R03,Consumer,2022-10-14,Paid Search
C04949,Customer 04949,Male,31,Hyderabad,Telangana,R02,Enterprise,2023-01-14,Referral
C04950,Customer 04950,Male,21,Kolkata,West Bengal,R03,Consumer,2025-01-08,Organic
C04951,Customer 04951,Female,48,Lucknow,Uttar Pradesh,R07,Small Business,2025-03-28,Organic
C04952,Customer 04952,Female,36,Patna,Bihar,R03,Small Business,2024-07-13,Referral
C04953,Customer 04953,Male,28,Noida,Uttar Pradesh,R07,Corporate,2024-03-01,Paid Search
C04954,Customer 04954,Female,29,Dehradun,Uttarakhand,R01,Consumer,2025-11-05,Email
C04955,Customer 04955,Female,23,Kanpur,Uttar Pradesh,R07,Consumer,2023-05-13,Organic
C04956,Customer 04956,Female,45,Noida,Uttar Pradesh,R07,Consumer,2024-11-17,Paid Search
C04957,Customer 04957,Female,53,Raipur,Chhattisgarh,R05,Corporate,2025-10-26,Social
C04958,Customer 04958,Female,20,Noida,Uttar Pradesh,R07,Small Business,2023-01-15,Partner
C04959,Customer 04959,Female,45,Nagpur,Maharashtra,R04,Consumer,2022-04-15,Organic
C04960,Customer 04960,Female,33,Kolkata,West Bengal,R03,Consumer,2022-08-28,Organic
C04961,Customer 04961,Male,48,Faridabad,Haryana,R01,Corporate,2024-09-01,Organic
C04962,Customer 04962,Female,18,Faridabad,Haryana,R01,Consumer,2023-02-16,Partner
C04963,Customer 04963,Female,37,Bengaluru,Karnataka,R02,Consumer,2024-11-08,Organic
C04964,Customer 04964,Female,31,Noida,Uttar Pradesh,R07,Consumer,2023-12-03,Email
C04965,Customer 04965,Male,42,Kanpur,Uttar Pradesh,R07,Corporate,2025-06-11,Social
C04966,Customer 04966,Male,36,Delhi,Delhi,R07,Corporate,2024-08-11,Email
C04967,Customer 04967,Male,35,Mumbai,Maharashtra,R04,Small Business,2024-05-14,Paid Search
C04968,Customer 04968,Male,34,Nagpur,Maharashtra,R04,Consumer,2022-11-11,Social
C04969,Customer 04969,Female,51,Delhi,Delhi,R07,Consumer,2023-04-21,Partner
C04970,Customer 04970,Female,33,Chennai,Tamil Nadu,R02,Small Business,2022-12-07,Organic
C04971,Customer 04971,Female,44,Hyderabad,Telangana,R02,Enterprise,2022-04-01,Referral
C04972,Customer 04972,Male,41,Delhi,Delhi,R07,Consumer,2023-03-18,Partner
C04973,Customer 04973,Female,44,Pune,,R04,Small Business,2025-10-19,Organic
C04974,Customer 04974,Female,25,Guwahati,Assam,R06,Small Business,2025-03-25,Email
C04975,Customer 04975,Female,42,Coimbatore,Tamil Nadu,R02,Small Business,2022-12-11,Organic
C04976,Customer 04976,Male,38,Surat,Gujarat,R04,Consumer,2023-06-18,Organic
C04977,Customer 04977,Female,23,Ahmedabad,Gujarat,R04,Consumer,2024-11-23,Organic
C04978,Customer 04978,Male,33,Ludhiana,Punjab,R01,Consumer,2022-04-25,Referral
C04979,Customer 04979,Male,58,Indore,Madhya Pradesh,R05,Small Business,2024-11-19,Organic
C04980,Customer 04980,Female,31,Kochi,Kerala,R02,Small Business,2024-03-07,Paid Search
C04981,Customer 04981,Female,31,Kochi,Kerala,R02,Consumer,2024-11-06,Referral
C04982,Customer 04982,Male,40,Lucknow,Uttar Pradesh,R07,Consumer,2022-01-09,Organic
C04983,Customer 04983,Female,30,Pune,,R04,Consumer,2025-09-27,Organic
C04984,Customer 04984,Female,36,Gurugram,Haryana,R01,Corporate,2024-09-11,Organic
C04985,Customer 04985,Female,31,Pune,Maharashtra,R04,Small Business,2022-09-08,Organic
C04986,Customer 04986,Male,39,Pune,Maharashtra,R04,Consumer,2025-05-15,Paid Search
C04987,Customer 04987,Male,34,Hyderabad,Telangana,R02,Corporate,2022-02-12,Social
C04988,Customer 04988,Female,55,Ludhiana,Punjab,R01,Consumer,2022-09-01,Partner
C04989,Customer 04989,Female,35,Kochi,Kerala,R02,Small Business,2025-02-28,Referral
C04990,Customer 04990,Female,33,Faridabad,Haryana,R01,Small Business,2025-05-18,Partner
C04991,Customer 04991,Male,45,Delhi,Delhi,R07,Consumer,2022-05-23,Referral
C04992,Customer 04992,Male,21,Raipur,Chhattisgarh,R05,Corporate,2024-09-19,Partner
C04993,Customer 04993,Male,52,Kolkata,West Bengal,R03,Small Business,2025-03-27,Organic
C04994,Customer 04994,Female,25,Nagpur,Maharashtra,R04,Small Business,2022-05-24,Organic
C04995,Customer 04995,Male,47,Coimbatore,Tamil Nadu,R02,Corporate,2022-04-20,
C04996,Customer 04996,Male,50,Noida,Uttar Pradesh,R07,Consumer,2022-11-29,Social
C04997,Customer 04997,Female,30,Faridabad,Haryana,R01,Consumer,2022-11-20,Email
C04998,Customer 04998,Female,31,Mysuru,Karnataka,R02,Corporate,2022-11-29,Social
C04999,Customer 04999,Male,34,Mumbai,Maharashtra,R04,Consumer,2025-03-04,Partner
C05000,Customer 05000,Male,41,Coimbatore,Tamil Nadu,R02,Enterprise,2022-10-28,Paid Search
C05001,Customer 05001,Female,25,Kanpur,Uttar Pradesh,R07,Consumer,2024-02-15,Social
C05002,Customer 05002,Female,34,Hyderabad,Telangana,R02,Small Business,2023-05-04,Referral
C05003,Customer 05003,Male,32,Bhubaneswar,Odisha,R03,Consumer,2023-04-13,Organic
C05004,Customer 05004,Male,23,Gurugram,Haryana,R01,Consumer,2025-08-19,Email
C05005,Customer 05005,Female,25,Delhi,Delhi,R07,Consumer,2023-04-12,Referral
C05006,Customer 05006,Male,36,Ahmedabad,Gujarat,R04,Corporate,2022-11-24,Organic
C05007,Customer 05007,Female,36,Bhubaneswar,Odisha,R03,Small Business,2022-11-29,Paid Search
C05008,Customer 05008,Female,27,Hyderabad,Telangana,R02,Consumer,2025-09-15,Referral
C05009,Customer 05009,Male,36,Kolkata,West Bengal,R03,Consumer,2025-05-05,Referral
C05010,Customer 05010,Female,29,Nagpur,Maharashtra,R04,Small Business,2024-03-14,Paid Search
C05011,Customer 05011,Female,48,Kanpur,Uttar Pradesh,R07,Consumer,2024-03-15,Referral
C05012,Customer 05012,Female,34,Mysuru,Karnataka,R02,Consumer,2024-01-26,Organic
C05013,Customer 05013,Male,46,Amritsar,Punjab,R01,Small Business,2024-05-07,Paid Search
C05014,Customer 05014,Female,18,Patna,Bihar,R03,Consumer,2024-09-11,Organic
C05015,Customer 05015,Female,38,Amritsar,Punjab,R01,Consumer,2022-03-28,Social
C05016,Customer 05016,,41,Jodhpur,Rajasthan,R01,Consumer,2025-03-23,Organic
C05017,Customer 05017,Male,34,Mysuru,Karnataka,R02,Corporate,2025-01-08,Social
C05018,Customer 05018,Female,30,Mysuru,Karnataka,R02,Consumer,2025-10-31,Partner
C05019,Customer 05019,Male,33,Chennai,Tamil Nadu,R02,Small Business,2023-09-17,Partner
C05020,Customer 05020,Male,42,Ahmedabad,Gujarat,R04,Consumer,2022-01-04,Paid Search
C05021,Customer 05021,Male,23,Kochi,Kerala,R02,Enterprise,2023-06-29,Referral
C05022,Customer 05022,Female,42,Indore,Madhya Pradesh,R05,Consumer,2023-08-05,Partner
C05023,Customer 05023,Female,38,Guwahati,Assam,R06,Consumer,2024-06-12,Social
C05024,Customer 05024,Male,32,Hyderabad,Telangana,R02,Consumer,2022-09-19,Paid Search
C05025,Customer 05025,Male,33,Hyderabad,Telangana,R02,Consumer,2022-04-26,Organic
C05026,Customer 05026,Female,36,Coimbatore,Tamil Nadu,R02,Consumer,2022-08-10,Organic
C05027,Customer 05027,Female,52,Surat,Gujarat,R04,Small Business,2024-09-26,Email
C05028,Customer 05028,Male,38,Mumbai,Maharashtra,R04,Small Business,2022-08-03,Organic
C05029,Customer 05029,Male,26,Chennai,Tamil Nadu,R02,Small Business,2024-07-15,Organic
C05030,Customer 05030,Female,31,Delhi,Delhi,R07,Consumer,2024-11-02,Referral
C05031,Customer 05031,Male,24,Delhi,Delhi,R07,Small Business,2024-04-10,Email
C05032,Customer 05032,Male,18,Raipur,Chhattisgarh,R05,Consumer,2022-03-16,Organic
C05033,Customer 05033,Female,23,Delhi,Delhi,R07,Corporate,2022-06-16,Referral
C05034,Customer 05034,Female,36,Bengaluru,Karnataka,R02,Corporate,2025-05-07,Paid Search
C05035,Customer 05035,Male,48,Chennai,Tamil Nadu,R02,Consumer,2024-06-27,Organic
C05036,Customer 05036,Female,45,Amritsar,Punjab,R01,Consumer,2025-01-04,Social
C05037,Customer 05037,Female,23,Kochi,Kerala,R02,Small Business,2025-10-06,Email
C05038,Customer 05038,Other,27,Ludhiana,Punjab,R01,Consumer,2023-08-21,Organic
C05039,Customer 05039,Female,26,Guwahati,Assam,R06,Corporate,2025-08-03,Organic
C05040,Customer 05040,Female,18,Patna,Bihar,R03,Enterprise,2023-09-14,Partner
C05041,Customer 05041,Male,33,Lucknow,Uttar Pradesh,R07,Consumer,2025-08-14,Partner
C05042,Customer 05042,Male,43,Gurugram,Haryana,R01,Consumer,2024-09-18,Social
C05043,Customer 05043,Female,32,Pune,Maharashtra,R04,Consumer,2022-11-22,Organic
C05044,Customer 05044,Male,22,Nagpur,Maharashtra,R04,Small Business,2022-01-16,Organic
C05045,Customer 05045,Female,27,Lucknow,Uttar Pradesh,R07,Consumer,2025-08-30,Organic
C05046,Customer 05046,Male,32,Dehradun,Uttarakhand,R01,Consumer,2023-07-20,Paid Search
C05047,Customer 05047,,43,Kanpur,Uttar Pradesh,R07,Consumer,2025-06-14,Referral
C05048,Customer 05048,Female,33,Bhopal,Madhya Pradesh,R05,Enterprise,2022-09-21,Organic
C05049,Customer 05049,Male,41,Faridabad,Haryana,R01,Small Business,2023-11-02,Organic
C05050,Customer 05050,Female,34,Dehradun,Uttarakhand,R01,Corporate,2022-09-22,Referral
C05051,Customer 05051,Female,37,Lucknow,Uttar Pradesh,R07,Enterprise,2022-06-24,Organic
C05052,Customer 05052,Female,26,Ahmedabad,Gujarat,R04,Corporate,2024-03-15,Organic
C05053,Customer 05053,Female,28,Bengaluru,Karnataka,R02,Enterprise,2023-10-08,Social
C05054,Customer 05054,Female,22,Gurugram,Haryana,R01,Consumer,2022-12-26,Organic
C05055,Customer 05055,Male,41,Bhopal,Madhya Pradesh,R05,Consumer,2023-05-07,Referral
C05056,Customer 05056,,32,Jodhpur,Rajasthan,R01,Small Business,2023-07-03,Organic
C05057,Customer 05057,Male,18,Mysuru,Karnataka,R02,Consumer,2022-11-20,Organic
C05058,Customer 05058,Male,40,Bengaluru,Karnataka,R02,Consumer,2024-11-13,Paid Search
C05059,Customer 05059,Female,45,Coimbatore,Tamil Nadu,R02,Small Business,2023-03-08,Referral
C05060,Customer 05060,Female,27,Delhi,Delhi,R07,Corporate,2024-06-25,Organic
C05061,Customer 05061,Male,99,Faridabad,Haryana,R01,Consumer,2024-12-14,Partner
C05062,Customer 05062,Male,33,Faridabad,Haryana,R01,Consumer,2023-04-28,Partner
C05063,Customer 05063,Male,18,Jodhpur,Rajasthan,R01,Consumer,2022-04-05,Social
C05064,Customer 05064,Male,55,Faridabad,Haryana,R01,Consumer,2022-03-14,Organic
C05065,Customer 05065,Female,33,Kochi,Kerala,R02,Consumer,2024-05-08,Organic
C05066,Customer 05066,Male,37,Bengaluru,Karnataka,R02,Consumer,2022-02-08,Partner
C05067,Customer 05067,Female,29,Hyderabad,Telangana,R02,Small Business,2022-06-30,Organic
C05068,Customer 05068,Female,32,Pune,Maharashtra,R04,Consumer,2023-12-14,Paid Search
C05069,Customer 05069,Female,37,Jaipur,Rajasthan,R01,Consumer,2023-02-22,Paid Search
C05070,Customer 05070,Female,25,Bengaluru,Karnataka,R02,Corporate,2023-09-08,Organic
C05071,Customer 05071,Female,52,Jodhpur,Rajasthan,R01,Consumer,2024-10-21,Organic
C05072,Customer 05072,Male,43,Pune,Maharashtra,R04,Consumer,2025-03-09,Organic
C05073,Customer 05073,Male,40,Ahmedabad,Gujarat,R04,Consumer,2023-07-17,Referral
C05074,Customer 05074,Male,34,Bengaluru,Karnataka,R02,Corporate,2022-04-30,Organic
C05075,Customer 05075,Male,27,Dehradun,Uttarakhand,R01,Consumer,2022-10-16,Email
C05076,Customer 05076,Male,45,Kanpur,Uttar Pradesh,R07,Consumer,2025-05-26,Paid Search
C05077,Customer 05077,Female,41,Bengaluru,Karnataka,R02,Corporate,2022-01-20,Organic
C05078,Customer 05078,Male,31,Faridabad,Haryana,R01,Small Business,2022-11-07,Email
C05079,Customer 05079,Male,24,Nagpur,Maharashtra,R04,Corporate,2025-11-14,Referral
C05080,Customer 05080,Male,19,Kolkata,West Bengal,R03,Enterprise,2023-05-28,Social
C05081,Customer 05081,Male,35,Ludhiana,Punjab,R01,Corporate,2022-02-18,Organic
C05082,Customer 05082,Female,33,Coimbatore,Tamil Nadu,R02,Consumer,2025-06-10,Referral
C05083,Customer 05083,Male,47,Surat,Gujarat,R04,Consumer,2024-12-15,Email
C05084,Customer 05084,Male,45,Delhi,Delhi,R07,Consumer,2025-05-08,Partner
C05085,Customer 05085,Male,35,Visakhapatnam,Andhra Pradesh,R02,Consumer,2024-09-14,Referral
C05086,Customer 05086,Female,34,Ahmedabad,Gujarat,R04,Consumer,2024-01-23,Paid Search
C05087,Customer 05087,Male,23,Bhubaneswar,Odisha,R03,Consumer,2024-11-01,Email
C05088,Customer 05088,Female,46,Surat,Gujarat,R04,Corporate,2022-04-30,Organic
C05089,Customer 05089,Female,34,Vijayawada,Andhra Pradesh,R02,Corporate,2022-05-31,Paid Search
C05090,Customer 05090,Female,41,Jaipur,,R01,Consumer,2024-05-12,Referral
C05091,Customer 05091,Male,47,Surat,Gujarat,R04,Consumer,2023-11-16,Paid Search
C05092,Customer 05092,Female,29,Patna,Bihar,R03,Consumer,2025-01-17,Organic
C05093,Customer 05093,Male,27,Mumbai,Maharashtra,R04,Consumer,2025-09-26,Organic
C05094,Customer 05094,Female,60,Nagpur,Maharashtra,R04,Consumer,2023-01-19,Organic
C05095,Customer 05095,Female,41,Dehradun,Uttarakhand,R01,Consumer,2023-05-01,Email
C05096,Customer 05096,Male,32,Mysuru,Karnataka,R02,Consumer,2022-09-25,Referral
C05097,Customer 05097,Male,47,Kolkata,West Bengal,R03,Enterprise,2025-03-21,Email
C05098,Customer 05098,Female,32,Hyderabad,Telangana,R02,Consumer,2023-12-28,Partner
C05099,Customer 05099,Female,38,Bhopal,Madhya Pradesh,R05,Consumer,2023-05-18,Paid Search
C05100,Customer 05100,Male,29,Raipur,Chhattisgarh,R05,Consumer,2024-12-30,Referral
C05101,Customer 05101,Female,35,Chennai,Tamil Nadu,R02,Consumer,2023-11-12,Paid Search
C05102,Customer 05102,Male,32,Jodhpur,Rajasthan,R01,Consumer,2024-01-08,Email
C05103,Customer 05103,Female,27,Delhi,Delhi,R07,Enterprise,2025-05-02,Referral
C05104,Customer 05104,Female,37,Coimbatore,Tamil Nadu,R02,Consumer,2022-12-16,Partner
C05105,Customer 05105,Male,29,Bhopal,Madhya Pradesh,R05,Consumer,2024-08-16,Referral
C05106,Customer 05106,Male,41,Ahmedabad,Gujarat,R04,Enterprise,2025-06-23,Organic
C05107,Customer 05107,Male,32,Gurugram,Haryana,R01,Consumer,2025-07-06,Referral
C05108,Customer 05108,Female,18,Jaipur,Rajasthan,R01,Consumer,2025-06-28,Organic
C05109,Customer 05109,Male,41,Bengaluru,Karnataka,R02,Corporate,2022-11-06,Social
C05110,Customer 05110,Male,41,Indore,Madhya Pradesh,R05,Consumer,2024-08-19,Organic
C05111,Customer 05111,Female,58,Gurugram,Haryana,R01,Enterprise,2024-04-18,Social
C05112,Customer 05112,Male,35,Coimbatore,Tamil Nadu,R02,Consumer,2022-04-19,Email
C05113,Customer 05113,Male,37,Patna,Bihar,R03,Small Business,2022-12-06,Paid Search
C05114,Customer 05114,Female,40,Vijayawada,Andhra Pradesh,R02,Consumer,2024-01-27,Organic
C05115,Customer 05115,Female,45,Faridabad,Haryana,R01,Small Business,2024-06-22,Paid Search
C05116,Customer 05116,Female,45,Kochi,Kerala,R02,Small Business,2024-10-15,Organic
C05117,Customer 05117,Male,38,Chennai,Tamil Nadu,R02,Small Business,2025-02-15,Organic
C05118,Customer 05118,Female,35,Bhubaneswar,Odisha,R03,Small Business,2024-05-04,Referral
C05119,Customer 05119,Female,43,Delhi,Delhi,R07,Corporate,2023-11-24,Referral
C05120,Customer 05120,Male,34,Mysuru,Karnataka,R02,Consumer,2025-11-22,Social
C05121,Customer 05121,Female,22,Hyderabad,Telangana,R02,Consumer,2023-03-21,Organic
C05122,Customer 05122,Male,20,Nagpur,Maharashtra,R04,Consumer,2023-03-10,Social
C05123,Customer 05123,Male,32,Ahmedabad,Gujarat,R04,Consumer,2025-07-16,Partner
C05124,Customer 05124,Female,36,Bengaluru,Karnataka,R02,Consumer,2025-11-10,Paid Search
C05125,Customer 05125,Male,60,Mysuru,Karnataka,R02,Small Business,2023-07-12,Paid Search
C05126,Customer 05126,Female,34,Delhi,Delhi,R07,Corporate,2025-06-12,Social
C05127,Customer 05127,Male,35,Surat,Gujarat,R04,Enterprise,2025-08-31,Organic
C05128,Customer 05128,Male,31,Ludhiana,Punjab,R01,Consumer,2025-05-29,Organic
C05129,Customer 05129,Male,41,Kochi,Kerala,R02,Small Business,2024-02-17,Referral
C05130,Customer 05130,Male,38,Ranchi,Jharkhand,R03,Small Business,2025-01-14,Organic
C05131,Customer 05131,Female,29,Jodhpur,Rajasthan,R01,Enterprise,2024-06-16,Social
C05132,Customer 05132,Female,25,Ludhiana,Punjab,R01,Small Business,2022-02-20,Paid Search
C05133,Customer 05133,Female,31,Kanpur,Uttar Pradesh,R07,Consumer,2022-07-02,Paid Search
C05134,Customer 05134,Male,27,Mysuru,Karnataka,R02,Consumer,2025-10-05,Social
C05135,Customer 05135,Male,33,Guwahati,Assam,R06,Enterprise,2023-01-26,Organic
C05136,Customer 05136,Male,36,Bengaluru,Karnataka,R02,Corporate,2022-09-13,Paid Search
C05137,Customer 05137,Male,30,Delhi,Delhi,R07,Small Business,2025-11-25,Social
C05138,Customer 05138,Male,50,Delhi,Delhi,R07,Small Business,2023-05-11,Referral
C05139,Customer 05139,Male,47,Noida,Uttar Pradesh,R07,Corporate,2024-11-15,Email
C05140,Customer 05140,Male,33,Bhopal,Madhya Pradesh,R05,Small Business,2025-02-25,Email
C05141,Customer 05141,Female,25,Coimbatore,Tamil Nadu,R02,Small Business,2023-11-29,Social
C05142,Customer 05142,Male,35,Coimbatore,Tamil Nadu,R02,Small Business,2024-07-14,Organic
C05143,Customer 05143,Male,34,Nagpur,Maharashtra,R04,Consumer,2024-02-01,Organic
C05144,Customer 05144,Male,34,Vijayawada,Andhra Pradesh,R02,Consumer,2023-10-27,Organic
C05145,Customer 05145,Female,31,Nagpur,Maharashtra,R04,Consumer,2022-05-09,Organic
C05146,Customer 05146,Female,25,Indore,Madhya Pradesh,R05,Consumer,2022-06-02,Organic
C05147,Customer 05147,Male,35,Kochi,Kerala,R02,Small Business,2025-02-18,Referral
C05148,Customer 05148,Female,31,Mysuru,Karnataka,R02,Small Business,2025-05-29,Social
C05149,Customer 05149,Female,32,Kochi,Kerala,R02,Consumer,2022-04-15,Organic
C05150,Customer 05150,Male,36,Jaipur,,R01,Consumer,2023-03-28,Social
C05151,Customer 05151,Male,34,Hyderabad,Telangana,R02,Consumer,2023-07-20,Email
C05152,Customer 05152,Female,36,Delhi,Delhi,R07,Small Business,2022-02-28,Organic
C05153,Customer 05153,Male,31,Bengaluru,Karnataka,R02,Corporate,2023-08-23,Organic
C05154,Customer 05154,Male,39,Lucknow,Uttar Pradesh,R07,Consumer,2025-10-21,Social
C05155,Customer 05155,Female,28,Delhi,Delhi,R07,Consumer,2024-05-31,Organic
C05156,Customer 05156,Male,24,Delhi,Delhi,R07,Consumer,2025-08-23,Organic
C05157,Customer 05157,Female,26,Pune,Maharashtra,R04,Consumer,2023-08-31,Social
C05158,Customer 05158,Female,28,Coimbatore,Tamil Nadu,R02,Small Business,2025-01-08,Social
C05159,Customer 05159,Female,22,Ahmedabad,Gujarat,R04,Small Business,2025-11-04,Email
C05160,Customer 05160,Female,18,Jaipur,Rajasthan,R01,Consumer,2024-02-26,Organic
C05161,Customer 05161,Female,40,Dehradun,Uttarakhand,R01,Consumer,2025-03-11,Partner
C05162,Customer 05162,Male,48,Visakhapatnam,Andhra Pradesh,R02,Consumer,2022-10-13,Organic
C05163,Customer 05163,Female,41,Faridabad,Haryana,R01,Consumer,2025-11-02,
C05164,Customer 05164,Male,30,Surat,Gujarat,R04,Consumer,2025-12-12,Organic
C05165,Customer 05165,Male,18,Hyderabad,Telangana,R02,Consumer,2024-01-28,Organic
C05166,Customer 05166,Other,37,Patna,Bihar,R03,Consumer,2022-05-28,Email
C05167,Customer 05167,Female,19,Mumbai,Maharashtra,R04,Small Business,2023-03-18,Organic
C05168,Customer 05168,Female,34,Patna,,R03,Consumer,2023-03-21,Organic
C05169,Customer 05169,Female,27,Faridabad,Haryana,R01,Small Business,2025-12-04,Social
C05170,Customer 05170,Male,18,Pune,Maharashtra,R04,Consumer,2022-03-28,Organic
C05171,Customer 05171,Female,50,Kolkata,West Bengal,R03,Consumer,2022-04-29,Social
C05172,Customer 05172,Male,22,Hyderabad,Telangana,R02,Consumer,2025-05-03,Partner
C05173,Customer 05173,Male,31,Bhopal,Madhya Pradesh,R05,Consumer,2025-09-16,Organic
C05174,Customer 05174,Male,34,Delhi,Delhi,R07,Consumer,2023-01-11,Organic
C05175,Customer 05175,Female,30,Amritsar,Punjab,R01,Small Business,2022-05-20,Paid Search
C05176,Customer 05176,Female,40,Delhi,Delhi,R07,Small Business,2025-10-16,Email
C05177,Customer 05177,Female,28,Ludhiana,Punjab,R01,Consumer,2025-03-24,Partner
C05178,Customer 05178,Female,39,Delhi,Delhi,R07,Consumer,2024-11-28,Email
C05179,Customer 05179,Male,38,Mysuru,Karnataka,R02,Consumer,2025-02-13,Referral
C05180,Customer 05180,Male,21,Mysuru,Karnataka,R02,Small Business,2025-10-15,Paid Search
C05181,Customer 05181,Male,37,Hyderabad,Telangana,R02,Consumer,2024-08-21,Email
C05182,Customer 05182,Male,24,Nagpur,Maharashtra,R04,Consumer,2022-05-27,Referral
C05183,Customer 05183,Female,23,Delhi,Delhi,R07,Small Business,2025-02-17,Organic
C05184,Customer 05184,Male,38,Kolkata,West Bengal,R03,Small Business,2022-05-05,Referral
C05185,Customer 05185,Female,31,Delhi,Delhi,R07,Corporate,2022-05-09,Email
C05186,Customer 05186,Male,39,Raipur,Chhattisgarh,R05,Consumer,2023-12-08,Partner
C05187,Customer 05187,Male,39,Delhi,Delhi,R07,Consumer,2023-06-30,Referral
C05188,Customer 05188,Female,21,Mysuru,Karnataka,R02,Consumer,2024-04-08,
C05189,Customer 05189,Female,42,Kochi,Kerala,R02,Corporate,2023-05-07,Partner
C05190,Customer 05190,Male,38,Chennai,Tamil Nadu,R02,Small Business,2025-05-19,Organic
C05191,Customer 05191,Female,29,Coimbatore,Tamil Nadu,R02,Consumer,2025-12-05,Social
C05192,Customer 05192,Female,34,Kolkata,West Bengal,R03,Small Business,2025-11-10,Partner
C05193,Customer 05193,Male,43,Gurugram,Haryana,R01,Consumer,2023-11-22,Referral
C05194,Customer 05194,Male,32,Kolkata,West Bengal,R03,Small Business,2024-02-11,Partner
C05195,Customer 05195,Female,56,Guwahati,Assam,R06,Consumer,2022-03-14,Organic
C05196,Customer 05196,Male,50,Ranchi,Jharkhand,R03,Consumer,2025-07-09,Organic
C05197,Customer 05197,Male,36,Surat,Gujarat,R04,Consumer,2023-01-14,Organic
C05198,Customer 05198,Male,33,Mumbai,Maharashtra,R04,Corporate,2022-12-28,Organic
C05199,Customer 05199,Female,33,Patna,Bihar,R03,Consumer,2025-05-18,Referral
C05200,Customer 05200,Female,29,Mysuru,Karnataka,R02,Consumer,2025-12-03,Paid Search
C05201,Customer 05201,Male,36,Lucknow,Uttar Pradesh,R07,Small Business,2025-07-26,Organic
C05202,Customer 05202,Female,42,Gurugram,Haryana,R01,Small Business,2022-02-04,Referral
C05203,Customer 05203,Female,22,Gurugram,Haryana,R01,Corporate,2025-09-16,Referral
C05204,Customer 05204,Male,41,Ahmedabad,Gujarat,R04,Corporate,2023-09-09,Organic
C05205,Customer 05205,Female,44,Faridabad,Haryana,R01,Corporate,2022-07-30,Paid Search
C05206,Customer 05206,Other,41,Delhi,Delhi,R07,Corporate,2022-08-08,Referral
C05207,Customer 05207,Female,34,Delhi,Delhi,R07,Consumer,2024-10-02,Organic
C05208,Customer 05208,Female,40,Visakhapatnam,Andhra Pradesh,R02,Consumer,2025-03-26,Email
C05209,Customer 05209,Male,48,Delhi,Delhi,R07,Consumer,2023-08-11,Social
C05210,Customer 05210,Male,34,Delhi,Delhi,R07,Consumer,2024-05-28,Referral
C05211,Customer 05211,Male,35,Surat,Gujarat,R04,Consumer,2024-12-10,Organic
C05212,Customer 05212,Female,56,Lucknow,Uttar Pradesh,R07,Consumer,2023-09-09,Referral
C05213,Customer 05213,Male,38,Ranchi,Jharkhand,R03,Consumer,2025-04-19,Organic
C05214,Customer 05214,Female,25,Kochi,Kerala,R02,Small Business,2023-03-02,Partner
C05215,Customer 05215,Female,44,Pune,Maharashtra,R04,Corporate,2023-01-17,Organic
C05216,Customer 05216,Male,39,Surat,Gujarat,R04,Consumer,2023-11-30,Organic
C05217,Customer 05217,Female,28,Mumbai,Maharashtra,R04,Small Business,2024-01-01,Referral
C05218,Customer 05218,Male,24,Delhi,Delhi,R07,Consumer,2023-04-05,Paid Search
C05219,Customer 05219,Male,37,Jodhpur,Rajasthan,R01,Consumer,2023-04-24,Paid Search
C05220,Customer 05220,Female,34,Gurugram,Haryana,R01,Consumer,2023-03-19,Organic
C05221,Customer 05221,Male,23,Gurugram,Haryana,R01,Consumer,2023-10-29,Email
C05222,Customer 05222,Male,34,Bengaluru,Karnataka,R02,Consumer,2024-10-09,Paid Search
C05223,Customer 05223,Female,33,Delhi,Delhi,R07,Small Business,2023-03-01,Paid Search
C05224,Customer 05224,Female,34,Faridabad,Haryana,R01,Consumer,2024-09-26,Organic
C05225,Customer 05225,Female,40,Mysuru,Karnataka,R02,Consumer,2023-05-12,Social
C05226,Customer 05226,Male,18,Surat,Gujarat,R04,Consumer,2022-10-07,Social
C05227,Customer 05227,Male,24,Gurugram,Haryana,R01,Consumer,2023-02-02,Organic
C05228,Customer 05228,Male,30,Delhi,Delhi,R07,Corporate,2025-04-11,Organic
C05229,Customer 05229,Male,48,Ludhiana,Punjab,R01,Corporate,2023-03-13,Social
C05230,Customer 05230,Female,59,Kanpur,Uttar Pradesh,R07,Small Business,2024-08-06,Paid Search
C05231,Customer 05231,Male,35,Bhopal,Madhya Pradesh,R05,Corporate,2024-04-24,Partner
C05232,Customer 05232,Female,35,Kochi,Kerala,R02,Consumer,2024-10-08,Organic
C05233,Customer 05233,Male,18,Mumbai,Maharashtra,R04,Consumer,2024-05-27,Organic
C05234,Customer 05234,Female,44,Nagpur,Maharashtra,R04,Corporate,2025-12-24,Organic
C05235,Customer 05235,Male,39,Kolkata,West Bengal,R03,Consumer,2025-09-07,Referral
C05236,Customer 05236,Male,38,Hyderabad,Telangana,R02,Consumer,2023-04-18,Paid Search
C05237,Customer 05237,Male,23,Ludhiana,Punjab,R01,Consumer,2023-07-25,Organic
C05238,Customer 05238,Female,55,Faridabad,Haryana,R01,Corporate,2023-06-20,Organic
C05239,Customer 05239,Female,50,Surat,Gujarat,R04,Consumer,2024-08-18,Organic
C05240,Customer 05240,Female,38,Coimbatore,Tamil Nadu,R02,Enterprise,2023-12-15,Organic
C05241,Customer 05241,Male,45,Gurugram,Haryana,R01,Consumer,2025-11-11,Paid Search
C05242,Customer 05242,Female,36,Jodhpur,Rajasthan,R01,Consumer,2024-11-10,Referral
C05243,Customer 05243,Female,43,Jaipur,Rajasthan,R01,Consumer,2023-11-13,Organic
C05244,Customer 05244,Male,22,Lucknow,Uttar Pradesh,R07,Consumer,2023-04-08,Paid Search
C05245,Customer 05245,Female,18,Surat,Gujarat,R04,Consumer,2025-02-12,Partner
C05246,Customer 05246,Female,22,Hyderabad,Telangana,R02,Corporate,2025-04-26,Referral
C05247,Customer 05247,Female,27,Bengaluru,Karnataka,R02,Consumer,2025-11-17,Partner
C05248,Customer 05248,Other,29,Ludhiana,Punjab,R01,Consumer,2024-03-09,Organic
C05249,Customer 05249,Male,39,Faridabad,Haryana,R01,Consumer,2025-02-27,Paid Search
C05250,Customer 05250,Male,32,Indore,Madhya Pradesh,R05,Consumer,2025-07-13,Organic
C05251,Customer 05251,Male,35,Bengaluru,Karnataka,R02,Enterprise,2022-04-28,Partner
C05252,Customer 05252,Male,23,Delhi,Delhi,R07,Consumer,2022-08-03,Partner
C05253,Customer 05253,Male,22,Noida,Uttar Pradesh,R07,Small Business,2022-10-10,Social
C05254,Customer 05254,Male,35,Bhopal,Madhya Pradesh,R05,Consumer,2022-12-02,Paid Search
C05255,Customer 05255,,30,Patna,,R03,Consumer,2023-03-07,Social
C05256,Customer 05256,Female,35,Guwahati,Assam,R06,Small Business,2022-01-06,Partner
C05257,Customer 05257,Female,40,Chennai,Tamil Nadu,R02,Consumer,2024-09-29,Social
C05258,Customer 05258,Female,51,Ahmedabad,Gujarat,R04,Small Business,2024-06-05,Email
C05259,Customer 05259,Male,35,Surat,Gujarat,R04,Consumer,2024-09-07,Referral
C05260,Customer 05260,Male,53,Ludhiana,Punjab,R01,Consumer,2025-02-20,Organic
C05261,Customer 05261,Female,39,Hyderabad,Telangana,R02,Small Business,2022-07-20,Referral
C05262,Customer 05262,Female,42,Chennai,Tamil Nadu,R02,Consumer,2023-04-22,Organic
C05263,Customer 05263,Male,46,Faridabad,Haryana,R01,Enterprise,2023-10-19,Partner
C05264,Customer 05264,Female,42,Guwahati,Assam,R06,Small Business,2023-01-25,Paid Search
C05265,Customer 05265,Male,27,Nagpur,Maharashtra,R04,Consumer,2023-09-09,Social
C05266,Customer 05266,Female,46,Delhi,Delhi,R07,Consumer,2023-11-10,Paid Search
C05267,Customer 05267,Female,31,Mumbai,Maharashtra,R04,Small Business,2024-10-04,Organic
C05268,Customer 05268,Male,38,Guwahati,Assam,R06,Consumer,2022-11-19,Email
C05269,Customer 05269,Female,36,Kochi,Kerala,R02,Corporate,2023-01-17,Referral
C05270,Customer 05270,Male,46,Mysuru,Karnataka,R02,Consumer,2023-02-21,Partner
C05271,Customer 05271,Male,39,Vijayawada,Andhra Pradesh,R02,Consumer,2022-12-14,Social
C05272,Customer 05272,Male,21,Guwahati,Assam,R06,Consumer,2025-04-22,Organic
C05273,Customer 05273,Female,56,Indore,Madhya Pradesh,R05,Small Business,2024-05-21,Organic
C05274,Customer 05274,Female,43,Raipur,Chhattisgarh,R05,Corporate,2025-03-20,Paid Search
C05275,Customer 05275,Female,29,Nagpur,Maharashtra,R04,Corporate,2022-05-02,Paid Search
C05276,Customer 05276,Female,24,Patna,Bihar,R03,Consumer,2024-10-30,Paid Search
C05277,Customer 05277,Male,44,Chennai,,R02,Consumer,2024-09-04,Organic
C05278,Customer 05278,Female,25,Kolkata,West Bengal,R03,Consumer,2025-02-23,Partner
C05279,Customer 05279,Male,43,Ludhiana,Punjab,R01,Consumer,2023-10-05,Organic
C05280,Customer 05280,Female,46,Patna,Bihar,R03,Consumer,2024-12-22,Referral
C05281,Customer 05281,Male,29,Vijayawada,Andhra Pradesh,R02,Corporate,2024-02-23,Social
C05282,Customer 05282,,28,Jodhpur,Rajasthan,R01,Consumer,2025-03-25,Social
C05283,Customer 05283,Female,30,Dehradun,Uttarakhand,R01,Consumer,2025-03-17,Social
C05284,Customer 05284,Male,25,Mumbai,Maharashtra,R04,Corporate,2025-05-18,Partner
C05285,Customer 05285,Female,37,Amritsar,Punjab,R01,Consumer,2022-09-22,Referral
C05286,Customer 05286,Female,39,Gurugram,Haryana,R01,Enterprise,2024-11-14,Organic
C05287,Customer 05287,Male,42,Bhubaneswar,Odisha,R03,Consumer,2022-11-03,Organic
C05288,Customer 05288,Male,27,Mysuru,Karnataka,R02,Consumer,2023-11-26,Email
C05289,Customer 05289,Female,43,Nagpur,Maharashtra,R04,Small Business,2025-08-09,Social
C05290,Customer 05290,Male,25,Coimbatore,Tamil Nadu,R02,Corporate,2022-07-04,Referral
C05291,Customer 05291,Male,43,Pune,Maharashtra,R04,Small Business,2024-12-18,Paid Search
C05292,Customer 05292,Female,20,Surat,Gujarat,R04,Consumer,2023-03-22,Referral
C05293,Customer 05293,Female,51,Raipur,Chhattisgarh,R05,Consumer,2023-01-19,Paid Search
C05294,Customer 05294,Male,30,Hyderabad,Telangana,R02,Corporate,2022-03-15,Social
C05295,Customer 05295,Female,41,Patna,Bihar,R03,Consumer,2024-11-18,Partner
C05296,Customer 05296,Female,42,Chennai,Tamil Nadu,R02,Consumer,2025-04-27,Social
C05297,Customer 05297,Female,22,Dehradun,Uttarakhand,R01,Consumer,2023-10-30,Organic
C05298,Customer 05298,Female,43,Kanpur,Uttar Pradesh,R07,Consumer,2022-10-14,Social
C05299,Customer 05299,Male,29,Kanpur,Uttar Pradesh,R07,Consumer,2024-06-20,Organic
C05300,Customer 05300,Male,32,Delhi,Delhi,R07,Small Business,2025-11-27,Organic
C05301,Customer 05301,Female,28,Bengaluru,Karnataka,R02,Consumer,2025-02-23,Social
C05302,Customer 05302,Female,51,Coimbatore,Tamil Nadu,R02,Enterprise,2025-01-13,Organic
C05303,Customer 05303,Female,23,Patna,Bihar,R03,Consumer,2022-03-07,Paid Search
C05304,Customer 05304,Female,39,Mumbai,Maharashtra,R04,Consumer,2025-08-07,Social
C05305,Customer 05305,Male,29,Delhi,Delhi,R07,Consumer,2024-06-11,Organic
C05306,Customer 05306,Female,46,Hyderabad,Telangana,R02,Corporate,2024-08-07,Organic
C05307,Customer 05307,Male,58,Dehradun,Uttarakhand,R01,Small Business,2023-05-10,Referral
C05308,Customer 05308,Female,29,Jaipur,Rajasthan,R01,Consumer,2025-07-12,Partner
C05309,Customer 05309,Female,36,Ludhiana,Punjab,R01,Consumer,2024-01-25,Paid Search
C05310,Customer 05310,Female,31,Jaipur,Rajasthan,R01,Small Business,2022-12-28,Organic
C05311,Customer 05311,Male,45,Surat,Gujarat,R04,Consumer,2023-06-16,Partner
C05312,Customer 05312,Female,33,Kanpur,Uttar Pradesh,R07,Corporate,2022-11-19,Email
C05313,Customer 05313,Male,44,Mumbai,Maharashtra,R04,Corporate,2025-10-06,Partner
C05314,Customer 05314,Male,31,Hyderabad,Telangana,R02,Consumer,2025-03-17,Organic
C05315,Customer 05315,Male,57,Mumbai,Maharashtra,R04,Corporate,2024-05-22,Partner
C05316,Customer 05316,Male,18,Pune,Maharashtra,R04,Corporate,2025-01-29,Email
C05317,Customer 05317,Male,39,Delhi,Delhi,R07,Consumer,2025-05-21,Paid Search
C05318,Customer 05318,Male,35,Kochi,Kerala,R02,Consumer,2023-05-25,Referral
C05319,Customer 05319,Male,35,Nagpur,Maharashtra,R04,Consumer,2023-01-11,Organic
C05320,Customer 05320,Male,38,Pune,Maharashtra,R04,Small Business,2025-08-26,Paid Search
C05321,Customer 05321,Female,36,Delhi,Delhi,R07,Consumer,2023-06-17,Social
C05322,Customer 05322,Female,37,Hyderabad,Telangana,R02,Consumer,2022-03-01,Organic
C05323,Customer 05323,Male,39,Raipur,Chhattisgarh,R05,Consumer,2025-02-23,Partner
C05324,Customer 05324,Male,52,Delhi,Delhi,R07,Consumer,2022-11-23,Partner
C05325,Customer 05325,Male,18,Faridabad,Haryana,R01,Consumer,2022-12-09,Partner
C05326,Customer 05326,Male,53,Gurugram,Haryana,R01,Consumer,2024-10-23,Organic
C05327,Customer 05327,Female,61,Coimbatore,Tamil Nadu,R02,Consumer,2025-12-31,Referral
C05328,Customer 05328,Female,18,Kochi,Kerala,R02,Consumer,2022-05-11,Partner
C05329,Customer 05329,Male,35,Ahmedabad,Gujarat,R04,Corporate,2024-08-22,Organic
C05330,Customer 05330,Male,49,Mumbai,Maharashtra,R04,Corporate,2023-05-02,Referral
C05331,Customer 05331,Male,44,Bhubaneswar,Odisha,R03,Consumer,2025-08-03,Organic
C05332,Customer 05332,Male,52,Patna,Bihar,R03,Corporate,2025-08-07,Referral
C05333,Customer 05333,Female,39,Kanpur,Uttar Pradesh,R07,Consumer,2022-06-02,Referral
C05334,Customer 05334,Female,18,Gurugram,Haryana,R01,Consumer,2022-03-10,Partner
C05335,Customer 05335,Female,48,Mumbai,Maharashtra,R04,Enterprise,2023-08-28,Social
C05336,Customer 05336,Female,41,Bhubaneswar,Odisha,R03,Consumer,2022-04-03,Referral
C05337,Customer 05337,Female,50,Kolkata,West Bengal,R03,Consumer,2023-05-06,Organic
C05338,Customer 05338,Male,20,Hyderabad,,R02,Consumer,2022-09-11,Referral
C05339,Customer 05339,Female,23,Indore,Madhya Pradesh,R05,Corporate,2025-11-19,Partner
C05340,Customer 05340,Female,35,Jodhpur,Rajasthan,R01,Consumer,2024-11-01,Referral
C05341,Customer 05341,Male,48,Pune,Maharashtra,R04,Enterprise,2022-07-31,Partner
C05342,Customer 05342,Female,51,Delhi,Delhi,R07,Consumer,2024-06-25,Referral
C05343,Customer 05343,Male,28,Guwahati,Assam,R06,Consumer,2024-12-29,Social
C05344,Customer 05344,Male,31,Chennai,Tamil Nadu,R02,Consumer,2025-03-28,Partner
C05345,Customer 05345,Female,64,Jodhpur,Rajasthan,R01,Corporate,2024-07-10,Paid Search
C05346,Customer 05346,Male,29,Delhi,Delhi,R07,Consumer,2024-05-06,Referral
C05347,Customer 05347,Male,42,Kolkata,West Bengal,R03,Small Business,2025-05-28,Referral
C05348,Customer 05348,Male,30,Patna,Bihar,R03,Small Business,2023-01-01,Email
C05349,Customer 05349,Female,40,Hyderabad,Telangana,R02,Consumer,2025-11-28,Social
C05350,Customer 05350,Female,26,Ludhiana,Punjab,R01,Consumer,2022-11-08,Social
C05351,Customer 05351,Female,27,Kochi,Kerala,R02,Consumer,2025-03-23,Organic
C05352,Customer 05352,Female,31,Patna,Bihar,R03,Corporate,2025-11-12,Partner
C05353,Customer 05353,Male,30,Hyderabad,Telangana,R02,Corporate,2023-01-04,Paid Search
C05354,Customer 05354,Female,32,Hyderabad,Telangana,R02,Consumer,2024-08-10,Social
C05355,Customer 05355,Male,40,Kochi,Kerala,R02,Enterprise,2025-05-03,Organic
C05356,Customer 05356,Male,54,Kochi,Kerala,R02,Consumer,2023-03-14,Social
C05357,Customer 05357,Female,29,Coimbatore,Tamil Nadu,R02,Small Business,2024-02-09,Paid Search
C05358,Customer 05358,Male,25,Ahmedabad,Gujarat,R04,Small Business,2025-03-16,Social
C05359,Customer 05359,Female,35,Nagpur,Maharashtra,R04,Consumer,2024-08-12,Referral
C05360,Customer 05360,Male,26,Indore,Madhya Pradesh,R05,Consumer,2025-03-26,Social
C05361,Customer 05361,Female,19,Hyderabad,Telangana,R02,Consumer,2023-02-14,Organic
C05362,Customer 05362,Male,46,Delhi,Delhi,R07,Small Business,2024-01-12,Email
C05363,Customer 05363,Female,36,Faridabad,Haryana,R01,Consumer,2025-04-07,Social
C05364,Customer 05364,Female,37,Kochi,Kerala,R02,Small Business,2022-11-26,Organic
C05365,Customer 05365,Male,18,Guwahati,Assam,R06,Consumer,2023-10-12,Paid Search
C05366,Customer 05366,Female,29,Vijayawada,Andhra Pradesh,R02,Consumer,2024-02-09,Email
C05367,Customer 05367,Female,21,Surat,Gujarat,R04,Small Business,2025-03-27,Partner
C05368,Customer 05368,Male,35,Bhubaneswar,Odisha,R03,Consumer,2025-01-02,Email
C05369,Customer 05369,Female,36,Bhopal,Madhya Pradesh,R05,Small Business,2023-09-17,Partner
C05370,Customer 05370,Male,36,Mumbai,Maharashtra,R04,Consumer,2025-10-25,Social
C05371,Customer 05371,Female,28,Gurugram,Haryana,R01,Consumer,2024-06-19,Paid Search
C05372,Customer 05372,Male,26,Dehradun,Uttarakhand,R01,Consumer,2024-06-22,Email
C05373,Customer 05373,Female,33,Delhi,Delhi,R07,Consumer,2022-05-31,Paid Search
C05374,Customer 05374,Male,39,Chennai,Tamil Nadu,R02,Corporate,2022-11-30,Referral
C05375,Customer 05375,Female,29,Hyderabad,Telangana,R02,Consumer,2022-05-16,Social
C05376,Customer 05376,Female,26,Kolkata,West Bengal,R03,Consumer,2022-01-25,Organic
C05377,Customer 05377,Other,26,Noida,Uttar Pradesh,R07,Consumer,2025-10-24,Paid Search
C05378,Customer 05378,Female,28,Kolkata,West Bengal,R03,Corporate,2023-02-16,Organic
C05379,Customer 05379,Female,30,Lucknow,Uttar Pradesh,R07,Small Business,2024-11-26,Organic
C05380,Customer 05380,Female,24,Indore,Madhya Pradesh,R05,Corporate,2024-02-05,Paid Search
C05381,Customer 05381,Male,31,Lucknow,,R07,Enterprise,2022-09-10,Organic
C05382,Customer 05382,Female,47,Kolkata,West Bengal,R03,Consumer,2025-04-02,Organic
C05383,Customer 05383,Female,32,Bhubaneswar,Odisha,R03,Consumer,2024-05-23,Organic
C05384,Customer 05384,Male,23,Ludhiana,Punjab,R01,Consumer,2025-01-04,Social
C05385,Customer 05385,Female,18,Noida,Uttar Pradesh,R07,Consumer,2025-02-15,Email
C05386,Customer 05386,Male,53,Bhubaneswar,Odisha,R03,Corporate,2025-04-12,Social
C05387,Customer 05387,Female,46,Delhi,Delhi,R07,Small Business,2024-05-24,Social
C05388,Customer 05388,Male,38,Ludhiana,Punjab,R01,Consumer,2022-08-25,Referral
C05389,Customer 05389,Female,47,Surat,Gujarat,R04,Small Business,2023-10-18,Referral
C05390,Customer 05390,Male,40,Vijayawada,Andhra Pradesh,R02,Consumer,2024-12-09,Partner
C05391,Customer 05391,Male,34,Chennai,Tamil Nadu,R02,Corporate,2025-05-05,Social
C05392,Customer 05392,Female,23,Pune,Maharashtra,R04,Consumer,2024-02-06,Social
C05393,Customer 05393,Male,54,Ranchi,Jharkhand,R03,Corporate,2022-03-16,Partner
C05394,Customer 05394,Male,31,Ahmedabad,Gujarat,R04,Consumer,2025-12-17,Referral
C05395,Customer 05395,Female,31,Ahmedabad,Gujarat,R04,Small Business,2024-07-14,Paid Search
C05396,Customer 05396,Female,35,Surat,Gujarat,R04,Small Business,2024-03-26,Referral
C05397,Customer 05397,Female,36,Pune,Maharashtra,R04,Consumer,2023-11-23,Organic
C05398,Customer 05398,Male,41,Pune,Maharashtra,R04,Consumer,2023-09-24,Referral
C05399,Customer 05399,Male,40,Kolkata,West Bengal,R03,Corporate,2024-08-04,Email
C05400,Customer 05400,Female,29,Delhi,Delhi,R07,Corporate,2024-07-03,Referral
C05401,Customer 05401,Female,35,Kolkata,West Bengal,R03,Consumer,2023-03-01,Organic
C05402,Customer 05402,Female,40,Amritsar,Punjab,R01,Corporate,2023-07-27,Social
C05403,Customer 05403,Male,28,Pune,Maharashtra,R04,Small Business,2022-08-26,Email
C05404,Customer 05404,Female,49,Faridabad,Haryana,R01,Corporate,2023-04-06,Paid Search
C05405,Customer 05405,Other,35,Mysuru,Karnataka,R02,Consumer,2025-11-24,Partner
C05406,Customer 05406,Male,51,Patna,Bihar,R03,Small Business,2023-01-01,Organic
C05407,Customer 05407,Female,21,Mumbai,Maharashtra,R04,Consumer,2025-06-16,Referral
C05408,Customer 05408,Male,42,Faridabad,Haryana,R01,Consumer,2023-10-07,Organic
C05409,Customer 05409,Female,26,Kanpur,Uttar Pradesh,R07,Enterprise,2025-08-20,Referral
C05410,Customer 05410,Male,29,Indore,Madhya Pradesh,R05,Consumer,2024-04-15,Partner
C05411,Customer 05411,,44,Jaipur,Rajasthan,R01,Consumer,2025-01-28,Social
C05412,Customer 05412,Female,33,Bhubaneswar,Odisha,R03,Consumer,2023-07-21,Paid Search
C05413,Customer 05413,Male,61,Pune,Maharashtra,R04,Small Business,2022-04-05,Email
C05414,Customer 05414,Female,40,Amritsar,Punjab,R01,Consumer,2023-06-05,Social
C05415,Customer 05415,Male,28,Patna,Bihar,R03,Consumer,2024-07-06,Social
C05416,Customer 05416,Male,40,Ahmedabad,Gujarat,R04,Consumer,2022-12-08,Paid Search
C05417,Customer 05417,Female,33,Delhi,Delhi,R07,Consumer,2023-07-12,Social
C05418,Customer 05418,Female,43,Ranchi,Jharkhand,R03,Consumer,2022-03-04,Referral
C05419,Customer 05419,Male,32,Faridabad,Haryana,R01,Consumer,2023-05-04,Social
C05420,Customer 05420,,39,Pune,Maharashtra,R04,Small Business,2022-05-23,Organic
C05421,Customer 05421,Male,37,Pune,Maharashtra,R04,Corporate,2022-12-31,Organic
C05422,Customer 05422,Male,36,Bengaluru,Karnataka,R02,Small Business,2023-07-16,Organic
C05423,Customer 05423,Male,45,Bhubaneswar,Odisha,R03,Small Business,2022-09-21,Email
C05424,Customer 05424,Male,18,Delhi,Delhi,R07,Small Business,2022-04-28,Partner
C05425,Customer 05425,Female,36,Vijayawada,Andhra Pradesh,R02,Small Business,2022-07-23,Social
C05426,Customer 05426,Male,28,Hyderabad,Telangana,R02,Consumer,2024-08-13,Email
C05427,Customer 05427,Female,22,Visakhapatnam,Andhra Pradesh,R02,Small Business,2022-06-27,Organic
C05428,Customer 05428,Male,27,Bhopal,Madhya Pradesh,R05,Consumer,2022-02-19,Email
C05429,Customer 05429,Female,29,Kochi,,R02,Consumer,2024-11-05,Paid Search
C05430,Customer 05430,Male,33,Coimbatore,Tamil Nadu,R02,Consumer,2023-11-10,Organic
C05431,Customer 05431,Male,38,Mumbai,Maharashtra,R04,Consumer,2025-09-21,Organic
C05432,Customer 05432,Female,40,Ahmedabad,Gujarat,R04,Consumer,2023-07-15,Social
C05433,Customer 05433,Male,31,Hyderabad,Telangana,R02,Small Business,2023-07-10,Social
C05434,Customer 05434,Male,51,Ahmedabad,Gujarat,R04,Consumer,2022-03-14,Organic
C05435,Customer 05435,Male,31,Patna,Bihar,R03,Consumer,2022-06-04,Paid Search
C05436,Customer 05436,Female,18,Delhi,Delhi,R07,Consumer,2025-05-12,Referral
C05437,Customer 05437,Male,32,Indore,Madhya Pradesh,R05,Small Business,2022-11-20,Referral
C05438,Customer 05438,Male,35,Amritsar,Punjab,R01,Consumer,2022-04-17,Organic
C05439,Customer 05439,Male,18,Vijayawada,Andhra Pradesh,R02,Consumer,2024-12-27,Organic
C05440,Customer 05440,Female,47,Gurugram,Haryana,R01,Small Business,2025-12-29,Referral
C05441,Customer 05441,Other,34,Faridabad,Haryana,R01,Small Business,2023-05-25,Social
C05442,Customer 05442,Male,23,Bhopal,Madhya Pradesh,R05,Consumer,2023-07-17,Social
C05443,Customer 05443,Male,25,Bhopal,Madhya Pradesh,R05,Corporate,2024-08-26,Social
C05444,Customer 05444,Male,43,Patna,Bihar,R03,Consumer,2022-06-08,Social
C05445,Customer 05445,Female,44,Ranchi,Jharkhand,R03,Small Business,2022-10-28,Paid Search
C05446,Customer 05446,Male,29,Jodhpur,Rajasthan,R01,Consumer,2025-06-29,Email
C05447,Customer 05447,Female,21,Bhopal,Madhya Pradesh,R05,Corporate,2025-01-10,Partner
C05448,Customer 05448,Female,36,Pune,Maharashtra,R04,Consumer,2022-07-31,Referral
C05449,Customer 05449,Male,38,Mysuru,Karnataka,R02,Corporate,2024-08-15,Organic
C05450,Customer 05450,Female,41,Ahmedabad,Gujarat,R04,Consumer,2025-10-29,Partner
C05451,Customer 05451,Female,29,Delhi,Delhi,R07,Consumer,2022-11-21,Organic
C05452,Customer 05452,Male,34,Chennai,Tamil Nadu,R02,Corporate,2022-11-12,Partner
C05453,Customer 05453,Male,35,Patna,Bihar,R03,Small Business,2025-09-23,Social
C05454,Customer 05454,Male,45,Amritsar,Punjab,R01,Consumer,2025-11-04,Referral
C05455,Customer 05455,Male,48,Visakhapatnam,Andhra Pradesh,R02,Small Business,2024-02-03,
C05456,Customer 05456,Female,51,Bengaluru,Karnataka,R02,Consumer,2023-12-02,Paid Search
C05457,Customer 05457,Female,48,Ludhiana,Punjab,R01,Consumer,2022-11-18,Organic
C05458,Customer 05458,Female,53,Hyderabad,Telangana,R02,Consumer,2022-03-23,Organic
C05459,Customer 05459,Female,45,Ludhiana,Punjab,R01,Consumer,2024-04-07,Paid Search
C05460,Customer 05460,Male,29,Delhi,Delhi,R07,Small Business,2022-08-09,Organic
C05461,Customer 05461,Male,50,Kolkata,West Bengal,R03,Consumer,2023-08-30,Social
C05462,Customer 05462,Female,21,Faridabad,Haryana,R01,Small Business,2025-10-01,Email
C05463,Customer 05463,Male,59,Gurugram,,R01,Consumer,2025-09-01,Organic
C05464,Customer 05464,Male,25,Patna,Bihar,R03,Corporate,2023-11-06,Referral
C05465,Customer 05465,Female,44,Delhi,Delhi,R07,Consumer,2023-03-29,Organic
C05466,Customer 05466,Female,49,Indore,Madhya Pradesh,R05,Corporate,2025-11-26,Referral
C05467,Customer 05467,Male,40,Indore,Madhya Pradesh,R05,Small Business,2025-07-18,Referral
C05468,Customer 05468,Female,18,Faridabad,Haryana,R01,Consumer,2024-05-31,Referral
C05469,Customer 05469,Male,26,Bengaluru,Karnataka,R02,Consumer,2024-12-20,Organic
C05470,Customer 05470,Female,39,Delhi,Delhi,R07,Small Business,2023-10-05,Organic
C05471,Customer 05471,Female,41,Hyderabad,Telangana,R02,Corporate,2024-09-20,Organic
C05472,Customer 05472,Female,33,Delhi,Delhi,R07,Consumer,2024-03-20,Partner
C05473,Customer 05473,Male,36,Vijayawada,Andhra Pradesh,R02,Corporate,2022-09-26,Paid Search
C05474,Customer 05474,Female,20,Amritsar,Punjab,R01,Corporate,2022-04-12,Referral
C05475,Customer 05475,Male,53,Kolkata,West Bengal,R03,Small Business,2022-05-06,Paid Search
C05476,Customer 05476,Female,31,Gurugram,Haryana,R01,Consumer,2025-03-14,Social
C05477,Customer 05477,Other,43,Ludhiana,Punjab,R01,Consumer,2025-06-16,Paid Search
C05478,Customer 05478,Male,49,Ahmedabad,Gujarat,R04,Enterprise,2024-01-20,Organic
C05479,Customer 05479,Female,23,Chennai,Tamil Nadu,R02,Consumer,2024-04-13,Paid Search
C05480,Customer 05480,Male,36,Dehradun,Uttarakhand,R01,Consumer,2025-09-04,Organic
C05481,Customer 05481,Female,38,Delhi,Delhi,R07,Enterprise,2025-11-11,Organic
C05482,Customer 05482,Female,32,Delhi,Delhi,R07,Consumer,2024-11-10,Paid Search
C05483,Customer 05483,Male,44,Nagpur,Maharashtra,R04,Consumer,2024-01-25,Email
C05484,Customer 05484,Female,28,Mumbai,Maharashtra,R04,Small Business,2023-10-20,Organic
C05485,Customer 05485,Female,36,Guwahati,Assam,R06,Corporate,2024-05-14,Organic
C05486,Customer 05486,Female,31,Kochi,Kerala,R02,Enterprise,2024-12-29,Organic
C05487,Customer 05487,Female,58,Guwahati,Assam,R06,Corporate,2025-12-27,Email
C05488,Customer 05488,Male,28,Faridabad,Haryana,R01,Consumer,2024-08-27,Organic
C05489,Customer 05489,Other,42,Surat,Gujarat,R04,Consumer,2024-11-11,Email
C05490,Customer 05490,Male,53,Patna,Bihar,R03,Consumer,2022-02-07,Paid Search
C05491,Customer 05491,Male,26,Pune,Maharashtra,R04,Small Business,2023-06-11,Paid Search
C05492,Customer 05492,Male,36,Hyderabad,Telangana,R02,Consumer,2023-02-13,Paid Search
C05493,Customer 05493,Male,25,Kanpur,Uttar Pradesh,R07,Consumer,2025-04-24,Paid Search
C05494,Customer 05494,Female,18,Pune,Maharashtra,R04,Consumer,2023-01-09,Paid Search
C05495,Customer 05495,Male,27,Raipur,Chhattisgarh,R05,Consumer,2023-03-08,Paid Search
C05496,Customer 05496,Female,29,Kanpur,Uttar Pradesh,R07,Consumer,2024-08-12,Partner
C05497,Customer 05497,Male,30,Ranchi,Jharkhand,R03,Corporate,2024-02-07,Referral
C05498,Customer 05498,Male,32,Pune,,R04,Consumer,2023-08-19,Partner
C05499,Customer 05499,Female,35,Delhi,Delhi,R07,Enterprise,2022-12-14,Partner
C05500,Customer 05500,Female,23,Noida,Uttar Pradesh,R07,Small Business,2025-08-03,Paid Search
C05501,Customer 05501,Male,39,Faridabad,Haryana,R01,Consumer,2025-12-24,Email
C05502,Customer 05502,Female,47,Mysuru,Karnataka,R02,Small Business,2022-04-05,Social
C05503,Customer 05503,Female,48,Faridabad,Haryana,R01,Consumer,2025-09-27,Social
C05504,Customer 05504,Male,32,Hyderabad,Telangana,R02,Consumer,2025-04-19,Referral
C05505,Customer 05505,Male,44,Guwahati,Assam,R06,Consumer,2025-06-30,Social
C05506,Customer 05506,Other,28,Mumbai,Maharashtra,R04,Small Business,2023-10-06,Social
C05507,Customer 05507,Male,32,Faridabad,Haryana,R01,Corporate,2023-08-10,Organic
C05508,Customer 05508,Male,39,Pune,Maharashtra,R04,Consumer,2024-06-14,Partner
C05509,Customer 05509,Male,32,Bhubaneswar,Odisha,R03,Corporate,2024-11-30,Organic
C05510,Customer 05510,Male,22,Coimbatore,Tamil Nadu,R02,Corporate,2025-09-26,Organic
C05511,Customer 05511,Female,43,Delhi,Delhi,R07,Small Business,2023-01-17,Organic
C05512,Customer 05512,Female,27,Mysuru,Karnataka,R02,Consumer,2025-11-13,Referral
C05513,Customer 05513,Female,30,Ahmedabad,Gujarat,R04,Small Business,2023-07-24,Paid Search
C05514,Customer 05514,Female,46,Pune,Maharashtra,R04,Corporate,2024-08-27,Partner
C05515,Customer 05515,Female,40,Gurugram,Haryana,R01,Consumer,2025-03-21,Social
C05516,Customer 05516,Female,37,Dehradun,Uttarakhand,R01,Small Business,2024-08-13,Email
C05517,Customer 05517,Female,20,Ludhiana,Punjab,R01,Consumer,2022-03-24,Organic
C05518,Customer 05518,Female,23,Amritsar,Punjab,R01,Corporate,2025-07-06,Paid Search
C05519,Customer 05519,Male,39,Gurugram,Haryana,R01,Corporate,2022-03-14,Referral
C05520,Customer 05520,Male,41,Coimbatore,Tamil Nadu,R02,Consumer,2024-02-25,Organic
C05521,Customer 05521,Female,38,Surat,Gujarat,R04,Consumer,2024-08-23,Paid Search
C05522,Customer 05522,Female,30,Noida,Uttar Pradesh,R07,Corporate,2023-01-01,Referral
C05523,Customer 05523,Male,30,Ahmedabad,Gujarat,R04,Small Business,2025-02-05,Referral
C05524,Customer 05524,Male,37,Kolkata,West Bengal,R03,Small Business,2024-05-23,Partner
C05525,Customer 05525,Female,22,Jodhpur,Rajasthan,R01,Corporate,2023-07-15,Social
C05526,Customer 05526,Female,36,Kochi,Kerala,R02,Consumer,2022-08-14,Organic
C05527,Customer 05527,Female,21,Mumbai,Maharashtra,R04,Consumer,2024-09-12,Partner
C05528,Customer 05528,Female,24,Ludhiana,Punjab,R01,Small Business,2022-05-27,Partner
C05529,Customer 05529,Male,37,Visakhapatnam,Andhra Pradesh,R02,Consumer,2025-08-12,Social
C05530,Customer 05530,Female,41,Indore,Madhya Pradesh,R05,Corporate,2022-06-17,Organic
C05531,Customer 05531,Female,38,Mumbai,Maharashtra,R04,Consumer,2022-05-27,Organic
C05532,Customer 05532,Male,24,Indore,Madhya Pradesh,R05,Consumer,2022-10-27,Referral
C05533,Customer 05533,Male,18,Mysuru,Karnataka,R02,Corporate,2025-04-28,Organic
C05534,Customer 05534,Male,35,Nagpur,Maharashtra,R04,Corporate,2025-05-20,Paid Search
C05535,Customer 05535,Female,18,Bhopal,Madhya Pradesh,R05,Corporate,2024-04-29,Paid Search
C05536,Customer 05536,Female,44,Patna,Bihar,R03,Consumer,2025-03-07,Email
C05537,Customer 05537,Male,24,Jodhpur,Rajasthan,R01,Small Business,2023-09-10,Paid Search
C05538,Customer 05538,Female,57,Coimbatore,Tamil Nadu,R02,Consumer,2025-12-26,Social
C05539,Customer 05539,Female,25,Pune,Maharashtra,R04,Small Business,2022-03-17,Referral
C05540,Customer 05540,Male,40,Delhi,Delhi,R07,Corporate,2024-06-14,Email
C05541,Customer 05541,Male,28,Ranchi,Jharkhand,R03,Consumer,2023-07-16,Paid Search
C05542,Customer 05542,Female,33,Bengaluru,Karnataka,R02,Corporate,2023-06-03,Organic
C05543,Customer 05543,,37,Coimbatore,Tamil Nadu,R02,Consumer,2025-03-05,Organic
C05544,Customer 05544,Female,44,Chennai,,R02,Consumer,2025-01-26,Organic
C05545,Customer 05545,Female,45,Mysuru,Karnataka,R02,Corporate,2024-03-02,Organic
C05546,Customer 05546,Female,42,Jodhpur,Rajasthan,R01,Consumer,2025-06-27,Paid Search
C05547,Customer 05547,Male,45,Ranchi,Jharkhand,R03,Small Business,2022-09-15,Organic
C05548,Customer 05548,Male,29,Chennai,Tamil Nadu,R02,Consumer,2022-04-23,Email
C05549,Customer 05549,Female,41,Hyderabad,Telangana,R02,Consumer,2022-12-06,Organic
C05550,Customer 05550,Male,32,Surat,Gujarat,R04,Small Business,2022-05-21,Partner
C05551,Customer 05551,Male,45,Jodhpur,Rajasthan,R01,Consumer,2025-05-23,Organic
C05552,Customer 05552,Male,36,Delhi,Delhi,R07,Enterprise,2024-01-21,Paid Search
C05553,Customer 05553,Female,41,Nagpur,Maharashtra,R04,Consumer,2023-09-25,Referral
C05554,Customer 05554,Male,38,Ludhiana,Punjab,R01,Consumer,2023-12-27,Partner
C05555,Customer 05555,Female,43,Hyderabad,Telangana,R02,Consumer,2022-05-20,Organic
C05556,Customer 05556,Male,27,Guwahati,Assam,R06,Consumer,2024-08-05,Email
C05557,Customer 05557,Female,19,Jodhpur,Rajasthan,R01,Consumer,2025-11-23,Referral
C05558,Customer 05558,Female,45,Pune,Maharashtra,R04,Consumer,2022-07-28,Paid Search
C05559,Customer 05559,Female,48,Hyderabad,Telangana,R02,Consumer,2023-01-06,Referral
C05560,Customer 05560,Female,34,Gurugram,Haryana,R01,Consumer,2025-02-09,Paid Search
C05561,Customer 05561,Female,43,Vijayawada,Andhra Pradesh,R02,Consumer,2025-03-09,Paid Search
C05562,Customer 05562,Female,19,Nagpur,Maharashtra,R04,Consumer,2023-02-16,Organic
C05563,Customer 05563,Male,29,Delhi,Delhi,R07,Consumer,2022-01-19,Organic
C05564,Customer 05564,Female,36,Ludhiana,Punjab,R01,Consumer,2024-11-16,Social
C05565,Customer 05565,Male,18,Vijayawada,Andhra Pradesh,R02,Consumer,2023-01-10,Organic
C05566,Customer 05566,Male,20,Lucknow,Uttar Pradesh,R07,Consumer,2025-03-27,Organic
C05567,Customer 05567,Male,37,Hyderabad,Telangana,R02,Consumer,2023-05-08,Organic
C05568,Customer 05568,Male,29,Faridabad,Haryana,R01,Consumer,2025-11-28,Referral
C05569,Customer 05569,Male,32,Ludhiana,Punjab,R01,Small Business,2025-06-09,Referral
C05570,Customer 05570,Female,31,Guwahati,Assam,R06,Consumer,2022-04-10,Referral
C05571,Customer 05571,Female,22,Gurugram,Haryana,R01,Consumer,2024-12-28,Partner
C05572,Customer 05572,Male,33,Delhi,Delhi,R07,Corporate,2024-11-16,Partner
C05573,Customer 05573,Male,35,Bengaluru,Karnataka,R02,Consumer,2023-03-27,Organic
C05574,Customer 05574,Female,29,Raipur,Chhattisgarh,R05,Consumer,2025-09-02,Paid Search
C05575,Customer 05575,Female,30,Nagpur,Maharashtra,R04,Small Business,2025-02-24,Social
C05576,Customer 05576,Female,33,Faridabad,Haryana,R01,Corporate,2023-01-24,Organic
C05577,Customer 05577,Male,43,Dehradun,Uttarakhand,R01,Enterprise,2025-03-29,Organic
C05578,Customer 05578,Female,34,Kolkata,West Bengal,R03,Small Business,2024-11-03,Email
C05579,Customer 05579,Male,18,Raipur,Chhattisgarh,R05,Corporate,2024-01-19,Paid Search
C05580,Customer 05580,Female,23,Patna,Bihar,R03,Corporate,2025-07-24,Social
C05581,Customer 05581,Male,44,Kolkata,West Bengal,R03,Consumer,2024-01-13,Referral
C05582,Customer 05582,Male,28,Mumbai,Maharashtra,R04,Small Business,2023-01-31,Email
C05583,Customer 05583,Female,34,Pune,Maharashtra,R04,Consumer,2024-01-15,Partner
C05584,Customer 05584,Female,54,Kolkata,West Bengal,R03,Consumer,2023-12-08,Partner
C05585,Customer 05585,Male,41,Kolkata,West Bengal,R03,Consumer,2022-09-02,Paid Search
C05586,Customer 05586,Male,18,Visakhapatnam,Andhra Pradesh,R02,Corporate,2024-04-16,Referral
C05587,Customer 05587,Female,49,Chennai,Tamil Nadu,R02,Consumer,2025-04-02,Organic
C05588,Customer 05588,Male,36,Jodhpur,Rajasthan,R01,Small Business,2025-07-08,Partner
C05589,Customer 05589,Female,39,Bengaluru,Karnataka,R02,Consumer,2024-11-10,Organic
C05590,Customer 05590,Male,38,Coimbatore,Tamil Nadu,R02,Small Business,2023-12-17,Paid Search
C05591,Customer 05591,Male,44,Ahmedabad,Gujarat,R04,Consumer,2025-05-25,Partner
C05592,Customer 05592,Male,34,Bhubaneswar,Odisha,R03,Corporate,2025-09-21,Referral
C05593,Customer 05593,Female,20,Coimbatore,Tamil Nadu,R02,Consumer,2025-04-06,Paid Search
C05594,Customer 05594,Male,38,Delhi,Delhi,R07,Consumer,2025-03-03,Organic
C05595,Customer 05595,Male,21,Coimbatore,Tamil Nadu,R02,Consumer,2025-02-21,Social
C05596,Customer 05596,Female,53,Hyderabad,Telangana,R02,Consumer,2023-12-16,Social
C05597,Customer 05597,Male,31,Kochi,Kerala,R02,Consumer,2025-02-14,Referral
C05598,Customer 05598,Female,34,Surat,Gujarat,R04,Small Business,2023-07-14,Organic
C05599,Customer 05599,Male,28,Coimbatore,Tamil Nadu,R02,Consumer,2025-10-11,Referral
C05600,Customer 05600,Female,38,Mysuru,Karnataka,R02,Corporate,2025-07-14,Paid Search
C05601,Customer 05601,Male,40,Bengaluru,Karnataka,R02,Corporate,2024-06-03,Partner
C05602,Customer 05602,Female,28,Delhi,Delhi,R07,Consumer,2024-11-16,Referral
C05603,Customer 05603,Female,40,Kochi,Kerala,R02,Small Business,2025-04-24,Partner
C05604,Customer 05604,Female,36,Kochi,Kerala,R02,Small Business,2024-04-23,Organic
C05605,Customer 05605,Female,34,Bengaluru,Karnataka,R02,Small Business,2025-03-16,Partner
C05606,Customer 05606,Male,27,Mysuru,Karnataka,R02,Small Business,2024-12-13,Partner
C05607,Customer 05607,Male,58,Delhi,Delhi,R07,Corporate,2023-01-30,Social
C05608,Customer 05608,Male,17,Chennai,Tamil Nadu,R02,Enterprise,2022-08-11,Partner
C05609,Customer 05609,Female,42,Surat,Gujarat,R04,Consumer,2024-04-06,Referral
C05610,Customer 05610,Male,46,Kolkata,West Bengal,R03,Consumer,2022-01-01,Partner
C05611,Customer 05611,Female,38,Delhi,Delhi,R07,Corporate,2024-12-02,Referral
C05612,Customer 05612,Female,32,Kolkata,West Bengal,R03,Consumer,2024-09-26,Partner
C05613,Customer 05613,Male,18,Jodhpur,Rajasthan,R01,Corporate,2022-06-01,Organic
C05614,Customer 05614,Male,23,Hyderabad,Telangana,R02,Consumer,2023-03-29,Organic
C05615,Customer 05615,Female,57,Hyderabad,Telangana,R02,Consumer,2024-02-15,Social
C05616,Customer 05616,Male,47,Kanpur,Uttar Pradesh,R07,Small Business,2024-11-26,Referral
C05617,Customer 05617,Male,37,Ahmedabad,Gujarat,R04,Consumer,2022-01-05,Organic
C05618,Customer 05618,Male,19,Indore,Madhya Pradesh,R05,Consumer,2024-03-22,Paid Search
C05619,Customer 05619,Female,41,Chennai,Tamil Nadu,R02,Corporate,2022-12-18,Organic
C05620,Customer 05620,Female,32,Delhi,Delhi,R07,Small Business,2023-08-04,Partner
C05621,Customer 05621,Male,42,Surat,Gujarat,R04,Small Business,2023-12-12,Referral
C05622,Customer 05622,Male,24,Pune,Maharashtra,R04,Consumer,2022-10-18,Organic
C05623,Customer 05623,Female,30,Hyderabad,Telangana,R02,Small Business,2023-03-25,Organic
C05624,Customer 05624,Male,44,Coimbatore,Tamil Nadu,R02,Corporate,2023-08-26,Partner
C05625,Customer 05625,,54,Delhi,Delhi,R07,Small Business,2025-01-31,Paid Search
C05626,Customer 05626,Female,28,Chennai,Tamil Nadu,R02,Consumer,2023-02-23,Social
C05627,Customer 05627,Female,25,Patna,Bihar,R03,Consumer,2024-07-20,Partner
C05628,Customer 05628,Female,45,Bhubaneswar,Odisha,R03,Consumer,2023-06-13,Partner
C05629,Customer 05629,Female,22,Delhi,Delhi,R07,Consumer,2023-01-26,Organic
C05630,Customer 05630,Female,23,Jaipur,Rajasthan,R01,Consumer,2022-06-12,Referral
C05631,Customer 05631,Female,38,Ahmedabad,,R04,Consumer,2022-01-25,Partner
C05632,Customer 05632,Male,56,Ludhiana,Punjab,R01,Corporate,2023-05-18,Organic
C05633,Customer 05633,Female,27,Surat,Gujarat,R04,Consumer,2023-01-08,Referral
C05634,Customer 05634,Female,31,Delhi,Delhi,R07,Consumer,2025-01-04,Email
C05635,Customer 05635,Male,36,Gurugram,,R01,Consumer,2024-01-29,Organic
C05636,Customer 05636,Female,30,Hyderabad,Telangana,R02,Small Business,2022-03-24,Paid Search
C05637,Customer 05637,Male,18,Kanpur,Uttar Pradesh,R07,Corporate,2025-01-18,Organic
C05638,Customer 05638,Male,43,Kolkata,West Bengal,R03,Consumer,2023-08-04,Organic
C05639,Customer 05639,Male,37,Delhi,Delhi,R07,Enterprise,2024-05-31,Organic
C05640,Customer 05640,Male,39,Chennai,Tamil Nadu,R02,Corporate,2022-07-03,Paid Search
C05641,Customer 05641,Male,34,Nagpur,Maharashtra,R04,Consumer,2022-03-23,Social
C05642,Customer 05642,Female,50,Bhopal,Madhya Pradesh,R05,Corporate,2022-05-31,Partner
C05643,Customer 05643,Female,30,Bhubaneswar,Odisha,R03,Enterprise,2023-11-13,Partner
C05644,Customer 05644,Female,24,Pune,Maharashtra,R04,Consumer,2025-07-15,Partner
C05645,Customer 05645,Female,52,Hyderabad,Telangana,R02,Corporate,2025-11-02,Email
C05646,Customer 05646,Male,18,Kanpur,Uttar Pradesh,R07,Consumer,2025-03-18,Organic
C05647,Customer 05647,Female,33,Chennai,Tamil Nadu,R02,Small Business,2025-08-13,Paid Search
C05648,Customer 05648,Male,34,Delhi,Delhi,R07,Corporate,2025-01-27,Email
C05649,Customer 05649,Female,34,Ahmedabad,Gujarat,R04,Small Business,2024-12-20,Partner
C05650,Customer 05650,Female,19,Ludhiana,Punjab,R01,Corporate,2023-09-08,Social
C05651,Customer 05651,Male,23,Guwahati,Assam,R06,Consumer,2023-02-19,Referral
C05652,Customer 05652,Male,45,Surat,Gujarat,R04,Consumer,2024-07-08,Partner
C05653,Customer 05653,Female,49,Coimbatore,Tamil Nadu,R02,Small Business,2022-02-02,Referral
C05654,Customer 05654,Male,31,Pune,Maharashtra,R04,Consumer,2022-09-20,Email
C05655,Customer 05655,Male,26,Jaipur,Rajasthan,R01,Consumer,2023-10-29,Partner
C05656,Customer 05656,Female,18,Amritsar,Punjab,R01,Corporate,2024-07-13,Referral
C05657,Customer 05657,Male,44,Kochi,Kerala,R02,Consumer,2023-07-02,Organic
C05658,Customer 05658,Female,45,Bhopal,Madhya Pradesh,R05,Consumer,2025-01-30,Partner
C05659,Customer 05659,Female,18,Gurugram,Haryana,R01,Consumer,2024-09-14,Email
C05660,Customer 05660,Male,18,Patna,Bihar,R03,Consumer,2023-01-15,Organic
C05661,Customer 05661,Male,36,Ahmedabad,Gujarat,R04,Corporate,2022-04-14,Partner
C05662,Customer 05662,Male,38,Delhi,Delhi,R07,Consumer,2023-02-03,Organic
C05663,Customer 05663,Female,30,Mysuru,Karnataka,R02,Consumer,2025-09-11,Partner
C05664,Customer 05664,Female,35,Faridabad,Haryana,R01,Small Business,2022-12-02,Email
C05665,Customer 05665,Male,33,Amritsar,Punjab,R01,Consumer,2024-12-11,Organic
C05666,Customer 05666,Female,35,Kolkata,West Bengal,R03,Corporate,2024-09-28,Partner
C05667,Customer 05667,Male,26,Noida,Uttar Pradesh,R07,Consumer,2025-11-19,Organic
C05668,Customer 05668,Male,35,Kochi,Kerala,R02,Consumer,2025-09-10,
C05669,Customer 05669,Male,28,Hyderabad,Telangana,R02,Consumer,2025-06-18,Social
C05670,Customer 05670,Female,27,Bhopal,Madhya Pradesh,R05,Corporate,2023-03-29,Social
C05671,Customer 05671,Male,18,Chennai,Tamil Nadu,R02,Enterprise,2023-09-21,Partner
C05672,Customer 05672,Female,33,Guwahati,Assam,R06,Consumer,2023-12-16,Organic
C05673,Customer 05673,Male,43,Nagpur,Maharashtra,R04,Consumer,2024-08-25,Social
C05674,Customer 05674,Female,32,Mysuru,Karnataka,R02,Consumer,2022-07-31,Referral
C05675,Customer 05675,Female,31,Bengaluru,Karnataka,R02,Consumer,2025-05-20,Organic
C05676,Customer 05676,Male,48,Kochi,Kerala,R02,Consumer,2024-07-28,Organic
C05677,Customer 05677,Male,45,Gurugram,Haryana,R01,Small Business,2022-10-25,Social
C05678,Customer 05678,Female,52,Coimbatore,Tamil Nadu,R02,Small Business,2022-03-14,Paid Search
C05679,Customer 05679,Male,58,Patna,Bihar,R03,Consumer,2022-01-15,Social
C05680,Customer 05680,Male,36,Mumbai,Maharashtra,R04,Consumer,2023-06-11,Referral
C05681,Customer 05681,Female,23,Guwahati,Assam,R06,Consumer,2023-03-26,Paid Search
C05682,Customer 05682,Female,30,Pune,Maharashtra,R04,Consumer,2022-08-09,Organic
C05683,Customer 05683,Female,41,Gurugram,Haryana,R01,Corporate,2023-10-02,Organic
C05684,Customer 05684,Male,49,Chennai,Tamil Nadu,R02,Small Business,2022-02-04,Organic
C05685,Customer 05685,Male,25,Surat,Gujarat,R04,Consumer,2024-07-01,Referral
C05686,Customer 05686,Female,38,Delhi,Delhi,R07,Consumer,2023-10-08,Organic
C05687,Customer 05687,Female,27,Delhi,Delhi,R07,Consumer,2023-01-20,Partner
C05688,Customer 05688,Male,34,Amritsar,Punjab,R01,Consumer,2023-10-31,Organic
C05689,Customer 05689,Male,33,Bhubaneswar,Odisha,R03,Small Business,2023-10-08,Paid Search
C05690,Customer 05690,Male,39,Kochi,,R02,Small Business,2025-05-15,Email
C05691,Customer 05691,Male,55,Bengaluru,Karnataka,R02,Small Business,2024-08-05,Organic
C05692,Customer 05692,Female,40,Gurugram,Haryana,R01,Small Business,2022-12-09,Social
C05693,Customer 05693,Male,31,Mysuru,Karnataka,R02,Consumer,2025-04-19,Paid Search
C05694,Customer 05694,Female,29,Raipur,Chhattisgarh,R05,Corporate,2023-04-29,Partner
C05695,Customer 05695,Male,33,Patna,Bihar,R03,Corporate,2022-11-28,Organic
C05696,Customer 05696,Male,26,Jaipur,Rajasthan,R01,Consumer,2024-11-26,Organic
C05697,Customer 05697,Female,36,Gurugram,Haryana,R01,Consumer,2025-03-14,Social
C05698,Customer 05698,Female,18,Kochi,Kerala,R02,Corporate,2022-01-10,Paid Search
C05699,Customer 05699,Male,33,Raipur,Chhattisgarh,R05,Small Business,2025-10-04,Partner
C05700,Customer 05700,Male,34,Delhi,Delhi,R07,Consumer,2024-07-09,Partner
C05701,Customer 05701,Male,23,Bhopal,Madhya Pradesh,R05,Small Business,2023-08-22,Email
C05702,Customer 05702,Male,31,Delhi,Delhi,R07,Small Business,2025-01-07,Organic
C05703,Customer 05703,Female,46,Delhi,Delhi,R07,Small Business,2024-03-17,Referral
C05704,Customer 05704,Male,47,Patna,Bihar,R03,Consumer,2025-10-27,Organic
C05705,Customer 05705,Male,30,Mysuru,Karnataka,R02,Consumer,2022-01-15,Organic
C05706,Customer 05706,Female,40,Ahmedabad,Gujarat,R04,Corporate,2024-02-21,Organic
C05707,Customer 05707,Female,20,Kochi,Kerala,R02,Consumer,2024-11-03,Social
C05708,Customer 05708,Male,32,Indore,Madhya Pradesh,R05,Consumer,2022-02-18,Paid Search
C05709,Customer 05709,Female,37,Delhi,Delhi,R07,Small Business,2025-06-28,Email
C05710,Customer 05710,Male,50,Chennai,Tamil Nadu,R02,Consumer,2023-05-26,Social
C05711,Customer 05711,Male,47,Bhubaneswar,Odisha,R03,Consumer,2022-01-30,Organic
C05712,Customer 05712,Male,37,Mysuru,Karnataka,R02,Enterprise,2023-07-19,Organic
C05713,Customer 05713,Female,26,Dehradun,Uttarakhand,R01,Consumer,2025-05-17,Social
C05714,Customer 05714,Male,49,Kolkata,West Bengal,R03,Small Business,2025-11-02,Referral
C05715,Customer 05715,Female,32,Gurugram,Haryana,R01,Consumer,2022-08-06,Organic
C05716,Customer 05716,Male,39,Amritsar,Punjab,R01,Consumer,2023-07-24,Referral
C05717,Customer 05717,Female,34,Bhopal,Madhya Pradesh,R05,Consumer,2025-05-15,Partner
C05718,Customer 05718,Male,55,Dehradun,Uttarakhand,R01,Consumer,2022-01-31,Organic
C05719,Customer 05719,Male,29,Delhi,Delhi,R07,Consumer,2024-03-02,Email
C05720,Customer 05720,Female,44,Delhi,Delhi,R07,Small Business,2024-03-03,Partner
C05721,Customer 05721,Male,34,Patna,Bihar,R03,Small Business,2023-06-25,Partner
C05722,Customer 05722,Female,41,Delhi,Delhi,R07,Consumer,2023-04-12,Organic
C05723,Customer 05723,Female,51,Delhi,Delhi,R07,Consumer,2025-10-07,Organic
C05724,Customer 05724,Female,18,Kochi,Kerala,R02,Corporate,2023-06-08,Referral
C05725,Customer 05725,Female,34,Indore,Madhya Pradesh,R05,Consumer,2024-06-13,Paid Search
C05726,Customer 05726,Male,26,Guwahati,Assam,R06,Consumer,2025-01-08,Organic
C05727,Customer 05727,Female,39,Hyderabad,Telangana,R02,Consumer,2022-02-26,Paid Search
C05728,Customer 05728,Female,42,Nagpur,Maharashtra,R04,Consumer,2025-04-25,Social
C05729,Customer 05729,Female,30,Kochi,Kerala,R02,Consumer,2025-01-24,Organic
C05730,Customer 05730,Female,30,Jaipur,Rajasthan,R01,Consumer,2022-10-10,Organic
C05731,Customer 05731,Female,37,Jaipur,Rajasthan,R01,Corporate,2022-09-24,Email
C05732,Customer 05732,Female,22,Guwahati,Assam,R06,Consumer,2024-04-08,Paid Search
C05733,Customer 05733,Male,38,Kolkata,West Bengal,R03,Consumer,2025-09-10,Organic
C05734,Customer 05734,Male,27,Kochi,Kerala,R02,Consumer,2025-07-26,Partner
C05735,Customer 05735,Male,42,Faridabad,Haryana,R01,Consumer,2022-09-01,Referral
C05736,Customer 05736,Male,22,Visakhapatnam,Andhra Pradesh,R02,Small Business,2024-05-29,Paid Search
C05737,Customer 05737,Female,29,Coimbatore,Tamil Nadu,R02,Corporate,2023-12-14,Organic
C05738,Customer 05738,Male,27,Hyderabad,Telangana,R02,Small Business,2024-10-04,Referral
C05739,Customer 05739,Male,32,Kochi,Kerala,R02,Consumer,2024-02-03,Referral
C05740,Customer 05740,Female,49,Pune,Maharashtra,R04,Consumer,2024-04-15,Partner
C05741,Customer 05741,Female,43,Kolkata,West Bengal,R03,Consumer,2024-04-03,Organic
C05742,Customer 05742,Female,30,Hyderabad,Telangana,R02,Consumer,2022-01-27,Referral
C05743,Customer 05743,Male,30,Bhubaneswar,Odisha,R03,Corporate,2024-02-19,Paid Search
C05744,Customer 05744,Male,44,Kochi,Kerala,R02,Consumer,2022-08-07,Partner
C05745,Customer 05745,Male,23,Kolkata,West Bengal,R03,Consumer,2023-10-04,Organic
C05746,Customer 05746,Male,35,Delhi,Delhi,R07,Consumer,2024-03-03,Social
C05747,Customer 05747,Male,29,Ludhiana,Punjab,R01,Consumer,2024-11-07,Referral
C05748,Customer 05748,Female,33,Visakhapatnam,Andhra Pradesh,R02,Consumer,2025-05-24,Referral
C05749,Customer 05749,Male,43,Ranchi,Jharkhand,R03,Corporate,2022-08-16,Referral
C05750,Customer 05750,,28,Ranchi,Jharkhand,R03,Enterprise,2024-05-05,Social
C05751,Customer 05751,Female,45,Delhi,Delhi,R07,Consumer,2025-02-24,Partner
C05752,Customer 05752,Male,57,Nagpur,Maharashtra,R04,Consumer,2023-04-24,Social
C05753,Customer 05753,Male,41,Patna,Bihar,R03,Consumer,2022-02-24,Social
C05754,Customer 05754,Male,34,Patna,,R03,Consumer,2025-09-14,Email
C05755,Customer 05755,Male,47,Delhi,Delhi,R07,Corporate,2025-05-15,Paid Search
C05756,Customer 05756,Female,24,Coimbatore,Tamil Nadu,R02,Consumer,2024-11-01,Social
C05757,Customer 05757,Male,50,Gurugram,,R01,Enterprise,2024-12-31,Paid Search
C05758,Customer 05758,Male,27,Mysuru,Karnataka,R02,Small Business,2023-03-15,Organic
C05759,Customer 05759,Female,57,Noida,Uttar Pradesh,R07,Consumer,2025-03-08,Social
C05760,Customer 05760,Female,28,Delhi,Delhi,R07,Small Business,2025-12-23,Paid Search
C05761,Customer 05761,Female,42,Delhi,Delhi,R07,Corporate,2023-03-10,Organic
C05762,Customer 05762,Female,19,Kochi,Kerala,R02,Enterprise,2023-11-22,Social
C05763,Customer 05763,Male,33,Patna,Bihar,R03,Consumer,2025-05-26,Referral
C05764,Customer 05764,Male,24,Vijayawada,Andhra Pradesh,R02,Enterprise,2022-11-19,Organic
C05765,Customer 05765,Female,21,Bengaluru,Karnataka,R02,Consumer,2024-10-06,Social
C05766,Customer 05766,Male,47,Ahmedabad,Gujarat,R04,Consumer,2022-02-12,Paid Search
C05767,Customer 05767,Male,23,Mumbai,Maharashtra,R04,Small Business,2025-11-16,Organic
C05768,Customer 05768,Female,12,Coimbatore,Tamil Nadu,R02,Consumer,2022-04-13,Organic
C05769,Customer 05769,Male,26,Nagpur,Maharashtra,R04,Consumer,2022-01-30,Referral
C05770,Customer 05770,Male,46,Patna,Bihar,R03,Consumer,2023-09-01,Social
C05771,Customer 05771,Male,45,Indore,Madhya Pradesh,R05,Consumer,2025-02-28,Partner
C05772,Customer 05772,Female,48,Guwahati,Assam,R06,Consumer,2022-11-01,Referral
C05773,Customer 05773,Male,27,Kanpur,Uttar Pradesh,R07,Consumer,2024-06-29,Partner
C05774,Customer 05774,Female,48,Bengaluru,Karnataka,R02,Consumer,2023-05-10,Paid Search
C05775,Customer 05775,Male,27,Lucknow,Uttar Pradesh,R07,Small Business,2025-12-15,Social
C05776,Customer 05776,Female,27,Delhi,Delhi,R07,Consumer,2023-11-22,Social
C05777,Customer 05777,Male,28,Kolkata,West Bengal,R03,Small Business,2023-10-10,Social
C05778,Customer 05778,Male,28,Bengaluru,Karnataka,R02,Consumer,2022-01-29,Partner
C05779,Customer 05779,Male,34,Kolkata,West Bengal,R03,Small Business,2023-02-13,Social
C05780,Customer 05780,Male,27,Delhi,Delhi,R07,Small Business,2022-01-26,Organic
C05781,Customer 05781,Male,37,Dehradun,Uttarakhand,R01,Small Business,2025-07-09,Referral
C05782,Customer 05782,Male,18,Dehradun,Uttarakhand,R01,Consumer,2023-11-29,Organic
C05783,Customer 05783,Female,37,Surat,Gujarat,R04,Consumer,2023-04-21,Organic
C05784,Customer 05784,Female,24,Raipur,Chhattisgarh,R05,Small Business,2022-12-26,Social
C05785,Customer 05785,Male,28,Noida,Uttar Pradesh,R07,Corporate,2024-10-23,Organic
C05786,Customer 05786,Female,29,Patna,Bihar,R03,Consumer,2024-07-27,Referral
C05787,Customer 05787,Female,44,Guwahati,Assam,R06,Corporate,2023-04-30,Paid Search
C05788,Customer 05788,Other,40,Indore,Madhya Pradesh,R05,Small Business,2023-02-20,Partner
C05789,Customer 05789,Male,33,Bhopal,Madhya Pradesh,R05,Consumer,2025-10-13,Paid Search
C05790,Customer 05790,Male,28,Surat,Gujarat,R04,Corporate,2022-03-27,Paid Search
C05791,Customer 05791,,43,Indore,Madhya Pradesh,R05,Small Business,2024-02-08,Paid Search
C05792,Customer 05792,Female,53,Kolkata,West Bengal,R03,Consumer,2025-11-13,Referral
C05793,Customer 05793,Female,35,Gurugram,Haryana,R01,Consumer,2023-04-13,Organic
C05794,Customer 05794,Female,19,Faridabad,Haryana,R01,Consumer,2022-03-28,Paid Search
C05795,Customer 05795,Female,28,Bhubaneswar,Odisha,R03,Corporate,2025-04-16,Organic
C05796,Customer 05796,Female,41,Hyderabad,,R02,Consumer,2025-08-13,Paid Search
C05797,Customer 05797,Male,31,Bengaluru,Karnataka,R02,Corporate,2022-04-02,Partner
C05798,Customer 05798,Male,26,Kochi,Kerala,R02,Consumer,2023-07-07,Referral
C05799,Customer 05799,Other,26,Hyderabad,Telangana,R02,Small Business,2022-05-17,Social
C05800,Customer 05800,Female,36,Nagpur,Maharashtra,R04,Small Business,2025-08-07,Organic
C05801,Customer 05801,Male,20,Surat,Gujarat,R04,Small Business,2025-05-07,Social
C05802,Customer 05802,,35,Chennai,Tamil Nadu,R02,Consumer,2025-04-05,Email
C05803,Customer 05803,Female,36,Patna,Bihar,R03,Consumer,2023-04-18,Paid Search
C05804,Customer 05804,Male,31,Coimbatore,Tamil Nadu,R02,Corporate,2024-11-10,Partner
C05805,Customer 05805,Female,25,Bengaluru,Karnataka,R02,Consumer,2022-09-15,Paid Search
C05806,Customer 05806,Male,45,Patna,Bihar,R03,Consumer,2022-08-04,Organic
C05807,Customer 05807,Male,22,Kolkata,West Bengal,R03,Consumer,2024-05-07,Email
C05808,Customer 05808,Female,37,Bhopal,Madhya Pradesh,R05,Consumer,2025-11-14,Social
C05809,Customer 05809,Female,42,Delhi,Delhi,R07,Corporate,2023-01-07,Social
C05810,Customer 05810,Female,37,Patna,Bihar,R03,Consumer,2023-11-16,Partner
C05811,Customer 05811,Male,47,Bengaluru,Karnataka,R02,Consumer,2025-12-13,Email
C05812,Customer 05812,Male,24,Delhi,Delhi,R07,Consumer,2023-09-14,Partner
C05813,Customer 05813,Male,27,Kolkata,West Bengal,R03,Consumer,2025-04-13,Referral
C05814,Customer 05814,Female,30,Kolkata,West Bengal,R03,Consumer,2024-09-27,Social
C05815,Customer 05815,Male,68,Bengaluru,Karnataka,R02,Small Business,2025-07-23,Social
C05816,Customer 05816,Female,40,Bhubaneswar,Odisha,R03,Small Business,2023-05-05,Paid Search
C05817,Customer 05817,Female,42,Jodhpur,Rajasthan,R01,Enterprise,2025-05-02,Organic
C05818,Customer 05818,Male,42,Ludhiana,Punjab,R01,Consumer,2025-04-18,Email
C05819,Customer 05819,Male,36,Pune,Maharashtra,R04,Consumer,2025-07-18,Organic
C05820,Customer 05820,Female,45,Surat,Gujarat,R04,Consumer,2025-08-16,Partner
C05821,Customer 05821,Male,18,Kolkata,West Bengal,R03,Corporate,2023-05-09,Organic
C05822,Customer 05822,Female,38,Bhopal,Madhya Pradesh,R05,Corporate,2025-04-23,Organic
C05823,Customer 05823,Male,39,Kolkata,West Bengal,R03,Small Business,2024-09-10,Organic
C05824,Customer 05824,Male,45,Ludhiana,Punjab,R01,Consumer,2022-05-13,Paid Search
C05825,Customer 05825,Male,23,Mumbai,Maharashtra,R04,Consumer,2025-08-18,Organic
C05826,Customer 05826,Male,24,Faridabad,Haryana,R01,Enterprise,2024-11-19,Organic
C05827,Customer 05827,Female,25,Kolkata,West Bengal,R03,Consumer,2024-09-29,Referral
C05828,Customer 05828,Female,40,Noida,Uttar Pradesh,R07,Small Business,2022-04-10,Paid Search
C05829,Customer 05829,Male,40,Mysuru,Karnataka,R02,Corporate,2025-12-27,Organic
C05830,Customer 05830,Female,26,Bhubaneswar,Odisha,R03,Consumer,2025-11-16,Paid Search
C05831,Customer 05831,Male,54,Hyderabad,Telangana,R02,Small Business,2025-06-18,Organic
C05832,Customer 05832,Female,38,Jaipur,Rajasthan,R01,Small Business,2023-05-08,Partner
C05833,Customer 05833,Female,36,Nagpur,Maharashtra,R04,Small Business,2022-04-14,Partner
C05834,Customer 05834,Female,33,Hyderabad,Telangana,R02,Consumer,2024-12-20,Paid Search
C05835,Customer 05835,Female,44,Bengaluru,Karnataka,R02,Consumer,2024-01-03,Organic
C05836,Customer 05836,Male,39,Delhi,Delhi,R07,Corporate,2023-01-05,Organic
C05837,Customer 05837,Male,54,Guwahati,Assam,R06,Consumer,2023-02-07,Referral
C05838,Customer 05838,Male,23,Mysuru,Karnataka,R02,Consumer,2024-09-12,Organic
C05839,Customer 05839,Female,20,Bengaluru,Karnataka,R02,Consumer,2025-07-02,Referral
C05840,Customer 05840,Male,28,Ludhiana,Punjab,R01,Consumer,2024-04-24,Organic
C05841,Customer 05841,Female,41,Nagpur,Maharashtra,R04,Corporate,2025-10-01,Referral
C05842,Customer 05842,Male,31,Nagpur,Maharashtra,R04,Consumer,2024-04-05,Paid Search
C05843,Customer 05843,Male,48,Jaipur,Rajasthan,R01,Consumer,2024-04-07,Organic
C05844,Customer 05844,Female,31,Chennai,Tamil Nadu,R02,Consumer,2023-06-12,Organic
C05845,Customer 05845,Female,46,Surat,Gujarat,R04,Consumer,2022-03-26,Referral
C05846,Customer 05846,Male,27,Kochi,Kerala,R02,Consumer,2023-01-11,Referral
C05847,Customer 05847,Female,47,Visakhapatnam,,R02,Consumer,2023-05-22,Social
C05848,Customer 05848,Female,49,Lucknow,Uttar Pradesh,R07,Consumer,2024-06-25,Paid Search
C05849,Customer 05849,Male,29,Delhi,Delhi,R07,Consumer,2022-10-03,Referral
C05850,Customer 05850,Female,40,Bhubaneswar,Odisha,R03,Corporate,2024-01-14,Organic
C05851,Customer 05851,,38,Dehradun,Uttarakhand,R01,Consumer,2024-02-13,Social
C05852,Customer 05852,Female,40,Raipur,Chhattisgarh,R05,Corporate,2024-01-17,Email
C05853,Customer 05853,Male,48,Delhi,Delhi,R07,Consumer,2025-12-09,Organic
C05854,Customer 05854,Female,45,Noida,Uttar Pradesh,R07,Corporate,2022-10-01,Email
C05855,Customer 05855,Male,40,Delhi,Delhi,R07,Consumer,2023-05-17,Partner
C05856,Customer 05856,Male,42,Bhopal,Madhya Pradesh,R05,Consumer,2023-06-21,Partner
C05857,Customer 05857,Female,22,Chennai,Tamil Nadu,R02,Corporate,2024-12-08,Organic
C05858,Customer 05858,Male,35,Mysuru,Karnataka,R02,Small Business,2024-08-24,Partner
C05859,Customer 05859,Female,24,Bengaluru,Karnataka,R02,Consumer,2025-04-29,Organic
C05860,Customer 05860,Female,35,Noida,Uttar Pradesh,R07,Corporate,2024-02-14,Paid Search
C05861,Customer 05861,Male,46,Chennai,Tamil Nadu,R02,Small Business,2025-04-27,Social
C05862,Customer 05862,Male,35,Delhi,Delhi,R07,Consumer,2022-02-10,Organic
C05863,Customer 05863,Female,18,Hyderabad,Telangana,R02,Small Business,2022-08-07,Paid Search
C05864,Customer 05864,Male,25,Patna,Bihar,R03,Consumer,2024-06-08,Partner
C05865,Customer 05865,Male,41,Hyderabad,Telangana,R02,Corporate,2022-12-13,Organic
C05866,Customer 05866,Male,30,Pune,Maharashtra,R04,Small Business,2023-03-06,Social
C05867,Customer 05867,Male,43,Bhopal,Madhya Pradesh,R05,Enterprise,2022-11-23,Email
C05868,Customer 05868,Female,23,Kolkata,West Bengal,R03,Corporate,2022-07-21,Organic
C05869,Customer 05869,Female,39,Gurugram,Haryana,R01,Corporate,2023-03-11,Partner
C05870,Customer 05870,Female,39,Ludhiana,Punjab,R01,Consumer,2025-09-01,Partner
C05871,Customer 05871,Female,43,Hyderabad,Telangana,R02,Consumer,2022-03-10,Organic
C05872,Customer 05872,Male,28,Jodhpur,Rajasthan,R01,Small Business,2025-12-23,Social
C05873,Customer 05873,Female,43,Gurugram,Haryana,R01,Consumer,2024-02-28,Organic
C05874,Customer 05874,Female,50,Gurugram,Haryana,R01,Small Business,2025-01-30,Partner
C05875,Customer 05875,Male,18,Gurugram,Haryana,R01,Consumer,2024-12-18,Organic
C05876,Customer 05876,Female,36,Mysuru,Karnataka,R02,Consumer,2022-03-31,Paid Search
C05877,Customer 05877,Male,18,Coimbatore,Tamil Nadu,R02,Consumer,2023-01-17,Referral
C05878,Customer 05878,Male,26,Amritsar,Punjab,R01,Consumer,2025-06-25,Referral
C05879,Customer 05879,Male,27,Kolkata,West Bengal,R03,Consumer,2024-07-23,Referral
C05880,Customer 05880,Male,34,Jodhpur,Rajasthan,R01,Consumer,2023-06-28,Organic
C05881,Customer 05881,Male,39,Pune,Maharashtra,R04,Enterprise,2024-03-08,Referral
C05882,Customer 05882,Male,44,Kanpur,Uttar Pradesh,R07,Small Business,2023-09-21,Referral
C05883,Customer 05883,Male,38,Bhubaneswar,Odisha,R03,Small Business,2022-05-25,Social
C05884,Customer 05884,Male,42,Ranchi,Jharkhand,R03,Consumer,2025-09-29,Referral
C05885,Customer 05885,Male,24,Bengaluru,Karnataka,R02,Consumer,2022-12-17,Organic
C05886,Customer 05886,Male,46,Delhi,Delhi,R07,Corporate,2025-06-15,Organic
C05887,Customer 05887,Female,18,Noida,Uttar Pradesh,R07,Consumer,2022-12-19,Organic
C05888,Customer 05888,Female,50,Faridabad,Haryana,R01,Consumer,2024-06-02,Paid Search
C05889,Customer 05889,Male,48,Bhopal,Madhya Pradesh,R05,Small Business,2023-12-15,Organic
C05890,Customer 05890,Male,43,Delhi,Delhi,R07,Consumer,2025-07-14,Organic
C05891,Customer 05891,Male,57,Ranchi,Jharkhand,R03,Small Business,2024-07-06,Paid Search
C05892,Customer 05892,Male,18,Coimbatore,Tamil Nadu,R02,Consumer,2024-05-18,Referral
C05893,Customer 05893,Male,43,Bengaluru,Karnataka,R02,Consumer,2023-03-17,Social
C05894,Customer 05894,Male,36,Raipur,Chhattisgarh,R05,Consumer,2025-06-18,Email
C05895,Customer 05895,Female,37,Delhi,Delhi,R07,Small Business,2022-07-05,Paid Search
C05896,Customer 05896,Female,23,Bhubaneswar,Odisha,R03,Corporate,2024-01-10,
C05897,Customer 05897,Male,39,Gurugram,Haryana,R01,Small Business,2023-01-29,Organic
C05898,Customer 05898,Male,38,Indore,Madhya Pradesh,R05,Consumer,2023-11-01,Email
C05899,Customer 05899,Male,28,Bengaluru,Karnataka,R02,Small Business,2022-02-28,Social
C05900,Customer 05900,Female,34,Delhi,Delhi,R07,Corporate,2024-10-07,Organic
C05901,Customer 05901,Female,22,Bhopal,Madhya Pradesh,R05,Corporate,2024-12-29,Organic
C05902,Customer 05902,Female,31,Delhi,Delhi,R07,Small Business,2024-10-16,Organic
C05903,Customer 05903,Female,45,Gurugram,Haryana,R01,Small Business,2024-10-18,Paid Search
C05904,Customer 05904,Female,45,Indore,Madhya Pradesh,R05,Corporate,2022-02-24,Organic
C05905,Customer 05905,Male,43,Ahmedabad,Gujarat,R04,Consumer,2024-09-06,Email
C05906,Customer 05906,Female,45,Guwahati,Assam,R06,Small Business,2023-04-26,Paid Search
C05907,Customer 05907,Male,45,Hyderabad,Telangana,R02,Consumer,2024-06-21,Partner
C05908,Customer 05908,Female,29,Hyderabad,Telangana,R02,Enterprise,2024-07-28,Organic
C05909,Customer 05909,Male,38,Jaipur,Rajasthan,R01,Consumer,2023-03-11,Paid Search
C05910,Customer 05910,Male,46,Faridabad,Haryana,R01,Consumer,2022-07-16,Partner
C05911,Customer 05911,Male,21,Ranchi,Jharkhand,R03,Consumer,2022-06-18,Organic
C05912,Customer 05912,Male,21,Faridabad,Haryana,R01,Consumer,2023-10-15,Email
C05913,Customer 05913,Female,21,Bengaluru,Karnataka,R02,Consumer,2024-05-25,Organic
C05914,Customer 05914,Male,18,Jodhpur,Rajasthan,R01,Small Business,2022-01-12,Social
C05915,Customer 05915,Male,24,Kanpur,Uttar Pradesh,R07,Corporate,2024-12-06,Partner
C05916,Customer 05916,Male,30,Coimbatore,Tamil Nadu,R02,Consumer,2022-12-30,Organic
C05917,Customer 05917,Female,50,Bhopal,Madhya Pradesh,R05,Consumer,2025-03-30,Organic
C05918,Customer 05918,Female,31,Bhubaneswar,Odisha,R03,Small Business,2024-10-18,Organic
C05919,Customer 05919,Female,20,Guwahati,Assam,R06,Small Business,2024-11-27,Organic
C05920,Customer 05920,Male,37,Jodhpur,Rajasthan,R01,Consumer,2022-10-31,
C05921,Customer 05921,Male,33,Surat,Gujarat,R04,Small Business,2024-08-20,Referral
C05922,Customer 05922,Male,27,Delhi,Delhi,R07,Consumer,2024-09-17,Organic
C05923,Customer 05923,Male,29,Patna,Bihar,R03,Corporate,2025-04-19,Social
C05924,Customer 05924,Male,46,Jaipur,Rajasthan,R01,Small Business,2024-04-09,Referral
C05925,Customer 05925,Female,21,Coimbatore,Tamil Nadu,R02,Consumer,2025-01-17,Email
C05926,Customer 05926,Female,18,Faridabad,Haryana,R01,Consumer,2023-11-07,Partner
C05927,Customer 05927,Male,40,Bhopal,Madhya Pradesh,R05,Corporate,2025-10-12,Email
C05928,Customer 05928,Female,29,Indore,Madhya Pradesh,R05,Consumer,2024-11-01,Organic
C05929,Customer 05929,Male,51,Guwahati,,R06,Consumer,2022-01-09,Organic
C05930,Customer 05930,Male,33,Delhi,Delhi,R07,Consumer,2025-02-28,Referral
C05931,Customer 05931,Female,34,Dehradun,Uttarakhand,R01,Small Business,2022-08-03,Organic
C05932,Customer 05932,Female,43,Lucknow,Uttar Pradesh,R07,Consumer,2022-04-07,Organic
C05933,Customer 05933,Female,18,Nagpur,Maharashtra,R04,Consumer,2024-04-27,Email
C05934,Customer 05934,Female,38,Noida,Uttar Pradesh,R07,Enterprise,2023-12-23,Social
C05935,Customer 05935,Male,31,Jodhpur,Rajasthan,R01,Small Business,2023-08-09,Paid Search
C05936,Customer 05936,Female,45,Mysuru,Karnataka,R02,Consumer,2023-08-31,Social
C05937,Customer 05937,Female,29,Lucknow,Uttar Pradesh,R07,Consumer,2023-05-13,Organic
C05938,Customer 05938,Male,37,Nagpur,Maharashtra,R04,Consumer,2025-09-03,Organic
C05939,Customer 05939,Female,31,Hyderabad,Telangana,R02,Consumer,2024-12-25,Partner
C05940,Customer 05940,Female,39,Bhopal,Madhya Pradesh,R05,Consumer,2025-03-03,Paid Search
C05941,Customer 05941,Female,32,Kolkata,West Bengal,R03,Consumer,2024-02-22,Social
C05942,Customer 05942,Male,38,Chennai,Tamil Nadu,R02,Consumer,2024-12-27,Organic
C05943,Customer 05943,Male,53,Faridabad,Haryana,R01,Corporate,2024-02-09,Organic
C05944,Customer 05944,Female,32,Bhopal,Madhya Pradesh,R05,Consumer,2025-08-17,Organic
C05945,Customer 05945,Female,39,Delhi,Delhi,R07,Consumer,2022-03-14,
C05946,Customer 05946,Male,58,Noida,Uttar Pradesh,R07,Small Business,2025-03-03,Referral
C05947,Customer 05947,Male,39,Delhi,Delhi,R07,Consumer,2023-11-05,Organic
C05948,Customer 05948,Male,18,Hyderabad,Telangana,R02,Corporate,2023-04-18,Paid Search
C05949,Customer 05949,Male,28,Nagpur,Maharashtra,R04,Consumer,2024-06-07,Referral
C05950,Customer 05950,Female,23,Hyderabad,Telangana,R02,Consumer,2025-08-31,Paid Search
C05951,Customer 05951,Female,44,Mumbai,Maharashtra,R04,Consumer,2023-02-14,Organic
C05952,Customer 05952,Female,34,Ahmedabad,Gujarat,R04,Consumer,2023-12-01,Organic
C05953,Customer 05953,Female,46,Surat,Gujarat,R04,Small Business,2022-12-16,Organic
C05954,Customer 05954,Female,41,Delhi,Delhi,R07,Consumer,2025-04-10,Paid Search
C05955,Customer 05955,Female,41,Surat,Gujarat,R04,Consumer,2024-03-15,Paid Search
C05956,Customer 05956,Male,23,Hyderabad,Telangana,R02,Consumer,2023-03-04,Paid Search
C05957,Customer 05957,Male,40,Bengaluru,Karnataka,R02,Consumer,2025-08-25,Organic
C05958,Customer 05958,Female,49,Delhi,Delhi,R07,Consumer,2022-11-26,Organic
C05959,Customer 05959,Male,21,Hyderabad,Telangana,R02,Consumer,2022-06-20,Referral
C05960,Customer 05960,Male,32,Pune,Maharashtra,R04,Consumer,2023-01-12,Organic
C05961,Customer 05961,Male,39,Delhi,Delhi,R07,Corporate,2023-03-28,Paid Search
C05962,Customer 05962,Female,36,Gurugram,Haryana,R01,Small Business,2023-01-13,Partner
C05963,Customer 05963,Male,49,Bengaluru,Karnataka,R02,Consumer,2022-03-26,Email
C05964,Customer 05964,Female,42,Nagpur,Maharashtra,R04,Small Business,2025-12-12,Paid Search
C05965,Customer 05965,Male,39,Kolkata,West Bengal,R03,Consumer,2023-04-21,Social
C05966,Customer 05966,Female,43,Noida,Uttar Pradesh,R07,Consumer,2025-11-02,Partner
C05967,Customer 05967,Female,43,Bhubaneswar,Odisha,R03,Corporate,2024-10-12,Referral
C05968,Customer 05968,Female,35,Jodhpur,Rajasthan,R01,Corporate,2025-03-15,Social
C05969,Customer 05969,Female,31,Chennai,Tamil Nadu,R02,Consumer,2023-04-11,Social
C05970,Customer 05970,Female,45,Indore,Madhya Pradesh,R05,Enterprise,2024-08-16,Partner
C05971,Customer 05971,Male,28,Nagpur,Maharashtra,R04,Enterprise,2023-08-06,Organic
C05972,Customer 05972,Male,34,Delhi,Delhi,R07,Consumer,2023-06-16,Social
C05973,Customer 05973,Female,23,Bengaluru,Karnataka,R02,Consumer,2025-09-28,Paid Search
C05974,Customer 05974,Female,42,Dehradun,Uttarakhand,R01,Small Business,2025-06-09,Social
C05975,Customer 05975,Female,47,Ranchi,Jharkhand,R03,Small Business,2023-05-23,Organic
C05976,Customer 05976,Other,26,Noida,Uttar Pradesh,R07,Corporate,2022-01-06,Email
C05977,Customer 05977,Female,33,Patna,,R03,Consumer,2024-02-28,
C05978,Customer 05978,Female,30,Mumbai,Maharashtra,R04,Corporate,2025-11-02,Social
C05979,Customer 05979,Female,46,Faridabad,Haryana,R01,Consumer,2025-09-26,Partner
C05980,Customer 05980,Male,49,Hyderabad,Telangana,R02,Corporate,2023-11-25,Organic
C05981,Customer 05981,Female,30,Bengaluru,Karnataka,R02,Corporate,2024-01-13,Paid Search
C05982,Customer 05982,Female,18,Mysuru,,R02,Corporate,2025-06-11,Paid Search
C05983,Customer 05983,Female,47,Indore,Madhya Pradesh,R05,Consumer,2022-09-06,Social
C05984,Customer 05984,Male,35,Nagpur,Maharashtra,R04,Consumer,2023-02-05,Organic
C05985,Customer 05985,Female,35,Hyderabad,Telangana,R02,Corporate,2022-07-29,Referral
C05986,Customer 05986,Female,45,Nagpur,Maharashtra,R04,Consumer,2024-05-10,Referral
C05987,Customer 05987,Male,31,Delhi,Delhi,R07,Consumer,2025-08-06,Organic
C05988,Customer 05988,Male,29,Mumbai,Maharashtra,R04,Consumer,2023-04-03,Social
C05989,Customer 05989,Female,31,Visakhapatnam,Andhra Pradesh,R02,Small Business,2025-07-17,
C05990,Customer 05990,Female,40,Bengaluru,Karnataka,R02,Consumer,2024-01-17,Paid Search
C05991,Customer 05991,Female,44,Faridabad,Haryana,R01,Corporate,2023-01-02,Partner
C05992,Customer 05992,Female,51,Kolkata,West Bengal,R03,Consumer,2024-06-29,Paid Search
C05993,Customer 05993,Male,39,Ranchi,Jharkhand,R03,Small Business,2024-03-09,Organic
C05994,Customer 05994,Male,34,Kochi,Kerala,R02,Consumer,2022-09-01,Paid Search
C05995,Customer 05995,Female,44,Chennai,Tamil Nadu,R02,Consumer,2024-03-18,Social
C05996,Customer 05996,Male,25,Nagpur,Maharashtra,R04,Consumer,2022-12-05,Social
C05997,Customer 05997,Male,49,Chennai,Tamil Nadu,R02,Consumer,2023-09-08,Organic
C05998,Customer 05998,Male,37,Bhopal,Madhya Pradesh,R05,Small Business,2025-09-07,Organic
C05999,Customer 05999,Male,33,Raipur,Chhattisgarh,R05,Corporate,2025-12-24,Email
C06000,Customer 06000,Male,25,Indore,Madhya Pradesh,R05,Small Business,2023-08-10,Organic
C06001,Customer 06001,Female,41,Ahmedabad,Gujarat,R04,Corporate,2023-04-13,Organic
C06002,Customer 06002,Male,32,Gurugram,Haryana,R01,Small Business,2022-11-01,Partner
C06003,Customer 06003,Female,34,Coimbatore,Tamil Nadu,R02,Enterprise,2022-11-02,Referral
C06004,Customer 06004,Male,18,Gurugram,Haryana,R01,Corporate,2024-02-05,Organic
C06005,Customer 06005,Female,31,Delhi,Delhi,R07,Consumer,2025-11-13,Organic
C06006,Customer 06006,Male,29,Mysuru,Karnataka,R02,Consumer,2025-05-28,Paid Search
C06007,Customer 06007,Male,39,Hyderabad,Telangana,R02,Corporate,2023-02-28,Referral
C06008,Customer 06008,Male,32,Raipur,Chhattisgarh,R05,Small Business,2025-05-01,Organic
C06009,Customer 06009,Female,18,Bhubaneswar,Odisha,R03,Consumer,2023-11-20,Referral
C06010,Customer 06010,Female,31,Raipur,Chhattisgarh,R05,Consumer,2024-08-25,Organic
C06011,Customer 06011,Female,20,Patna,Bihar,R03,Corporate,2023-01-08,Organic
C06012,Customer 06012,Male,25,Kolkata,West Bengal,R03,Consumer,2025-04-03,Social
C06013,Customer 06013,Male,45,Delhi,Delhi,R07,Consumer,2023-11-12,Referral
C06014,Customer 06014,Female,18,Hyderabad,Telangana,R02,Small Business,2025-02-12,Referral
C06015,Customer 06015,Male,38,Faridabad,Haryana,R01,Consumer,2022-12-29,Organic
C06016,Customer 06016,Female,30,Delhi,Delhi,R07,Consumer,2025-11-08,Paid Search
C06017,Customer 06017,Female,28,Gurugram,Haryana,R01,Consumer,2023-09-09,Organic
C06018,Customer 06018,Female,25,Indore,Madhya Pradesh,R05,Consumer,2024-08-16,Organic
C06019,Customer 06019,Male,38,Patna,Bihar,R03,Consumer,2024-02-21,Paid Search
C06020,Customer 06020,Male,39,Vijayawada,Andhra Pradesh,R02,Consumer,2024-05-23,Social
C06021,Customer 06021,Male,18,Ranchi,Jharkhand,R03,Corporate,2023-01-11,Email
C06022,Customer 06022,Female,47,Kochi,Kerala,R02,Corporate,2025-08-16,Partner
C06023,Customer 06023,Female,23,Gurugram,Haryana,R01,Consumer,2022-11-01,Social
C06024,Customer 06024,Male,39,Guwahati,Assam,R06,Consumer,2023-06-13,Email
C06025,Customer 06025,Female,23,Bhopal,Madhya Pradesh,R05,Consumer,2023-09-22,Organic
C06026,Customer 06026,Male,30,Guwahati,Assam,R06,Consumer,2023-12-22,Email
C06027,Customer 06027,Male,22,Faridabad,Haryana,R01,Consumer,2022-11-27,Organic
C06028,Customer 06028,Male,30,Faridabad,Haryana,R01,Consumer,2025-06-09,Paid Search
C06029,Customer 06029,Female,33,Kochi,Kerala,R02,Consumer,2024-06-18,Organic
C06030,Customer 06030,Male,24,Amritsar,Punjab,R01,Small Business,2025-12-01,Social
C06031,Customer 06031,Male,38,Nagpur,Maharashtra,R04,Consumer,2023-05-29,Referral
C06032,Customer 06032,Male,39,Surat,Gujarat,R04,Enterprise,2023-09-08,Organic
C06033,Customer 06033,Male,62,Gurugram,Haryana,R01,Consumer,2024-04-13,Email
C06034,Customer 06034,Female,44,Delhi,Delhi,R07,Corporate,2024-05-11,Partner
C06035,Customer 06035,Male,47,Dehradun,Uttarakhand,R01,Consumer,2022-09-10,Social
C06036,Customer 06036,Female,18,Guwahati,Assam,R06,Small Business,2025-05-08,Organic
C06037,Customer 06037,Female,18,Kochi,Kerala,R02,Small Business,2025-12-24,Referral
C06038,Customer 06038,Male,32,Jodhpur,Rajasthan,R01,Consumer,2024-01-28,Paid Search
C06039,Customer 06039,Female,53,Kanpur,Uttar Pradesh,R07,Consumer,2023-07-07,Organic
C06040,Customer 06040,Female,60,Ahmedabad,Gujarat,R04,Enterprise,2023-08-15,Paid Search
C06041,Customer 06041,Female,28,Surat,Gujarat,R04,Small Business,2022-04-01,Paid Search
C06042,Customer 06042,Male,29,Delhi,Delhi,R07,Enterprise,2022-04-05,Organic
C06043,Customer 06043,,40,Bhubaneswar,Odisha,R03,Consumer,2023-07-01,Paid Search
C06044,Customer 06044,Female,33,Dehradun,Uttarakhand,R01,Consumer,2022-11-06,Paid Search
C06045,Customer 06045,Male,33,Mysuru,Karnataka,R02,Consumer,2023-03-08,Referral
C06046,Customer 06046,Female,41,Mumbai,Maharashtra,R04,Corporate,2023-04-30,Email
C06047,Customer 06047,Male,62,Nagpur,Maharashtra,R04,Consumer,2022-09-19,Email
C06048,Customer 06048,Female,48,Delhi,Delhi,R07,Consumer,2023-08-10,Organic
C06049,Customer 06049,Female,54,Jodhpur,Rajasthan,R01,Corporate,2022-02-23,Email
C06050,Customer 06050,Female,18,Mysuru,Karnataka,R02,Consumer,2025-02-08,Referral
C06051,Customer 06051,Male,46,Surat,Gujarat,R04,Corporate,2024-10-11,Organic
C06052,Customer 06052,Female,26,Mysuru,Karnataka,R02,Consumer,2022-09-01,Paid Search
C06053,Customer 06053,Male,52,Raipur,Chhattisgarh,R05,Small Business,2022-08-28,
C06054,Customer 06054,Female,49,Lucknow,Uttar Pradesh,R07,Consumer,2022-09-27,Paid Search
C06055,Customer 06055,Female,41,Delhi,Delhi,R07,Corporate,2024-05-08,Email
C06056,Customer 06056,Male,28,Delhi,Delhi,R07,Consumer,2022-04-21,
C06057,Customer 06057,Female,30,Gurugram,Haryana,R01,Consumer,2022-01-12,Organic
C06058,Customer 06058,Female,31,Coimbatore,Tamil Nadu,R02,Consumer,2024-04-14,Referral
C06059,Customer 06059,Female,43,Indore,Madhya Pradesh,R05,Small Business,2025-09-21,Email
C06060,Customer 06060,Male,39,Guwahati,Assam,R06,Consumer,2023-11-17,Social
C06061,Customer 06061,Male,49,Hyderabad,Telangana,R02,Consumer,2023-01-10,Social
C06062,Customer 06062,Male,51,Nagpur,Maharashtra,R04,Corporate,2025-04-29,Email
C06063,Customer 06063,Female,27,Faridabad,Haryana,R01,Consumer,2025-05-02,Organic
C06064,Customer 06064,Male,40,Pune,Maharashtra,R04,Consumer,2025-05-06,Social
C06065,Customer 06065,Male,40,Pune,Maharashtra,R04,Consumer,2023-07-09,Partner
C06066,Customer 06066,Male,34,Guwahati,Assam,R06,Consumer,2022-03-01,Email
C06067,Customer 06067,Female,44,Bengaluru,Karnataka,R02,Consumer,2025-12-30,Organic
C06068,Customer 06068,Male,40,Noida,Uttar Pradesh,R07,Consumer,2025-07-31,Partner
C06069,Customer 06069,Female,29,Jaipur,Rajasthan,R01,Consumer,2024-01-03,Organic
C06070,Customer 06070,Male,34,Gurugram,Haryana,R01,Consumer,2025-02-20,Social
C06071,Customer 06071,Female,32,Kochi,Kerala,R02,Corporate,2025-11-07,Referral
C06072,Customer 06072,Female,28,Delhi,Delhi,R07,Corporate,2022-03-26,Organic
C06073,Customer 06073,Female,34,Delhi,Delhi,R07,Consumer,2023-11-17,Organic
C06074,Customer 06074,Female,22,Amritsar,Punjab,R01,Consumer,2025-06-12,Social
C06075,Customer 06075,Male,40,Indore,Madhya Pradesh,R05,Corporate,2024-11-09,Organic
C06076,Customer 06076,Male,49,Bengaluru,Karnataka,R02,Consumer,2022-06-10,Paid Search
C06077,Customer 06077,Male,36,Hyderabad,Telangana,R02,Small Business,2022-04-03,Referral
C06078,Customer 06078,Male,44,Mumbai,Maharashtra,R04,Consumer,2023-04-21,Referral
C06079,Customer 06079,Female,37,Delhi,Delhi,R07,Consumer,2023-10-13,Partner
C06080,Customer 06080,Male,25,Raipur,Chhattisgarh,R05,Consumer,2022-06-30,Partner
C06081,Customer 06081,Female,55,Ludhiana,Punjab,R01,Corporate,2023-01-31,Partner
C06082,Customer 06082,Male,18,Delhi,,R07,Consumer,2024-01-19,Paid Search
C06083,Customer 06083,Female,35,Chennai,Tamil Nadu,R02,Consumer,2025-03-04,Organic
C06084,Customer 06084,Female,27,Delhi,Delhi,R07,Consumer,2024-04-08,Referral
C06085,Customer 06085,Female,51,Delhi,Delhi,R07,Corporate,2024-02-17,Partner
C06086,Customer 06086,Male,37,Bhopal,Madhya Pradesh,R05,Consumer,2024-12-19,Email
C06087,Customer 06087,Female,61,Mysuru,Karnataka,R02,Corporate,2024-07-24,Referral
C06088,Customer 06088,Female,35,Noida,Uttar Pradesh,R07,Consumer,2022-11-27,Email
C06089,Customer 06089,Male,27,Mumbai,Maharashtra,R04,Consumer,2023-01-06,Paid Search
C06090,Customer 06090,Female,18,Patna,Bihar,R03,Consumer,2022-06-19,Social
C06091,Customer 06091,Female,46,Delhi,Delhi,R07,Enterprise,2022-06-20,Organic
C06092,Customer 06092,Male,27,Gurugram,Haryana,R01,Consumer,2025-04-26,Referral
C06093,Customer 06093,Male,31,Chennai,Tamil Nadu,R02,Consumer,2024-09-21,Paid Search
C06094,Customer 06094,Male,47,Coimbatore,Tamil Nadu,R02,Small Business,2024-07-26,Organic
C06095,Customer 06095,Female,46,Ranchi,Jharkhand,R03,Consumer,2023-10-09,Organic
C06096,Customer 06096,Female,29,Mumbai,Maharashtra,R04,Consumer,2022-05-13,Social
C06097,Customer 06097,,30,Delhi,Delhi,R07,Consumer,2023-09-02,Social
C06098,Customer 06098,Male,18,Bengaluru,Karnataka,R02,Corporate,2022-08-13,Email
C06099,Customer 06099,Female,18,Hyderabad,Telangana,R02,Consumer,2025-11-09,Partner
C06100,Customer 06100,Female,43,Faridabad,Haryana,R01,Small Business,2023-08-12,Paid Search
C06101,Customer 06101,Male,44,Bengaluru,Karnataka,R02,Small Business,2022-06-22,Paid Search
C06102,Customer 06102,Female,39,Amritsar,Punjab,R01,Consumer,2023-02-18,Paid Search
C06103,Customer 06103,Female,37,Bhopal,Madhya Pradesh,R05,Consumer,2024-07-29,Paid Search
C06104,Customer 06104,Male,28,Bhopal,Madhya Pradesh,R05,Small Business,2023-10-21,Referral
C06105,Customer 06105,Male,50,Ahmedabad,Gujarat,R04,Small Business,2022-03-30,Referral
C06106,Customer 06106,Female,18,Ranchi,Jharkhand,R03,Small Business,2023-06-13,Organic
C06107,Customer 06107,Male,30,Dehradun,Uttarakhand,R01,Consumer,2024-09-27,Social
C06108,Customer 06108,Male,37,Faridabad,Haryana,R01,Corporate,2024-02-16,Email
C06109,Customer 06109,Female,35,Nagpur,Maharashtra,R04,Corporate,2024-03-28,Organic
C06110,Customer 06110,Female,35,Coimbatore,Tamil Nadu,R02,Enterprise,2024-08-23,Partner
C06111,Customer 06111,Female,30,Delhi,Delhi,R07,Consumer,2024-11-28,Organic
C06112,Customer 06112,Male,40,Mumbai,Maharashtra,R04,Small Business,2023-09-17,Paid Search
C06113,Customer 06113,Female,23,Kanpur,Uttar Pradesh,R07,Corporate,2025-01-01,Paid Search
C06114,Customer 06114,Female,34,Visakhapatnam,Andhra Pradesh,R02,Small Business,2025-08-16,Organic
C06115,Customer 06115,Male,39,Surat,Gujarat,R04,Corporate,2022-07-12,Organic
C06116,Customer 06116,Male,32,Patna,Bihar,R03,Small Business,2024-11-30,Organic
C06117,Customer 06117,Male,35,Nagpur,Maharashtra,R04,Consumer,2023-02-06,Organic
C06118,Customer 06118,Female,37,Gurugram,Haryana,R01,Consumer,2022-06-07,Social
C06119,Customer 06119,Female,18,Raipur,Chhattisgarh,R05,Consumer,2023-01-04,Organic
C06120,Customer 06120,Female,18,Delhi,Delhi,R07,Small Business,2025-09-20,Organic
C06121,Customer 06121,Male,36,Delhi,Delhi,R07,Consumer,2024-06-07,Social
C06122,Customer 06122,Male,29,Nagpur,Maharashtra,R04,Corporate,2023-11-01,Social
C06123,Customer 06123,Female,30,Kolkata,West Bengal,R03,Enterprise,2023-01-13,Referral
C06124,Customer 06124,Male,41,Pune,Maharashtra,R04,Small Business,2024-02-18,Social
C06125,Customer 06125,Male,25,Delhi,Delhi,R07,Corporate,2024-01-24,Partner
C06126,Customer 06126,Female,18,Nagpur,Maharashtra,R04,Small Business,2023-08-19,Organic
C06127,Customer 06127,Female,52,Lucknow,Uttar Pradesh,R07,Consumer,2023-10-08,Email
C06128,Customer 06128,Female,47,Delhi,Delhi,R07,Consumer,2024-11-23,Paid Search
C06129,Customer 06129,Male,47,Mysuru,Karnataka,R02,Consumer,2024-05-05,Partner
C06130,Customer 06130,Female,24,Faridabad,Haryana,R01,Small Business,2022-02-11,Organic
C06131,Customer 06131,Female,34,Jodhpur,Rajasthan,R01,Consumer,2023-05-29,Partner
C06132,Customer 06132,Female,22,Hyderabad,Telangana,R02,Consumer,2022-04-01,Partner
C06133,Customer 06133,Male,34,Patna,Bihar,R03,Corporate,2025-09-13,Organic
C06134,Customer 06134,Male,32,Noida,Uttar Pradesh,R07,Consumer,2023-04-16,Paid Search
C06135,Customer 06135,Male,24,Nagpur,Maharashtra,R04,Small Business,2025-11-10,Organic
C06136,Customer 06136,Female,40,Noida,Uttar Pradesh,R07,Consumer,2022-12-31,Organic
C06137,Customer 06137,Female,32,Visakhapatnam,Andhra Pradesh,R02,Small Business,2023-05-28,Paid Search
C06138,Customer 06138,Other,52,Ludhiana,Punjab,R01,Consumer,2023-08-24,Social
C06139,Customer 06139,Female,36,Ludhiana,Punjab,R01,Small Business,2025-08-28,Paid Search
C06140,Customer 06140,Male,18,Surat,Gujarat,R04,Corporate,2022-05-12,Paid Search
C06141,Customer 06141,Male,18,Amritsar,Punjab,R01,Consumer,2025-03-04,Paid Search
C06142,Customer 06142,Male,56,Faridabad,Haryana,R01,Consumer,2024-08-17,Organic
C06143,Customer 06143,Female,31,Delhi,Delhi,R07,Small Business,2022-11-27,Organic
C06144,Customer 06144,Male,37,Hyderabad,Telangana,R02,Consumer,2025-05-17,Social
C06145,Customer 06145,Male,35,Chennai,Tamil Nadu,R02,Corporate,2024-04-02,Organic
C06146,Customer 06146,Female,49,Hyderabad,Telangana,R02,Consumer,2024-01-07,Email
C06147,Customer 06147,Female,18,Bhubaneswar,Odisha,R03,Small Business,2023-07-06,Referral
C06148,Customer 06148,Female,48,Mumbai,Maharashtra,R04,Consumer,2023-09-04,Partner
C06149,Customer 06149,Male,48,Kochi,Kerala,R02,Corporate,2025-03-16,Paid Search
C06150,Customer 06150,Female,35,Patna,,R03,Consumer,2025-11-18,Organic
C06151,Customer 06151,Male,39,Bhopal,Madhya Pradesh,R05,Consumer,2025-07-30,Organic
C06152,Customer 06152,Female,31,Kolkata,West Bengal,R03,Consumer,2023-05-05,Paid Search
C06153,Customer 06153,Female,18,Pune,Maharashtra,R04,Small Business,2024-06-28,Partner
C06154,Customer 06154,Male,41,Jodhpur,Rajasthan,R01,Corporate,2025-12-29,Social
C06155,Customer 06155,Male,37,Ahmedabad,Gujarat,R04,Enterprise,2024-07-09,Partner
C06156,Customer 06156,Male,38,Delhi,Delhi,R07,Small Business,2022-01-04,
C06157,Customer 06157,Male,40,Surat,Gujarat,R04,Corporate,2024-11-19,Paid Search
C06158,Customer 06158,Female,29,Delhi,Delhi,R07,Consumer,2024-04-14,Paid Search
C06159,Customer 06159,Male,50,Delhi,Delhi,R07,Small Business,2023-12-25,Paid Search
C06160,Customer 06160,Male,35,Visakhapatnam,Andhra Pradesh,R02,Consumer,2022-02-23,Referral
C06161,Customer 06161,Female,40,Kolkata,West Bengal,R03,Consumer,2023-11-19,Social
C06162,Customer 06162,Female,32,Chennai,Tamil Nadu,R02,Small Business,2025-02-28,Organic
C06163,Customer 06163,Female,46,Mumbai,Maharashtra,R04,Enterprise,2024-04-02,Partner
C06164,Customer 06164,Female,36,Chennai,Tamil Nadu,R02,Consumer,2023-01-29,Email
C06165,Customer 06165,Female,34,Kochi,Kerala,R02,Consumer,2025-04-10,Partner
C06166,Customer 06166,Male,47,Hyderabad,Telangana,R02,Corporate,2023-10-17,
C06167,Customer 06167,Female,18,Chennai,Tamil Nadu,R02,Small Business,2024-08-03,Referral
C06168,Customer 06168,Female,32,Surat,Gujarat,R04,Consumer,2022-01-22,Referral
C06169,Customer 06169,Male,29,Pune,Maharashtra,R04,Small Business,2022-07-30,Organic
C06170,Customer 06170,Other,39,Kolkata,West Bengal,R03,Consumer,2022-10-20,Organic
C06171,Customer 06171,Female,38,Dehradun,Uttarakhand,R01,Consumer,2022-07-25,Organic
C06172,Customer 06172,Male,35,Ahmedabad,Gujarat,R04,Corporate,2023-09-15,Organic
C06173,Customer 06173,Female,28,Pune,Maharashtra,R04,Consumer,2023-08-31,Referral
C06174,Customer 06174,Male,35,Surat,Gujarat,R04,Small Business,2022-04-28,Partner
C06175,Customer 06175,Female,38,Surat,Gujarat,R04,Consumer,2024-08-20,Partner
C06176,Customer 06176,Male,33,Dehradun,Uttarakhand,R01,Small Business,2023-12-07,Organic
C06177,Customer 06177,Female,46,Kolkata,West Bengal,R03,Consumer,2023-07-26,Referral
C06178,Customer 06178,Female,41,Pune,Maharashtra,R04,Enterprise,2022-12-21,Organic
C06179,Customer 06179,Male,35,Pune,Maharashtra,R04,Small Business,2023-07-12,Organic
C06180,Customer 06180,Female,18,Surat,Gujarat,R04,Consumer,2022-08-27,Email
C06181,Customer 06181,Male,33,Delhi,Delhi,R07,Enterprise,2025-08-01,Partner
C06182,Customer 06182,Male,41,Mysuru,Karnataka,R02,Consumer,2024-01-22,Partner
C06183,Customer 06183,Male,32,Bhopal,Madhya Pradesh,R05,Consumer,2025-06-22,Social
C06184,Customer 06184,Female,38,Hyderabad,Telangana,R02,Small Business,2025-06-04,Referral
C06185,Customer 06185,Female,33,Ludhiana,Punjab,R01,Small Business,2023-11-26,Paid Search
C06186,Customer 06186,Male,37,Patna,Bihar,R03,Corporate,2023-08-05,Referral
C06187,Customer 06187,Female,49,Kolkata,West Bengal,R03,Enterprise,2024-11-15,
C06188,Customer 06188,Female,43,Kanpur,Uttar Pradesh,R07,Consumer,2023-07-15,Organic
C06189,Customer 06189,Male,22,Hyderabad,Telangana,R02,Consumer,2023-10-23,Partner
C06190,Customer 06190,Other,18,Chennai,Tamil Nadu,R02,Consumer,2023-08-22,Paid Search
C06191,Customer 06191,Male,39,Bhopal,Madhya Pradesh,R05,Consumer,2024-05-31,Partner
C06192,Customer 06192,Female,47,Faridabad,Haryana,R01,Corporate,2022-03-21,Organic
C06193,Customer 06193,Female,18,Amritsar,Punjab,R01,Consumer,2023-02-06,Email
C06194,Customer 06194,Female,33,Bengaluru,Karnataka,R02,Consumer,2024-09-21,Partner
C06195,Customer 06195,Male,59,Delhi,Delhi,R07,Consumer,2023-12-28,Organic
C06196,Customer 06196,Male,32,Ahmedabad,Gujarat,R04,Consumer,2024-10-08,Paid Search
C06197,Customer 06197,Female,60,Bhubaneswar,Odisha,R03,Small Business,2024-07-27,
C06198,Customer 06198,Female,27,Faridabad,Haryana,R01,Consumer,2023-05-01,Organic
C06199,Customer 06199,Female,29,Ahmedabad,Gujarat,R04,Corporate,2023-10-08,Paid Search
C06200,Customer 06200,Female,28,Dehradun,Uttarakhand,R01,Small Business,2022-04-12,Organic
C06201,Customer 06201,Female,22,Bengaluru,Karnataka,R02,Consumer,2025-01-14,Organic
C06202,Customer 06202,Male,18,Bengaluru,Karnataka,R02,Small Business,2023-10-11,Organic
C06203,Customer 06203,Male,33,Bengaluru,Karnataka,R02,Enterprise,2023-01-26,Organic
C06204,Customer 06204,Male,36,Ludhiana,Punjab,R01,Consumer,2024-02-20,Organic
C06205,Customer 06205,Male,28,Gurugram,Haryana,R01,Corporate,2022-01-19,Partner
C06206,Customer 06206,Female,30,Kolkata,West Bengal,R03,Consumer,2023-08-30,Organic
C06207,Customer 06207,Male,49,Pune,Maharashtra,R04,Consumer,2025-08-28,Organic
C06208,Customer 06208,Male,45,Jodhpur,Rajasthan,R01,Corporate,2023-07-14,Email
C06209,Customer 06209,Male,32,Delhi,Delhi,R07,Corporate,2023-06-12,Email
C06210,Customer 06210,Female,39,Bhopal,Madhya Pradesh,R05,Small Business,2023-10-20,Social
C06211,Customer 06211,Male,19,Delhi,Delhi,R07,Corporate,2023-01-04,Paid Search
C06212,Customer 06212,Male,38,Patna,Bihar,R03,Small Business,2022-11-18,Paid Search
C06213,Customer 06213,Female,34,Nagpur,Maharashtra,R04,Corporate,2023-11-27,Partner
C06214,Customer 06214,Male,31,Coimbatore,Tamil Nadu,R02,Consumer,2024-08-25,Partner
C06215,Customer 06215,Female,35,Noida,Uttar Pradesh,R07,Consumer,2022-12-31,Organic
C06216,Customer 06216,Male,34,Faridabad,Haryana,R01,Consumer,2022-11-06,Social
C06217,Customer 06217,Female,22,Bengaluru,Karnataka,R02,Corporate,2024-12-07,Referral
C06218,Customer 06218,Male,52,Kolkata,West Bengal,R03,Consumer,2024-01-01,Email
C06219,Customer 06219,Male,45,Ludhiana,Punjab,R01,Consumer,2023-03-25,Organic
C06220,Customer 06220,Male,31,Ahmedabad,Gujarat,R04,Consumer,2025-05-22,Partner
C06221,Customer 06221,Female,18,Surat,Gujarat,R04,Consumer,2025-12-19,Email
C06222,Customer 06222,Female,18,Noida,Uttar Pradesh,R07,Consumer,2025-05-23,Social
C06223,Customer 06223,Male,55,Coimbatore,,R02,Consumer,2023-02-08,Social
C06224,Customer 06224,Female,33,Gurugram,Haryana,R01,Consumer,2025-11-26,Social
C06225,Customer 06225,Male,43,Mysuru,Karnataka,R02,Consumer,2023-06-13,Email
C06226,Customer 06226,Female,26,Faridabad,Haryana,R01,Consumer,2022-04-26,Social
C06227,Customer 06227,Female,32,Mysuru,Karnataka,R02,Small Business,2024-02-26,Email
C06228,Customer 06228,Male,32,Mumbai,Maharashtra,R04,Consumer,2025-10-28,Partner
C06229,Customer 06229,Male,37,Surat,Gujarat,R04,Consumer,2022-01-05,Referral
C06230,Customer 06230,Female,36,Ahmedabad,Gujarat,R04,Consumer,2022-01-12,Organic
C06231,Customer 06231,Female,26,Kochi,Kerala,R02,Corporate,2022-01-07,Paid Search
C06232,Customer 06232,Female,26,Bengaluru,Karnataka,R02,Consumer,2025-05-13,Organic
C06233,Customer 06233,Male,34,Indore,Madhya Pradesh,R05,Consumer,2022-12-08,Organic
C06234,Customer 06234,Female,18,Noida,Uttar Pradesh,R07,Small Business,2023-12-26,Referral
C06235,Customer 06235,Male,27,Mumbai,Maharashtra,R04,Enterprise,2022-04-30,Social
C06236,Customer 06236,Other,33,Delhi,Delhi,R07,Consumer,2025-10-11,Organic
C06237,Customer 06237,Female,39,Surat,Gujarat,R04,Corporate,2025-01-15,Referral
C06238,Customer 06238,Female,50,Hyderabad,Telangana,R02,Consumer,2024-04-12,Organic
C06239,Customer 06239,Female,30,Indore,,R05,Consumer,2025-06-27,Partner
C06240,Customer 06240,Female,35,Chennai,Tamil Nadu,R02,Consumer,2022-10-26,Referral
C06241,Customer 06241,Male,18,Hyderabad,Telangana,R02,Corporate,2023-08-27,Organic
C06242,Customer 06242,Female,38,Amritsar,,R01,Consumer,2025-11-18,Partner
C06243,Customer 06243,Male,26,Delhi,Delhi,R07,Consumer,2024-01-25,Organic
C06244,Customer 06244,Male,32,Bhubaneswar,Odisha,R03,Consumer,2023-03-21,Organic
C06245,Customer 06245,Male,40,Gurugram,Haryana,R01,Consumer,2024-06-14,Paid Search
C06246,Customer 06246,Male,40,Delhi,Delhi,R07,Consumer,2025-09-28,Organic
C06247,Customer 06247,Male,20,Visakhapatnam,Andhra Pradesh,R02,Consumer,2022-05-19,Email
C06248,Customer 06248,Female,43,Ranchi,Jharkhand,R03,Consumer,2025-12-24,Partner
C06249,Customer 06249,Male,35,Coimbatore,Tamil Nadu,R02,Consumer,2023-11-18,Email
C06250,Customer 06250,Male,48,Nagpur,Maharashtra,R04,Consumer,2022-05-11,Paid Search
C06251,Customer 06251,Male,50,Indore,Madhya Pradesh,R05,Small Business,2025-11-02,Paid Search
C06252,Customer 06252,Female,51,Ludhiana,Punjab,R01,Consumer,2024-04-12,Paid Search
C06253,Customer 06253,Female,21,Ahmedabad,Gujarat,R04,Consumer,2022-10-31,Organic
C06254,Customer 06254,Female,39,Pune,,R04,Small Business,2022-09-25,Partner
C06255,Customer 06255,Female,19,Kochi,Kerala,R02,Corporate,2022-05-03,Organic
C06256,Customer 06256,Female,48,Kochi,Kerala,R02,Consumer,2024-02-13,Organic
C06257,Customer 06257,Male,49,Hyderabad,Telangana,R02,Consumer,2023-02-14,Referral
C06258,Customer 06258,Female,45,Gurugram,Haryana,R01,Consumer,2023-04-09,Social
C06259,Customer 06259,Male,31,Mysuru,Karnataka,R02,Consumer,2024-03-11,Partner
C06260,Customer 06260,Male,40,Noida,Uttar Pradesh,R07,Small Business,2025-11-01,Partner
C06261,Customer 06261,Female,29,Guwahati,Assam,R06,Corporate,2025-06-22,Paid Search
C06262,Customer 06262,Male,35,Faridabad,Haryana,R01,Consumer,2022-06-03,Partner
C06263,Customer 06263,Female,34,Delhi,Delhi,R07,Consumer,2023-06-03,Partner
C06264,Customer 06264,Male,18,Kolkata,West Bengal,R03,Consumer,2022-11-19,Email
C06265,Customer 06265,Female,27,Ahmedabad,Gujarat,R04,Consumer,2023-05-19,Partner
C06266,Customer 06266,Male,58,Bhopal,Madhya Pradesh,R05,Consumer,2025-08-11,Social
C06267,Customer 06267,,34,Delhi,Delhi,R07,Consumer,2023-05-17,Organic
C06268,Customer 06268,Female,37,Indore,Madhya Pradesh,R05,Small Business,2024-08-03,Email
C06269,Customer 06269,Male,35,Delhi,Delhi,R07,Corporate,2025-05-13,Paid Search
C06270,Customer 06270,Male,31,Delhi,Delhi,R07,Small Business,2023-02-03,Partner
C06271,Customer 06271,Female,35,Ahmedabad,Gujarat,R04,Small Business,2023-11-17,Social
C06272,Customer 06272,Male,31,Lucknow,Uttar Pradesh,R07,Small Business,2025-04-03,Social
C06273,Customer 06273,Male,18,Coimbatore,Tamil Nadu,R02,Enterprise,2023-04-30,Email
C06274,Customer 06274,Female,43,Delhi,Delhi,R07,Consumer,2024-09-03,Paid Search
C06275,Customer 06275,Female,51,Delhi,Delhi,R07,Consumer,2022-09-16,Organic
C06276,Customer 06276,Male,23,Patna,Bihar,R03,Consumer,2025-09-04,Email
C06277,Customer 06277,Female,31,Amritsar,Punjab,R01,Corporate,2022-07-03,Paid Search
C06278,Customer 06278,Male,50,Hyderabad,Telangana,R02,Corporate,2024-10-04,Email
C06279,Customer 06279,Female,27,Patna,Bihar,R03,Consumer,2025-11-24,Partner
C06280,Customer 06280,Male,39,Delhi,Delhi,R07,Small Business,2022-07-28,Paid Search
C06281,Customer 06281,Male,78,Bhubaneswar,Odisha,R03,Small Business,2023-12-12,Referral
C06282,Customer 06282,Male,41,Jodhpur,Rajasthan,R01,Corporate,2025-10-18,Organic
C06283,Customer 06283,Other,36,Pune,Maharashtra,R04,Consumer,2022-04-16,Email
C06284,Customer 06284,Male,44,Delhi,Delhi,R07,Consumer,2023-03-25,Paid Search
C06285,Customer 06285,Female,43,Bhopal,Madhya Pradesh,R05,Consumer,2025-08-17,Organic
C06286,Customer 06286,Male,28,Mysuru,Karnataka,R02,Consumer,2022-07-15,Partner
C06287,Customer 06287,Female,18,Mysuru,Karnataka,R02,Corporate,2025-10-25,Paid Search
C06288,Customer 06288,Male,41,Ranchi,Jharkhand,R03,Consumer,2024-12-26,Email
C06289,Customer 06289,Female,42,Nagpur,Maharashtra,R04,Consumer,2022-12-13,
C06290,Customer 06290,Female,32,Kochi,Kerala,R02,Consumer,2022-10-30,Partner
C06291,Customer 06291,Male,51,Kolkata,West Bengal,R03,Corporate,2023-04-07,Referral
C06292,Customer 06292,Male,49,Kochi,Kerala,R02,Consumer,2024-02-13,Referral
C06293,Customer 06293,Female,43,Kochi,Kerala,R02,Enterprise,2025-11-04,Organic
C06294,Customer 06294,Male,32,Dehradun,Uttarakhand,R01,Consumer,2025-03-04,Referral
C06295,Customer 06295,Female,18,Faridabad,Haryana,R01,Small Business,2022-01-24,Social
C06296,Customer 06296,Female,33,Bhopal,Madhya Pradesh,R05,Consumer,2024-05-10,Referral
C06297,Customer 06297,Male,18,Indore,Madhya Pradesh,R05,Consumer,2023-04-19,Partner
C06298,Customer 06298,Male,18,Hyderabad,Telangana,R02,Enterprise,2024-02-14,Referral
C06299,Customer 06299,,41,Jodhpur,Rajasthan,R01,Corporate,2023-09-21,Social
C06300,Customer 06300,Female,47,Ranchi,Jharkhand,R03,Corporate,2024-05-10,Email
C06301,Customer 06301,Female,18,Amritsar,Punjab,R01,Corporate,2025-01-30,Referral
C06302,Customer 06302,Female,32,Mysuru,Karnataka,R02,Consumer,2022-12-14,Email
C06303,Customer 06303,Female,35,Mysuru,Karnataka,R02,Small Business,2023-06-22,Partner
C06304,Customer 06304,Female,32,Faridabad,Haryana,R01,Consumer,2022-03-09,Organic
C06305,Customer 06305,Male,21,Kolkata,West Bengal,R03,Small Business,2023-05-10,Social
C06306,Customer 06306,Male,48,Delhi,Delhi,R07,Small Business,2025-12-15,Organic
C06307,Customer 06307,Male,21,Kolkata,West Bengal,R03,Small Business,2024-12-01,Referral
C06308,Customer 06308,Male,18,Raipur,Chhattisgarh,R05,Corporate,2024-09-14,Paid Search
C06309,Customer 06309,Male,21,Nagpur,Maharashtra,R04,Corporate,2025-05-25,Referral
C06310,Customer 06310,Female,40,Kolkata,West Bengal,R03,Consumer,2024-04-11,Organic
C06311,Customer 06311,Male,32,Faridabad,Haryana,R01,Consumer,2022-05-17,Referral
C06312,Customer 06312,Male,27,Bhopal,Madhya Pradesh,R05,Small Business,2024-08-19,Organic
C06313,Customer 06313,Female,40,Visakhapatnam,Andhra Pradesh,R02,Corporate,2022-07-28,Paid Search
C06314,Customer 06314,Female,38,Gurugram,Haryana,R01,Consumer,2022-10-13,Social
C06315,Customer 06315,Male,18,Kolkata,West Bengal,R03,Small Business,2024-08-21,Referral
C06316,Customer 06316,Male,40,Mysuru,Karnataka,R02,Consumer,2025-09-11,Social
C06317,Customer 06317,Male,47,Bengaluru,Karnataka,R02,Small Business,2023-04-05,Referral
C06318,Customer 06318,Male,34,Kolkata,West Bengal,R03,Small Business,2023-03-15,Organic
C06319,Customer 06319,Male,33,Mysuru,Karnataka,R02,Consumer,2024-09-03,Referral
C06320,Customer 06320,Male,54,Chennai,Tamil Nadu,R02,Consumer,2023-04-03,Paid Search
C06321,Customer 06321,Female,28,Lucknow,Uttar Pradesh,R07,Corporate,2022-09-12,Organic
C06322,Customer 06322,Female,33,Nagpur,Maharashtra,R04,Consumer,2022-12-03,Email
C06323,Customer 06323,Male,38,Raipur,Chhattisgarh,R05,Enterprise,2025-03-20,Partner
C06324,Customer 06324,Male,35,Faridabad,Haryana,R01,Consumer,2024-06-14,Organic
C06325,Customer 06325,Female,32,Coimbatore,Tamil Nadu,R02,Consumer,2023-04-15,Organic
C06326,Customer 06326,Female,36,Ludhiana,Punjab,R01,Consumer,2025-12-26,Email
C06327,Customer 06327,Female,51,Bhopal,Madhya Pradesh,R05,Small Business,2023-05-05,Partner
C06328,Customer 06328,Female,43,Chennai,Tamil Nadu,R02,Consumer,2024-09-29,Paid Search
C06329,Customer 06329,Female,34,Nagpur,Maharashtra,R04,Small Business,2022-09-19,Email
C06330,Customer 06330,Female,26,Noida,Uttar Pradesh,R07,Enterprise,2025-10-04,Organic
C06331,Customer 06331,Male,28,Surat,Gujarat,R04,Corporate,2022-11-05,Organic
C06332,Customer 06332,Female,45,Visakhapatnam,Andhra Pradesh,R02,Consumer,2023-09-22,Organic
C06333,Customer 06333,Female,19,Bengaluru,Karnataka,R02,Consumer,2024-05-24,Referral
C06334,Customer 06334,Male,59,Bengaluru,Karnataka,R02,Small Business,2024-01-31,Social
C06335,Customer 06335,Female,35,Patna,Bihar,R03,Consumer,2024-04-29,Referral
C06336,Customer 06336,Male,21,Pune,Maharashtra,R04,Small Business,2025-02-05,Organic
C06337,Customer 06337,Female,37,Surat,Gujarat,R04,Small Business,2025-04-19,Organic
C06338,Customer 06338,Male,27,Nagpur,Maharashtra,R04,Corporate,2023-05-11,Social
C06339,Customer 06339,Female,31,Gurugram,Haryana,R01,Corporate,2024-07-09,Social
C06340,Customer 06340,Male,20,Kolkata,West Bengal,R03,Enterprise,2024-04-11,Paid Search
C06341,Customer 06341,Female,33,Guwahati,Assam,R06,Small Business,2023-09-18,Referral
C06342,Customer 06342,Female,18,Kochi,Kerala,R02,Corporate,2024-01-10,Paid Search
C06343,Customer 06343,Male,29,Guwahati,Assam,R06,Consumer,2025-03-19,Email
C06344,Customer 06344,Male,27,Surat,Gujarat,R04,Consumer,2024-09-19,
C06345,Customer 06345,Male,30,Jaipur,Rajasthan,R01,Consumer,2022-01-25,Paid Search
C06346,Customer 06346,Female,27,Hyderabad,Telangana,R02,Enterprise,2022-04-04,Partner
C06347,Customer 06347,Female,35,Visakhapatnam,Andhra Pradesh,R02,Corporate,2024-10-22,Social
C06348,Customer 06348,Male,44,Patna,Bihar,R03,Small Business,2024-02-16,Social
C06349,Customer 06349,Female,39,Mysuru,Karnataka,R02,Consumer,2024-03-04,Referral
C06350,Customer 06350,Female,48,Kolkata,West Bengal,R03,Small Business,2025-05-21,Partner
C06351,Customer 06351,Female,30,Bhubaneswar,Odisha,R03,Consumer,2022-11-19,Organic
C06352,Customer 06352,Male,38,Kochi,Kerala,R02,Corporate,2023-01-08,Organic
C06353,Customer 06353,Male,39,Patna,Bihar,R03,Consumer,2024-07-20,Email
C06354,Customer 06354,Female,47,Surat,Gujarat,R04,Small Business,2025-02-15,Paid Search
C06355,Customer 06355,Male,28,Jaipur,Rajasthan,R01,Corporate,2025-12-12,Email
C06356,Customer 06356,Male,43,Bengaluru,Karnataka,R02,Consumer,2025-09-19,Paid Search
C06357,Customer 06357,Female,26,Nagpur,Maharashtra,R04,Consumer,2023-05-22,Partner
C06358,Customer 06358,Male,29,Visakhapatnam,Andhra Pradesh,R02,Consumer,2022-09-17,Organic
C06359,Customer 06359,Female,31,Bengaluru,Karnataka,R02,Consumer,2024-07-21,Partner
C06360,Customer 06360,Other,40,Mysuru,Karnataka,R02,Consumer,2022-10-01,Email
C06361,Customer 06361,Female,24,Pune,Maharashtra,R04,Consumer,2023-10-04,Partner
C06362,Customer 06362,Female,26,Hyderabad,Telangana,R02,Consumer,2023-03-17,Organic
C06363,Customer 06363,Female,29,Bengaluru,Karnataka,R02,Consumer,2023-07-28,Paid Search
C06364,Customer 06364,Female,35,Gurugram,Haryana,R01,Corporate,2025-07-17,Organic
C06365,Customer 06365,Female,26,Guwahati,Assam,R06,Consumer,2023-03-25,Email
C06366,Customer 06366,Female,38,Mumbai,Maharashtra,R04,Consumer,2025-05-30,Organic
C06367,Customer 06367,Female,31,Ahmedabad,Gujarat,R04,Small Business,2022-12-01,Social
C06368,Customer 06368,Male,42,Ludhiana,Punjab,R01,Consumer,2023-03-13,Organic
C06369,Customer 06369,Male,36,Bengaluru,Karnataka,R02,Corporate,2022-12-11,Referral
C06370,Customer 06370,Male,53,Kolkata,West Bengal,R03,Small Business,2024-12-29,Referral
C06371,Customer 06371,Female,36,Guwahati,Assam,R06,Small Business,2025-02-05,Organic
C06372,Customer 06372,Female,23,Delhi,Delhi,R07,Consumer,2022-02-21,Referral
C06373,Customer 06373,Other,33,Ranchi,Jharkhand,R03,Consumer,2023-04-19,Organic
C06374,Customer 06374,Female,35,Kolkata,West Bengal,R03,Small Business,2025-10-01,Partner
C06375,Customer 06375,Female,26,Jaipur,Rajasthan,R01,Small Business,2024-02-13,Partner
C06376,Customer 06376,Female,50,Ludhiana,Punjab,R01,Consumer,2022-09-17,Organic
C06377,Customer 06377,Male,32,Jodhpur,Rajasthan,R01,Corporate,2022-11-08,Paid Search
C06378,Customer 06378,Female,29,Guwahati,,R06,Small Business,2023-11-11,Social
C06379,Customer 06379,Male,37,Jaipur,Rajasthan,R01,Small Business,2022-11-07,Email
C06380,Customer 06380,Female,26,Ahmedabad,Gujarat,R04,Consumer,2023-09-30,Partner
C06381,Customer 06381,Female,45,Kolkata,West Bengal,R03,Consumer,2024-05-07,Paid Search
C06382,Customer 06382,Male,43,Guwahati,Assam,R06,Consumer,2023-11-12,Social
C06383,Customer 06383,Female,36,Hyderabad,Telangana,R02,Consumer,2024-05-01,Organic
C06384,Customer 06384,Female,41,Patna,Bihar,R03,Corporate,2022-03-24,Paid Search
C06385,Customer 06385,Female,30,Faridabad,Haryana,R01,Consumer,2024-01-09,Partner
C06386,Customer 06386,Female,20,Guwahati,Assam,R06,Consumer,2022-03-22,Partner
C06387,Customer 06387,Male,32,Jaipur,Rajasthan,R01,Consumer,2024-10-09,Paid Search
C06388,Customer 06388,Female,30,Faridabad,Haryana,R01,Small Business,2024-02-06,Organic
C06389,Customer 06389,Male,18,Ranchi,Jharkhand,R03,Small Business,2024-07-19,Social
C06390,Customer 06390,Male,24,Amritsar,Punjab,R01,Small Business,2023-05-05,Paid Search
C06391,Customer 06391,Female,23,Faridabad,Haryana,R01,Small Business,2022-10-20,Referral
C06392,Customer 06392,Female,24,Hyderabad,Telangana,R02,Enterprise,2024-09-16,Referral
C06393,Customer 06393,Female,48,Pune,Maharashtra,R04,Consumer,2022-03-23,Referral
C06394,Customer 06394,Male,40,Faridabad,Haryana,R01,Consumer,2023-12-08,Paid Search
C06395,Customer 06395,Female,45,Coimbatore,Tamil Nadu,R02,Small Business,2023-01-29,Social
C06396,Customer 06396,Female,40,Patna,Bihar,R03,Corporate,2023-06-04,Referral
C06397,Customer 06397,Female,46,Bhubaneswar,Odisha,R03,Consumer,2023-09-23,Referral
C06398,Customer 06398,Male,35,Faridabad,Haryana,R01,Enterprise,2023-11-02,Referral
C06399,Customer 06399,Male,50,Bengaluru,Karnataka,R02,Consumer,2022-11-01,Partner
C06400,Customer 06400,Female,23,Indore,Madhya Pradesh,R05,Small Business,2022-07-04,Organic
C06401,Customer 06401,Female,34,Gurugram,Haryana,R01,Corporate,2023-12-06,Organic
C06402,Customer 06402,Male,25,Ludhiana,Punjab,R01,Consumer,2023-02-18,Organic
C06403,Customer 06403,Female,47,Delhi,Delhi,R07,Small Business,2022-02-23,Referral
C06404,Customer 06404,Other,39,Mysuru,Karnataka,R02,Small Business,2025-06-06,Paid Search
C06405,Customer 06405,Male,47,Ludhiana,Punjab,R01,Corporate,2023-11-29,Social
C06406,Customer 06406,Female,21,Kolkata,West Bengal,R03,Corporate,2022-05-10,Organic
C06407,Customer 06407,Other,29,Ranchi,Jharkhand,R03,Consumer,2023-05-29,Partner
C06408,Customer 06408,Male,18,Amritsar,Punjab,R01,Consumer,2022-06-23,Social
C06409,Customer 06409,Male,39,Hyderabad,Telangana,R02,Consumer,2025-11-02,Organic
C06410,Customer 06410,Male,31,Amritsar,Punjab,R01,Consumer,2023-12-08,Paid Search
C06411,Customer 06411,Female,43,Delhi,Delhi,R07,Consumer,2025-07-04,Paid Search
C06412,Customer 06412,Male,35,Patna,Bihar,R03,Consumer,2023-05-15,Partner
C06413,Customer 06413,Male,18,Surat,Gujarat,R04,Consumer,2025-10-21,Partner
C06414,Customer 06414,Male,18,Visakhapatnam,Andhra Pradesh,R02,Consumer,2025-09-26,Email
C06415,Customer 06415,Female,36,Mysuru,Karnataka,R02,Consumer,2024-08-20,Paid Search
C06416,Customer 06416,Female,40,Gurugram,Haryana,R01,Consumer,2023-09-04,Partner
C06417,Customer 06417,Female,18,Ahmedabad,Gujarat,R04,Enterprise,2025-11-21,Organic
C06418,Customer 06418,Female,34,Ludhiana,Punjab,R01,Enterprise,2024-04-16,Referral
C06419,Customer 06419,Female,25,Guwahati,Assam,R06,Small Business,2022-10-04,Social
C06420,Customer 06420,Female,24,Kolkata,West Bengal,R03,Consumer,2022-04-13,Paid Search
C06421,Customer 06421,Female,28,Nagpur,Maharashtra,R04,Corporate,2024-02-17,Organic
C06422,Customer 06422,Male,36,Bengaluru,Karnataka,R02,Consumer,2022-12-29,Organic
C06423,Customer 06423,Male,28,Hyderabad,Telangana,R02,Consumer,2024-12-21,Email
C06424,Customer 06424,Male,18,Bhubaneswar,Odisha,R03,Small Business,2024-03-13,Referral
C06425,Customer 06425,Female,36,Delhi,Delhi,R07,Consumer,2023-12-06,Partner
C06426,Customer 06426,Female,31,Delhi,Delhi,R07,Small Business,2023-02-16,Referral
C06427,Customer 06427,Male,26,Gurugram,Haryana,R01,Corporate,2022-11-09,Organic
C06428,Customer 06428,Male,32,Mumbai,Maharashtra,R04,Consumer,2022-10-21,Organic
C06429,Customer 06429,Female,32,Ahmedabad,Gujarat,R04,Consumer,2024-08-13,Referral
C06430,Customer 06430,Other,35,Gurugram,Haryana,R01,Small Business,2025-02-19,Organic
C06431,Customer 06431,Female,33,Ahmedabad,Gujarat,R04,Consumer,2025-11-19,Organic
C06432,Customer 06432,Male,37,Ahmedabad,Gujarat,R04,Consumer,2024-09-15,Paid Search
C06433,Customer 06433,Female,35,Faridabad,Haryana,R01,Consumer,2024-02-04,Referral
C06434,Customer 06434,Male,43,Kochi,Kerala,R02,Enterprise,2024-10-05,Referral
C06435,Customer 06435,Female,51,Coimbatore,Tamil Nadu,R02,Consumer,2022-12-29,Organic
C06436,Customer 06436,Female,35,Mumbai,Maharashtra,R04,Enterprise,2025-07-05,
C06437,Customer 06437,Female,29,Bengaluru,Karnataka,R02,Corporate,2022-03-01,Partner
C06438,Customer 06438,Male,21,Mumbai,Maharashtra,R04,Consumer,2025-08-16,Email
C06439,Customer 06439,Female,41,Raipur,Chhattisgarh,R05,Consumer,2022-06-02,Organic
C06440,Customer 06440,Male,26,Chennai,Tamil Nadu,R02,Small Business,2025-10-14,Email
C06441,Customer 06441,,58,Bengaluru,Karnataka,R02,Consumer,2025-02-09,Social
C06442,Customer 06442,Female,63,Kochi,Kerala,R02,Consumer,2023-09-06,Organic
C06443,Customer 06443,Male,33,Bhopal,Madhya Pradesh,R05,Consumer,2023-12-10,Referral
C06444,Customer 06444,Female,18,Bhopal,Madhya Pradesh,R05,Small Business,2023-03-06,Partner
C06445,Customer 06445,Male,42,Kanpur,Uttar Pradesh,R07,Corporate,2022-11-01,Paid Search
C06446,Customer 06446,Male,56,Gurugram,Haryana,R01,Consumer,2023-04-03,Organic
C06447,Customer 06447,Male,22,Kolkata,West Bengal,R03,Consumer,2025-06-10,Organic
C06448,Customer 06448,Female,54,Surat,Gujarat,R04,Consumer,2023-01-06,Social
C06449,Customer 06449,Male,18,Kolkata,West Bengal,R03,Small Business,2023-09-30,Email
C06450,Customer 06450,Other,20,Patna,Bihar,R03,Consumer,2024-09-28,Organic
C06451,Customer 06451,Female,38,Jodhpur,Rajasthan,R01,Enterprise,2025-03-08,Organic
C06452,Customer 06452,Female,45,Jaipur,Rajasthan,R01,Small Business,2023-03-21,Partner
C06453,Customer 06453,Female,34,Bengaluru,Karnataka,R02,Consumer,2025-03-31,Partner
C06454,Customer 06454,Female,39,Jodhpur,Rajasthan,R01,Small Business,2022-09-13,Partner
C06455,Customer 06455,Male,46,Hyderabad,Telangana,R02,Corporate,2024-11-14,Organic
C06456,Customer 06456,Female,47,Patna,Bihar,R03,Corporate,2022-06-10,Partner
C06457,Customer 06457,Male,29,Mysuru,Karnataka,R02,Consumer,2025-11-21,Paid Search
C06458,Customer 06458,Male,26,Kolkata,West Bengal,R03,Small Business,2022-05-26,Social
C06459,Customer 06459,Female,46,Mysuru,Karnataka,R02,Consumer,2025-08-03,Paid Search
C06460,Customer 06460,Male,40,Kolkata,West Bengal,R03,Small Business,2025-01-16,Partner
C06461,Customer 06461,Female,41,Noida,Uttar Pradesh,R07,Consumer,2022-07-03,Organic
C06462,Customer 06462,Other,28,Patna,Bihar,R03,Consumer,2025-02-05,Partner
C06463,Customer 06463,Female,41,Kolkata,West Bengal,R03,Enterprise,2023-05-18,Partner
C06464,Customer 06464,Male,24,Jodhpur,Rajasthan,R01,Consumer,2025-12-06,Partner
C06465,Customer 06465,Male,37,Mysuru,Karnataka,R02,Consumer,2025-10-26,Paid Search
C06466,Customer 06466,Male,36,Raipur,Chhattisgarh,R05,Small Business,2025-09-18,Paid Search
C06467,Customer 06467,Male,36,Noida,Uttar Pradesh,R07,Consumer,2024-08-15,Organic
C06468,Customer 06468,Female,43,Patna,Bihar,R03,Small Business,2025-08-03,Social
C06469,Customer 06469,Female,25,Vijayawada,Andhra Pradesh,R02,Small Business,2023-10-11,Organic
C06470,Customer 06470,Female,42,Raipur,Chhattisgarh,R05,Consumer,2022-03-27,Referral
C06471,Customer 06471,Female,35,Mumbai,Maharashtra,R04,Corporate,2025-06-13,Partner
C06472,Customer 06472,Male,27,Chennai,Tamil Nadu,R02,Enterprise,2022-03-11,Partner
C06473,Customer 06473,Male,22,Dehradun,Uttarakhand,R01,Small Business,2024-07-22,Paid Search
C06474,Customer 06474,Female,54,Coimbatore,Tamil Nadu,R02,Consumer,2024-02-29,Paid Search
C06475,Customer 06475,Male,34,Gurugram,Haryana,R01,Corporate,2023-06-26,Social
C06476,Customer 06476,Male,31,Delhi,Delhi,R07,Corporate,2024-12-16,Partner
C06477,Customer 06477,Female,24,Bhubaneswar,Odisha,R03,Consumer,2023-02-01,Organic
C06478,Customer 06478,,46,Ahmedabad,Gujarat,R04,Corporate,2025-09-22,Paid Search
C06479,Customer 06479,Male,45,Noida,Uttar Pradesh,R07,Consumer,2025-05-28,Organic
C06480,Customer 06480,Male,43,Nagpur,Maharashtra,R04,Consumer,2025-09-04,Email
C06481,Customer 06481,Male,34,Patna,Bihar,R03,Consumer,2025-05-22,Paid Search
C06482,Customer 06482,Female,43,Ahmedabad,Gujarat,R04,Small Business,2025-04-22,Partner
C06483,Customer 06483,Male,27,Guwahati,Assam,R06,Consumer,2025-09-03,Partner
C06484,Customer 06484,Female,37,Patna,Bihar,R03,Consumer,2025-09-03,Partner
C06485,Customer 06485,Male,34,Ranchi,Jharkhand,R03,Consumer,2025-02-20,Social
C06486,Customer 06486,Male,38,Kochi,Kerala,R02,Consumer,2025-03-11,Partner
C06487,Customer 06487,Male,18,Kanpur,Uttar Pradesh,R07,Enterprise,2022-09-27,Paid Search
C06488,Customer 06488,Female,54,Hyderabad,Telangana,R02,Consumer,2022-09-12,Paid Search
C06489,Customer 06489,Female,51,Delhi,Delhi,R07,Consumer,2023-07-22,Social
C06490,Customer 06490,Female,23,Dehradun,Uttarakhand,R01,Enterprise,2023-06-19,Referral
C06491,Customer 06491,Female,41,Noida,Uttar Pradesh,R07,Consumer,2023-04-25,Organic
C06492,Customer 06492,Male,20,Hyderabad,Telangana,R02,Consumer,2023-03-12,Social
C06493,Customer 06493,Female,36,Raipur,Chhattisgarh,R05,Small Business,2023-01-12,Partner
C06494,Customer 06494,Female,18,Faridabad,Haryana,R01,Small Business,2024-04-09,Organic
C06495,Customer 06495,Female,32,Raipur,Chhattisgarh,R05,Consumer,2025-03-07,Organic
C06496,Customer 06496,Male,30,Delhi,Delhi,R07,Corporate,2025-03-30,Partner
C06497,Customer 06497,Female,47,Surat,Gujarat,R04,Corporate,2022-07-02,Email
C06498,Customer 06498,Female,52,Mysuru,,R02,Corporate,2024-03-01,Organic
C06499,Customer 06499,Female,52,Pune,Maharashtra,R04,Consumer,2023-12-02,Paid Search
C06500,Customer 06500,Male,47,Chennai,Tamil Nadu,R02,Small Business,2025-03-14,Paid Search
C06501,Customer 06501,Male,36,Kochi,Kerala,R02,Consumer,2025-06-18,Organic
C06502,Customer 06502,Male,39,Mumbai,Maharashtra,R04,Corporate,2023-04-30,Organic
C06503,Customer 06503,Female,39,Coimbatore,Tamil Nadu,R02,Small Business,2025-02-26,Organic
C06504,Customer 06504,Male,23,Guwahati,Assam,R06,Small Business,2024-05-20,Referral
C06505,Customer 06505,Female,46,Bhubaneswar,Odisha,R03,Small Business,2023-01-26,Paid Search
C06506,Customer 06506,Male,42,Delhi,Delhi,R07,Consumer,2024-03-30,Paid Search
C06507,Customer 06507,Male,42,Vijayawada,Andhra Pradesh,R02,Consumer,2022-02-21,Organic
C06508,Customer 06508,Male,18,Delhi,Delhi,R07,Consumer,2022-03-21,
C06509,Customer 06509,Female,40,Chennai,Tamil Nadu,R02,Consumer,2023-08-28,Social
C06510,Customer 06510,Male,45,Chennai,Tamil Nadu,R02,Corporate,2025-11-01,Referral
C06511,Customer 06511,Female,35,Bhubaneswar,Odisha,R03,Corporate,2024-05-17,Partner
C06512,Customer 06512,Female,30,Gurugram,Haryana,R01,Consumer,2024-09-08,Organic
C06513,Customer 06513,Other,21,Ludhiana,Punjab,R01,Consumer,2025-06-02,Organic
C06514,Customer 06514,Female,21,Patna,Bihar,R03,Small Business,2023-10-17,Referral
C06515,Customer 06515,Female,37,Faridabad,Haryana,R01,Corporate,2024-02-11,Paid Search
C06516,Customer 06516,Female,33,Bengaluru,Karnataka,R02,Consumer,2023-02-12,Social
C06517,Customer 06517,Male,33,Patna,Bihar,R03,Consumer,2023-01-24,Referral
C06518,Customer 06518,Female,50,Hyderabad,Telangana,R02,Consumer,2025-09-02,Paid Search
C06519,Customer 06519,Female,22,Ludhiana,Punjab,R01,Small Business,2024-10-06,Paid Search
C06520,Customer 06520,Male,32,Jaipur,Rajasthan,R01,Consumer,2022-07-12,Paid Search
C06521,Customer 06521,Male,52,Ranchi,Jharkhand,R03,Consumer,2023-08-10,Paid Search
C06522,Customer 06522,Female,32,Surat,Gujarat,R04,Consumer,2025-02-02,Organic
C06523,Customer 06523,Female,36,Delhi,Delhi,R07,Consumer,2025-04-20,Organic
C06524,Customer 06524,Male,33,Noida,Uttar Pradesh,R07,Consumer,2024-08-20,Social
C06525,Customer 06525,Female,42,Pune,Maharashtra,R04,Consumer,2022-02-04,Organic
C06526,Customer 06526,Male,18,Dehradun,Uttarakhand,R01,Small Business,2023-07-02,Organic
C06527,Customer 06527,Male,33,Jodhpur,Rajasthan,R01,Small Business,2023-09-05,Paid Search
C06528,Customer 06528,Female,36,Delhi,Delhi,R07,Consumer,2022-09-24,Paid Search
C06529,Customer 06529,Male,25,Mysuru,Karnataka,R02,Consumer,2023-09-09,Organic
C06530,Customer 06530,Female,38,Delhi,Delhi,R07,Small Business,2023-06-22,Partner
C06531,Customer 06531,Female,43,Jodhpur,Rajasthan,R01,Consumer,2024-05-08,Organic
C06532,Customer 06532,Male,40,Dehradun,Uttarakhand,R01,Consumer,2023-04-03,Partner
C06533,Customer 06533,Male,53,Kolkata,West Bengal,R03,Consumer,2023-06-08,Partner
C06534,Customer 06534,Female,31,Delhi,Delhi,R07,Corporate,2025-06-23,Organic
C06535,Customer 06535,Female,40,Surat,Gujarat,R04,Enterprise,2023-08-11,Organic
C06536,Customer 06536,Female,40,Faridabad,Haryana,R01,Consumer,2022-10-06,Organic
C06537,Customer 06537,Female,33,Faridabad,Haryana,R01,Enterprise,2024-12-09,Email
C06538,Customer 06538,Female,46,Chennai,Tamil Nadu,R02,Small Business,2023-01-19,Partner
C06539,Customer 06539,Male,38,Mysuru,Karnataka,R02,Enterprise,2022-09-08,Social
C06540,Customer 06540,Male,23,Patna,Bihar,R03,Small Business,2025-01-21,Partner
C06541,Customer 06541,Male,43,Kochi,Kerala,R02,Small Business,2022-12-15,Email
C06542,Customer 06542,Male,30,Kanpur,Uttar Pradesh,R07,Corporate,2022-01-11,Social
C06543,Customer 06543,Female,32,Kochi,Kerala,R02,Small Business,2022-05-30,Partner
C06544,Customer 06544,Other,33,Mysuru,Karnataka,R02,Consumer,2024-12-21,
C06545,Customer 06545,Female,42,Lucknow,Uttar Pradesh,R07,Small Business,2023-01-12,Paid Search
C06546,Customer 06546,Female,46,Indore,Madhya Pradesh,R05,Corporate,2023-07-31,Referral
C06547,Customer 06547,Male,33,Delhi,,R07,Consumer,2024-01-09,Referral
C06548,Customer 06548,Female,33,Bengaluru,Karnataka,R02,Consumer,2023-02-09,Paid Search
C06549,Customer 06549,Male,18,Kolkata,West Bengal,R03,Consumer,2022-10-04,Social
C06550,Customer 06550,Female,28,Jaipur,Rajasthan,R01,Consumer,2022-04-13,Organic
C06551,Customer 06551,Female,26,Raipur,Chhattisgarh,R05,Consumer,2022-04-18,Organic
C06552,Customer 06552,Female,38,Kanpur,Uttar Pradesh,R07,Consumer,2025-08-29,Paid Search
C06553,Customer 06553,Female,34,Bhopal,Madhya Pradesh,R05,Consumer,2025-12-26,Social
C06554,Customer 06554,Male,26,Delhi,Delhi,R07,Corporate,2024-07-24,Organic
C06555,Customer 06555,Female,37,Gurugram,Haryana,R01,Consumer,2023-10-28,Organic
C06556,Customer 06556,Male,34,Nagpur,Maharashtra,R04,Consumer,2025-03-30,Organic
C06557,Customer 06557,Female,18,Raipur,Chhattisgarh,R05,Consumer,2025-04-29,Partner
C06558,Customer 06558,Male,46,Gurugram,Haryana,R01,Consumer,2023-10-09,Referral
C06559,Customer 06559,Female,45,Guwahati,Assam,R06,Consumer,2024-12-15,Organic
C06560,Customer 06560,Male,33,Lucknow,Uttar Pradesh,R07,Enterprise,2022-05-22,Referral
C06561,Customer 06561,Female,39,Surat,Gujarat,R04,Consumer,2022-08-30,Social
C06562,Customer 06562,Female,32,Pune,Maharashtra,R04,Consumer,2025-05-21,Social
C06563,Customer 06563,Male,19,Faridabad,Haryana,R01,Consumer,2024-01-19,Email
C06564,Customer 06564,Female,57,Visakhapatnam,Andhra Pradesh,R02,Small Business,2025-04-06,Social
C06565,Customer 06565,Female,42,Surat,Gujarat,R04,Consumer,2024-04-09,Paid Search
C06566,Customer 06566,Female,44,Kolkata,West Bengal,R03,Consumer,2022-06-20,Email
C06567,Customer 06567,Male,32,Coimbatore,Tamil Nadu,R02,Consumer,2022-08-19,Organic
C06568,Customer 06568,Female,46,Bengaluru,Karnataka,R02,Consumer,2024-02-18,Partner
C06569,Customer 06569,Male,21,Coimbatore,Tamil Nadu,R02,Consumer,2022-06-13,Partner
C06570,Customer 06570,Male,33,Kochi,Kerala,R02,Enterprise,2025-05-20,Paid Search
C06571,Customer 06571,Male,42,Kolkata,West Bengal,R03,Enterprise,2023-01-20,Email
C06572,Customer 06572,Female,29,Bengaluru,Karnataka,R02,Consumer,2024-10-12,Partner
C06573,Customer 06573,Male,44,Hyderabad,Telangana,R02,Consumer,2023-01-17,Partner
C06574,Customer 06574,Female,38,Chennai,Tamil Nadu,R02,Consumer,2025-02-05,Organic
C06575,Customer 06575,Male,37,Surat,Gujarat,R04,Enterprise,2023-02-10,Organic
C06576,Customer 06576,Male,28,Hyderabad,Telangana,R02,Small Business,2024-01-25,Social
C06577,Customer 06577,Female,39,Ahmedabad,Gujarat,R04,Consumer,2023-01-04,Social
C06578,Customer 06578,Male,54,Patna,Bihar,R03,Consumer,2025-07-02,Paid Search
C06579,Customer 06579,Male,37,Ranchi,Jharkhand,R03,Consumer,2024-03-09,Organic
C06580,Customer 06580,Male,41,Ranchi,Jharkhand,R03,Small Business,2024-02-03,Paid Search
C06581,Customer 06581,Male,42,Indore,Madhya Pradesh,R05,Consumer,2023-03-07,Paid Search
C06582,Customer 06582,Male,24,Chennai,Tamil Nadu,R02,Consumer,2022-09-25,Paid Search
C06583,Customer 06583,Female,34,Patna,,R03,Consumer,2025-02-01,Organic
C06584,Customer 06584,Female,33,Ludhiana,Punjab,R01,Consumer,2022-03-19,Paid Search
C06585,Customer 06585,Male,18,Mysuru,Karnataka,R02,Small Business,2022-03-18,Social
C06586,Customer 06586,,43,Noida,Uttar Pradesh,R07,Consumer,2024-08-15,Paid Search
C06587,Customer 06587,Female,26,Delhi,Delhi,R07,Consumer,2024-06-27,Organic
C06588,Customer 06588,Male,42,Ranchi,Jharkhand,R03,Corporate,2023-04-24,Paid Search
C06589,Customer 06589,Male,27,Raipur,Chhattisgarh,R05,Corporate,2025-02-02,Organic
C06590,Customer 06590,Male,55,Bengaluru,Karnataka,R02,Corporate,2022-03-28,Organic
C06591,Customer 06591,Female,32,Kanpur,Uttar Pradesh,R07,Small Business,2023-10-01,Referral
C06592,Customer 06592,Female,54,Kolkata,West Bengal,R03,Consumer,2025-08-18,Referral
C06593,Customer 06593,Male,33,Ahmedabad,Gujarat,R04,Consumer,2023-04-12,Paid Search
C06594,Customer 06594,Male,34,Bhopal,Madhya Pradesh,R05,Consumer,2025-02-20,Partner
C06595,Customer 06595,Female,51,Dehradun,Uttarakhand,R01,Corporate,2023-03-19,Email
C06596,Customer 06596,Male,26,Mumbai,Maharashtra,R04,Small Business,2022-12-05,Partner
C06597,Customer 06597,Male,35,Lucknow,Uttar Pradesh,R07,Consumer,2023-04-24,Social
C06598,Customer 06598,Female,40,Jodhpur,Rajasthan,R01,Small Business,2023-03-01,Social
C06599,Customer 06599,Male,39,Delhi,Delhi,R07,Corporate,2022-06-21,Referral
C06600,Customer 06600,Male,35,Nagpur,Maharashtra,R04,Enterprise,2025-08-22,Social
C06601,Customer 06601,Female,34,Delhi,Delhi,R07,Consumer,2024-04-28,Referral
C06602,Customer 06602,Female,43,Gurugram,Haryana,R01,Consumer,2025-11-06,Paid Search
C06603,Customer 06603,Male,37,Jaipur,Rajasthan,R01,Small Business,2024-06-29,Organic
C06604,Customer 06604,Male,45,Faridabad,Haryana,R01,Small Business,2025-07-28,Email
C06605,Customer 06605,Male,39,Patna,Bihar,R03,Corporate,2023-07-24,Paid Search
C06606,Customer 06606,Male,42,Faridabad,Haryana,R01,Small Business,2022-10-02,Social
C06607,Customer 06607,Male,46,Raipur,Chhattisgarh,R05,Consumer,2025-10-28,Paid Search
C06608,Customer 06608,Male,32,Lucknow,Uttar Pradesh,R07,Corporate,2025-04-20,Social
C06609,Customer 06609,Male,46,Gurugram,Haryana,R01,Consumer,2025-08-24,Referral
C06610,Customer 06610,Male,33,Delhi,Delhi,R07,Consumer,2025-09-10,
C06611,Customer 06611,Male,21,Kolkata,West Bengal,R03,Consumer,2023-03-12,Organic
C06612,Customer 06612,Female,32,Lucknow,Uttar Pradesh,R07,Consumer,2024-03-08,Organic
C06613,Customer 06613,Female,28,Bengaluru,Karnataka,R02,Consumer,2024-12-05,Organic
C06614,Customer 06614,Other,39,Gurugram,Haryana,R01,Corporate,2025-07-09,Social
C06615,Customer 06615,Female,32,Dehradun,Uttarakhand,R01,Small Business,2022-06-19,Paid Search
C06616,Customer 06616,Female,36,Gurugram,Haryana,R01,Consumer,2025-09-24,Organic
C06617,Customer 06617,Male,45,Ahmedabad,Gujarat,R04,Consumer,2025-01-12,Organic
C06618,Customer 06618,Female,50,Raipur,Chhattisgarh,R05,Consumer,2023-11-23,Email
C06619,Customer 06619,Female,38,Kanpur,Uttar Pradesh,R07,Consumer,2024-12-10,Organic
C06620,Customer 06620,Female,46,Jaipur,Rajasthan,R01,Consumer,2023-02-18,Paid Search
C06621,Customer 06621,Female,33,Bhopal,Madhya Pradesh,R05,Consumer,2023-06-06,Paid Search
C06622,Customer 06622,Male,19,Jodhpur,Rajasthan,R01,Small Business,2022-10-19,Paid Search
C06623,Customer 06623,Female,23,Delhi,Delhi,R07,Consumer,2023-07-20,Organic
C06624,Customer 06624,Female,33,Surat,Gujarat,R04,Corporate,2023-03-28,Referral
C06625,Customer 06625,Female,43,Delhi,Delhi,R07,Corporate,2024-05-06,Organic
C06626,Customer 06626,Male,33,Kochi,Kerala,R02,Consumer,2023-09-27,Referral
C06627,Customer 06627,Male,47,Hyderabad,Telangana,R02,Consumer,2023-02-14,Paid Search
C06628,Customer 06628,Female,53,Coimbatore,Tamil Nadu,R02,Consumer,2023-07-19,Social
C06629,Customer 06629,Male,26,Ludhiana,Punjab,R01,Consumer,2024-04-16,Paid Search
C06630,Customer 06630,Female,56,Kolkata,West Bengal,R03,Small Business,2025-03-03,Partner
C06631,Customer 06631,Male,19,Kolkata,West Bengal,R03,Consumer,2025-07-20,Paid Search
C06632,Customer 06632,Male,53,Delhi,Delhi,R07,Consumer,2023-01-23,Organic
C06633,Customer 06633,Female,35,Guwahati,Assam,R06,Consumer,2023-10-12,Paid Search
C06634,Customer 06634,Female,33,Coimbatore,Tamil Nadu,R02,Consumer,2024-11-07,Social
C06635,Customer 06635,Female,35,Bhubaneswar,Odisha,R03,Small Business,2022-10-26,Organic
C06636,Customer 06636,Female,27,Noida,Uttar Pradesh,R07,Consumer,2024-12-10,Partner
C06637,Customer 06637,Female,50,Gurugram,Haryana,R01,Corporate,2024-03-26,Organic
C06638,Customer 06638,Female,28,Kolkata,West Bengal,R03,Consumer,2022-07-21,Partner
C06639,Customer 06639,Female,29,Bhubaneswar,Odisha,R03,Consumer,2024-08-11,Paid Search
C06640,Customer 06640,Female,21,Pune,Maharashtra,R04,Consumer,2022-08-23,Social
C06641,Customer 06641,Female,28,Delhi,Delhi,R07,Small Business,2024-02-08,Referral
C06642,Customer 06642,Female,28,Bhopal,Madhya Pradesh,R05,Consumer,2023-03-30,Organic
C06643,Customer 06643,Female,27,Ludhiana,Punjab,R01,Corporate,2022-02-04,
C06644,Customer 06644,Female,33,Nagpur,Maharashtra,R04,Consumer,2024-09-13,
C06645,Customer 06645,Female,24,Hyderabad,Telangana,R02,Corporate,2024-09-04,Organic
C06646,Customer 06646,Female,51,Delhi,Delhi,R07,Corporate,2023-02-03,Referral
C06647,Customer 06647,Female,33,Delhi,Delhi,R07,Corporate,2022-02-23,Organic
C06648,Customer 06648,Female,39,Delhi,Delhi,R07,Consumer,2025-07-11,Social
C06649,Customer 06649,Male,44,Kochi,Kerala,R02,Consumer,2023-09-02,Paid Search
C06650,Customer 06650,Male,55,Mumbai,Maharashtra,R04,Small Business,2025-06-02,Partner
C06651,Customer 06651,Female,44,Hyderabad,,R02,Consumer,2023-08-29,Partner
C06652,Customer 06652,Male,33,Dehradun,Uttarakhand,R01,Consumer,2024-12-19,Organic
C06653,Customer 06653,Male,24,Hyderabad,Telangana,R02,Consumer,2025-05-21,Email
C06654,Customer 06654,Male,38,Mysuru,Karnataka,R02,Consumer,2024-09-24,Organic
C06655,Customer 06655,Male,46,Mysuru,Karnataka,R02,Consumer,2025-06-14,Social
C06656,Customer 06656,Female,36,Pune,Maharashtra,R04,Consumer,2022-04-05,Email
C06657,Customer 06657,Female,36,Coimbatore,Tamil Nadu,R02,Consumer,2025-02-06,Paid Search
C06658,Customer 06658,Female,37,Visakhapatnam,Andhra Pradesh,R02,Consumer,2024-11-15,Referral
C06659,Customer 06659,Male,18,Bhubaneswar,Odisha,R03,Corporate,2025-04-12,Organic
C06660,Customer 06660,Male,36,Surat,Gujarat,R04,Small Business,2024-07-16,Partner
C06661,Customer 06661,Male,42,Mumbai,Maharashtra,R04,Corporate,2022-11-16,Paid Search
C06662,Customer 06662,Male,35,Guwahati,Assam,R06,Consumer,2024-06-05,Organic
C06663,Customer 06663,Male,46,Gurugram,Haryana,R01,Small Business,2024-11-12,Organic
C06664,Customer 06664,Female,47,Raipur,,R05,Consumer,2025-12-23,Social
C06665,Customer 06665,Male,30,Lucknow,Uttar Pradesh,R07,Corporate,2024-12-30,Referral
C06666,Customer 06666,Female,39,Kolkata,West Bengal,R03,Consumer,2025-05-13,Referral
C06667,Customer 06667,Female,35,Indore,Madhya Pradesh,R05,Consumer,2025-02-10,Social
C06668,Customer 06668,Male,18,Mysuru,Karnataka,R02,Corporate,2022-05-30,Paid Search
C06669,Customer 06669,Female,33,Amritsar,Punjab,R01,Consumer,2025-03-07,Social
C06670,Customer 06670,Female,25,Bhopal,Madhya Pradesh,R05,Corporate,2024-10-27,Organic
C06671,Customer 06671,Male,36,Mumbai,Maharashtra,R04,Corporate,2022-08-27,Organic
C06672,Customer 06672,Female,42,Pune,Maharashtra,R04,Consumer,2022-10-02,Organic
C06673,Customer 06673,Female,33,Mysuru,Karnataka,R02,Consumer,2023-01-11,Email
C06674,Customer 06674,Female,26,Ahmedabad,Gujarat,R04,Corporate,2024-05-06,Paid Search
C06675,Customer 06675,Female,37,Kolkata,West Bengal,R03,Corporate,2025-02-18,Organic
C06676,Customer 06676,Male,59,Faridabad,Haryana,R01,Small Business,2025-07-10,Partner
C06677,Customer 06677,Male,18,Ahmedabad,,R04,Consumer,2022-08-04,Paid Search
C06678,Customer 06678,Female,37,Kochi,Kerala,R02,Small Business,2025-12-04,Organic
C06679,Customer 06679,Female,30,Delhi,Delhi,R07,Consumer,2022-07-01,Paid Search
C06680,Customer 06680,Female,31,Ahmedabad,Gujarat,R04,Consumer,2024-05-07,Partner
C06681,Customer 06681,Female,34,Hyderabad,Telangana,R02,Corporate,2025-11-28,Email
C06682,Customer 06682,Female,32,Guwahati,,R06,Consumer,2023-08-31,Social
C06683,Customer 06683,Female,41,Chennai,Tamil Nadu,R02,Consumer,2025-11-14,Referral
C06684,Customer 06684,Male,33,Indore,Madhya Pradesh,R05,Consumer,2024-07-13,Social
C06685,Customer 06685,Male,18,Kanpur,Uttar Pradesh,R07,Small Business,2023-05-07,Email
C06686,Customer 06686,Male,48,Nagpur,Maharashtra,R04,Small Business,2025-07-03,Email
C06687,Customer 06687,Male,46,Vijayawada,Andhra Pradesh,R02,Enterprise,2022-01-13,Paid Search
C06688,Customer 06688,Female,29,Guwahati,Assam,R06,Consumer,2025-01-21,Paid Search
C06689,Customer 06689,Female,35,Mysuru,Karnataka,R02,Consumer,2023-08-05,Organic
C06690,Customer 06690,Female,47,Bengaluru,Karnataka,R02,Small Business,2024-11-11,Referral
C06691,Customer 06691,Male,45,Surat,Gujarat,R04,Consumer,2022-02-07,Organic
C06692,Customer 06692,Male,49,Delhi,Delhi,R07,Consumer,2025-08-15,Social
C06693,Customer 06693,Male,39,Kochi,Kerala,R02,Consumer,2022-07-29,Partner
C06694,Customer 06694,Female,43,Bhopal,Madhya Pradesh,R05,Consumer,2024-06-04,Social
C06695,Customer 06695,Male,49,Surat,Gujarat,R04,Corporate,2022-11-24,Organic
C06696,Customer 06696,Female,32,Jodhpur,Rajasthan,R01,Consumer,2025-09-11,Organic
C06697,Customer 06697,Female,39,Pune,Maharashtra,R04,Consumer,2025-05-11,Partner
C06698,Customer 06698,Male,18,Gurugram,Haryana,R01,Corporate,2025-05-07,Referral
C06699,Customer 06699,Female,19,Kolkata,West Bengal,R03,Corporate,2023-07-03,Referral
C06700,Customer 06700,Male,40,Bengaluru,Karnataka,R02,Consumer,2022-09-23,Paid Search
C06701,Customer 06701,Male,42,Kanpur,Uttar Pradesh,R07,Consumer,2022-01-13,Social
C06702,Customer 06702,Female,31,Hyderabad,Telangana,R02,Enterprise,2022-10-24,Social
C06703,Customer 06703,Male,29,Ranchi,Jharkhand,R03,Corporate,2024-07-19,Email
C06704,Customer 06704,Male,31,Faridabad,Haryana,R01,Corporate,2023-05-13,Social
C06705,Customer 06705,Female,37,Surat,Gujarat,R04,Corporate,2022-04-14,Paid Search
C06706,Customer 06706,Male,18,Mysuru,Karnataka,R02,Enterprise,2025-12-30,Social
C06707,Customer 06707,Male,40,Gurugram,Haryana,R01,Consumer,2025-07-30,Referral
C06708,Customer 06708,Male,35,Bengaluru,Karnataka,R02,Consumer,2023-10-02,Organic
C06709,Customer 06709,Female,37,Coimbatore,Tamil Nadu,R02,Consumer,2022-12-25,Social
C06710,Customer 06710,Female,34,Gurugram,Haryana,R01,Small Business,2023-10-13,Paid Search
C06711,Customer 06711,Female,21,Gurugram,Haryana,R01,Consumer,2022-12-14,Partner
C06712,Customer 06712,Female,24,Raipur,Chhattisgarh,R05,Consumer,2022-04-17,Paid Search
C06713,Customer 06713,Male,50,Nagpur,Maharashtra,R04,Consumer,2023-08-04,Referral
C06714,Customer 06714,Male,29,Hyderabad,Telangana,R02,Corporate,2022-08-27,Paid Search
C06715,Customer 06715,Female,43,Hyderabad,Telangana,R02,Corporate,2022-06-06,Email
C06716,Customer 06716,Male,24,Indore,Madhya Pradesh,R05,Consumer,2025-12-07,Partner
C06717,Customer 06717,Female,35,Patna,Bihar,R03,Consumer,2022-02-03,Organic
C06718,Customer 06718,Female,31,Bhopal,Madhya Pradesh,R05,Small Business,2025-04-25,Organic
C06719,Customer 06719,Female,32,Hyderabad,Telangana,R02,Consumer,2025-08-28,Referral
C06720,Customer 06720,Male,32,Surat,Gujarat,R04,Corporate,2023-09-24,Referral
C06721,Customer 06721,Female,49,Pune,Maharashtra,R04,Consumer,2025-06-15,Social
C06722,Customer 06722,Female,54,Pune,Maharashtra,R04,Small Business,2024-01-11,Paid Search
C06723,Customer 06723,Male,37,Surat,Gujarat,R04,Consumer,2025-08-31,Referral
C06724,Customer 06724,Female,31,Faridabad,Haryana,R01,Corporate,2025-04-25,Referral
C06725,Customer 06725,Male,22,Surat,Gujarat,R04,Consumer,2024-09-15,Paid Search
C06726,Customer 06726,Male,21,Pune,Maharashtra,R04,Consumer,2024-04-18,Paid Search
C06727,Customer 06727,Female,49,Delhi,Delhi,R07,Corporate,2022-01-20,Partner
C06728,Customer 06728,Other,20,Jodhpur,Rajasthan,R01,Consumer,2023-02-16,Paid Search
C06729,Customer 06729,Male,31,Patna,Bihar,R03,Small Business,2025-11-22,Organic
C06730,Customer 06730,Male,37,Coimbatore,Tamil Nadu,R02,Consumer,2025-09-08,Partner
C06731,Customer 06731,Female,18,Indore,Madhya Pradesh,R05,Consumer,2024-11-01,Referral
C06732,Customer 06732,Male,22,Bengaluru,Karnataka,R02,Small Business,2023-12-24,Social
C06733,Customer 06733,Female,22,Raipur,Chhattisgarh,R05,Consumer,2023-08-30,Email
C06734,Customer 06734,Female,28,Indore,Madhya Pradesh,R05,Small Business,2023-09-05,Organic
C06735,Customer 06735,Male,38,Delhi,Delhi,R07,Consumer,2024-12-06,Social
C06736,Customer 06736,Female,45,Ranchi,Jharkhand,R03,Consumer,2023-01-25,Organic
C06737,Customer 06737,Male,28,Delhi,Delhi,R07,Small Business,2024-04-08,Partner
C06738,Customer 06738,Male,30,Chennai,Tamil Nadu,R02,Consumer,2024-07-04,Organic
C06739,Customer 06739,Female,34,Bhubaneswar,Odisha,R03,Consumer,2024-09-08,Organic
C06740,Customer 06740,Male,27,Pune,Maharashtra,R04,Consumer,2022-08-31,Organic
C06741,Customer 06741,Male,39,Coimbatore,Tamil Nadu,R02,Consumer,2025-04-19,Paid Search
C06742,Customer 06742,Female,39,Nagpur,Maharashtra,R04,Corporate,2023-09-26,Organic
C06743,Customer 06743,Male,18,Delhi,Delhi,R07,Consumer,2025-09-29,Social
C06744,Customer 06744,Male,41,Delhi,Delhi,R07,Consumer,2023-10-10,Referral
C06745,Customer 06745,Female,36,Delhi,Delhi,R07,Consumer,2025-03-09,Organic
C06746,Customer 06746,Male,38,Delhi,Delhi,R07,Consumer,2022-06-12,Partner
C06747,Customer 06747,Male,47,Coimbatore,Tamil Nadu,R02,Consumer,2025-08-01,Email
C06748,Customer 06748,Male,18,Mysuru,Karnataka,R02,Consumer,2022-02-09,Organic
C06749,Customer 06749,Female,22,Ahmedabad,Gujarat,R04,Small Business,2024-04-09,Organic
C06750,Customer 06750,Male,34,Kolkata,West Bengal,R03,Corporate,2024-12-28,Social
C06751,Customer 06751,Female,18,Delhi,Delhi,R07,Consumer,2023-05-10,Paid Search
C06752,Customer 06752,Male,33,Jaipur,Rajasthan,R01,Consumer,2025-10-29,Social
C06753,Customer 06753,,43,Bhubaneswar,Odisha,R03,Consumer,2024-09-05,Social
C06754,Customer 06754,Female,39,Kochi,Kerala,R02,Consumer,2025-08-11,Referral
C06755,Customer 06755,Female,36,Surat,Gujarat,R04,Consumer,2024-03-23,Referral
C06756,Customer 06756,Female,33,Delhi,Delhi,R07,Small Business,2024-10-29,Email
C06757,Customer 06757,Male,31,Bhopal,Madhya Pradesh,R05,Small Business,2022-03-24,Social
C06758,Customer 06758,Male,30,Guwahati,Assam,R06,Consumer,2022-04-07,Organic
C06759,Customer 06759,Male,37,Surat,Gujarat,R04,Consumer,2024-04-21,Organic
C06760,Customer 06760,Male,19,Lucknow,Uttar Pradesh,R07,Corporate,2023-06-28,Social
C06761,Customer 06761,Female,50,Delhi,Delhi,R07,Small Business,2023-09-02,Referral
C06762,Customer 06762,Female,28,Chennai,Tamil Nadu,R02,Consumer,2024-06-16,Referral
C06763,Customer 06763,Male,41,Kochi,Kerala,R02,Small Business,2023-06-24,Social
C06764,Customer 06764,Female,36,Kolkata,West Bengal,R03,Consumer,2025-12-26,Social
C06765,Customer 06765,Female,23,Pune,Maharashtra,R04,Corporate,2024-11-24,Partner
C06766,Customer 06766,Male,48,Hyderabad,Telangana,R02,Consumer,2024-06-01,Paid Search
C06767,Customer 06767,Male,46,Indore,Madhya Pradesh,R05,Corporate,2025-07-17,Organic
C06768,Customer 06768,Female,19,Bengaluru,Karnataka,R02,Consumer,2022-02-05,Partner
C06769,Customer 06769,Male,34,Indore,Madhya Pradesh,R05,Consumer,2022-10-16,Partner
C06770,Customer 06770,Male,37,Nagpur,Maharashtra,R04,Corporate,2025-04-25,Organic
C06771,Customer 06771,Female,18,Mumbai,Maharashtra,R04,Corporate,2025-03-07,Paid Search
C06772,Customer 06772,Female,18,Coimbatore,Tamil Nadu,R02,Corporate,2024-05-02,Referral
C06773,Customer 06773,Male,27,Ahmedabad,Gujarat,R04,Consumer,2022-09-05,Organic
C06774,Customer 06774,Male,22,Ranchi,Jharkhand,R03,Corporate,2023-03-09,Organic
C06775,Customer 06775,Male,25,Mysuru,Karnataka,R02,Consumer,2024-04-22,Organic
C06776,Customer 06776,Male,22,Mumbai,Maharashtra,R04,Corporate,2022-05-04,Social
C06777,Customer 06777,Male,34,Mumbai,Maharashtra,R04,Consumer,2025-05-24,Organic
C06778,Customer 06778,Female,26,Bengaluru,Karnataka,R02,Consumer,2023-04-28,Organic
C06779,Customer 06779,Female,46,Pune,Maharashtra,R04,Consumer,2025-08-16,Organic
C06780,Customer 06780,Male,37,Kolkata,West Bengal,R03,Enterprise,2024-02-20,Referral
C06781,Customer 06781,Other,43,Pune,Maharashtra,R04,Corporate,2023-03-27,Email
C06782,Customer 06782,Female,18,Mumbai,Maharashtra,R04,Consumer,2022-03-02,Referral
C06783,Customer 06783,Male,29,Coimbatore,Tamil Nadu,R02,Corporate,2025-04-11,Organic
C06784,Customer 06784,Female,36,Delhi,Delhi,R07,Consumer,2024-08-25,Partner
C06785,Customer 06785,Female,40,Hyderabad,Telangana,R02,Consumer,2025-07-07,Partner
C06786,Customer 06786,Female,29,Mysuru,Karnataka,R02,Consumer,2022-11-15,Organic
C06787,Customer 06787,Male,30,Ahmedabad,Gujarat,R04,Small Business,2022-09-10,Partner
C06788,Customer 06788,Female,31,Kolkata,West Bengal,R03,Enterprise,2022-12-10,Paid Search
C06789,Customer 06789,Male,32,Patna,Bihar,R03,Small Business,2023-07-17,Organic
C06790,Customer 06790,Male,57,Indore,Madhya Pradesh,R05,Consumer,2023-07-04,Social
C06791,Customer 06791,Female,38,Nagpur,Maharashtra,R04,Consumer,2025-02-08,Social
C06792,Customer 06792,Female,35,Pune,Maharashtra,R04,Small Business,2025-10-25,Email
C06793,Customer 06793,Female,22,Kolkata,West Bengal,R03,Consumer,2022-01-22,Paid Search
C06794,Customer 06794,Male,23,Coimbatore,Tamil Nadu,R02,Corporate,2024-02-20,Email
C06795,Customer 06795,Male,33,Hyderabad,Telangana,R02,Enterprise,2024-07-03,Email
C06796,Customer 06796,Female,46,Mysuru,Karnataka,R02,Consumer,2022-12-16,Organic
C06797,Customer 06797,Female,33,Bhubaneswar,Odisha,R03,Consumer,2023-08-29,Referral
C06798,Customer 06798,Female,33,Amritsar,Punjab,R01,Small Business,2024-12-05,Social
C06799,Customer 06799,Male,28,Bengaluru,,R02,Corporate,2024-01-27,Organic
C06800,Customer 06800,Female,18,Faridabad,Haryana,R01,Small Business,2022-04-03,Paid Search
C06801,Customer 06801,Male,39,Pune,Maharashtra,R04,Corporate,2023-09-04,Email
C06802,Customer 06802,Male,32,Hyderabad,Telangana,R02,Consumer,2023-04-21,Referral
C06803,Customer 06803,Female,39,Mysuru,Karnataka,R02,Small Business,2022-10-13,Referral
C06804,Customer 06804,Male,37,Mumbai,Maharashtra,R04,Small Business,2022-06-01,Organic
C06805,Customer 06805,Female,25,Guwahati,Assam,R06,Small Business,2023-05-25,Referral
C06806,Customer 06806,Female,37,Bhubaneswar,Odisha,R03,Consumer,2025-06-11,Referral
C06807,Customer 06807,Female,22,Bengaluru,Karnataka,R02,Consumer,2025-06-11,Partner
C06808,Customer 06808,Male,37,Visakhapatnam,Andhra Pradesh,R02,Consumer,2022-08-17,Email
C06809,Customer 06809,Male,34,Surat,Gujarat,R04,Consumer,2024-06-11,Organic
C06810,Customer 06810,Female,50,Bhubaneswar,Odisha,R03,Enterprise,2024-12-13,Partner
C06811,Customer 06811,Female,26,Faridabad,Haryana,R01,Enterprise,2023-11-29,Email
C06812,Customer 06812,Female,22,Jodhpur,Rajasthan,R01,Consumer,2022-02-21,Organic
C06813,Customer 06813,Male,31,Pune,Maharashtra,R04,Enterprise,2024-10-28,Referral
C06814,Customer 06814,Female,41,Gurugram,Haryana,R01,Consumer,2022-08-31,Paid Search
C06815,Customer 06815,Male,18,Mysuru,Karnataka,R02,Small Business,2022-09-26,Social
C06816,Customer 06816,Male,44,Ludhiana,Punjab,R01,Corporate,2023-02-20,Paid Search
C06817,Customer 06817,Male,33,Hyderabad,Telangana,R02,Corporate,2022-05-02,Referral
C06818,Customer 06818,Male,24,Ludhiana,Punjab,R01,Corporate,2025-09-29,Organic
C06819,Customer 06819,Male,31,Faridabad,Haryana,R01,Corporate,2024-03-12,Email
C06820,Customer 06820,Male,28,Ranchi,Jharkhand,R03,Small Business,2025-04-06,Organic
C06821,Customer 06821,Male,23,Hyderabad,Telangana,R02,Consumer,2022-01-17,Organic
C06822,Customer 06822,Female,18,Vijayawada,Andhra Pradesh,R02,Small Business,2022-10-04,Organic
C06823,Customer 06823,Male,42,Bengaluru,Karnataka,R02,Consumer,2022-08-05,Paid Search
C06824,Customer 06824,Female,29,Delhi,Delhi,R07,Consumer,2022-04-15,Referral
C06825,Customer 06825,Female,31,Coimbatore,Tamil Nadu,R02,Corporate,2024-11-13,Social
C06826,Customer 06826,Male,43,Bengaluru,Karnataka,R02,Small Business,2022-09-01,Social
C06827,Customer 06827,Female,36,Delhi,Delhi,R07,Small Business,2025-08-10,Partner
C06828,Customer 06828,Male,19,Raipur,Chhattisgarh,R05,Consumer,2024-12-28,Social
C06829,Customer 06829,Male,42,Coimbatore,Tamil Nadu,R02,Consumer,2023-02-21,Social
C06830,Customer 06830,Female,50,Patna,Bihar,R03,Consumer,2023-01-29,Paid Search
C06831,Customer 06831,Female,40,Bengaluru,Karnataka,R02,Small Business,2023-07-14,Partner
C06832,Customer 06832,Male,26,Chennai,Tamil Nadu,R02,Enterprise,2024-02-28,Organic
C06833,Customer 06833,Female,20,Noida,Uttar Pradesh,R07,Small Business,2024-09-21,Organic
C06834,Customer 06834,Female,26,Ranchi,Jharkhand,R03,Consumer,2023-10-17,Social
C06835,Customer 06835,Male,36,Nagpur,Maharashtra,R04,Small Business,2025-03-21,Referral
C06836,Customer 06836,Male,49,Faridabad,Haryana,R01,Consumer,2025-01-28,Organic
C06837,Customer 06837,Female,27,Delhi,Delhi,R07,Small Business,2023-01-16,Email
C06838,Customer 06838,Other,29,Hyderabad,Telangana,R02,Consumer,2023-08-02,Paid Search
C06839,Customer 06839,Female,45,Dehradun,Uttarakhand,R01,Consumer,2025-04-22,Referral
C06840,Customer 06840,Female,31,Kochi,Kerala,R02,Corporate,2024-11-26,Organic
C06841,Customer 06841,Female,52,Kolkata,West Bengal,R03,Small Business,2025-11-22,Partner
C06842,Customer 06842,Male,34,Dehradun,Uttarakhand,R01,Consumer,2022-05-22,Paid Search
C06843,Customer 06843,Female,47,Kolkata,West Bengal,R03,Consumer,2022-05-09,Organic
C06844,Customer 06844,,39,Nagpur,Maharashtra,R04,Corporate,2024-01-09,Organic
C06845,Customer 06845,,42,Chennai,Tamil Nadu,R02,Enterprise,2022-11-24,Paid Search
C06846,Customer 06846,Female,33,Delhi,Delhi,R07,Corporate,2024-12-17,Paid Search
C06847,Customer 06847,Female,34,Kanpur,Uttar Pradesh,R07,Consumer,2024-11-26,Organic
C06848,Customer 06848,Male,39,Ahmedabad,Gujarat,R04,Corporate,2023-10-12,Social
C06849,Customer 06849,Female,43,Amritsar,,R01,Consumer,2022-02-23,Paid Search
C06850,Customer 06850,Male,40,Visakhapatnam,Andhra Pradesh,R02,Consumer,2023-05-29,Social
C06851,Customer 06851,Male,18,Dehradun,Uttarakhand,R01,Consumer,2023-02-19,Organic
C06852,Customer 06852,Male,38,Mumbai,Maharashtra,R04,Consumer,2023-08-02,Paid Search
C06853,Customer 06853,Male,28,Kolkata,West Bengal,R03,Consumer,2025-05-18,Partner
C06854,Customer 06854,Female,30,Mumbai,Maharashtra,R04,Consumer,2024-12-15,Paid Search
C06855,Customer 06855,Male,40,Gurugram,Haryana,R01,Consumer,2024-09-22,Email
C06856,Customer 06856,Male,52,Nagpur,Maharashtra,R04,Corporate,2022-01-22,Organic
C06857,Customer 06857,Female,33,Lucknow,Uttar Pradesh,R07,Consumer,2024-07-25,Organic
C06858,Customer 06858,Female,55,Mumbai,Maharashtra,R04,Consumer,2024-01-30,Partner
C06859,Customer 06859,Female,24,Lucknow,Uttar Pradesh,R07,Consumer,2024-06-13,Referral
C06860,Customer 06860,Female,47,Faridabad,Haryana,R01,Small Business,2023-08-18,Referral
C06861,Customer 06861,Female,39,Noida,Uttar Pradesh,R07,Small Business,2024-01-04,Paid Search
C06862,Customer 06862,Female,37,Kochi,Kerala,R02,Consumer,2023-05-06,Email
C06863,Customer 06863,Male,49,Delhi,Delhi,R07,Corporate,2025-01-25,Partner
C06864,Customer 06864,Male,29,Pune,Maharashtra,R04,Small Business,2023-08-08,Organic
C06865,Customer 06865,Male,48,Bengaluru,Karnataka,R02,Corporate,2025-06-18,Organic
C06866,Customer 06866,,33,Mumbai,Maharashtra,R04,Consumer,2025-09-13,Partner
C06867,Customer 06867,Female,29,Bengaluru,Karnataka,R02,Consumer,2025-03-08,Organic
C06868,Customer 06868,Female,22,Delhi,Delhi,R07,Consumer,2024-02-07,Paid Search
C06869,Customer 06869,Female,51,Hyderabad,Telangana,R02,Consumer,2023-12-07,Organic
C06870,Customer 06870,Female,46,Chennai,Tamil Nadu,R02,Consumer,2024-02-01,Paid Search
C06871,Customer 06871,Male,30,Kolkata,West Bengal,R03,Enterprise,2025-02-11,Paid Search
C06872,Customer 06872,Male,40,Chennai,Tamil Nadu,R02,Consumer,2025-06-13,Organic
C06873,Customer 06873,Female,36,Ahmedabad,Gujarat,R04,Consumer,2025-01-08,Organic
C06874,Customer 06874,Male,31,Pune,Maharashtra,R04,Enterprise,2024-11-12,Paid Search
C06875,Customer 06875,Female,45,Lucknow,Uttar Pradesh,R07,Corporate,2023-10-28,Social
C06876,Customer 06876,Male,29,Bengaluru,Karnataka,R02,Consumer,2023-01-09,Referral
C06877,Customer 06877,Male,18,Delhi,Delhi,R07,Enterprise,2023-05-04,Referral
C06878,Customer 06878,Female,38,Pune,Maharashtra,R04,Consumer,2025-12-28,Organic
C06879,Customer 06879,Male,36,Kolkata,West Bengal,R03,Consumer,2023-08-23,Paid Search
C06880,Customer 06880,Female,29,Gurugram,Haryana,R01,Consumer,2023-12-06,Email
C06881,Customer 06881,Male,26,Delhi,Delhi,R07,Consumer,2023-12-22,Social
C06882,Customer 06882,Male,19,Hyderabad,Telangana,R02,Small Business,2023-05-28,Email
C06883,Customer 06883,Female,31,Mumbai,Maharashtra,R04,Consumer,2022-08-03,Partner
C06884,Customer 06884,Male,26,Bhopal,Madhya Pradesh,R05,Small Business,2022-11-17,Paid Search
C06885,Customer 06885,Female,45,Vijayawada,Andhra Pradesh,R02,Consumer,2022-11-16,Organic
C06886,Customer 06886,Male,40,Visakhapatnam,Andhra Pradesh,R02,Small Business,2022-10-18,Organic
C06887,Customer 06887,Female,30,Surat,Gujarat,R04,Consumer,2022-05-29,Organic
C06888,Customer 06888,Male,40,Noida,Uttar Pradesh,R07,Small Business,2025-09-26,Referral
C06889,Customer 06889,Male,34,Coimbatore,Tamil Nadu,R02,Consumer,2022-04-16,Organic
C06890,Customer 06890,Female,32,Hyderabad,Telangana,R02,Small Business,2022-06-21,Partner
C06891,Customer 06891,Female,34,Chennai,Tamil Nadu,R02,Small Business,2024-04-07,Referral
C06892,Customer 06892,Female,53,Nagpur,Maharashtra,R04,Corporate,2025-09-04,Partner
C06893,Customer 06893,Female,41,Delhi,Delhi,R07,Consumer,2024-10-16,Social
C06894,Customer 06894,Female,32,Ludhiana,Punjab,R01,Corporate,2022-07-11,Organic
C06895,Customer 06895,Male,44,Gurugram,Haryana,R01,Corporate,2024-06-15,Organic
C06896,Customer 06896,Female,44,Faridabad,Haryana,R01,Consumer,2024-05-17,Email
C06897,Customer 06897,Female,38,Kochi,Kerala,R02,Corporate,2024-11-28,Organic
C06898,Customer 06898,Female,32,Delhi,Delhi,R07,Enterprise,2023-03-02,Partner
C06899,Customer 06899,Female,31,Chennai,Tamil Nadu,R02,Enterprise,2023-08-17,Organic
C06900,Customer 06900,Male,24,Visakhapatnam,Andhra Pradesh,R02,Consumer,2025-11-13,Social
C06901,Customer 06901,Female,37,Nagpur,Maharashtra,R04,Consumer,2025-03-13,Paid Search
C06902,Customer 06902,Female,29,Mysuru,Karnataka,R02,Consumer,2023-01-11,Social
C06903,Customer 06903,Male,31,Kolkata,West Bengal,R03,Corporate,2024-12-28,Email
C06904,Customer 06904,Female,41,Mumbai,Maharashtra,R04,Enterprise,2025-06-09,Organic
C06905,Customer 06905,Female,52,Mysuru,Karnataka,R02,Consumer,2024-11-04,Partner
C06906,Customer 06906,Female,39,Indore,Madhya Pradesh,R05,Consumer,2024-07-05,Social
C06907,Customer 06907,Female,34,Patna,Bihar,R03,Consumer,2025-01-24,Paid Search
C06908,Customer 06908,Male,35,Indore,Madhya Pradesh,R05,Consumer,2024-02-27,Partner
C06909,Customer 06909,Male,46,Dehradun,Uttarakhand,R01,Enterprise,2022-12-05,Email
C06910,Customer 06910,Male,39,Mumbai,Maharashtra,R04,Corporate,2023-12-12,Organic
C06911,Customer 06911,Female,37,Patna,Bihar,R03,Consumer,2024-04-11,Organic
C06912,Customer 06912,Male,38,Chennai,Tamil Nadu,R02,Consumer,2025-01-17,
C06913,Customer 06913,Female,21,Hyderabad,Telangana,R02,Consumer,2025-02-06,Social
C06914,Customer 06914,Female,39,Patna,Bihar,R03,Corporate,2022-07-11,Social
C06915,Customer 06915,Female,26,Patna,Bihar,R03,Corporate,2022-05-25,Organic
C06916,Customer 06916,Male,39,Guwahati,Assam,R06,Consumer,2022-08-21,Social
C06917,Customer 06917,Male,28,Mumbai,Maharashtra,R04,Consumer,2022-12-27,Organic
C06918,Customer 06918,Other,41,Hyderabad,Telangana,R02,Small Business,2023-02-10,Organic
C06919,Customer 06919,Female,33,Jaipur,Rajasthan,R01,Small Business,2023-12-19,Paid Search
C06920,Customer 06920,Male,24,Coimbatore,Tamil Nadu,R02,Consumer,2024-11-09,Organic
C06921,Customer 06921,Male,32,Patna,Bihar,R03,Consumer,2023-08-29,Social
C06922,Customer 06922,Female,57,Bhubaneswar,Odisha,R03,Enterprise,2023-10-21,Referral
C06923,Customer 06923,Female,18,Ahmedabad,Gujarat,R04,Corporate,2025-08-28,Referral
C06924,Customer 06924,Female,37,Bengaluru,Karnataka,R02,Enterprise,2025-01-03,Organic
C06925,Customer 06925,Male,25,Pune,Maharashtra,R04,Consumer,2025-01-01,Organic
C06926,Customer 06926,Female,49,Faridabad,Haryana,R01,Consumer,2025-01-01,Email
C06927,Customer 06927,Male,43,Kanpur,Uttar Pradesh,R07,Consumer,2022-03-01,Social
C06928,Customer 06928,Female,37,Kochi,Kerala,R02,Small Business,2024-12-07,Organic
C06929,Customer 06929,,44,Mumbai,Maharashtra,R04,Corporate,2023-11-11,Referral
C06930,Customer 06930,Male,37,Ranchi,Jharkhand,R03,Consumer,2024-07-10,Paid Search
C06931,Customer 06931,Male,35,Noida,Uttar Pradesh,R07,Enterprise,2025-01-19,Organic
C06932,Customer 06932,Male,29,Kolkata,,R03,Enterprise,2022-03-16,Referral
C06933,Customer 06933,Male,31,Coimbatore,Tamil Nadu,R02,Consumer,2025-07-14,Paid Search
C06934,Customer 06934,Female,30,Kolkata,West Bengal,R03,Corporate,2024-02-25,Paid Search
C06935,Customer 06935,Female,35,Hyderabad,Telangana,R02,Corporate,2024-08-18,Partner
C06936,Customer 06936,Female,18,Kolkata,West Bengal,R03,Consumer,2022-05-05,Organic
C06937,Customer 06937,Male,45,Kochi,Kerala,R02,Corporate,2025-01-07,Social
C06938,Customer 06938,Male,54,Coimbatore,Tamil Nadu,R02,Consumer,2025-08-30,Organic
C06939,Customer 06939,Female,31,Delhi,Delhi,R07,Small Business,2023-06-01,Partner
C06940,Customer 06940,Female,47,Jodhpur,Rajasthan,R01,Small Business,2023-08-30,Paid Search
C06941,Customer 06941,Male,34,Kolkata,West Bengal,R03,Small Business,2024-01-27,Partner
C06942,Customer 06942,Female,29,Bengaluru,Karnataka,R02,Small Business,2022-08-01,Paid Search
C06943,Customer 06943,Male,31,Bengaluru,Karnataka,R02,Consumer,2022-05-13,Email
C06944,Customer 06944,Male,36,Chennai,Tamil Nadu,R02,Consumer,2022-05-04,Email
C06945,Customer 06945,Male,28,Mumbai,Maharashtra,R04,Corporate,2022-08-21,Organic
C06946,Customer 06946,Female,41,Bhubaneswar,Odisha,R03,Consumer,2025-02-20,Referral
C06947,Customer 06947,Male,30,Kolkata,West Bengal,R03,Corporate,2024-07-08,Organic
C06948,Customer 06948,Male,24,Kolkata,West Bengal,R03,Consumer,2024-06-14,Organic
C06949,Customer 06949,Male,35,Kolkata,West Bengal,R03,Consumer,2022-04-21,Paid Search
C06950,Customer 06950,Male,28,Kochi,Kerala,R02,Consumer,2023-01-03,Referral
C06951,Customer 06951,Male,32,Coimbatore,Tamil Nadu,R02,Corporate,2025-09-29,Organic
C06952,Customer 06952,Female,34,Ranchi,Jharkhand,R03,Consumer,2024-02-18,Referral
C06953,Customer 06953,Female,22,Faridabad,Haryana,R01,Corporate,2022-04-28,Email
C06954,Customer 06954,Male,50,Hyderabad,Telangana,R02,Consumer,2025-10-14,Paid Search
C06955,Customer 06955,Male,43,Kolkata,West Bengal,R03,Small Business,2024-04-06,Organic
C06956,Customer 06956,Male,29,Bengaluru,Karnataka,R02,Corporate,2023-12-22,Social
C06957,Customer 06957,Other,35,Jodhpur,Rajasthan,R01,Consumer,2024-05-21,Organic
C06958,Customer 06958,Female,41,Bengaluru,Karnataka,R02,Consumer,2023-07-25,Organic
C06959,Customer 06959,Male,37,Pune,Maharashtra,R04,Consumer,2024-09-27,Organic
C06960,Customer 06960,Female,54,Kochi,Kerala,R02,Consumer,2023-03-26,Organic
C06961,Customer 06961,Male,33,Pune,Maharashtra,R04,Corporate,2023-06-02,Referral
C06962,Customer 06962,Male,47,Amritsar,Punjab,R01,Consumer,2022-09-24,Paid Search
C06963,Customer 06963,Female,22,Coimbatore,Tamil Nadu,R02,Small Business,2022-10-14,Partner
C06964,Customer 06964,Female,23,Mumbai,Maharashtra,R04,Small Business,2025-08-23,Referral
C06965,Customer 06965,Female,52,Delhi,Delhi,R07,Consumer,2022-10-22,Partner
C06966,Customer 06966,Female,31,Chennai,Tamil Nadu,R02,Small Business,2022-09-08,Referral
C06967,Customer 06967,Female,23,Mysuru,Karnataka,R02,Corporate,2023-11-27,Organic
C06968,Customer 06968,Male,35,Faridabad,Haryana,R01,Consumer,2022-03-21,Organic
C06969,Customer 06969,Male,48,Chennai,Tamil Nadu,R02,Small Business,2023-08-23,Organic
C06970,Customer 06970,Male,27,Coimbatore,Tamil Nadu,R02,Enterprise,2022-07-28,Referral
C06971,Customer 06971,Other,35,Bhubaneswar,Odisha,R03,Consumer,2023-01-12,Referral
C06972,Customer 06972,Male,18,Mumbai,Maharashtra,R04,Consumer,2022-09-24,Organic
C06973,Customer 06973,Male,30,Kanpur,Uttar Pradesh,R07,Corporate,2025-06-19,Referral
C06974,Customer 06974,Male,45,Visakhapatnam,Andhra Pradesh,R02,Consumer,2023-09-13,Organic
C06975,Customer 06975,Male,27,Bengaluru,Karnataka,R02,Corporate,2022-01-03,Referral
C06976,Customer 06976,Female,22,Delhi,Delhi,R07,Corporate,2025-08-21,Paid Search
C06977,Customer 06977,Male,27,Indore,Madhya Pradesh,R05,Small Business,2025-12-29,Organic
C06978,Customer 06978,Female,29,Amritsar,Punjab,R01,Consumer,2022-07-16,Social
C06979,Customer 06979,Female,43,Bhubaneswar,Odisha,R03,Consumer,2022-05-26,Partner
C06980,Customer 06980,Male,39,Kolkata,West Bengal,R03,Small Business,2022-08-02,Referral
C06981,Customer 06981,Female,41,Ranchi,Jharkhand,R03,Consumer,2023-01-31,Paid Search
C06982,Customer 06982,Male,35,Ranchi,Jharkhand,R03,Consumer,2023-10-01,Social
C06983,Customer 06983,Female,29,Jodhpur,Rajasthan,R01,Consumer,2025-03-05,Paid Search
C06984,Customer 06984,Female,27,Bhubaneswar,Odisha,R03,Consumer,2025-08-13,Organic
C06985,Customer 06985,Male,39,Mumbai,Maharashtra,R04,Consumer,2025-06-07,Referral
C06986,Customer 06986,Male,51,Hyderabad,Telangana,R02,Consumer,2025-09-16,Organic
C06987,Customer 06987,Female,26,Coimbatore,Tamil Nadu,R02,Corporate,2022-03-21,Social
C06988,Customer 06988,Female,25,Delhi,Delhi,R07,Corporate,2025-10-21,Organic
C06989,Customer 06989,Female,24,Delhi,Delhi,R07,Small Business,2024-08-14,Email
C06990,Customer 06990,Male,43,Delhi,Delhi,R07,Small Business,2022-07-05,Organic
C06991,Customer 06991,Male,35,Faridabad,Haryana,R01,Consumer,2025-12-22,Paid Search
C06992,Customer 06992,Female,41,Noida,Uttar Pradesh,R07,Consumer,2024-10-27,Paid Search
C06993,Customer 06993,Male,30,Kochi,Kerala,R02,Small Business,2025-01-04,Email
C06994,Customer 06994,Other,41,Mysuru,Karnataka,R02,Consumer,2024-08-03,Partner
C06995,Customer 06995,Female,32,Indore,Madhya Pradesh,R05,Consumer,2025-02-18,Organic
C06996,Customer 06996,Female,20,Indore,Madhya Pradesh,R05,Consumer,2022-02-14,Organic
C06997,Customer 06997,Male,44,Patna,Bihar,R03,Corporate,2024-03-24,Referral
C06998,Customer 06998,Female,35,Pune,Maharashtra,R04,Consumer,2024-09-09,Organic
C06999,Customer 06999,Female,32,Raipur,Chhattisgarh,R05,Consumer,2025-06-14,Organic
C07000,Customer 07000,Female,38,Patna,Bihar,R03,Consumer,2024-10-15,Organic
C07001,Customer 07001,Female,21,Patna,Bihar,R03,Small Business,2022-12-29,Organic
C07002,Customer 07002,Female,39,Kochi,Kerala,R02,Consumer,2024-08-17,Social
C07003,Customer 07003,Male,29,Chennai,Tamil Nadu,R02,Corporate,2022-12-27,Paid Search
C07004,Customer 07004,Other,33,Bengaluru,Karnataka,R02,Consumer,2022-11-12,Paid Search
C07005,Customer 07005,Male,46,Kochi,Kerala,R02,Consumer,2024-06-21,Paid Search
C07006,Customer 07006,Female,41,Surat,Gujarat,R04,Consumer,2023-05-01,Organic
C07007,Customer 07007,Male,33,Indore,Madhya Pradesh,R05,Consumer,2023-05-01,Partner
C07008,Customer 07008,Female,34,Delhi,Delhi,R07,Consumer,2024-03-20,Social
C07009,Customer 07009,Female,18,Delhi,Delhi,R07,Small Business,2022-10-11,Email
C07010,Customer 07010,Female,27,Mysuru,Karnataka,R02,Consumer,2022-07-22,Partner
C07011,Customer 07011,Male,37,Delhi,Delhi,R07,Enterprise,2023-09-30,Social
C07012,Customer 07012,Male,27,Ranchi,Jharkhand,R03,Consumer,2022-08-20,Partner
C07013,Customer 07013,Male,22,Delhi,Delhi,R07,Consumer,2024-12-10,Organic
C07014,Customer 07014,Female,40,Kolkata,West Bengal,R03,Corporate,2024-10-17,Paid Search
C07015,Customer 07015,Male,48,Noida,Uttar Pradesh,R07,Small Business,2025-10-10,Referral
C07016,Customer 07016,Female,28,Ranchi,Jharkhand,R03,Consumer,2022-08-31,Organic
C07017,Customer 07017,Male,44,Pune,Maharashtra,R04,Consumer,2024-12-28,Social
C07018,Customer 07018,Female,42,Delhi,Delhi,R07,Corporate,2022-01-25,Partner
C07019,Customer 07019,Female,25,Delhi,Delhi,R07,Consumer,2024-06-22,Partner
C07020,Customer 07020,Female,28,Mysuru,Karnataka,R02,Corporate,2022-09-28,Social
C07021,Customer 07021,Female,53,Dehradun,Uttarakhand,R01,Small Business,2024-11-21,Referral
C07022,Customer 07022,Female,24,Dehradun,Uttarakhand,R01,Consumer,2022-04-21,Social
C07023,Customer 07023,Female,29,Pune,Maharashtra,R04,Small Business,2022-03-03,Paid Search
C07024,Customer 07024,Male,55,Bengaluru,Karnataka,R02,Consumer,2023-02-17,Paid Search
C07025,Customer 07025,Female,29,Delhi,Delhi,R07,Small Business,2023-05-27,Social
C07026,Customer 07026,Female,49,Mysuru,Karnataka,R02,Enterprise,2025-01-15,Paid Search
C07027,Customer 07027,Male,25,Chennai,Tamil Nadu,R02,Corporate,2022-10-08,Referral
C07028,Customer 07028,Male,36,Kanpur,,R07,Enterprise,2025-02-22,Organic
C07029,Customer 07029,Female,46,Coimbatore,Tamil Nadu,R02,Small Business,2023-12-24,Referral
C07030,Customer 07030,Female,30,Kochi,Kerala,R02,Consumer,2022-04-15,Social
C07031,Customer 07031,Female,36,Delhi,Delhi,R07,Consumer,2025-10-24,Organic
C07032,Customer 07032,Male,42,Kanpur,Uttar Pradesh,R07,Consumer,2024-04-13,Email
C07033,Customer 07033,Female,26,Ludhiana,Punjab,R01,Consumer,2025-05-28,Social
C07034,Customer 07034,Male,57,Gurugram,Haryana,R01,Corporate,2022-05-09,Referral
C07035,Customer 07035,Male,45,Faridabad,Haryana,R01,Consumer,2023-10-22,Organic
C07036,Customer 07036,Female,31,Hyderabad,Telangana,R02,Corporate,2022-10-01,Organic
C07037,Customer 07037,Male,33,Faridabad,Haryana,R01,Consumer,2024-01-23,Partner
C07038,Customer 07038,Male,54,Patna,Bihar,R03,Consumer,2025-02-19,Social
C07039,Customer 07039,Male,31,Guwahati,Assam,R06,Consumer,2025-05-25,Paid Search
C07040,Customer 07040,Male,30,Kochi,Kerala,R02,Enterprise,2025-11-21,Social
C07041,Customer 07041,Male,46,Hyderabad,Telangana,R02,Consumer,2023-01-19,Paid Search
C07042,Customer 07042,Male,21,Amritsar,Punjab,R01,Consumer,2023-02-01,Partner
C07043,Customer 07043,Male,34,Delhi,Delhi,R07,Consumer,2025-01-25,Organic
C07044,Customer 07044,Female,36,Kanpur,Uttar Pradesh,R07,Enterprise,2025-02-08,Social
C07045,Customer 07045,Male,28,Ranchi,Jharkhand,R03,Consumer,2023-04-28,Paid Search
C07046,Customer 07046,Female,19,Ranchi,Jharkhand,R03,Corporate,2023-05-15,Organic
C07047,Customer 07047,Female,36,Mumbai,Maharashtra,R04,Consumer,2022-10-13,Referral
C07048,Customer 07048,Male,42,Mumbai,Maharashtra,R04,Consumer,2025-02-20,Organic
C07049,Customer 07049,Male,28,Mysuru,Karnataka,R02,Corporate,2022-06-12,Organic
C07050,Customer 07050,Male,23,Jaipur,Rajasthan,R01,Corporate,2024-04-13,Social
C07051,Customer 07051,Female,48,Dehradun,Uttarakhand,R01,Corporate,2023-07-18,Paid Search
C07052,Customer 07052,Female,40,Lucknow,Uttar Pradesh,R07,Consumer,2024-03-09,Partner
C07053,Customer 07053,Male,31,Mumbai,Maharashtra,R04,Enterprise,2025-09-11,Referral
C07054,Customer 07054,Male,44,Ahmedabad,Gujarat,R04,Consumer,2025-03-27,Organic
C07055,Customer 07055,Male,37,Gurugram,Haryana,R01,Enterprise,2025-08-14,Organic
C07056,Customer 07056,Female,53,Nagpur,Maharashtra,R04,Consumer,2024-10-14,Social
C07057,Customer 07057,Male,42,Raipur,Chhattisgarh,R05,Consumer,2023-09-18,Organic
C07058,Customer 07058,Female,21,Faridabad,Haryana,R01,Consumer,2025-11-19,Organic
C07059,Customer 07059,Female,28,Coimbatore,Tamil Nadu,R02,Small Business,2024-03-30,Partner
C07060,Customer 07060,Female,29,Mumbai,Maharashtra,R04,Small Business,2023-06-14,Referral
C07061,Customer 07061,Male,38,Gurugram,Haryana,R01,Consumer,2025-06-04,Paid Search
C07062,Customer 07062,Male,32,Delhi,Delhi,R07,Consumer,2025-10-27,Organic
C07063,Customer 07063,Male,24,Jodhpur,Rajasthan,R01,Consumer,2023-11-30,Email
C07064,Customer 07064,Female,41,Delhi,Delhi,R07,Consumer,2025-04-24,Social
C07065,Customer 07065,Male,45,Pune,Maharashtra,R04,Small Business,2023-12-21,Paid Search
C07066,Customer 07066,Male,34,Indore,Madhya Pradesh,R05,Consumer,2023-12-23,Social
C07067,Customer 07067,Male,37,Kolkata,West Bengal,R03,Consumer,2024-02-12,Partner
C07068,Customer 07068,Female,25,Vijayawada,Andhra Pradesh,R02,Consumer,2024-01-02,Organic
C07069,Customer 07069,Female,30,Surat,Gujarat,R04,Consumer,2025-07-28,Referral
C07070,Customer 07070,Female,30,Kolkata,West Bengal,R03,Enterprise,2025-08-10,Partner
C07071,Customer 07071,Female,41,Hyderabad,Telangana,R02,Consumer,2025-03-04,Social
C07072,Customer 07072,Female,38,Noida,Uttar Pradesh,R07,Small Business,2024-05-08,Partner
C07073,Customer 07073,Female,32,Jodhpur,Rajasthan,R01,Corporate,2022-06-15,Organic
C07074,Customer 07074,Male,31,Bengaluru,Karnataka,R02,Consumer,2023-05-09,Referral
C07075,Customer 07075,Male,18,Bhopal,Madhya Pradesh,R05,Consumer,2022-07-26,Paid Search
C07076,Customer 07076,Female,51,Surat,Gujarat,R04,Corporate,2022-03-02,Paid Search
C07077,Customer 07077,Female,18,Kanpur,Uttar Pradesh,R07,Corporate,2024-07-12,Referral
C07078,Customer 07078,Female,39,Dehradun,Uttarakhand,R01,Consumer,2023-03-14,Social
C07079,Customer 07079,Female,35,Faridabad,Haryana,R01,Small Business,2022-04-25,Paid Search
C07080,Customer 07080,Female,32,Vijayawada,Andhra Pradesh,R02,Consumer,2022-11-14,Paid Search
C07081,Customer 07081,Male,35,Indore,Madhya Pradesh,R05,Consumer,2022-04-07,Social
C07082,Customer 07082,Female,28,Bhopal,Madhya Pradesh,R05,Consumer,2022-07-08,Partner
C07083,Customer 07083,Female,42,Bhubaneswar,Odisha,R03,Corporate,2023-12-28,Email
C07084,Customer 07084,Male,22,Ludhiana,Punjab,R01,Consumer,2024-09-09,Paid Search
C07085,Customer 07085,Male,38,Hyderabad,Telangana,R02,Consumer,2025-02-25,Paid Search
C07086,Customer 07086,Male,28,Patna,Bihar,R03,Consumer,2023-08-02,Partner
C07087,Customer 07087,Male,31,Patna,Bihar,R03,Consumer,2024-12-18,Email
C07088,Customer 07088,Female,31,Jodhpur,Rajasthan,R01,Consumer,2022-05-19,Referral
C07089,Customer 07089,Female,33,Amritsar,Punjab,R01,Small Business,2022-07-07,Referral
C07090,Customer 07090,Female,40,Mumbai,Maharashtra,R04,Consumer,2023-04-23,Organic
C07091,Customer 07091,Other,35,Bengaluru,Karnataka,R02,Enterprise,2024-07-19,Organic
C07092,Customer 07092,Female,44,Coimbatore,Tamil Nadu,R02,Corporate,2022-07-25,Paid Search
C07093,Customer 07093,Female,45,Indore,Madhya Pradesh,R05,Small Business,2022-01-03,Social
C07094,Customer 07094,Male,38,Bhubaneswar,Odisha,R03,Enterprise,2024-05-24,Referral
C07095,Customer 07095,Male,42,Kolkata,West Bengal,R03,Consumer,2023-08-19,Email
C07096,Customer 07096,Female,55,Noida,Uttar Pradesh,R07,Consumer,2023-09-16,Partner
C07097,Customer 07097,Male,21,Bengaluru,Karnataka,R02,Consumer,2023-09-07,Organic
C07098,Customer 07098,Female,46,Pune,Maharashtra,R04,Consumer,2025-09-26,Referral
C07099,Customer 07099,Female,50,Kanpur,Uttar Pradesh,R07,Consumer,2022-06-18,Partner
C07100,Customer 07100,Male,39,Delhi,Delhi,R07,Corporate,2024-06-08,Organic
C07101,Customer 07101,Male,54,Mumbai,Maharashtra,R04,Small Business,2025-01-24,Organic
C07102,Customer 07102,Female,53,Kanpur,Uttar Pradesh,R07,Consumer,2025-01-22,Partner
C07103,Customer 07103,Female,32,Coimbatore,Tamil Nadu,R02,Small Business,2022-05-05,Organic
C07104,Customer 07104,Male,32,Delhi,Delhi,R07,Consumer,2023-05-05,Referral
C07105,Customer 07105,Female,40,Jaipur,,R01,Consumer,2025-11-04,Paid Search
C07106,Customer 07106,Male,29,Delhi,Delhi,R07,Consumer,2025-01-07,Paid Search
C07107,Customer 07107,Male,62,Hyderabad,Telangana,R02,Corporate,2025-09-10,Partner
C07108,Customer 07108,Female,43,Chennai,Tamil Nadu,R02,Consumer,2024-12-09,Paid Search
C07109,Customer 07109,Male,35,Pune,Maharashtra,R04,Consumer,2022-04-11,Paid Search
C07110,Customer 07110,Female,21,Gurugram,Haryana,R01,Consumer,2025-12-18,Organic
C07111,Customer 07111,Male,38,Vijayawada,Andhra Pradesh,R02,Consumer,2025-05-05,Organic
C07112,Customer 07112,Female,23,Chennai,Tamil Nadu,R02,Small Business,2024-08-23,Paid Search
C07113,Customer 07113,Female,43,Kolkata,West Bengal,R03,Consumer,2022-01-02,Referral
C07114,Customer 07114,Female,18,Mysuru,Karnataka,R02,Corporate,2025-08-31,Organic
C07115,Customer 07115,Female,49,Bhopal,Madhya Pradesh,R05,Corporate,2025-07-25,Paid Search
C07116,Customer 07116,Female,31,Kochi,Kerala,R02,Consumer,2025-06-20,Paid Search
C07117,Customer 07117,Female,18,Pune,Maharashtra,R04,Consumer,2023-03-13,Email
C07118,Customer 07118,,35,Kolkata,West Bengal,R03,Small Business,2025-09-04,Organic
C07119,Customer 07119,Male,35,Noida,Uttar Pradesh,R07,Consumer,2022-01-12,Partner
C07120,Customer 07120,Male,34,Hyderabad,Telangana,R02,Consumer,2024-04-17,Partner
C07121,Customer 07121,Male,49,Mumbai,Maharashtra,R04,Small Business,2025-01-28,Organic
C07122,Customer 07122,Female,39,Delhi,Delhi,R07,Small Business,2022-11-24,Paid Search
C07123,Customer 07123,Male,43,Visakhapatnam,Andhra Pradesh,R02,Corporate,2025-11-14,Referral
C07124,Customer 07124,Female,33,Guwahati,Assam,R06,Small Business,2024-05-04,Organic
C07125,Customer 07125,,39,Jaipur,Rajasthan,R01,Consumer,2022-08-27,Email
C07126,Customer 07126,Male,22,Dehradun,Uttarakhand,R01,Small Business,2025-09-08,Partner
C07127,Customer 07127,Female,38,Pune,Maharashtra,R04,Consumer,2022-07-04,Referral
C07128,Customer 07128,Female,27,Surat,Gujarat,R04,Small Business,2025-11-22,Organic
C07129,Customer 07129,Male,48,Raipur,Chhattisgarh,R05,Consumer,2025-12-01,Organic
C07130,Customer 07130,Female,36,Jodhpur,Rajasthan,R01,Consumer,2025-10-14,Paid Search
C07131,Customer 07131,Male,42,Ahmedabad,Gujarat,R04,Consumer,2023-04-16,Organic
C07132,Customer 07132,Male,38,Hyderabad,Telangana,R02,Small Business,2023-10-07,Email
C07133,Customer 07133,Male,53,Gurugram,Haryana,R01,Consumer,2025-01-12,Social
C07134,Customer 07134,Male,19,Ahmedabad,Gujarat,R04,Small Business,2025-03-21,
C07135,Customer 07135,Male,34,Pune,Maharashtra,R04,Consumer,2022-11-02,Social
C07136,Customer 07136,Male,25,Kolkata,West Bengal,R03,Consumer,2023-12-15,Organic
C07137,Customer 07137,Female,18,Gurugram,Haryana,R01,Consumer,2023-07-16,Referral
C07138,Customer 07138,Female,25,Kanpur,Uttar Pradesh,R07,Consumer,2024-10-07,Email
C07139,Customer 07139,Male,47,Kolkata,West Bengal,R03,Corporate,2025-02-03,Social
C07140,Customer 07140,Female,35,Faridabad,Haryana,R01,Enterprise,2023-09-23,Social
C07141,Customer 07141,Female,33,Ahmedabad,Gujarat,R04,Corporate,2025-07-26,Organic
C07142,Customer 07142,Male,43,Kolkata,West Bengal,R03,Consumer,2023-03-19,Referral
C07143,Customer 07143,Male,36,Bhubaneswar,Odisha,R03,Consumer,2025-01-10,Partner
C07144,Customer 07144,Male,41,Delhi,Delhi,R07,Small Business,2023-10-08,Referral
C07145,Customer 07145,Female,38,Raipur,Chhattisgarh,R05,Corporate,2022-06-04,Organic
C07146,Customer 07146,Female,40,Kolkata,West Bengal,R03,Small Business,2023-03-25,Paid Search
C07147,Customer 07147,Male,31,Pune,Maharashtra,R04,Consumer,2025-05-09,Partner
C07148,Customer 07148,Male,45,Patna,Bihar,R03,Small Business,2023-09-11,Referral
C07149,Customer 07149,Male,23,Patna,Bihar,R03,Consumer,2025-02-25,Paid Search
C07150,Customer 07150,Male,34,Chennai,Tamil Nadu,R02,Small Business,2024-09-17,Social
C07151,Customer 07151,Female,46,Bengaluru,Karnataka,R02,Small Business,2023-08-27,Organic
C07152,Customer 07152,Female,33,Patna,Bihar,R03,Small Business,2022-10-21,Partner
C07153,Customer 07153,Male,31,Dehradun,Uttarakhand,R01,Consumer,2024-11-21,Paid Search
C07154,Customer 07154,,58,Coimbatore,Tamil Nadu,R02,Small Business,2024-09-15,Organic
C07155,Customer 07155,Male,49,Bhopal,Madhya Pradesh,R05,Consumer,2023-04-04,Organic
C07156,Customer 07156,Male,36,Patna,Bihar,R03,Consumer,2022-04-18,Organic
C07157,Customer 07157,Female,25,Raipur,,R05,Corporate,2023-07-24,Referral
C07158,Customer 07158,Female,18,Vijayawada,Andhra Pradesh,R02,Consumer,2022-01-03,Referral
C07159,Customer 07159,Female,42,Amritsar,Punjab,R01,Consumer,2025-02-03,Referral
C07160,Customer 07160,Male,48,Gurugram,Haryana,R01,Corporate,2022-12-07,Paid Search
C07161,Customer 07161,Female,39,Chennai,Tamil Nadu,R02,Corporate,2023-07-30,Email
C07162,Customer 07162,Female,18,Ahmedabad,Gujarat,R04,Corporate,2022-10-23,Email
C07163,Customer 07163,Male,37,Chennai,Tamil Nadu,R02,Consumer,2025-08-29,Social
C07164,Customer 07164,Female,30,Bhopal,Madhya Pradesh,R05,Corporate,2025-05-02,Social
C07165,Customer 07165,Female,37,Visakhapatnam,Andhra Pradesh,R02,Consumer,2025-09-27,Organic
C07166,Customer 07166,Female,54,Surat,Gujarat,R04,Consumer,2025-01-09,Email
C07167,Customer 07167,Male,43,Kolkata,West Bengal,R03,Consumer,2022-06-29,Organic
C07168,Customer 07168,Male,41,Ludhiana,Punjab,R01,Corporate,2024-08-31,Email
C07169,Customer 07169,Female,35,Mysuru,Karnataka,R02,Consumer,2023-10-29,Paid Search
C07170,Customer 07170,Male,39,Delhi,Delhi,R07,Consumer,2024-10-28,Organic
C07171,Customer 07171,Female,28,Mysuru,Karnataka,R02,Small Business,2024-10-08,Organic
C07172,Customer 07172,Male,41,Mysuru,Karnataka,R02,Small Business,2024-08-26,Partner
C07173,Customer 07173,Male,33,Patna,Bihar,R03,Corporate,2024-07-05,Social
C07174,Customer 07174,Female,27,Hyderabad,Telangana,R02,Small Business,2025-04-22,Paid Search
C07175,Customer 07175,Female,43,Nagpur,Maharashtra,R04,Enterprise,2025-06-25,Partner
C07176,Customer 07176,Male,18,Delhi,Delhi,R07,Consumer,2024-02-20,Social
C07177,Customer 07177,Female,30,Gurugram,Haryana,R01,Consumer,2022-01-03,Email
C07178,Customer 07178,Female,41,Ranchi,Jharkhand,R03,Corporate,2022-01-26,Email
C07179,Customer 07179,Female,47,Kochi,Kerala,R02,Small Business,2022-02-20,Referral
C07180,Customer 07180,Male,40,Mumbai,Maharashtra,R04,Corporate,2025-06-15,Organic
C07181,Customer 07181,Female,28,Noida,Uttar Pradesh,R07,Consumer,2023-10-28,Partner
C07182,Customer 07182,Female,34,Ahmedabad,Gujarat,R04,Small Business,2023-11-19,Referral
C07183,Customer 07183,Female,38,Kolkata,West Bengal,R03,Small Business,2023-02-18,Paid Search
C07184,Customer 07184,Female,51,Mumbai,,R04,Consumer,2025-09-18,Email
C07185,Customer 07185,Female,44,Delhi,Delhi,R07,Enterprise,2022-12-17,Organic
C07186,Customer 07186,Male,44,Mumbai,Maharashtra,R04,Corporate,2025-07-28,Organic
C07187,Customer 07187,Male,36,Noida,Uttar Pradesh,R07,Small Business,2024-09-05,Referral
C07188,Customer 07188,Male,24,Mumbai,Maharashtra,R04,Enterprise,2023-08-07,Referral
C07189,Customer 07189,Female,21,Gurugram,Haryana,R01,Consumer,2024-08-24,Social
C07190,Customer 07190,Female,32,Hyderabad,Telangana,R02,Small Business,2025-09-25,Referral
C07191,Customer 07191,Female,42,Bengaluru,Karnataka,R02,Consumer,2022-04-07,Partner
C07192,Customer 07192,Female,30,Jodhpur,Rajasthan,R01,Small Business,2022-03-27,Organic
C07193,Customer 07193,Female,41,Bengaluru,Karnataka,R02,Small Business,2022-09-08,Paid Search
C07194,Customer 07194,Female,27,Bengaluru,Karnataka,R02,Small Business,2024-08-25,Paid Search
C07195,Customer 07195,Male,29,Bhopal,Madhya Pradesh,R05,Small Business,2024-02-06,Partner
C07196,Customer 07196,Female,49,Vijayawada,Andhra Pradesh,R02,Small Business,2024-09-22,Organic
C07197,Customer 07197,Male,43,Faridabad,Haryana,R01,Consumer,2023-08-14,Paid Search
C07198,Customer 07198,Male,32,Guwahati,Assam,R06,Consumer,2025-05-12,Partner
C07199,Customer 07199,Female,27,Kolkata,West Bengal,R03,Consumer,2023-11-16,Referral
C07200,Customer 07200,Female,44,Kolkata,West Bengal,R03,Small Business,2023-11-20,Organic
C07201,Customer 07201,,44,Pune,Maharashtra,R04,Corporate,2023-12-05,Partner
C07202,Customer 07202,Female,41,Pune,Maharashtra,R04,Corporate,2022-12-18,Organic
C07203,Customer 07203,Female,33,Delhi,Delhi,R07,Consumer,2025-11-26,Social
C07204,Customer 07204,Male,24,Dehradun,Uttarakhand,R01,Corporate,2022-03-06,Organic
C07205,Customer 07205,Female,35,Chennai,Tamil Nadu,R02,Consumer,2022-02-07,Referral
C07206,Customer 07206,Other,49,Mumbai,Maharashtra,R04,Enterprise,2023-11-14,Paid Search
C07207,Customer 07207,Female,26,Bengaluru,Karnataka,R02,Small Business,2024-10-03,Email
C07208,Customer 07208,Male,35,Delhi,Delhi,R07,Consumer,2023-10-25,Social
C07209,Customer 07209,Male,51,Amritsar,Punjab,R01,Small Business,2025-03-01,Paid Search
C07210,Customer 07210,Male,32,Hyderabad,Telangana,R02,Consumer,2023-06-05,Partner
C07211,Customer 07211,Male,34,Bengaluru,Karnataka,R02,Consumer,2022-12-05,Email
C07212,Customer 07212,Female,21,Bhubaneswar,Odisha,R03,Corporate,2024-07-18,Social
C07213,Customer 07213,Female,41,Hyderabad,Telangana,R02,Corporate,2022-12-23,Social
C07214,Customer 07214,Male,28,Coimbatore,Tamil Nadu,R02,Consumer,2024-02-16,Social
C07215,Customer 07215,Male,19,Indore,Madhya Pradesh,R05,Consumer,2024-07-19,Social
C07216,Customer 07216,Female,25,Delhi,Delhi,R07,Consumer,2022-06-18,Email
C07217,Customer 07217,Male,37,Kolkata,West Bengal,R03,Consumer,2022-11-30,Organic
C07218,Customer 07218,Female,19,Kolkata,West Bengal,R03,Consumer,2022-03-12,Paid Search
C07219,Customer 07219,Female,21,Jodhpur,Rajasthan,R01,Consumer,2022-11-06,Referral
C07220,Customer 07220,Male,41,Amritsar,Punjab,R01,Small Business,2025-07-25,
C07221,Customer 07221,Male,34,Amritsar,Punjab,R01,Consumer,2022-01-19,Organic
C07222,Customer 07222,Female,26,Amritsar,Punjab,R01,Consumer,2024-12-20,Organic
C07223,Customer 07223,Male,32,Mysuru,Karnataka,R02,Consumer,2022-09-16,Email
C07224,Customer 07224,Female,52,Faridabad,Haryana,R01,Consumer,2023-11-08,Partner
C07225,Customer 07225,Female,48,Hyderabad,Telangana,R02,Small Business,2022-01-12,Referral
C07226,Customer 07226,Male,34,Gurugram,Haryana,R01,Consumer,2023-12-26,Social
C07227,Customer 07227,Female,43,Delhi,Delhi,R07,Consumer,2025-09-25,Organic
C07228,Customer 07228,Female,36,Nagpur,Maharashtra,R04,Small Business,2022-06-17,Partner
C07229,Customer 07229,Male,18,Ludhiana,Punjab,R01,Small Business,2023-03-31,Referral
C07230,Customer 07230,Male,18,Dehradun,Uttarakhand,R01,Consumer,2023-01-20,Referral
C07231,Customer 07231,Female,26,Jodhpur,Rajasthan,R01,Consumer,2024-10-24,Partner
C07232,Customer 07232,Male,19,Lucknow,Uttar Pradesh,R07,Small Business,2025-04-19,Partner
C07233,Customer 07233,Female,38,Amritsar,Punjab,R01,Corporate,2023-01-31,Organic
C07234,Customer 07234,Male,30,Mumbai,Maharashtra,R04,Enterprise,2022-07-04,Organic
C07235,Customer 07235,Male,39,Coimbatore,Tamil Nadu,R02,Consumer,2025-07-22,Organic
C07236,Customer 07236,Female,39,Bhubaneswar,Odisha,R03,Small Business,2022-06-02,Partner
C07237,Customer 07237,Female,42,Mumbai,Maharashtra,R04,Consumer,2025-06-07,Social
C07238,Customer 07238,Female,26,Hyderabad,,R02,Consumer,2024-03-26,Referral
C07239,Customer 07239,Male,40,Mysuru,Karnataka,R02,Small Business,2025-02-16,Paid Search
C07240,Customer 07240,Female,25,Indore,Madhya Pradesh,R05,Corporate,2025-05-12,Paid Search
C07241,Customer 07241,Male,42,Chennai,Tamil Nadu,R02,Consumer,2024-10-07,Paid Search
C07242,Customer 07242,Female,47,Jaipur,Rajasthan,R01,Consumer,2023-07-08,Partner
C07243,Customer 07243,,42,Kolkata,,R03,Small Business,2023-04-19,Paid Search
C07244,Customer 07244,Female,33,Indore,Madhya Pradesh,R05,Consumer,2024-08-01,Email
C07245,Customer 07245,Female,41,Ahmedabad,Gujarat,R04,Consumer,2024-01-24,
C07246,Customer 07246,Male,20,Dehradun,Uttarakhand,R01,Consumer,2025-08-11,Paid Search
C07247,Customer 07247,Female,18,Guwahati,Assam,R06,Consumer,2025-01-20,Organic
C07248,Customer 07248,Male,40,Ludhiana,Punjab,R01,Small Business,2025-07-26,Paid Search
C07249,Customer 07249,Female,48,Bhubaneswar,Odisha,R03,Consumer,2023-08-04,Referral
C07250,Customer 07250,Female,23,Chennai,Tamil Nadu,R02,Consumer,2023-11-15,Organic
C07251,Customer 07251,Female,35,Bengaluru,Karnataka,R02,Corporate,2025-07-12,Social
C07252,Customer 07252,,39,Mysuru,Karnataka,R02,Consumer,2023-03-08,Organic
C07253,Customer 07253,Male,29,Raipur,Chhattisgarh,R05,Corporate,2025-04-20,Partner
C07254,Customer 07254,Male,32,Coimbatore,Tamil Nadu,R02,Consumer,2024-04-17,Organic
C07255,Customer 07255,Male,41,Bengaluru,Karnataka,R02,Small Business,2023-09-02,Referral
C07256,Customer 07256,Female,36,Delhi,Delhi,R07,Small Business,2025-09-12,Partner
C07257,Customer 07257,Male,36,Ahmedabad,Gujarat,R04,Small Business,2023-01-23,Partner
C07258,Customer 07258,Male,25,Kochi,Kerala,R02,Consumer,2024-09-21,Referral
C07259,Customer 07259,Male,35,Kolkata,West Bengal,R03,Small Business,2023-06-04,Social
C07260,Customer 07260,Female,31,Delhi,Delhi,R07,Corporate,2025-10-27,Social
C07261,Customer 07261,Female,32,Guwahati,Assam,R06,Consumer,2024-03-09,Email
C07262,Customer 07262,Male,30,Indore,Madhya Pradesh,R05,Consumer,2024-04-26,Partner
C07263,Customer 07263,Female,35,Mysuru,Karnataka,R02,Consumer,2023-04-08,Social
C07264,Customer 07264,Male,26,Delhi,Delhi,R07,Consumer,2022-02-01,Referral
C07265,Customer 07265,Female,35,Coimbatore,Tamil Nadu,R02,Consumer,2025-12-20,Partner
C07266,Customer 07266,Male,31,Delhi,Delhi,R07,Small Business,2023-10-17,Organic
C07267,Customer 07267,Female,26,Nagpur,Maharashtra,R04,Enterprise,2024-08-23,Social
C07268,Customer 07268,Male,18,Hyderabad,Telangana,R02,Consumer,2025-08-12,Organic
C07269,Customer 07269,Female,44,Kochi,Kerala,R02,Enterprise,2023-06-02,Paid Search
C07270,Customer 07270,Female,42,Pune,Maharashtra,R04,Corporate,2022-02-19,Referral
C07271,Customer 07271,Female,27,Raipur,Chhattisgarh,R05,Consumer,2025-02-14,Paid Search
C07272,Customer 07272,Female,42,Kochi,Kerala,R02,Enterprise,2024-06-21,Organic
C07273,Customer 07273,Male,25,Delhi,Delhi,R07,Corporate,2024-07-29,Email
C07274,Customer 07274,Male,32,Lucknow,Uttar Pradesh,R07,Corporate,2023-07-07,Organic
C07275,Customer 07275,Female,30,Kolkata,West Bengal,R03,Consumer,2025-08-20,Social
C07276,Customer 07276,Female,32,Patna,Bihar,R03,Consumer,2023-08-13,Organic
C07277,Customer 07277,Male,41,Mumbai,Maharashtra,R04,Small Business,2022-02-21,Partner
C07278,Customer 07278,Male,31,Hyderabad,Telangana,R02,Consumer,2024-04-09,Paid Search
C07279,Customer 07279,Male,32,Chennai,Tamil Nadu,R02,Consumer,2025-02-09,Email
C07280,Customer 07280,Female,42,Patna,Bihar,R03,Consumer,2023-08-25,Paid Search
C07281,Customer 07281,Female,36,Kolkata,West Bengal,R03,Consumer,2023-10-28,Paid Search
C07282,Customer 07282,Female,29,Delhi,,R07,Consumer,2025-09-06,Organic
C07283,Customer 07283,Male,37,Faridabad,Haryana,R01,Small Business,2024-05-08,Paid Search
C07284,Customer 07284,Female,45,Gurugram,Haryana,R01,Consumer,2023-03-20,Partner
C07285,Customer 07285,Male,46,Vijayawada,Andhra Pradesh,R02,Small Business,2023-06-12,Referral
C07286,Customer 07286,Male,22,Kochi,Kerala,R02,Corporate,2025-01-14,Organic
C07287,Customer 07287,Female,22,Indore,Madhya Pradesh,R05,Consumer,2024-12-26,Social
C07288,Customer 07288,Female,45,Gurugram,Haryana,R01,Consumer,2022-05-15,Social
C07289,Customer 07289,Female,32,Coimbatore,Tamil Nadu,R02,Consumer,2025-02-04,Referral
C07290,Customer 07290,Female,18,Amritsar,Punjab,R01,Small Business,2023-05-02,Referral
C07291,Customer 07291,Male,28,Nagpur,Maharashtra,R04,Small Business,2022-07-15,Social
C07292,Customer 07292,Male,31,Jaipur,Rajasthan,R01,Consumer,2022-08-19,Partner
C07293,Customer 07293,Male,32,Bhopal,Madhya Pradesh,R05,Small Business,2025-07-13,Referral
C07294,Customer 07294,Male,43,Gurugram,Haryana,R01,Small Business,2022-11-18,Paid Search
C07295,Customer 07295,Female,26,Hyderabad,Telangana,R02,Consumer,2024-01-21,Paid Search
C07296,Customer 07296,Female,44,Dehradun,Uttarakhand,R01,Corporate,2024-04-04,Email
C07297,Customer 07297,Male,38,Kolkata,West Bengal,R03,Small Business,2023-12-30,Organic
C07298,Customer 07298,Female,22,Delhi,Delhi,R07,Small Business,2023-05-15,Organic
C07299,Customer 07299,Male,32,Kochi,Kerala,R02,Consumer,2022-02-06,Referral
C07300,Customer 07300,Male,40,Hyderabad,Telangana,R02,Consumer,2022-03-13,Paid Search
C07301,Customer 07301,Male,35,Surat,Gujarat,R04,Consumer,2023-12-04,Organic
C07302,Customer 07302,Female,39,Hyderabad,Telangana,R02,Consumer,2025-06-15,Email
C07303,Customer 07303,Male,29,Guwahati,Assam,R06,Consumer,2025-05-16,Organic
C07304,Customer 07304,Female,41,Bengaluru,Karnataka,R02,Corporate,2024-09-13,Referral
C07305,Customer 07305,Female,31,Mysuru,Karnataka,R02,Consumer,2023-02-18,Paid Search
C07306,Customer 07306,Female,60,Ahmedabad,Gujarat,R04,Consumer,2025-10-27,Referral
C07307,Customer 07307,Female,22,Delhi,Delhi,R07,Corporate,2023-07-14,Email
C07308,Customer 07308,Female,62,Bhubaneswar,Odisha,R03,Consumer,2025-03-15,Organic
C07309,Customer 07309,Female,25,Faridabad,Haryana,R01,Consumer,2022-07-19,Email
C07310,Customer 07310,Female,48,Pune,Maharashtra,R04,Small Business,2024-03-28,Social
C07311,Customer 07311,Male,43,Mumbai,Maharashtra,R04,Small Business,2022-11-16,Email
C07312,Customer 07312,Male,26,Jodhpur,Rajasthan,R01,Consumer,2023-11-04,Organic
C07313,Customer 07313,Female,41,Mumbai,Maharashtra,R04,Small Business,2025-02-15,Referral
C07314,Customer 07314,Male,30,Chennai,Tamil Nadu,R02,Small Business,2025-10-14,Partner
C07315,Customer 07315,Female,38,Mumbai,Maharashtra,R04,Corporate,2022-04-09,Referral
C07316,Customer 07316,Other,36,Faridabad,Haryana,R01,Enterprise,2023-09-12,Partner
C07317,Customer 07317,Male,32,Guwahati,Assam,R06,Consumer,2022-04-16,Paid Search
C07318,Customer 07318,Male,31,Ranchi,Jharkhand,R03,Consumer,2024-03-07,Referral
C07319,Customer 07319,Male,38,Surat,Gujarat,R04,Small Business,2025-12-25,Social
C07320,Customer 07320,Male,26,Pune,Maharashtra,R04,Consumer,2023-05-03,Paid Search
C07321,Customer 07321,Female,26,Delhi,Delhi,R07,Consumer,2023-07-12,Referral
C07322,Customer 07322,Male,45,Delhi,Delhi,R07,Consumer,2023-02-15,Paid Search
C07323,Customer 07323,Male,39,Nagpur,Maharashtra,R04,Consumer,2025-05-22,Partner
C07324,Customer 07324,Female,22,Visakhapatnam,Andhra Pradesh,R02,Consumer,2025-05-20,Email
C07325,Customer 07325,Male,25,Patna,Bihar,R03,Consumer,2025-03-28,Partner
C07326,Customer 07326,Male,18,Pune,Maharashtra,R04,Enterprise,2022-12-27,Referral
C07327,Customer 07327,Male,44,Ranchi,Jharkhand,R03,Consumer,2022-11-12,Email
C07328,Customer 07328,Female,42,Ahmedabad,Gujarat,R04,Small Business,2022-07-30,Paid Search
C07329,Customer 07329,Male,24,Jodhpur,Rajasthan,R01,Consumer,2022-10-04,Referral
C07330,Customer 07330,Male,41,Surat,Gujarat,R04,Consumer,2024-11-29,Paid Search
C07331,Customer 07331,Male,55,Amritsar,Punjab,R01,Small Business,2024-03-11,Social
C07332,Customer 07332,Female,20,Guwahati,Assam,R06,Consumer,2025-05-13,Organic
C07333,Customer 07333,Female,29,Pune,,R04,Consumer,2024-08-19,Email
C07334,Customer 07334,Male,19,Hyderabad,Telangana,R02,Small Business,2025-09-17,Paid Search
C07335,Customer 07335,Female,44,Mumbai,Maharashtra,R04,Consumer,2022-03-18,Partner
C07336,Customer 07336,Female,34,Kochi,Kerala,R02,Consumer,2024-09-01,Email
C07337,Customer 07337,Female,31,Hyderabad,Telangana,R02,Enterprise,2022-06-22,Social
C07338,Customer 07338,Female,37,Mysuru,Karnataka,R02,Consumer,2023-05-24,Organic
C07339,Customer 07339,Female,29,Gurugram,Haryana,R01,Corporate,2023-10-26,Referral
C07340,Customer 07340,Male,31,Kochi,Kerala,R02,Consumer,2024-01-17,Referral
C07341,Customer 07341,Male,38,Bengaluru,Karnataka,R02,Consumer,2022-11-05,Social
C07342,Customer 07342,Female,29,Jodhpur,Rajasthan,R01,Consumer,2022-09-30,Social
C07343,Customer 07343,Male,30,Guwahati,Assam,R06,Corporate,2022-08-05,Partner
C07344,Customer 07344,Male,33,Delhi,Delhi,R07,Consumer,2022-11-06,Organic
C07345,Customer 07345,Female,36,Nagpur,Maharashtra,R04,Small Business,2024-10-05,Social
C07346,Customer 07346,Female,41,Mysuru,Karnataka,R02,Small Business,2025-08-02,Partner
C07347,Customer 07347,Male,41,Pune,Maharashtra,R04,Consumer,2023-05-14,Paid Search
C07348,Customer 07348,Female,20,Mysuru,Karnataka,R02,Consumer,2025-05-25,Partner
C07349,Customer 07349,Male,49,Kanpur,Uttar Pradesh,R07,Corporate,2025-04-06,Social
C07350,Customer 07350,Female,36,Gurugram,Haryana,R01,Corporate,2023-02-12,Paid Search
C07351,Customer 07351,Female,32,Delhi,,R07,Consumer,2022-10-09,Partner
C07352,Customer 07352,Female,26,Faridabad,Haryana,R01,Small Business,2023-07-10,Organic
C07353,Customer 07353,Female,55,Visakhapatnam,Andhra Pradesh,R02,Consumer,2022-06-20,Paid Search
C07354,Customer 07354,Female,59,Chennai,Tamil Nadu,R02,Small Business,2025-11-01,Organic
C07355,Customer 07355,Female,54,Mysuru,Karnataka,R02,Enterprise,2025-03-31,Partner
C07356,Customer 07356,Female,36,Pune,Maharashtra,R04,Consumer,2023-07-27,Organic
C07357,Customer 07357,Male,38,Kolkata,West Bengal,R03,Consumer,2024-01-15,Organic
C07358,Customer 07358,Male,50,Faridabad,Haryana,R01,Consumer,2023-04-24,Organic
C07359,Customer 07359,Male,33,Jodhpur,Rajasthan,R01,Consumer,2022-01-04,Social
C07360,Customer 07360,Female,40,Hyderabad,Telangana,R02,Small Business,2022-10-21,Organic
C07361,Customer 07361,Male,37,Bengaluru,Karnataka,R02,Consumer,2022-03-13,Paid Search
C07362,Customer 07362,Female,54,Bhubaneswar,Odisha,R03,Corporate,2023-08-19,Social
C07363,Customer 07363,Male,49,Kochi,Kerala,R02,Enterprise,2023-09-02,Referral
C07364,Customer 07364,Male,34,Indore,Madhya Pradesh,R05,Enterprise,2023-06-16,Social
C07365,Customer 07365,Male,50,Amritsar,Punjab,R01,Consumer,2024-09-30,Social
C07366,Customer 07366,Male,35,Delhi,Delhi,R07,Enterprise,2024-12-09,Referral
C07367,Customer 07367,Male,30,Faridabad,Haryana,R01,Consumer,2024-03-16,Partner
C07368,Customer 07368,Female,32,Bhubaneswar,Odisha,R03,Consumer,2023-05-22,Referral
C07369,Customer 07369,Male,36,Kochi,Kerala,R02,Consumer,2023-05-25,Referral
C07370,Customer 07370,Female,27,Kochi,Kerala,R02,Corporate,2023-11-01,Paid Search
C07371,Customer 07371,Male,30,Jodhpur,Rajasthan,R01,Consumer,2024-12-07,Partner
C07372,Customer 07372,Female,21,Indore,Madhya Pradesh,R05,Consumer,2023-04-15,Email
C07373,Customer 07373,Female,27,Mysuru,Karnataka,R02,Consumer,2024-11-08,Social
C07374,Customer 07374,Male,37,Indore,Madhya Pradesh,R05,Small Business,2023-04-12,Paid Search
C07375,Customer 07375,Male,45,Mysuru,Karnataka,R02,Corporate,2024-03-06,Organic
C07376,Customer 07376,Female,44,Gurugram,Haryana,R01,Corporate,2023-01-03,Partner
C07377,Customer 07377,Female,39,Delhi,Delhi,R07,Corporate,2022-05-12,Organic
C07378,Customer 07378,Male,20,Visakhapatnam,Andhra Pradesh,R02,Consumer,2023-12-29,Social
C07379,Customer 07379,Female,26,Surat,Gujarat,R04,Consumer,2024-10-27,Paid Search
C07380,Customer 07380,Male,33,Nagpur,Maharashtra,R04,Consumer,2023-09-19,Paid Search
C07381,Customer 07381,Male,45,Pune,Maharashtra,R04,Consumer,2025-02-11,Paid Search
C07382,Customer 07382,Male,29,Pune,Maharashtra,R04,Enterprise,2022-03-26,Social
C07383,Customer 07383,Female,23,Visakhapatnam,Andhra Pradesh,R02,Consumer,2022-03-08,Organic
C07384,Customer 07384,Male,49,Delhi,Delhi,R07,Corporate,2025-09-21,Organic
C07385,Customer 07385,Female,28,Gurugram,Haryana,R01,Small Business,2024-04-07,Social
C07386,Customer 07386,Male,24,Bhubaneswar,Odisha,R03,Small Business,2023-05-25,Referral
C07387,Customer 07387,Male,37,Mysuru,Karnataka,R02,Consumer,2024-08-01,Referral
C07388,Customer 07388,Male,34,Gurugram,Haryana,R01,Small Business,2025-01-11,Partner
C07389,Customer 07389,Male,30,Delhi,Delhi,R07,Corporate,2025-07-13,Organic
C07390,Customer 07390,Female,35,Kanpur,Uttar Pradesh,R07,Consumer,2025-08-18,Social
C07391,Customer 07391,Female,26,Noida,Uttar Pradesh,R07,Small Business,2023-05-31,Paid Search
C07392,Customer 07392,Male,30,Delhi,Delhi,R07,Consumer,2022-01-17,Organic
C07393,Customer 07393,Male,35,Kanpur,Uttar Pradesh,R07,Small Business,2023-08-19,Partner
C07394,Customer 07394,Male,18,Patna,Bihar,R03,Corporate,2022-06-30,Organic
C07395,Customer 07395,Female,45,Raipur,Chhattisgarh,R05,Small Business,2024-01-25,Social
C07396,Customer 07396,Female,21,Kochi,Kerala,R02,Small Business,2022-10-06,Organic
C07397,Customer 07397,Female,26,Nagpur,Maharashtra,R04,Corporate,2024-09-06,Paid Search
C07398,Customer 07398,Male,45,Nagpur,Maharashtra,R04,Consumer,2025-07-18,Email
C07399,Customer 07399,Female,41,Dehradun,Uttarakhand,R01,Consumer,2022-10-20,Referral
C07400,Customer 07400,Female,36,Bhubaneswar,Odisha,R03,Small Business,2024-03-08,Referral
C07401,Customer 07401,Female,18,Bengaluru,Karnataka,R02,Corporate,2025-10-30,Organic
C07402,Customer 07402,Male,29,Noida,Uttar Pradesh,R07,Small Business,2023-03-31,Organic
C07403,Customer 07403,Male,33,Mumbai,Maharashtra,R04,Consumer,2025-03-02,Referral
C07404,Customer 07404,Male,34,Bengaluru,Karnataka,R02,Consumer,2022-03-06,Organic
C07405,Customer 07405,Female,46,Mysuru,Karnataka,R02,Small Business,2024-07-16,Paid Search
C07406,Customer 07406,Male,55,Delhi,Delhi,R07,Small Business,2022-02-21,Email
C07407,Customer 07407,Female,41,Ranchi,Jharkhand,R03,Consumer,2022-04-15,Paid Search
C07408,Customer 07408,Female,30,Coimbatore,Tamil Nadu,R02,Consumer,2024-04-23,Social
C07409,Customer 07409,Female,47,Coimbatore,Tamil Nadu,R02,Small Business,2025-06-28,Partner
C07410,Customer 07410,Male,29,Amritsar,Punjab,R01,Small Business,2024-10-24,Partner
C07411,Customer 07411,Male,18,Patna,Bihar,R03,Consumer,2023-08-27,Organic
C07412,Customer 07412,Female,23,Patna,Bihar,R03,Consumer,2023-07-18,Partner
C07413,Customer 07413,Female,18,Delhi,Delhi,R07,Consumer,2023-11-20,Social
C07414,Customer 07414,Other,31,Chennai,Tamil Nadu,R02,Consumer,2023-02-25,Email
C07415,Customer 07415,Male,33,Hyderabad,Telangana,R02,Consumer,2022-01-24,Paid Search
C07416,Customer 07416,Female,19,Bhopal,Madhya Pradesh,R05,Consumer,2025-03-24,Partner
C07417,Customer 07417,Male,26,Ludhiana,Punjab,R01,Small Business,2024-02-13,Email
C07418,Customer 07418,Female,21,Guwahati,Assam,R06,Consumer,2025-06-18,Paid Search
C07419,Customer 07419,Male,34,Surat,Gujarat,R04,Small Business,2024-04-29,Paid Search
C07420,Customer 07420,Male,26,Delhi,Delhi,R07,Consumer,2023-07-15,Organic
C07421,Customer 07421,Female,45,Faridabad,Haryana,R01,Consumer,2022-03-31,Organic
C07422,Customer 07422,Male,37,Amritsar,Punjab,R01,Consumer,2024-12-29,Paid Search
C07423,Customer 07423,Female,51,Jaipur,Rajasthan,R01,Consumer,2024-06-04,Paid Search
C07424,Customer 07424,Male,30,Mysuru,Karnataka,R02,Corporate,2025-06-24,Referral
C07425,Customer 07425,Female,56,Patna,Bihar,R03,Small Business,2022-12-24,Referral
C07426,Customer 07426,Male,35,Ludhiana,Punjab,R01,Small Business,2023-07-11,Organic
C07427,Customer 07427,Male,30,Dehradun,Uttarakhand,R01,Small Business,2022-12-19,Organic
C07428,Customer 07428,Male,59,Faridabad,Haryana,R01,Small Business,2022-08-23,Organic
C07429,Customer 07429,Female,18,Chennai,Tamil Nadu,R02,Small Business,2025-07-25,Paid Search
C07430,Customer 07430,Female,29,Vijayawada,Andhra Pradesh,R02,Consumer,2023-06-23,Social
C07431,Customer 07431,Male,18,Indore,Madhya Pradesh,R05,Corporate,2022-01-08,Organic
C07432,Customer 07432,Male,18,Hyderabad,Telangana,R02,Consumer,2022-04-01,Organic
C07433,Customer 07433,Female,18,Kolkata,West Bengal,R03,Consumer,2023-05-12,Organic
C07434,Customer 07434,Female,41,Gurugram,Haryana,R01,Corporate,2022-02-21,Social
C07435,Customer 07435,Female,22,Delhi,Delhi,R07,Corporate,2025-07-21,Partner
C07436,Customer 07436,Female,32,Surat,Gujarat,R04,Consumer,2025-04-20,Partner
C07437,Customer 07437,,44,Delhi,Delhi,R07,Enterprise,2025-08-17,Paid Search
C07438,Customer 07438,Male,40,Nagpur,Maharashtra,R04,Consumer,2025-05-30,Social
C07439,Customer 07439,Male,39,Noida,Uttar Pradesh,R07,Corporate,2022-03-13,Social
C07440,Customer 07440,Female,47,Kochi,Kerala,R02,Enterprise,2024-08-03,Paid Search
C07441,Customer 07441,Female,51,Guwahati,Assam,R06,Consumer,2025-06-01,Email
C07442,Customer 07442,Male,22,Indore,Madhya Pradesh,R05,Small Business,2025-06-05,Paid Search
C07443,Customer 07443,Female,40,Kolkata,West Bengal,R03,Small Business,2023-11-03,Paid Search
C07444,Customer 07444,Female,32,Faridabad,Haryana,R01,Small Business,2025-09-28,Partner
C07445,Customer 07445,Male,34,Delhi,Delhi,R07,Enterprise,2022-09-03,Paid Search
C07446,Customer 07446,Male,20,Hyderabad,Telangana,R02,Corporate,2024-09-29,Social
C07447,Customer 07447,Female,30,Hyderabad,Telangana,R02,Consumer,2023-01-25,Partner
C07448,Customer 07448,Female,31,Nagpur,Maharashtra,R04,Corporate,2025-08-24,Paid Search
C07449,Customer 07449,Male,121,Bengaluru,Karnataka,R02,Consumer,2025-08-02,Partner
C07450,Customer 07450,Male,23,Bengaluru,Karnataka,R02,Consumer,2025-09-05,Organic
C07451,Customer 07451,Male,18,Noida,Uttar Pradesh,R07,Consumer,2022-04-02,Referral
C07452,Customer 07452,Female,35,Mumbai,Maharashtra,R04,Consumer,2023-02-05,Organic
C07453,Customer 07453,Male,22,Ahmedabad,Gujarat,R04,Small Business,2023-07-25,Social
C07454,Customer 07454,Male,34,Coimbatore,Tamil Nadu,R02,Enterprise,2025-10-19,Organic
C07455,Customer 07455,Male,42,Visakhapatnam,Andhra Pradesh,R02,Enterprise,2024-08-28,Referral
C07456,Customer 07456,Other,34,Bengaluru,Karnataka,R02,Consumer,2025-12-08,Social
C07457,Customer 07457,Male,31,Patna,Bihar,R03,Consumer,2025-06-20,Paid Search
C07458,Customer 07458,Male,33,Indore,Madhya Pradesh,R05,Consumer,2023-02-13,Partner
C07459,Customer 07459,Male,43,Faridabad,Haryana,R01,Consumer,2022-10-04,Partner
C07460,Customer 07460,Female,23,Hyderabad,Telangana,R02,Corporate,2024-07-05,Referral
C07461,Customer 07461,Female,42,Bengaluru,Karnataka,R02,Consumer,2025-02-18,Referral
C07462,Customer 07462,Other,25,Chennai,Tamil Nadu,R02,Enterprise,2022-11-18,Organic
C07463,Customer 07463,Male,41,Delhi,Delhi,R07,Consumer,2024-09-07,Paid Search
C07464,Customer 07464,Male,20,Kochi,Kerala,R02,Small Business,2023-07-30,Organic
C07465,Customer 07465,Male,40,Vijayawada,Andhra Pradesh,R02,Small Business,2025-02-15,Paid Search
C07466,Customer 07466,Female,34,Delhi,Delhi,R07,Corporate,2024-06-30,Organic
C07467,Customer 07467,,36,Ludhiana,Punjab,R01,Consumer,2024-10-14,Paid Search
C07468,Customer 07468,Male,45,Amritsar,Punjab,R01,Consumer,2022-02-24,Social
C07469,Customer 07469,Female,27,Bhubaneswar,Odisha,R03,Enterprise,2025-05-16,Organic
C07470,Customer 07470,Male,35,Chennai,Tamil Nadu,R02,Consumer,2024-08-02,Organic
C07471,Customer 07471,Female,38,Ludhiana,Punjab,R01,Consumer,2022-10-21,Referral
C07472,Customer 07472,Male,32,Indore,Madhya Pradesh,R05,Enterprise,2023-12-12,Organic
C07473,Customer 07473,Male,42,Nagpur,Maharashtra,R04,Small Business,2023-02-13,Social
C07474,Customer 07474,Male,38,Surat,Gujarat,R04,Small Business,2022-06-30,Email
C07475,Customer 07475,Male,29,Pune,Maharashtra,R04,Consumer,2023-11-27,Paid Search
C07476,Customer 07476,Male,48,Bengaluru,Karnataka,R02,Consumer,2024-09-27,Organic
C07477,Customer 07477,Female,41,Mysuru,Karnataka,R02,Small Business,2025-02-21,Email
C07478,Customer 07478,Female,27,Jodhpur,Rajasthan,R01,Consumer,2025-10-08,Referral
C07479,Customer 07479,Female,26,Surat,Gujarat,R04,Consumer,2024-07-07,Social
C07480,Customer 07480,Male,33,Kochi,Kerala,R02,Consumer,2022-01-04,Social
C07481,Customer 07481,Female,39,Mysuru,Karnataka,R02,Corporate,2023-08-05,Referral
C07482,Customer 07482,Female,18,Kochi,Kerala,R02,Consumer,2023-10-02,Paid Search
C07483,Customer 07483,Female,27,Bengaluru,Karnataka,R02,Small Business,2025-12-05,Paid Search
C07484,Customer 07484,Female,29,Bhubaneswar,Odisha,R03,Consumer,2022-07-04,Referral
C07485,Customer 07485,Female,21,Jodhpur,Rajasthan,R01,Consumer,2025-07-15,Organic
C07486,Customer 07486,Female,25,Bhubaneswar,Odisha,R03,Enterprise,2022-10-30,Referral
C07487,Customer 07487,Male,36,Kanpur,Uttar Pradesh,R07,Enterprise,2024-09-04,Partner
C07488,Customer 07488,Female,30,Delhi,Delhi,R07,Corporate,2023-12-20,Social
C07489,Customer 07489,Male,31,Faridabad,Haryana,R01,Small Business,2025-11-21,Organic
C07490,Customer 07490,Female,21,Delhi,Delhi,R07,Consumer,2023-03-02,Referral
C07491,Customer 07491,Female,33,Visakhapatnam,Andhra Pradesh,R02,Consumer,2023-11-26,Partner
C07492,Customer 07492,Female,20,Dehradun,Uttarakhand,R01,Consumer,2024-08-06,Organic
C07493,Customer 07493,Male,50,Patna,Bihar,R03,Consumer,2022-09-30,Social
C07494,Customer 07494,Female,52,Faridabad,Haryana,R01,Small Business,2023-01-21,Organic
C07495,Customer 07495,Female,30,Kochi,Kerala,R02,Small Business,2025-01-01,Email
C07496,Customer 07496,Female,24,Patna,Bihar,R03,Consumer,2025-02-08,Organic
C07497,Customer 07497,Female,44,Mumbai,Maharashtra,R04,Consumer,2024-09-11,Referral
C07498,Customer 07498,Male,41,Mysuru,Karnataka,R02,Enterprise,2022-09-26,Social
C07499,Customer 07499,Other,54,Hyderabad,Telangana,R02,Corporate,2022-11-10,Paid Search
C07500,Customer 07500,Other,56,Delhi,Delhi,R07,Consumer,2025-08-18,Partner
C07501,Customer 07501,Female,18,Mysuru,Karnataka,R02,Consumer,2025-08-08,Partner
C07502,Customer 07502,Female,47,Patna,Bihar,R03,Consumer,2023-08-08,Paid Search
C07503,Customer 07503,Female,33,Ludhiana,Punjab,R01,Consumer,2024-03-17,Paid Search
C07504,Customer 07504,Male,40,Ahmedabad,Gujarat,R04,Consumer,2022-03-23,Referral
C07505,Customer 07505,Male,43,Bengaluru,Karnataka,R02,Consumer,2024-08-15,Paid Search
C07506,Customer 07506,Male,42,Patna,Bihar,R03,Consumer,2022-05-26,Paid Search
C07507,Customer 07507,Female,45,Ranchi,Jharkhand,R03,Consumer,2022-05-06,Organic
C07508,Customer 07508,Female,29,Raipur,Chhattisgarh,R05,Consumer,2024-02-18,Organic
C07509,Customer 07509,Female,25,Coimbatore,Tamil Nadu,R02,Consumer,2025-05-26,Referral
C07510,Customer 07510,Male,47,Chennai,Tamil Nadu,R02,Consumer,2025-08-24,Paid Search
C07511,Customer 07511,,26,Coimbatore,Tamil Nadu,R02,Small Business,2023-09-20,Organic
C07512,Customer 07512,Female,54,Bengaluru,Karnataka,R02,Small Business,2024-01-23,Partner
C07513,Customer 07513,Male,27,Delhi,Delhi,R07,Consumer,2024-03-06,Paid Search
C07514,Customer 07514,Female,31,Kolkata,West Bengal,R03,Consumer,2023-10-20,Organic
C07515,Customer 07515,Female,33,Kolkata,West Bengal,R03,Corporate,2024-11-19,Social
C07516,Customer 07516,Female,20,Mysuru,Karnataka,R02,Consumer,2025-02-03,Email
C07517,Customer 07517,Female,20,Guwahati,Assam,R06,Corporate,2023-11-11,Partner
C07518,Customer 07518,Male,44,Hyderabad,Telangana,R02,Enterprise,2022-11-28,Paid Search
C07519,Customer 07519,Male,18,Nagpur,Maharashtra,R04,Consumer,2025-05-10,Referral
C07520,Customer 07520,Female,60,Delhi,Delhi,R07,Consumer,2024-09-15,Social
C07521,Customer 07521,Female,34,Delhi,Delhi,R07,Consumer,2023-08-19,Social
C07522,Customer 07522,Male,25,Pune,Maharashtra,R04,Consumer,2022-11-15,Paid Search
C07523,Customer 07523,Female,39,Ahmedabad,Gujarat,R04,Consumer,2023-08-19,Organic
C07524,Customer 07524,Female,18,Faridabad,Haryana,R01,Corporate,2025-05-20,Email
C07525,Customer 07525,Male,32,Ludhiana,Punjab,R01,Consumer,2023-04-29,
C07526,Customer 07526,Male,33,Kanpur,Uttar Pradesh,R07,Small Business,2025-07-11,Paid Search
C07527,Customer 07527,Male,22,Bhubaneswar,Odisha,R03,Corporate,2022-12-27,Referral
C07528,Customer 07528,Male,29,Bhubaneswar,Odisha,R03,Consumer,2022-10-12,Paid Search
C07529,Customer 07529,Male,50,Pune,Maharashtra,R04,Enterprise,2022-04-06,Email
C07530,Customer 07530,Female,37,Gurugram,Haryana,R01,Small Business,2022-07-29,Organic
C07531,Customer 07531,Female,39,Faridabad,Haryana,R01,Consumer,2023-01-16,Organic
C07532,Customer 07532,Female,27,Delhi,Delhi,R07,Enterprise,2024-11-22,Social
C07533,Customer 07533,Female,22,Pune,Maharashtra,R04,Small Business,2024-02-13,Organic
C07534,Customer 07534,Male,33,Delhi,Delhi,R07,Consumer,2024-08-11,Organic
C07535,Customer 07535,Female,18,Mumbai,Maharashtra,R04,Corporate,2022-05-24,Organic
C07536,Customer 07536,Female,24,Ranchi,Jharkhand,R03,Corporate,2024-06-27,Email
C07537,Customer 07537,Female,22,Mysuru,Karnataka,R02,Corporate,2024-08-07,Partner
C07538,Customer 07538,Male,18,Indore,Madhya Pradesh,R05,Enterprise,2024-01-15,Social
C07539,Customer 07539,Female,41,Faridabad,Haryana,R01,Consumer,2024-07-21,Email
C07540,Customer 07540,Female,34,Jaipur,Rajasthan,R01,Consumer,2022-07-08,Email
C07541,Customer 07541,Male,29,Visakhapatnam,Andhra Pradesh,R02,Consumer,2023-12-25,Email
C07542,Customer 07542,Male,42,Nagpur,Maharashtra,R04,Small Business,2024-11-17,Paid Search
C07543,Customer 07543,Male,19,Hyderabad,Telangana,R02,Consumer,2022-07-22,Organic
C07544,Customer 07544,Female,22,Ranchi,Jharkhand,R03,Consumer,2022-08-26,Referral
C07545,Customer 07545,,46,Bengaluru,,R02,Consumer,2024-12-29,Partner
C07546,Customer 07546,Male,58,Jaipur,Rajasthan,R01,Corporate,2024-03-04,Partner
C07547,Customer 07547,Male,42,Bengaluru,Karnataka,R02,Consumer,2022-11-23,Organic
C07548,Customer 07548,Male,40,Delhi,Delhi,R07,Consumer,2023-05-22,Partner
C07549,Customer 07549,Female,29,Gurugram,Haryana,R01,Consumer,2025-07-10,Organic
C07550,Customer 07550,Female,29,Delhi,Delhi,R07,Consumer,2023-04-30,Social
C07551,Customer 07551,Male,37,Guwahati,Assam,R06,Consumer,2023-06-09,Email
C07552,Customer 07552,Female,49,Hyderabad,Telangana,R02,Consumer,2025-04-30,Paid Search
C07553,Customer 07553,Other,39,Jaipur,Rajasthan,R01,Corporate,2022-10-25,Referral
C07554,Customer 07554,Male,45,Lucknow,Uttar Pradesh,R07,Consumer,2023-10-29,Organic
C07555,Customer 07555,Female,26,Kolkata,West Bengal,R03,Consumer,2023-04-01,Partner
C07556,Customer 07556,Male,41,Kochi,Kerala,R02,Corporate,2023-12-22,Organic
C07557,Customer 07557,Male,28,Jaipur,Rajasthan,R01,Consumer,2023-01-21,Referral
C07558,Customer 07558,Female,36,Pune,Maharashtra,R04,Consumer,2025-08-02,Organic
C07559,Customer 07559,Female,41,Raipur,Chhattisgarh,R05,Consumer,2022-07-19,Organic
C07560,Customer 07560,Male,30,Kochi,Kerala,R02,Consumer,2024-03-26,Organic
C07561,Customer 07561,Male,25,Kochi,Kerala,R02,Consumer,2024-07-15,Organic
C07562,Customer 07562,Male,39,Jaipur,Rajasthan,R01,Enterprise,2025-03-16,Organic
C07563,Customer 07563,Female,34,Faridabad,Haryana,R01,Consumer,2022-05-23,Organic
C07564,Customer 07564,Male,36,Surat,Gujarat,R04,Consumer,2025-06-14,Partner
C07565,Customer 07565,Female,42,Jodhpur,Rajasthan,R01,Small Business,2022-12-31,Organic
C07566,Customer 07566,Male,48,Guwahati,,R06,Consumer,2024-10-12,Social
C07567,Customer 07567,Female,42,Delhi,Delhi,R07,Small Business,2022-03-18,Referral
C07568,Customer 07568,Female,40,Hyderabad,Telangana,R02,Consumer,2022-07-30,Email
C07569,Customer 07569,Male,30,Kochi,Kerala,R02,Corporate,2024-02-15,Paid Search
C07570,Customer 07570,Female,32,Ranchi,Jharkhand,R03,Small Business,2022-06-24,Organic
C07571,Customer 07571,Female,40,Hyderabad,Telangana,R02,Consumer,2023-10-15,Organic
C07572,Customer 07572,Male,31,Vijayawada,,R02,Small Business,2023-09-27,Organic
C07573,Customer 07573,Female,40,Delhi,Delhi,R07,Consumer,2023-11-24,Social
C07574,Customer 07574,Female,27,Nagpur,Maharashtra,R04,Corporate,2022-04-03,Social
C07575,Customer 07575,Female,54,Delhi,Delhi,R07,Consumer,2024-12-06,Email
C07576,Customer 07576,Female,37,Dehradun,Uttarakhand,R01,Consumer,2023-03-16,Email
C07577,Customer 07577,Male,36,Kochi,Kerala,R02,Consumer,2024-11-12,Email
C07578,Customer 07578,Male,30,Delhi,Delhi,R07,Enterprise,2022-11-01,Organic
C07579,Customer 07579,Male,54,Delhi,Delhi,R07,Corporate,2022-11-02,Referral
C07580,Customer 07580,Female,22,Nagpur,Maharashtra,R04,Small Business,2022-02-26,Organic
C07581,Customer 07581,Female,28,Noida,Uttar Pradesh,R07,Consumer,2025-06-03,Partner
C07582,Customer 07582,Male,44,Indore,Madhya Pradesh,R05,Consumer,2023-08-07,Social
C07583,Customer 07583,Male,37,Faridabad,Haryana,R01,Consumer,2022-07-16,Referral
C07584,Customer 07584,Male,29,Bhubaneswar,Odisha,R03,Consumer,2022-12-30,Social
C07585,Customer 07585,Female,30,Bengaluru,Karnataka,R02,Consumer,2022-07-20,
C07586,Customer 07586,Male,32,Mumbai,Maharashtra,R04,Small Business,2022-05-29,Social
C07587,Customer 07587,Female,36,Faridabad,Haryana,R01,Small Business,2022-04-17,Partner
C07588,Customer 07588,Male,51,Dehradun,Uttarakhand,R01,Consumer,2024-12-02,Paid Search
C07589,Customer 07589,Male,41,Coimbatore,Tamil Nadu,R02,Consumer,2024-05-01,Email
C07590,Customer 07590,Male,45,Surat,Gujarat,R04,Corporate,2025-08-26,Paid Search
C07591,Customer 07591,Female,31,Pune,Maharashtra,R04,Corporate,2025-11-25,Organic
C07592,Customer 07592,Male,40,Kochi,Kerala,R02,Corporate,2024-06-25,Paid Search
C07593,Customer 07593,Female,19,Indore,Madhya Pradesh,R05,Consumer,2024-02-27,Organic
C07594,Customer 07594,Female,37,Indore,,R05,Consumer,2025-09-19,Paid Search
C07595,Customer 07595,Male,36,Coimbatore,Tamil Nadu,R02,Consumer,2025-10-09,Organic
C07596,Customer 07596,Female,53,Kochi,Kerala,R02,Enterprise,2022-09-01,Email
C07597,Customer 07597,Male,51,Jodhpur,Rajasthan,R01,Small Business,2024-05-24,Social
C07598,Customer 07598,Female,32,Kolkata,West Bengal,R03,Enterprise,2025-01-27,Organic
C07599,Customer 07599,Female,27,Pune,Maharashtra,R04,Consumer,2025-06-28,Referral
C07600,Customer 07600,Other,27,Chennai,Tamil Nadu,R02,Consumer,2023-08-20,Partner
C07601,Customer 07601,Female,32,Dehradun,Uttarakhand,R01,Consumer,2024-07-20,Organic
C07602,Customer 07602,Male,48,Dehradun,Uttarakhand,R01,Small Business,2023-12-17,Paid Search
C07603,Customer 07603,Male,39,Bengaluru,Karnataka,R02,Consumer,2024-07-08,Partner
C07604,Customer 07604,Male,40,Chennai,Tamil Nadu,R02,Corporate,2024-08-28,Organic
C07605,Customer 07605,Male,43,Kochi,Kerala,R02,Consumer,2024-05-02,Partner
C07606,Customer 07606,Male,25,Dehradun,Uttarakhand,R01,Consumer,2025-02-18,Partner
C07607,Customer 07607,Male,28,Bhubaneswar,Odisha,R03,Consumer,2022-04-17,Paid Search
C07608,Customer 07608,Other,40,Delhi,Delhi,R07,Consumer,2022-03-29,Social
C07609,Customer 07609,Female,27,Pune,Maharashtra,R04,Small Business,2025-05-03,Partner
C07610,Customer 07610,Male,20,Kochi,Kerala,R02,Enterprise,2023-07-22,Organic
C07611,Customer 07611,Female,24,Bhubaneswar,Odisha,R03,Corporate,2023-07-17,Paid Search
C07612,Customer 07612,Female,46,Patna,Bihar,R03,Consumer,2025-01-22,Organic
C07613,Customer 07613,Male,31,Hyderabad,Telangana,R02,Small Business,2024-03-10,Referral
C07614,Customer 07614,Female,37,Surat,Gujarat,R04,Consumer,2024-02-21,Referral
C07615,Customer 07615,Female,25,Nagpur,Maharashtra,R04,Small Business,2025-09-26,Partner
C07616,Customer 07616,Female,39,Bhopal,Madhya Pradesh,R05,Small Business,2023-05-15,Organic
C07617,Customer 07617,Female,32,Jaipur,Rajasthan,R01,Consumer,2023-01-20,Social
C07618,Customer 07618,Male,39,Kolkata,West Bengal,R03,Consumer,2022-03-01,Referral
C07619,Customer 07619,Female,30,Patna,Bihar,R03,Consumer,2025-10-09,Paid Search
C07620,Customer 07620,Female,40,Indore,Madhya Pradesh,R05,Consumer,2022-01-11,Partner
C07621,Customer 07621,Female,30,Nagpur,Maharashtra,R04,Enterprise,2023-09-01,Organic
C07622,Customer 07622,Male,34,Patna,Bihar,R03,Corporate,2023-09-14,Organic
C07623,Customer 07623,,32,Faridabad,Haryana,R01,Consumer,2025-09-15,Paid Search
C07624,Customer 07624,Female,35,Faridabad,Haryana,R01,Consumer,2023-12-08,Email
C07625,Customer 07625,Female,38,Ahmedabad,Gujarat,R04,Small Business,2022-01-11,Referral
C07626,Customer 07626,Male,30,Delhi,Delhi,R07,Consumer,2022-12-01,Partner
C07627,Customer 07627,Male,34,Vijayawada,Andhra Pradesh,R02,Consumer,2024-01-17,Social
C07628,Customer 07628,Male,37,Kochi,Kerala,R02,Corporate,2025-03-14,Partner
C07629,Customer 07629,Female,40,Delhi,Delhi,R07,Consumer,2022-03-22,Social
C07630,Customer 07630,Male,34,Bhopal,Madhya Pradesh,R05,Consumer,2024-11-22,Partner
C07631,Customer 07631,,26,Mysuru,Karnataka,R02,Consumer,2022-09-11,Partner
C07632,Customer 07632,Female,36,Kolkata,West Bengal,R03,Consumer,2022-10-02,Social
C07633,Customer 07633,Male,42,Guwahati,Assam,R06,Small Business,2022-07-26,Organic
C07634,Customer 07634,Female,22,Coimbatore,Tamil Nadu,R02,Small Business,2022-10-02,Partner
C07635,Customer 07635,Male,22,Gurugram,Haryana,R01,Enterprise,2024-06-17,
C07636,Customer 07636,Male,28,Delhi,Delhi,R07,Enterprise,2025-06-17,Referral
C07637,Customer 07637,Male,33,Bengaluru,Karnataka,R02,Consumer,2022-04-10,Paid Search
C07638,Customer 07638,Female,18,Vijayawada,Andhra Pradesh,R02,Consumer,2025-09-04,Paid Search
C07639,Customer 07639,Female,41,Chennai,Tamil Nadu,R02,Corporate,2022-11-20,Paid Search
C07640,Customer 07640,Male,33,Mumbai,Maharashtra,R04,Consumer,2025-12-09,Paid Search
C07641,Customer 07641,Female,18,Delhi,Delhi,R07,Enterprise,2025-03-27,Social
C07642,Customer 07642,Male,24,Kochi,Kerala,R02,Consumer,2024-09-29,Email
C07643,Customer 07643,Male,32,Nagpur,Maharashtra,R04,Consumer,2023-12-19,Social
C07644,Customer 07644,Female,18,Kolkata,West Bengal,R03,Corporate,2025-09-19,Social
C07645,Customer 07645,Female,45,Kolkata,West Bengal,R03,Small Business,2023-11-25,Paid Search
C07646,Customer 07646,Female,37,Lucknow,Uttar Pradesh,R07,Corporate,2022-08-05,Social
C07647,Customer 07647,Female,42,Delhi,Delhi,R07,Corporate,2023-04-28,Organic
C07648,Customer 07648,Male,25,Nagpur,Maharashtra,R04,Consumer,2022-08-16,Referral
C07649,Customer 07649,Male,39,Pune,Maharashtra,R04,Corporate,2023-01-19,Email
C07650,Customer 07650,Male,28,Kolkata,West Bengal,R03,Small Business,2022-03-02,Organic
C07651,Customer 07651,Female,33,Bhopal,Madhya Pradesh,R05,Consumer,2023-11-18,Social
C07652,Customer 07652,Female,39,Noida,Uttar Pradesh,R07,Small Business,2024-02-26,Paid Search
C07653,Customer 07653,Male,34,Bengaluru,Karnataka,R02,Consumer,2024-01-15,Partner
C07654,Customer 07654,Male,43,Delhi,Delhi,R07,Consumer,2022-11-20,Paid Search
C07655,Customer 07655,Male,36,Amritsar,Punjab,R01,Enterprise,2023-01-24,Partner
C07656,Customer 07656,Female,30,Patna,Bihar,R03,Consumer,2024-04-11,Referral
C07657,Customer 07657,Male,43,Bhubaneswar,Odisha,R03,Corporate,2023-04-22,Partner
C07658,Customer 07658,Female,46,Bhubaneswar,Odisha,R03,Consumer,2022-01-12,Referral
C07659,Customer 07659,Male,36,Faridabad,Haryana,R01,Small Business,2024-11-17,Social
C07660,Customer 07660,Female,48,Bengaluru,Karnataka,R02,Consumer,2024-02-12,Social
C07661,Customer 07661,Male,33,Surat,Gujarat,R04,Consumer,2022-10-07,Social
C07662,Customer 07662,Male,34,Dehradun,Uttarakhand,R01,Small Business,2023-01-10,Organic
C07663,Customer 07663,Male,35,Hyderabad,Telangana,R02,Corporate,2024-11-26,Partner
C07664,Customer 07664,Male,34,Vijayawada,Andhra Pradesh,R02,Consumer,2022-03-08,Social
C07665,Customer 07665,Female,32,Faridabad,Haryana,R01,Consumer,2023-06-21,Social
C07666,Customer 07666,Female,28,Surat,Gujarat,R04,Consumer,2022-12-31,Organic
C07667,Customer 07667,Male,25,Bhubaneswar,Odisha,R03,Small Business,2022-04-10,Paid Search
C07668,Customer 07668,Female,36,Pune,Maharashtra,R04,Corporate,2023-09-24,Organic
C07669,Customer 07669,Female,47,Hyderabad,Telangana,R02,Small Business,2022-12-25,Organic
C07670,Customer 07670,Female,43,Bengaluru,Karnataka,R02,Enterprise,2023-01-01,Social
C07671,Customer 07671,Male,39,Dehradun,Uttarakhand,R01,Consumer,2024-01-06,Organic
C07672,Customer 07672,Male,47,Ludhiana,,R01,Corporate,2025-07-02,Referral
C07673,Customer 07673,Male,35,Visakhapatnam,Andhra Pradesh,R02,Corporate,2023-01-12,Paid Search
C07674,Customer 07674,Female,25,Pune,Maharashtra,R04,Small Business,2022-08-17,Paid Search
C07675,Customer 07675,Male,32,Surat,Gujarat,R04,Corporate,2025-02-08,Referral
C07676,Customer 07676,Female,34,Bengaluru,Karnataka,R02,Consumer,2023-08-31,Referral
C07677,Customer 07677,Female,30,Jaipur,Rajasthan,R01,Enterprise,2025-09-28,Paid Search
C07678,Customer 07678,Male,41,Ranchi,Jharkhand,R03,Corporate,2024-11-02,Partner
C07679,Customer 07679,Male,44,Kochi,Kerala,R02,Small Business,2022-09-15,Paid Search
C07680,Customer 07680,Male,18,Ranchi,Jharkhand,R03,Consumer,2025-01-25,Referral
C07681,Customer 07681,Female,34,Dehradun,Uttarakhand,R01,Consumer,2022-01-09,Email
C07682,Customer 07682,Female,18,Hyderabad,Telangana,R02,Corporate,2023-10-29,Organic
C07683,Customer 07683,Male,34,Ahmedabad,Gujarat,R04,Small Business,2022-05-03,Social
C07684,Customer 07684,Male,34,Raipur,Chhattisgarh,R05,Consumer,2025-02-03,Organic
C07685,Customer 07685,Female,53,Delhi,Delhi,R07,Consumer,2025-03-18,Paid Search
C07686,Customer 07686,Female,50,Indore,Madhya Pradesh,R05,Small Business,2025-10-04,Organic
C07687,Customer 07687,Male,44,Bengaluru,Karnataka,R02,Enterprise,2022-03-20,Email
C07688,Customer 07688,Female,25,Hyderabad,Telangana,R02,Consumer,2025-05-22,Organic
C07689,Customer 07689,Male,25,Pune,Maharashtra,R04,Consumer,2024-12-26,Organic
C07690,Customer 07690,Male,24,Mumbai,Maharashtra,R04,Consumer,2025-05-31,Organic
C07691,Customer 07691,Male,50,Delhi,Delhi,R07,Consumer,2023-08-16,Email
C07692,Customer 07692,Female,26,Ahmedabad,Gujarat,R04,Consumer,2024-08-11,Organic
C07693,Customer 07693,Female,31,Surat,Gujarat,R04,Consumer,2023-09-15,Referral
C07694,Customer 07694,Male,26,Lucknow,Uttar Pradesh,R07,Corporate,2024-09-17,Organic
C07695,Customer 07695,Male,22,Kanpur,Uttar Pradesh,R07,Consumer,2024-12-03,Organic
C07696,Customer 07696,Male,38,Coimbatore,Tamil Nadu,R02,Consumer,2023-03-05,Email
C07697,Customer 07697,Male,37,Mumbai,Maharashtra,R04,Enterprise,2023-04-13,Referral
C07698,Customer 07698,Male,18,Bhopal,Madhya Pradesh,R05,Consumer,2025-12-08,Referral
C07699,Customer 07699,Male,22,Faridabad,Haryana,R01,Small Business,2025-03-30,Partner
C07700,Customer 07700,Male,38,Chennai,Tamil Nadu,R02,Consumer,2022-03-20,Partner
C07701,Customer 07701,Male,34,Faridabad,Haryana,R01,Small Business,2022-05-18,Email
C07702,Customer 07702,Male,31,Mysuru,Karnataka,R02,Small Business,2025-03-05,Organic
C07703,Customer 07703,Male,41,Mysuru,Karnataka,R02,Consumer,2024-11-15,Organic
C07704,Customer 07704,Female,21,Hyderabad,Telangana,R02,Corporate,2022-11-09,Partner
C07705,Customer 07705,Male,29,Ahmedabad,Gujarat,R04,Corporate,2025-08-13,Social
C07706,Customer 07706,Female,40,Mysuru,Karnataka,R02,Consumer,2022-01-26,Social
C07707,Customer 07707,Male,29,Amritsar,Punjab,R01,Small Business,2022-08-28,Social
C07708,Customer 07708,Male,38,Surat,Gujarat,R04,Consumer,2024-03-16,Referral
C07709,Customer 07709,Male,24,Nagpur,Maharashtra,R04,Consumer,2024-03-21,Social
C07710,Customer 07710,Male,27,Hyderabad,Telangana,R02,Enterprise,2022-11-10,Organic
C07711,Customer 07711,Female,18,Surat,Gujarat,R04,Consumer,2024-07-25,Organic
C07712,Customer 07712,Male,18,Bhubaneswar,Odisha,R03,Consumer,2025-05-11,Paid Search
C07713,Customer 07713,Male,30,Ahmedabad,Gujarat,R04,Consumer,2022-07-13,Partner
C07714,Customer 07714,Male,40,Kanpur,Uttar Pradesh,R07,Enterprise,2025-02-20,Paid Search
C07715,Customer 07715,Male,34,Jaipur,Rajasthan,R01,Consumer,2024-03-04,Partner
C07716,Customer 07716,Female,47,Delhi,Delhi,R07,Consumer,2025-08-09,Social
C07717,Customer 07717,Other,31,Bengaluru,Karnataka,R02,Corporate,2023-01-04,Partner
C07718,Customer 07718,Male,18,Indore,Madhya Pradesh,R05,Small Business,2024-09-28,Partner
C07719,Customer 07719,Male,38,Bhubaneswar,Odisha,R03,Consumer,2025-01-05,Paid Search
C07720,Customer 07720,Female,24,Surat,Gujarat,R04,Enterprise,2023-06-10,Social
C07721,Customer 07721,Female,36,Amritsar,Punjab,R01,Consumer,2024-04-09,Referral
C07722,Customer 07722,Male,18,Raipur,Chhattisgarh,R05,Corporate,2024-12-07,Organic
C07723,Customer 07723,,32,Delhi,Delhi,R07,Corporate,2023-08-23,Organic
C07724,Customer 07724,Male,42,Nagpur,Maharashtra,R04,Consumer,2024-08-23,Referral
C07725,Customer 07725,Male,41,Raipur,Chhattisgarh,R05,Small Business,2024-12-20,Partner
C07726,Customer 07726,Male,32,Mumbai,Maharashtra,R04,Consumer,2022-12-15,Paid Search
C07727,Customer 07727,Female,34,Faridabad,Haryana,R01,Consumer,2024-12-05,Paid Search
C07728,Customer 07728,Female,30,Jodhpur,Rajasthan,R01,Consumer,2024-05-16,Partner
C07729,Customer 07729,Male,32,Coimbatore,Tamil Nadu,R02,Consumer,2022-11-04,Organic
C07730,Customer 07730,Female,41,Faridabad,Haryana,R01,Small Business,2025-05-15,Partner
C07731,Customer 07731,Male,28,Hyderabad,Telangana,R02,Consumer,2022-02-07,Organic
C07732,Customer 07732,Male,28,Ahmedabad,Gujarat,R04,Small Business,2024-06-06,Organic
C07733,Customer 07733,Female,19,Pune,Maharashtra,R04,Consumer,2022-12-29,Organic
C07734,Customer 07734,Male,41,Kanpur,Uttar Pradesh,R07,Enterprise,2024-11-01,Organic
C07735,Customer 07735,Female,32,Bhopal,Madhya Pradesh,R05,Small Business,2025-07-13,Organic
C07736,Customer 07736,Female,22,Pune,Maharashtra,R04,Consumer,2024-08-30,Referral
C07737,Customer 07737,Male,43,Patna,Bihar,R03,Consumer,2023-08-03,Organic
C07738,Customer 07738,Male,34,Ahmedabad,Gujarat,R04,Small Business,2024-07-23,Partner
C07739,Customer 07739,Male,27,Delhi,Delhi,R07,Consumer,2022-10-22,Paid Search
C07740,Customer 07740,Female,43,Surat,Gujarat,R04,Consumer,2022-05-04,Social
C07741,Customer 07741,Male,31,Bengaluru,Karnataka,R02,Small Business,2023-06-23,Referral
C07742,Customer 07742,Female,19,Ahmedabad,Gujarat,R04,Small Business,2024-06-16,Organic
C07743,Customer 07743,Male,44,Bhopal,Madhya Pradesh,R05,Small Business,2023-07-14,Referral
C07744,Customer 07744,Female,26,Kochi,Kerala,R02,Small Business,2022-06-13,Organic
C07745,Customer 07745,Male,65,Bhubaneswar,Odisha,R03,Consumer,2023-10-26,Email
C07746,Customer 07746,Female,30,Chennai,Tamil Nadu,R02,Small Business,2025-06-25,Social
C07747,Customer 07747,Female,18,Bengaluru,Karnataka,R02,Consumer,2023-10-20,Organic
C07748,Customer 07748,Male,52,Hyderabad,Telangana,R02,Small Business,2023-11-03,Referral
C07749,Customer 07749,Male,34,Jodhpur,Rajasthan,R01,Corporate,2023-03-12,Organic
C07750,Customer 07750,Male,37,Bhopal,Madhya Pradesh,R05,Consumer,2023-11-28,Partner
C07751,Customer 07751,Female,38,Raipur,,R05,Enterprise,2023-03-14,Paid Search
C07752,Customer 07752,Female,21,Jaipur,Rajasthan,R01,Consumer,2025-10-30,Paid Search
C07753,Customer 07753,Male,18,Kochi,Kerala,R02,Corporate,2025-03-14,Paid Search
C07754,Customer 07754,Female,54,Raipur,Chhattisgarh,R05,Consumer,2024-10-21,Paid Search
C07755,Customer 07755,Male,19,Surat,Gujarat,R04,Consumer,2024-08-26,Email
C07756,Customer 07756,Female,51,Kochi,Kerala,R02,Consumer,2023-04-21,Social
C07757,Customer 07757,Female,40,Gurugram,Haryana,R01,Enterprise,2024-09-19,Referral
C07758,Customer 07758,Female,36,Delhi,Delhi,R07,Consumer,2025-11-05,Organic
C07759,Customer 07759,Female,30,Mumbai,Maharashtra,R04,Corporate,2022-10-06,Email
C07760,Customer 07760,Male,58,Chennai,Tamil Nadu,R02,Consumer,2025-06-11,Social
C07761,Customer 07761,Female,28,Pune,Maharashtra,R04,Small Business,2025-12-20,Social
C07762,Customer 07762,Male,28,Vijayawada,Andhra Pradesh,R02,Small Business,2022-04-01,Organic
C07763,Customer 07763,Male,41,Noida,Uttar Pradesh,R07,Consumer,2022-05-07,Organic
C07764,Customer 07764,Female,28,Jodhpur,Rajasthan,R01,Consumer,2023-12-12,Paid Search
C07765,Customer 07765,Female,24,Hyderabad,Telangana,R02,Corporate,2024-09-24,Email
C07766,Customer 07766,Female,34,Delhi,Delhi,R07,Consumer,2024-02-01,Social
C07767,Customer 07767,Female,41,Patna,Bihar,R03,Consumer,2024-12-22,Organic
C07768,Customer 07768,Female,53,Pune,Maharashtra,R04,Consumer,2025-04-16,Social
C07769,Customer 07769,Female,55,Ranchi,Jharkhand,R03,Consumer,2023-01-26,Paid Search
C07770,Customer 07770,Female,18,Kolkata,West Bengal,R03,Enterprise,2024-02-01,Organic
C07771,Customer 07771,Male,45,Delhi,Delhi,R07,Small Business,2022-04-23,Referral
C07772,Customer 07772,Male,25,Delhi,Delhi,R07,Small Business,2022-06-22,Organic
C07773,Customer 07773,Male,25,Delhi,Delhi,R07,Consumer,2024-12-13,Social
C07774,Customer 07774,Female,29,Visakhapatnam,Andhra Pradesh,R02,Enterprise,2025-08-03,Referral
C07775,Customer 07775,Female,28,Kolkata,West Bengal,R03,Corporate,2024-04-06,Organic
C07776,Customer 07776,Female,24,Surat,Gujarat,R04,Enterprise,2024-12-01,Referral
C07777,Customer 07777,Female,18,Ludhiana,Punjab,R01,Consumer,2025-11-11,Organic
C07778,Customer 07778,,49,Guwahati,Assam,R06,Consumer,2022-04-24,Email
C07779,Customer 07779,Female,43,Amritsar,Punjab,R01,Corporate,2024-11-29,Organic
C07780,Customer 07780,Female,34,Kolkata,West Bengal,R03,Small Business,2024-06-29,Organic
C07781,Customer 07781,Female,25,Patna,Bihar,R03,Consumer,2025-09-20,Organic
C07782,Customer 07782,Male,47,Jaipur,Rajasthan,R01,Consumer,2023-03-17,Paid Search
C07783,Customer 07783,Female,34,Mysuru,Karnataka,R02,Corporate,2024-07-15,Paid Search
C07784,Customer 07784,Female,29,Kanpur,Uttar Pradesh,R07,Enterprise,2025-05-15,Social
C07785,Customer 07785,Female,18,Mumbai,Maharashtra,R04,Small Business,2023-12-29,Email
C07786,Customer 07786,Male,40,Ranchi,Jharkhand,R03,Small Business,2023-01-30,Organic
C07787,Customer 07787,Male,31,Kolkata,West Bengal,R03,Corporate,2025-10-12,Organic
C07788,Customer 07788,Female,37,Indore,Madhya Pradesh,R05,Small Business,2022-08-17,Organic
C07789,Customer 07789,Female,36,Mysuru,Karnataka,R02,Consumer,2025-04-11,Referral
C07790,Customer 07790,Other,41,Lucknow,Uttar Pradesh,R07,Consumer,2025-05-09,Referral
C07791,Customer 07791,Female,37,Kolkata,West Bengal,R03,Corporate,2022-02-21,Email
C07792,Customer 07792,Female,31,Bengaluru,Karnataka,R02,Corporate,2023-05-29,Referral
C07793,Customer 07793,Male,40,Ludhiana,Punjab,R01,Consumer,2024-05-01,Referral
C07794,Customer 07794,Female,44,Surat,Gujarat,R04,Consumer,2022-05-29,Organic
C07795,Customer 07795,Male,50,Hyderabad,Telangana,R02,Small Business,2022-08-07,Email
C07796,Customer 07796,Female,23,Patna,Bihar,R03,Small Business,2023-04-29,Organic
C07797,Customer 07797,Male,46,Kanpur,Uttar Pradesh,R07,Consumer,2025-10-17,Referral
C07798,Customer 07798,Female,19,Guwahati,Assam,R06,Small Business,2023-09-18,Email
C07799,Customer 07799,Male,45,Mumbai,Maharashtra,R04,Consumer,2024-09-14,Organic
C07800,Customer 07800,Male,29,Jodhpur,Rajasthan,R01,Consumer,2024-06-03,Paid Search
C07801,Customer 07801,Female,43,Ludhiana,Punjab,R01,Consumer,2023-10-22,Organic
C07802,Customer 07802,Female,49,Indore,Madhya Pradesh,R05,Consumer,2022-05-06,Email
C07803,Customer 07803,Female,37,Mumbai,Maharashtra,R04,Consumer,2025-11-03,Paid Search
C07804,Customer 07804,Female,35,Mysuru,Karnataka,R02,Corporate,2024-02-24,Paid Search
C07805,Customer 07805,,34,Noida,Uttar Pradesh,R07,Small Business,2023-05-07,Social
C07806,Customer 07806,Male,30,Kolkata,West Bengal,R03,Consumer,2023-10-10,Referral
C07807,Customer 07807,Female,46,Bhubaneswar,Odisha,R03,Small Business,2023-10-11,Referral
C07808,Customer 07808,Other,34,Mumbai,Maharashtra,R04,Enterprise,2025-12-01,Referral
C07809,Customer 07809,Female,18,Vijayawada,Andhra Pradesh,R02,Consumer,2023-08-07,Partner
C07810,Customer 07810,Male,44,Delhi,Delhi,R07,Consumer,2025-12-10,Organic
C07811,Customer 07811,Female,43,Gurugram,Haryana,R01,Consumer,2022-07-12,Organic
C07812,Customer 07812,Male,35,Chennai,Tamil Nadu,R02,Corporate,2022-10-21,Referral
C07813,Customer 07813,Female,27,Kolkata,West Bengal,R03,Consumer,2022-08-07,Organic
C07814,Customer 07814,Male,23,Lucknow,Uttar Pradesh,R07,Corporate,2025-10-15,Referral
C07815,Customer 07815,Male,27,Mysuru,Karnataka,R02,Corporate,2024-05-13,Partner
C07816,Customer 07816,Male,37,Mumbai,Maharashtra,R04,Corporate,2023-12-19,Paid Search
C07817,Customer 07817,Female,18,Mysuru,Karnataka,R02,Consumer,2022-04-12,Organic
C07818,Customer 07818,Female,39,Hyderabad,Telangana,R02,Consumer,2022-09-01,Partner
C07819,Customer 07819,Female,36,Ranchi,Jharkhand,R03,Consumer,2025-09-22,Paid Search
C07820,Customer 07820,Male,48,Surat,Gujarat,R04,Small Business,2025-11-08,Organic
C07821,Customer 07821,Female,42,Hyderabad,Telangana,R02,Corporate,2023-04-24,Paid Search
C07822,Customer 07822,Male,28,Chennai,Tamil Nadu,R02,Corporate,2024-11-04,Organic
C07823,Customer 07823,Male,18,Mumbai,Maharashtra,R04,Corporate,2023-04-14,Organic
C07824,Customer 07824,Female,27,Kanpur,Uttar Pradesh,R07,Consumer,2025-11-09,
C07825,Customer 07825,Female,49,Dehradun,Uttarakhand,R01,Consumer,2022-07-24,Paid Search
C07826,Customer 07826,Female,38,Ludhiana,Punjab,R01,Consumer,2022-05-13,Paid Search
C07827,Customer 07827,Male,41,Bhubaneswar,Odisha,R03,Consumer,2023-05-28,Referral
C07828,Customer 07828,Female,29,Gurugram,Haryana,R01,Consumer,2022-09-18,Social
C07829,Customer 07829,Male,40,Indore,Madhya Pradesh,R05,Consumer,2024-10-06,Partner
C07830,Customer 07830,Female,20,Amritsar,Punjab,R01,Small Business,2025-09-01,Partner
C07831,Customer 07831,Male,44,Ranchi,Jharkhand,R03,Consumer,2025-10-30,Organic
C07832,Customer 07832,Female,23,Kolkata,West Bengal,R03,Consumer,2025-12-06,Organic
C07833,Customer 07833,Male,18,Delhi,Delhi,R07,Consumer,2022-10-09,Referral
C07834,Customer 07834,Male,58,Kolkata,West Bengal,R03,Consumer,2022-03-17,Organic
C07835,Customer 07835,Male,36,Coimbatore,Tamil Nadu,R02,Consumer,2022-09-17,Paid Search
C07836,Customer 07836,Male,36,Mumbai,Maharashtra,R04,Consumer,2025-01-12,Organic
C07837,Customer 07837,Male,18,Noida,Uttar Pradesh,R07,Consumer,2022-07-23,Paid Search
C07838,Customer 07838,Female,41,Kolkata,West Bengal,R03,Enterprise,2024-09-26,Paid Search
C07839,Customer 07839,Male,44,Patna,Bihar,R03,Consumer,2024-04-18,Email
C07840,Customer 07840,Male,33,Pune,Maharashtra,R04,Consumer,2025-02-28,Referral
C07841,Customer 07841,Female,44,Guwahati,Assam,R06,Consumer,2022-06-20,Paid Search
C07842,Customer 07842,Male,47,Jodhpur,Rajasthan,R01,Consumer,2023-10-04,Social
C07843,Customer 07843,Female,40,Delhi,Delhi,R07,Consumer,2022-05-09,Social
C07844,Customer 07844,Female,18,Chennai,Tamil Nadu,R02,Consumer,2022-02-02,Organic
C07845,Customer 07845,Female,23,Gurugram,Haryana,R01,Small Business,2024-12-22,Email
C07846,Customer 07846,Female,52,Jaipur,Rajasthan,R01,Small Business,2024-03-17,Social
C07847,Customer 07847,Male,36,Bengaluru,Karnataka,R02,Corporate,2025-03-04,Referral
C07848,Customer 07848,Male,36,Jodhpur,Rajasthan,R01,Consumer,2022-04-25,Organic
C07849,Customer 07849,Male,27,Kanpur,Uttar Pradesh,R07,Consumer,2023-04-05,Organic
C07850,Customer 07850,Female,29,Kolkata,West Bengal,R03,Consumer,2022-07-19,Social
C07851,Customer 07851,Male,47,Mysuru,Karnataka,R02,Small Business,2024-04-29,Referral
C07852,Customer 07852,Male,50,Bhopal,Madhya Pradesh,R05,Consumer,2024-04-01,Paid Search
C07853,Customer 07853,Female,43,Coimbatore,Tamil Nadu,R02,Corporate,2024-12-20,Partner
C07854,Customer 07854,Female,41,Mysuru,Karnataka,R02,Consumer,2022-05-11,Email
C07855,Customer 07855,Female,41,Lucknow,Uttar Pradesh,R07,Consumer,2022-03-13,Social
C07856,Customer 07856,Male,34,Bhubaneswar,Odisha,R03,Consumer,2025-06-02,Referral
C07857,Customer 07857,Female,23,Ludhiana,Punjab,R01,Consumer,2024-07-16,Social
C07858,Customer 07858,Female,21,Lucknow,Uttar Pradesh,R07,Corporate,2022-06-22,Paid Search
C07859,Customer 07859,Female,48,Indore,Madhya Pradesh,R05,Corporate,2023-02-23,Organic
C07860,Customer 07860,Male,35,Patna,Bihar,R03,Consumer,2023-08-21,Email
C07861,Customer 07861,Male,40,Coimbatore,Tamil Nadu,R02,Consumer,2023-08-21,Social
C07862,Customer 07862,Male,37,Delhi,,R07,Small Business,2024-12-07,Email
C07863,Customer 07863,Female,38,Gurugram,Haryana,R01,Consumer,2023-06-05,Paid Search
C07864,Customer 07864,Male,38,Bengaluru,Karnataka,R02,Corporate,2024-05-21,Organic
C07865,Customer 07865,Male,42,Patna,Bihar,R03,Consumer,2024-11-15,Organic
C07866,Customer 07866,Male,27,Ahmedabad,Gujarat,R04,Corporate,2022-05-29,Organic
C07867,Customer 07867,,47,Delhi,Delhi,R07,Corporate,2023-11-16,Referral
C07868,Customer 07868,Male,28,Ludhiana,Punjab,R01,Consumer,2023-01-08,Organic
C07869,Customer 07869,Male,37,Chennai,Tamil Nadu,R02,Consumer,2025-01-15,Email
C07870,Customer 07870,Female,23,Kolkata,West Bengal,R03,Consumer,2022-07-11,Referral
C07871,Customer 07871,Female,33,Delhi,Delhi,R07,Consumer,2023-04-06,Paid Search
C07872,Customer 07872,Female,28,Delhi,Delhi,R07,Small Business,2024-06-24,Social
C07873,Customer 07873,Female,35,Lucknow,Uttar Pradesh,R07,Consumer,2024-03-01,Partner
C07874,Customer 07874,Male,42,Delhi,Delhi,R07,Consumer,2022-02-27,Organic
C07875,Customer 07875,Male,36,Bengaluru,Karnataka,R02,Small Business,2025-08-18,Paid Search
C07876,Customer 07876,Male,55,Gurugram,Haryana,R01,Small Business,2022-04-23,Paid Search
C07877,Customer 07877,Male,43,Hyderabad,Telangana,R02,Consumer,2023-10-03,Partner
C07878,Customer 07878,Male,33,Bhubaneswar,Odisha,R03,Corporate,2022-03-30,Partner
C07879,Customer 07879,Female,34,Ranchi,Jharkhand,R03,Consumer,2024-04-21,Email
C07880,Customer 07880,Male,39,Visakhapatnam,Andhra Pradesh,R02,Corporate,2023-06-03,Paid Search
C07881,Customer 07881,Female,42,Jaipur,Rajasthan,R01,Consumer,2024-09-06,Partner
C07882,Customer 07882,Male,23,Delhi,Delhi,R07,Small Business,2024-07-05,Social
C07883,Customer 07883,Other,41,Nagpur,Maharashtra,R04,Consumer,2025-08-25,Referral
C07884,Customer 07884,Female,23,Kolkata,West Bengal,R03,Consumer,2022-03-08,Partner
C07885,Customer 07885,Male,40,Delhi,Delhi,R07,Small Business,2024-07-18,Organic
C07886,Customer 07886,Male,46,Mumbai,Maharashtra,R04,Consumer,2023-05-13,Partner
C07887,Customer 07887,Female,38,Jodhpur,Rajasthan,R01,Consumer,2024-06-13,Paid Search
C07888,Customer 07888,Female,18,Lucknow,Uttar Pradesh,R07,Consumer,2025-11-06,Partner
C07889,Customer 07889,Male,18,Kolkata,West Bengal,R03,Corporate,2025-05-02,Social
C07890,Customer 07890,Male,41,Hyderabad,Telangana,R02,Consumer,2025-11-22,Organic
C07891,Customer 07891,Other,18,Mysuru,Karnataka,R02,Consumer,2025-12-20,Email
C07892,Customer 07892,Female,41,Kochi,Kerala,R02,Consumer,2025-02-11,Organic
C07893,Customer 07893,Female,45,Faridabad,Haryana,R01,Corporate,2025-08-06,Organic
C07894,Customer 07894,Male,46,Gurugram,Haryana,R01,Small Business,2024-09-29,Organic
C07895,Customer 07895,Female,33,Nagpur,Maharashtra,R04,Consumer,2022-07-02,
C07896,Customer 07896,Female,39,Hyderabad,Telangana,R02,Consumer,2025-07-29,Partner
C07897,Customer 07897,Male,37,Chennai,Tamil Nadu,R02,Consumer,2024-09-15,Social
C07898,Customer 07898,Female,20,Delhi,Delhi,R07,Consumer,2025-06-17,Organic
C07899,Customer 07899,Male,42,Visakhapatnam,Andhra Pradesh,R02,Small Business,2023-04-26,Paid Search
C07900,Customer 07900,Male,49,Jaipur,Rajasthan,R01,Small Business,2024-05-06,Organic
C07901,Customer 07901,Female,42,Pune,Maharashtra,R04,Small Business,2023-08-29,Organic
C07902,Customer 07902,Female,30,Hyderabad,Telangana,R02,Enterprise,2022-01-18,Email
C07903,Customer 07903,Female,42,Visakhapatnam,Andhra Pradesh,R02,Consumer,2024-07-31,Organic
C07904,Customer 07904,Female,48,Hyderabad,Telangana,R02,Corporate,2023-03-19,Organic
C07905,Customer 07905,Male,47,Visakhapatnam,Andhra Pradesh,R02,Consumer,2022-08-01,Organic
C07906,Customer 07906,Male,45,Amritsar,Punjab,R01,Enterprise,2022-11-05,Partner
C07907,Customer 07907,Female,19,Coimbatore,Tamil Nadu,R02,Corporate,2024-10-09,Paid Search
C07908,Customer 07908,Male,39,Bhopal,Madhya Pradesh,R05,Consumer,2024-11-07,Referral
C07909,Customer 07909,Female,41,Mysuru,Karnataka,R02,Small Business,2023-03-05,Organic
C07910,Customer 07910,Male,45,Nagpur,Maharashtra,R04,Corporate,2023-05-13,Social
C07911,Customer 07911,,40,Dehradun,Uttarakhand,R01,Enterprise,2025-04-11,Referral
C07912,Customer 07912,Male,51,Gurugram,Haryana,R01,Small Business,2023-11-24,Organic
C07913,Customer 07913,Female,18,Surat,Gujarat,R04,Small Business,2023-06-28,Paid Search
C07914,Customer 07914,Male,41,Guwahati,Assam,R06,Consumer,2025-06-03,Paid Search
C07915,Customer 07915,,40,Kochi,Kerala,R02,Consumer,2022-03-14,Partner
C07916,Customer 07916,Male,44,Dehradun,Uttarakhand,R01,Small Business,2024-09-18,Referral
C07917,Customer 07917,Female,50,Guwahati,,R06,Consumer,2024-05-24,Partner
C07918,Customer 07918,Female,26,Delhi,Delhi,R07,Consumer,2023-08-04,Paid Search
C07919,Customer 07919,Female,50,Visakhapatnam,Andhra Pradesh,R02,Enterprise,2024-12-31,Social
C07920,Customer 07920,Female,43,Surat,Gujarat,R04,Small Business,2023-02-13,Social
C07921,Customer 07921,Female,33,Hyderabad,Telangana,R02,Enterprise,2024-06-20,Organic
C07922,Customer 07922,Female,26,Pune,Maharashtra,R04,Consumer,2023-01-12,Paid Search
C07923,Customer 07923,Male,37,Bhopal,Madhya Pradesh,R05,Consumer,2025-02-11,Organic
C07924,Customer 07924,Male,38,Coimbatore,Tamil Nadu,R02,Small Business,2023-09-03,Organic
C07925,Customer 07925,Female,38,Indore,Madhya Pradesh,R05,Consumer,2025-03-20,Partner
C07926,Customer 07926,Female,29,Amritsar,Punjab,R01,Consumer,2024-04-28,Partner
C07927,Customer 07927,Female,41,Amritsar,Punjab,R01,Consumer,2022-03-03,Email
C07928,Customer 07928,Female,31,Surat,Gujarat,R04,Small Business,2024-06-18,Organic
C07929,Customer 07929,Male,47,Delhi,Delhi,R07,Consumer,2022-01-03,Organic
C07930,Customer 07930,Male,52,Kolkata,West Bengal,R03,Consumer,2024-12-07,Organic
C07931,Customer 07931,Female,27,Jodhpur,Rajasthan,R01,Consumer,2022-11-24,Partner
C07932,Customer 07932,Female,36,Mysuru,Karnataka,R02,Consumer,2025-12-06,Organic
C07933,Customer 07933,Female,45,Delhi,Delhi,R07,Corporate,2022-11-25,Organic
C07934,Customer 07934,Female,38,Gurugram,Haryana,R01,Corporate,2023-10-26,Referral
C07935,Customer 07935,Male,21,Hyderabad,Telangana,R02,Corporate,2024-04-02,Social
C07936,Customer 07936,Male,44,Jodhpur,Rajasthan,R01,Consumer,2022-07-28,Referral
C07937,Customer 07937,Male,29,Kanpur,Uttar Pradesh,R07,Consumer,2022-12-01,Social
C07938,Customer 07938,Male,37,Kanpur,Uttar Pradesh,R07,Consumer,2025-11-21,Social
C07939,Customer 07939,Female,25,Lucknow,Uttar Pradesh,R07,Enterprise,2023-06-18,Partner
C07940,Customer 07940,Female,43,Hyderabad,Telangana,R02,Consumer,2025-02-01,Organic
C07941,Customer 07941,Female,31,Faridabad,Haryana,R01,Consumer,2023-10-25,Organic
C07942,Customer 07942,Female,44,Nagpur,Maharashtra,R04,Consumer,2022-11-07,Paid Search
C07943,Customer 07943,Male,33,Kolkata,West Bengal,R03,Enterprise,2024-05-27,Social
C07944,Customer 07944,Female,30,Bengaluru,Karnataka,R02,Small Business,2022-07-22,Social
C07945,Customer 07945,Male,39,Coimbatore,Tamil Nadu,R02,Consumer,2025-12-27,Social
C07946,Customer 07946,Male,24,Lucknow,,R07,Corporate,2024-09-14,Social
C07947,Customer 07947,Female,53,Visakhapatnam,Andhra Pradesh,R02,Consumer,2024-10-02,Social
C07948,Customer 07948,Male,37,Ahmedabad,,R04,Small Business,2022-02-07,Partner
C07949,Customer 07949,Male,29,Jodhpur,Rajasthan,R01,Enterprise,2023-01-24,Organic
C07950,Customer 07950,Female,31,Kochi,Kerala,R02,Small Business,2023-07-19,Partner
C07951,Customer 07951,Female,35,Hyderabad,Telangana,R02,Small Business,2023-05-28,Social
C07952,Customer 07952,Male,45,Chennai,Tamil Nadu,R02,Consumer,2022-06-16,Organic
C07953,Customer 07953,Female,26,Guwahati,Assam,R06,Consumer,2022-03-05,Organic
C07954,Customer 07954,Male,31,Delhi,Delhi,R07,Corporate,2024-05-20,Social
C07955,Customer 07955,Female,35,Indore,Madhya Pradesh,R05,Small Business,2023-09-05,Referral
C07956,Customer 07956,Female,50,Kolkata,West Bengal,R03,Consumer,2022-12-16,Social
C07957,Customer 07957,Female,45,Mumbai,Maharashtra,R04,Consumer,2024-05-10,Paid Search
C07958,Customer 07958,Female,51,Kanpur,Uttar Pradesh,R07,Consumer,2025-12-18,Organic
C07959,Customer 07959,Male,35,Gurugram,Haryana,R01,Consumer,2025-10-19,Social
C07960,Customer 07960,Male,49,Vijayawada,Andhra Pradesh,R02,Small Business,2025-07-06,Partner
C07961,Customer 07961,Male,48,Gurugram,Haryana,R01,Consumer,2023-01-27,Paid Search
C07962,Customer 07962,Male,42,Kanpur,Uttar Pradesh,R07,Small Business,2022-09-06,Referral
C07963,Customer 07963,Male,43,Kolkata,West Bengal,R03,Consumer,2022-12-22,Organic
C07964,Customer 07964,Male,29,Kolkata,West Bengal,R03,Corporate,2023-03-30,Paid Search
C07965,Customer 07965,Male,53,Gurugram,Haryana,R01,Small Business,2022-01-26,Email
C07966,Customer 07966,Male,33,Bhopal,Madhya Pradesh,R05,Small Business,2023-04-04,Email
C07967,Customer 07967,Female,41,Bengaluru,Karnataka,R02,Small Business,2024-04-19,Social
C07968,Customer 07968,Female,42,Raipur,Chhattisgarh,R05,Consumer,2023-01-01,Social
C07969,Customer 07969,Female,21,Delhi,Delhi,R07,Consumer,2025-12-25,Organic
C07970,Customer 07970,Female,34,Delhi,Delhi,R07,Corporate,2025-05-25,Paid Search
C07971,Customer 07971,Female,37,Hyderabad,Telangana,R02,Small Business,2023-06-27,Referral
C07972,Customer 07972,Female,34,Faridabad,Haryana,R01,Small Business,2023-08-26,Email
C07973,Customer 07973,Female,35,Mysuru,Karnataka,R02,Small Business,2023-12-29,Organic
C07974,Customer 07974,Female,50,Delhi,Delhi,R07,Consumer,2023-04-30,Partner
C07975,Customer 07975,Female,27,Bhubaneswar,Odisha,R03,Consumer,2022-03-27,Partner
C07976,Customer 07976,Female,22,Kochi,Kerala,R02,Enterprise,2023-07-16,Organic
C07977,Customer 07977,Female,29,Indore,Madhya Pradesh,R05,Consumer,2024-04-14,Organic
C07978,Customer 07978,Male,42,Visakhapatnam,Andhra Pradesh,R02,Small Business,2023-01-07,Paid Search
C07979,Customer 07979,Female,43,Kochi,Kerala,R02,Corporate,2022-11-03,Partner
C07980,Customer 07980,Male,41,Ahmedabad,,R04,Small Business,2024-02-01,Paid Search
C07981,Customer 07981,Male,44,Nagpur,Maharashtra,R04,Small Business,2022-01-23,Paid Search
C07982,Customer 07982,Male,38,Kochi,Kerala,R02,Consumer,2024-12-17,Partner
C07983,Customer 07983,Female,30,Kochi,Kerala,R02,Small Business,2024-09-26,Organic
C07984,Customer 07984,Male,26,Ranchi,Jharkhand,R03,Consumer,2025-11-11,Partner
C07985,Customer 07985,Male,22,Bhubaneswar,Odisha,R03,Consumer,2022-08-04,Email
C07986,Customer 07986,,33,Amritsar,Punjab,R01,Small Business,2025-03-12,Paid Search
C07987,Customer 07987,Female,43,Vijayawada,Andhra Pradesh,R02,Consumer,2022-05-28,Email
C07988,Customer 07988,Male,37,Vijayawada,Andhra Pradesh,R02,Consumer,2025-01-29,Referral
C07989,Customer 07989,Female,35,Hyderabad,Telangana,R02,Corporate,2022-11-30,Social
C07990,Customer 07990,Female,24,Raipur,Chhattisgarh,R05,Enterprise,2025-04-15,Email
C07991,Customer 07991,Female,61,Bengaluru,Karnataka,R02,Consumer,2022-07-20,Social
C07992,Customer 07992,Female,27,Vijayawada,Andhra Pradesh,R02,Corporate,2025-03-30,Email
C07993,Customer 07993,Male,36,Delhi,Delhi,R07,Consumer,2024-06-29,Email
C07994,Customer 07994,Other,45,Raipur,Chhattisgarh,R05,Consumer,2022-03-08,Partner
C07995,Customer 07995,Female,35,Delhi,Delhi,R07,Small Business,2023-01-26,Email
C07996,Customer 07996,Male,27,Nagpur,Maharashtra,R04,Consumer,2023-11-26,Partner
C07997,Customer 07997,Male,43,Gurugram,Haryana,R01,Small Business,2024-09-07,Organic
C07998,Customer 07998,Female,22,Bengaluru,Karnataka,R02,Small Business,2024-12-09,Organic
C07999,Customer 07999,Female,52,Noida,Uttar Pradesh,R07,Enterprise,2024-03-08,Paid Search
C08000,Customer 08000,Female,38,Visakhapatnam,Andhra Pradesh,R02,Small Business,2024-10-06,Organic
C08001,Customer 08001,Female,32,Mysuru,Karnataka,R02,Consumer,2023-06-01,Partner
C08002,Customer 08002,Female,21,Kochi,Kerala,R02,Small Business,2023-04-23,Organic
C08003,Customer 08003,Female,23,Jodhpur,Rajasthan,R01,Corporate,2022-10-10,Paid Search
C08004,Customer 08004,Male,34,Delhi,Delhi,R07,Consumer,2024-09-01,Social
C08005,Customer 08005,Male,54,Bhubaneswar,Odisha,R03,Corporate,2024-09-09,Partner
C08006,Customer 08006,Male,37,Kolkata,West Bengal,R03,Small Business,2025-08-27,Organic
C08007,Customer 08007,Male,38,Bengaluru,Karnataka,R02,Consumer,2024-02-06,Partner
C08008,Customer 08008,Male,39,Bhopal,Madhya Pradesh,R05,Consumer,2024-06-16,Paid Search
C08009,Customer 08009,Male,59,Bhopal,Madhya Pradesh,R05,Consumer,2024-11-19,Organic
C08010,Customer 08010,Female,31,Chennai,Tamil Nadu,R02,Consumer,2025-06-28,Organic
C08011,Customer 08011,Male,51,Ranchi,Jharkhand,R03,Small Business,2024-01-10,Partner
C08012,Customer 08012,Female,31,Kolkata,West Bengal,R03,Consumer,2024-12-27,Organic
C08013,Customer 08013,Female,28,Kolkata,West Bengal,R03,Small Business,2025-03-17,Organic
C08014,Customer 08014,Male,34,Nagpur,Maharashtra,R04,Small Business,2024-05-01,Paid Search
C08015,Customer 08015,Male,34,Delhi,Delhi,R07,Consumer,2024-03-14,Social
C08016,Customer 08016,Male,41,Noida,Uttar Pradesh,R07,Consumer,2024-09-01,Paid Search
C08017,Customer 08017,Female,18,Patna,Bihar,R03,Consumer,2025-04-03,Organic
C08018,Customer 08018,Female,36,Kolkata,West Bengal,R03,Consumer,2024-03-25,Paid Search
C08019,Customer 08019,Male,29,Nagpur,Maharashtra,R04,Consumer,2024-03-14,Referral
C08020,Customer 08020,Female,28,Hyderabad,Telangana,R02,Consumer,2022-11-15,Paid Search
C08021,Customer 08021,Female,22,Amritsar,Punjab,R01,Small Business,2025-11-06,Social
C08022,Customer 08022,Male,31,Kanpur,Uttar Pradesh,R07,Corporate,2022-03-25,Partner
C08023,Customer 08023,Female,30,Vijayawada,Andhra Pradesh,R02,Consumer,2025-05-31,Referral
C08024,Customer 08024,Female,31,Surat,Gujarat,R04,Consumer,2023-07-15,Email
C08025,Customer 08025,Male,19,Kanpur,Uttar Pradesh,R07,Small Business,2023-01-07,Paid Search
C08026,Customer 08026,Female,36,Bengaluru,Karnataka,R02,Consumer,2022-11-28,Social
C08027,Customer 08027,Male,27,Pune,Maharashtra,R04,Corporate,2024-11-29,Paid Search
C08028,Customer 08028,Female,19,Patna,Bihar,R03,Consumer,2023-02-28,Social
C08029,Customer 08029,Female,30,Ranchi,Jharkhand,R03,Small Business,2022-07-12,Organic
C08030,Customer 08030,Male,27,Chennai,Tamil Nadu,R02,Consumer,2023-11-04,Social
C08031,Customer 08031,Female,35,Chennai,Tamil Nadu,R02,Consumer,2025-08-24,Social
C08032,Customer 08032,Male,29,Nagpur,Maharashtra,R04,Consumer,2025-06-23,Social
C08033,Customer 08033,Male,21,Chennai,Tamil Nadu,R02,Consumer,2023-05-20,Organic
C08034,Customer 08034,Male,26,Mumbai,Maharashtra,R04,Corporate,2024-08-02,Organic
C08035,Customer 08035,Female,18,Delhi,Delhi,R07,Consumer,2023-11-29,Paid Search
C08036,Customer 08036,Female,46,Raipur,Chhattisgarh,R05,Consumer,2023-08-05,Social
C08037,Customer 08037,Male,48,Ahmedabad,Gujarat,R04,Consumer,2022-01-31,Paid Search
C08038,Customer 08038,Male,49,Mysuru,Karnataka,R02,Corporate,2022-08-16,Referral
C08039,Customer 08039,Other,29,Delhi,Delhi,R07,Small Business,2025-06-21,Social
C08040,Customer 08040,,48,Indore,Madhya Pradesh,R05,Consumer,2025-11-07,Organic
C08041,Customer 08041,Male,39,Gurugram,Haryana,R01,Small Business,2025-10-17,Organic
C08042,Customer 08042,Male,27,Surat,Gujarat,R04,Small Business,2025-10-28,Social
C08043,Customer 08043,Male,29,Indore,Madhya Pradesh,R05,Consumer,2023-11-19,Social
C08044,Customer 08044,Male,33,Surat,Gujarat,R04,Consumer,2022-04-07,Paid Search
C08045,Customer 08045,Female,36,Visakhapatnam,Andhra Pradesh,R02,Consumer,2022-10-02,Organic
C08046,Customer 08046,Female,39,Amritsar,Punjab,R01,Consumer,2025-03-06,Partner
C08047,Customer 08047,Female,35,Kolkata,West Bengal,R03,Small Business,2024-10-10,Paid Search
C08048,Customer 08048,Male,32,Ranchi,Jharkhand,R03,Consumer,2025-12-15,Organic
C08049,Customer 08049,Female,49,Mysuru,Karnataka,R02,Consumer,2023-03-10,Referral
C08050,Customer 08050,Female,34,Kolkata,West Bengal,R03,Corporate,2023-08-06,Organic
C08051,Customer 08051,Female,33,Pune,Maharashtra,R04,Consumer,2025-11-03,Organic
C08052,Customer 08052,Male,33,Patna,Bihar,R03,Small Business,2025-08-29,Email
C08053,Customer 08053,Male,34,Kochi,Kerala,R02,Corporate,2023-03-31,Partner
C08054,Customer 08054,Male,21,Kolkata,West Bengal,R03,Consumer,2025-10-30,Social
C08055,Customer 08055,Male,25,Vijayawada,Andhra Pradesh,R02,Consumer,2024-04-21,Referral
C08056,Customer 08056,Female,59,Chennai,Tamil Nadu,R02,Consumer,2025-12-21,Paid Search
C08057,Customer 08057,Female,18,Chennai,Tamil Nadu,R02,Enterprise,2022-03-14,Referral
C08058,Customer 08058,Male,38,Jodhpur,Rajasthan,R01,Consumer,2024-04-21,Referral
C08059,Customer 08059,Female,38,Kolkata,West Bengal,R03,Small Business,2025-12-17,Referral
C08060,Customer 08060,Female,45,Guwahati,Assam,R06,Enterprise,2025-11-06,Organic
C08061,Customer 08061,Female,39,Hyderabad,Telangana,R02,Consumer,2024-04-21,Organic
C08062,Customer 08062,Female,54,Lucknow,Uttar Pradesh,R07,Corporate,2022-03-03,Referral
C08063,Customer 08063,Female,37,Mysuru,Karnataka,R02,Consumer,2025-11-25,Social
C08064,Customer 08064,Female,48,Patna,Bihar,R03,Consumer,2022-08-20,Partner
C08065,Customer 08065,Male,45,Vijayawada,Andhra Pradesh,R02,Enterprise,2023-03-16,Organic
C08066,Customer 08066,Female,50,Faridabad,Haryana,R01,Consumer,2025-07-04,Partner
C08067,Customer 08067,Male,35,Faridabad,Haryana,R01,Small Business,2024-02-10,Organic
C08068,Customer 08068,Female,39,Surat,Gujarat,R04,Corporate,2023-01-12,Organic
C08069,Customer 08069,Other,31,Faridabad,Haryana,R01,Consumer,2022-01-27,Partner
C08070,Customer 08070,Male,37,Dehradun,Uttarakhand,R01,Consumer,2022-09-23,Social
C08071,Customer 08071,Male,37,Surat,Gujarat,R04,Consumer,2025-01-31,Paid Search
C08072,Customer 08072,Male,18,Bengaluru,Karnataka,R02,Consumer,2024-11-13,Social
C08073,Customer 08073,Other,34,Noida,Uttar Pradesh,R07,Corporate,2022-09-01,Paid Search
C08074,Customer 08074,Male,44,Surat,Gujarat,R04,Consumer,2025-08-09,Partner
C08075,Customer 08075,Female,21,Dehradun,Uttarakhand,R01,Enterprise,2023-09-14,Email
C08076,Customer 08076,Male,25,Bengaluru,Karnataka,R02,Consumer,2024-10-18,Referral
C08077,Customer 08077,Male,47,Delhi,Delhi,R07,Consumer,2024-09-05,Paid Search
C08078,Customer 08078,Male,48,Noida,Uttar Pradesh,R07,Consumer,2022-06-18,Organic
C08079,Customer 08079,Female,29,Ranchi,Jharkhand,R03,Consumer,2022-04-30,Email
C08080,Customer 08080,Male,37,Dehradun,Uttarakhand,R01,Corporate,2024-06-14,Organic
C08081,Customer 08081,Female,34,Amritsar,Punjab,R01,Consumer,2025-02-18,Organic
C08082,Customer 08082,Female,47,Coimbatore,Tamil Nadu,R02,Corporate,2025-10-03,Social
C08083,Customer 08083,Female,30,Delhi,Delhi,R07,Consumer,2025-03-23,Referral
C08084,Customer 08084,Male,31,Chennai,,R02,Consumer,2024-05-06,Paid Search
C08085,Customer 08085,Female,48,Gurugram,Haryana,R01,Consumer,2024-02-16,Social
C08086,Customer 08086,Male,25,Bhopal,Madhya Pradesh,R05,Consumer,2023-08-14,Partner
C08087,Customer 08087,Male,30,Visakhapatnam,Andhra Pradesh,R02,Consumer,2024-06-02,Paid Search
C08088,Customer 08088,Female,36,Gurugram,Haryana,R01,Small Business,2025-10-31,Organic
C08089,Customer 08089,Male,50,Surat,Gujarat,R04,Consumer,2022-05-18,Organic
C08090,Customer 08090,Other,23,Gurugram,Haryana,R01,Consumer,2023-12-01,Paid Search
C08091,Customer 08091,Male,28,Nagpur,Maharashtra,R04,Consumer,2023-10-18,Email
C08092,Customer 08092,Male,41,Delhi,Delhi,R07,Consumer,2023-03-21,Paid Search
C08093,Customer 08093,Female,42,Noida,Uttar Pradesh,R07,Enterprise,2025-05-13,Social
C08094,Customer 08094,Female,37,Dehradun,Uttarakhand,R01,Small Business,2024-03-09,Social
C08095,Customer 08095,Male,34,Delhi,Delhi,R07,Small Business,2022-05-11,Social
C08096,Customer 08096,Other,36,Raipur,Chhattisgarh,R05,Consumer,2024-10-13,Organic
C08097,Customer 08097,Male,20,Delhi,Delhi,R07,Consumer,2025-12-15,Organic
C08098,Customer 08098,Female,36,Mysuru,Karnataka,R02,Consumer,2022-10-02,Organic
C08099,Customer 08099,Male,50,Surat,Gujarat,R04,Small Business,2023-12-11,Organic
C08100,Customer 08100,Male,22,Visakhapatnam,Andhra Pradesh,R02,Consumer,2022-12-17,Organic
C08101,Customer 08101,Male,27,Amritsar,Punjab,R01,Consumer,2022-01-19,Organic
C08102,Customer 08102,Female,31,Ludhiana,Punjab,R01,Corporate,2023-09-22,
C08103,Customer 08103,Female,32,Patna,Bihar,R03,Small Business,2023-05-12,Paid Search
C08104,Customer 08104,Male,53,Patna,Bihar,R03,Consumer,2025-08-10,Organic
C08105,Customer 08105,Male,26,Kolkata,West Bengal,R03,Consumer,2024-01-02,Organic
C08106,Customer 08106,Female,24,Delhi,Delhi,R07,Small Business,2024-07-10,Organic
C08107,Customer 08107,Male,43,Noida,Uttar Pradesh,R07,Consumer,2025-11-02,Referral
C08108,Customer 08108,Female,29,Indore,Madhya Pradesh,R05,Enterprise,2024-02-14,Social
C08109,Customer 08109,Male,43,Chennai,Tamil Nadu,R02,Consumer,2024-10-27,Referral
C08110,Customer 08110,Male,33,Chennai,Tamil Nadu,R02,Enterprise,2024-02-07,Paid Search
C08111,Customer 08111,Male,40,Jaipur,Rajasthan,R01,Small Business,2024-04-28,Organic
C08112,Customer 08112,Male,19,Kanpur,Uttar Pradesh,R07,Consumer,2022-11-01,Email
C08113,Customer 08113,Female,40,Vijayawada,Andhra Pradesh,R02,Small Business,2025-11-13,Organic
C08114,Customer 08114,Male,37,Patna,Bihar,R03,Consumer,2023-03-24,Paid Search
C08115,Customer 08115,Female,32,Gurugram,Haryana,R01,Consumer,2023-03-07,Social
C08116,Customer 08116,Male,23,Visakhapatnam,Andhra Pradesh,R02,Consumer,2023-05-09,Referral
C08117,Customer 08117,Male,37,Coimbatore,Tamil Nadu,R02,Corporate,2023-07-09,Social
C08118,Customer 08118,Male,42,Mumbai,Maharashtra,R04,Consumer,2023-05-30,Email
C08119,Customer 08119,Male,30,Nagpur,Maharashtra,R04,Consumer,2025-01-27,Social
C08120,Customer 08120,Male,30,Patna,Bihar,R03,Enterprise,2024-11-22,Email
C08121,Customer 08121,Male,43,Mumbai,Maharashtra,R04,Small Business,2024-05-18,Organic
C08122,Customer 08122,Male,52,Coimbatore,Tamil Nadu,R02,Consumer,2023-03-13,Social
C08123,Customer 08123,Male,44,Kolkata,West Bengal,R03,Consumer,2022-11-16,Organic
C08124,Customer 08124,Male,37,Ludhiana,Punjab,R01,Consumer,2024-09-23,Social
C08125,Customer 08125,Male,33,Visakhapatnam,Andhra Pradesh,R02,Consumer,2025-01-02,Paid Search
C08126,Customer 08126,Male,35,Pune,Maharashtra,R04,Small Business,2023-08-11,Referral
C08127,Customer 08127,Male,22,Ahmedabad,Gujarat,R04,Enterprise,2023-01-26,Referral
C08128,Customer 08128,Male,33,Kolkata,West Bengal,R03,Consumer,2023-10-28,Paid Search
C08129,Customer 08129,Female,46,Coimbatore,Tamil Nadu,R02,Consumer,2024-03-27,Social
C08130,Customer 08130,Male,35,Ahmedabad,Gujarat,R04,Consumer,2022-03-27,Referral
C08131,Customer 08131,Other,29,Hyderabad,Telangana,R02,Consumer,2025-06-04,Email
C08132,Customer 08132,Male,28,Kochi,Kerala,R02,Consumer,2024-11-14,Organic
C08133,Customer 08133,Male,35,Bhopal,Madhya Pradesh,R05,Consumer,2023-02-06,Social
C08134,Customer 08134,Female,23,Indore,,R05,Consumer,2025-05-01,Partner
C08135,Customer 08135,Male,26,Lucknow,Uttar Pradesh,R07,Consumer,2025-01-17,Paid Search
C08136,Customer 08136,Male,50,Surat,Gujarat,R04,Small Business,2024-01-10,Referral
C08137,Customer 08137,Female,25,Mysuru,Karnataka,R02,Small Business,2025-06-12,Paid Search
C08138,Customer 08138,Female,27,Delhi,Delhi,R07,Consumer,2022-10-26,Email
C08139,Customer 08139,Female,38,Bhubaneswar,Odisha,R03,Consumer,2023-04-09,Referral
C08140,Customer 08140,,31,Pune,Maharashtra,R04,Small Business,2025-12-26,Partner
C08141,Customer 08141,Male,36,Jaipur,Rajasthan,R01,Consumer,2022-10-15,Referral
C08142,Customer 08142,Male,44,Lucknow,,R07,Small Business,2025-05-31,Social
C08143,Customer 08143,Female,20,Jodhpur,Rajasthan,R01,Consumer,2025-06-18,Social
C08144,Customer 08144,Male,43,Nagpur,Maharashtra,R04,Small Business,2023-07-08,Email
C08145,Customer 08145,Female,29,Coimbatore,Tamil Nadu,R02,Consumer,2023-11-13,Referral
C08146,Customer 08146,Female,32,Coimbatore,Tamil Nadu,R02,Small Business,2025-10-01,Organic
C08147,Customer 08147,Other,54,Noida,Uttar Pradesh,R07,Consumer,2023-03-31,Paid Search
C08148,Customer 08148,Male,21,Amritsar,Punjab,R01,Small Business,2023-06-26,Referral
C08149,Customer 08149,Female,41,Bhopal,Madhya Pradesh,R05,Corporate,2022-01-16,Organic
C08150,Customer 08150,Female,46,Delhi,Delhi,R07,Consumer,2023-06-07,Referral
C08151,Customer 08151,Female,28,Mysuru,Karnataka,R02,Small Business,2022-10-11,Partner
C08152,Customer 08152,Female,28,Mysuru,Karnataka,R02,Consumer,2022-10-26,Paid Search
C08153,Customer 08153,Female,31,Coimbatore,Tamil Nadu,R02,Consumer,2024-01-20,Organic
C08154,Customer 08154,Female,28,Guwahati,Assam,R06,Consumer,2025-01-31,Email
C08155,Customer 08155,Male,36,Hyderabad,Telangana,R02,Small Business,2025-04-26,Social
C08156,Customer 08156,Female,44,Ranchi,Jharkhand,R03,Small Business,2023-07-02,Email
C08157,Customer 08157,Female,31,Guwahati,Assam,R06,Consumer,2024-01-04,Organic
C08158,Customer 08158,Female,44,Lucknow,Uttar Pradesh,R07,Small Business,2022-04-23,Organic
C08159,Customer 08159,Female,49,Kanpur,Uttar Pradesh,R07,Small Business,2023-02-08,Organic
C08160,Customer 08160,,39,Mumbai,Maharashtra,R04,Corporate,2023-04-01,Paid Search
C08161,Customer 08161,Male,40,Pune,Maharashtra,R04,Consumer,2025-09-19,Partner
C08162,Customer 08162,Female,29,Bengaluru,Karnataka,R02,Consumer,2025-05-26,Referral
C08163,Customer 08163,Male,18,Kanpur,Uttar Pradesh,R07,Consumer,2023-06-24,Organic
C08164,Customer 08164,Female,41,Kanpur,Uttar Pradesh,R07,Consumer,2022-09-09,Organic
C08165,Customer 08165,Female,43,Nagpur,Maharashtra,R04,Consumer,2022-08-26,Referral
C08166,Customer 08166,Male,37,Hyderabad,Telangana,R02,Small Business,2024-01-19,Organic
C08167,Customer 08167,Male,44,Kolkata,West Bengal,R03,Corporate,2025-10-13,Organic
C08168,Customer 08168,Female,30,Ranchi,Jharkhand,R03,Corporate,2024-05-24,Referral
C08169,Customer 08169,Female,40,Ludhiana,Punjab,R01,Consumer,2023-08-03,Organic
C08170,Customer 08170,Male,50,Pune,,R04,Consumer,2025-04-25,Social
C08171,Customer 08171,Female,42,Ranchi,Jharkhand,R03,Small Business,2023-12-06,Paid Search
C08172,Customer 08172,Female,48,Kolkata,West Bengal,R03,Consumer,2022-11-15,Paid Search
C08173,Customer 08173,Male,48,Chennai,Tamil Nadu,R02,Small Business,2025-04-27,Organic
C08174,Customer 08174,Male,23,Mysuru,Karnataka,R02,Consumer,2025-08-25,Paid Search
C08175,Customer 08175,Male,42,Delhi,Delhi,R07,Consumer,2023-02-25,Organic
C08176,Customer 08176,Male,29,Kochi,Kerala,R02,Corporate,2025-12-03,Partner
C08177,Customer 08177,Male,24,Hyderabad,Telangana,R02,Corporate,2024-02-12,Paid Search
C08178,Customer 08178,Male,32,Chennai,Tamil Nadu,R02,Consumer,2022-12-19,Referral
C08179,Customer 08179,Female,53,Mysuru,Karnataka,R02,Corporate,2025-06-19,Paid Search
C08180,Customer 08180,Female,30,Pune,Maharashtra,R04,Consumer,2022-07-25,Organic
C08181,Customer 08181,Female,18,Kanpur,Uttar Pradesh,R07,Consumer,2023-01-10,Social
C08182,Customer 08182,Female,21,Patna,Bihar,R03,Consumer,2023-06-20,Referral
C08183,Customer 08183,Female,40,Mysuru,Karnataka,R02,Corporate,2025-07-30,Organic
C08184,Customer 08184,Female,27,Delhi,Delhi,R07,Corporate,2025-10-19,Organic
C08185,Customer 08185,Male,18,Nagpur,Maharashtra,R04,Consumer,2022-10-07,Email
C08186,Customer 08186,Female,21,Visakhapatnam,Andhra Pradesh,R02,Small Business,2022-01-24,Paid Search
C08187,Customer 08187,Female,37,Mumbai,Maharashtra,R04,Small Business,2025-06-02,Email
C08188,Customer 08188,,43,Surat,Gujarat,R04,Consumer,2024-02-20,Organic
C08189,Customer 08189,Male,31,Hyderabad,Telangana,R02,Consumer,2023-07-29,Email
C08190,Customer 08190,Female,41,Indore,Madhya Pradesh,R05,Consumer,2022-01-12,Referral
C08191,Customer 08191,Female,44,Hyderabad,Telangana,R02,Consumer,2024-03-11,Organic
C08192,Customer 08192,Male,27,Raipur,Chhattisgarh,R05,Enterprise,2022-07-15,Organic
C08193,Customer 08193,Male,34,Gurugram,Haryana,R01,Small Business,2024-03-16,Partner
C08194,Customer 08194,Male,29,Kochi,Kerala,R02,Consumer,2022-08-11,Paid Search
C08195,Customer 08195,Male,40,Kochi,Kerala,R02,Consumer,2022-10-27,Organic
C08196,Customer 08196,Male,29,Bengaluru,Karnataka,R02,Consumer,2022-07-03,Organic
C08197,Customer 08197,Male,23,Hyderabad,Telangana,R02,Consumer,2022-09-10,Paid Search
C08198,Customer 08198,Female,36,Ludhiana,Punjab,R01,Consumer,2024-10-20,Social
C08199,Customer 08199,Female,46,Surat,Gujarat,R04,Consumer,2024-11-05,Social
C08200,Customer 08200,Female,40,Ludhiana,Punjab,R01,Consumer,2023-11-01,Email
C08201,Customer 08201,Female,45,Delhi,Delhi,R07,Consumer,2025-04-20,Organic
C08202,Customer 08202,Female,44,Dehradun,Uttarakhand,R01,Consumer,2025-11-05,Referral
C08203,Customer 08203,Female,35,Lucknow,Uttar Pradesh,R07,Consumer,2022-07-20,
C08204,Customer 08204,Male,29,Chennai,Tamil Nadu,R02,Consumer,2022-12-03,Organic
C08205,Customer 08205,Male,26,Jodhpur,Rajasthan,R01,Consumer,2025-01-03,Referral
C08206,Customer 08206,Male,19,Nagpur,Maharashtra,R04,Consumer,2024-05-10,Organic
C08207,Customer 08207,Female,47,Pune,Maharashtra,R04,Consumer,2023-04-23,Paid Search
C08208,Customer 08208,Male,32,Mumbai,Maharashtra,R04,Enterprise,2024-04-28,Organic
C08209,Customer 08209,Female,18,Hyderabad,Telangana,R02,Consumer,2024-05-18,Paid Search
C08210,Customer 08210,Male,47,Ranchi,Jharkhand,R03,Corporate,2024-05-15,Organic
C08211,Customer 08211,Male,36,Ahmedabad,Gujarat,R04,Consumer,2024-02-21,Organic
C08212,Customer 08212,Male,45,Ranchi,Jharkhand,R03,Consumer,2022-02-15,Organic
C08213,Customer 08213,Male,32,Hyderabad,Telangana,R02,Consumer,2024-12-22,Partner
C08214,Customer 08214,Other,27,Chennai,Tamil Nadu,R02,Small Business,2022-10-02,Partner
C08215,Customer 08215,Female,39,Lucknow,Uttar Pradesh,R07,Enterprise,2024-03-02,Referral
C08216,Customer 08216,Male,40,Delhi,Delhi,R07,Consumer,2024-02-20,Paid Search
C08217,Customer 08217,Female,32,Raipur,Chhattisgarh,R05,Consumer,2022-05-17,Partner
C08218,Customer 08218,Male,48,Coimbatore,Tamil Nadu,R02,Small Business,2023-02-25,Partner
C08219,Customer 08219,Male,44,Ahmedabad,Gujarat,R04,Consumer,2023-02-12,Email
C08220,Customer 08220,Male,41,Bhopal,Madhya Pradesh,R05,Consumer,2022-10-21,Referral
C08221,Customer 08221,Male,24,Pune,Maharashtra,R04,Small Business,2023-08-05,
C08222,Customer 08222,Female,22,Bhubaneswar,Odisha,R03,Consumer,2023-03-04,Partner
C08223,Customer 08223,Female,47,Mumbai,Maharashtra,R04,Consumer,2024-04-15,Social
C08224,Customer 08224,Male,18,Kochi,Kerala,R02,Consumer,2022-04-01,Referral
C08225,Customer 08225,Female,34,Jodhpur,Rajasthan,R01,Consumer,2022-09-05,Organic
C08226,Customer 08226,Female,36,Faridabad,Haryana,R01,Enterprise,2024-01-23,Organic
C08227,Customer 08227,Male,30,Kolkata,West Bengal,R03,Consumer,2023-05-08,Partner
C08228,Customer 08228,Male,35,Faridabad,Haryana,R01,Consumer,2023-08-30,Referral
C08229,Customer 08229,Male,39,Visakhapatnam,Andhra Pradesh,R02,Consumer,2022-04-03,Referral
C08230,Customer 08230,Male,29,Hyderabad,Telangana,R02,Consumer,2023-01-07,Organic
C08231,Customer 08231,Male,44,Noida,Uttar Pradesh,R07,Consumer,2023-04-17,Paid Search
C08232,Customer 08232,Male,41,Amritsar,Punjab,R01,Consumer,2022-02-02,Paid Search
C08233,Customer 08233,Male,33,Kochi,Kerala,R02,Consumer,2024-01-19,Email
C08234,Customer 08234,Female,27,Chennai,Tamil Nadu,R02,Consumer,2022-03-15,Social
C08235,Customer 08235,Male,34,Kochi,Kerala,R02,Small Business,2025-09-30,Paid Search
C08236,Customer 08236,Female,56,Faridabad,Haryana,R01,Consumer,2022-02-28,Organic
C08237,Customer 08237,Male,27,Kochi,Kerala,R02,Enterprise,2022-09-17,Paid Search
C08238,Customer 08238,Male,50,Mysuru,Karnataka,R02,Consumer,2024-02-01,Paid Search
C08239,Customer 08239,Female,18,Hyderabad,Telangana,R02,Consumer,2022-02-10,Email
C08240,Customer 08240,Female,26,Mumbai,Maharashtra,R04,Enterprise,2024-06-30,Email
C08241,Customer 08241,Female,30,Delhi,Delhi,R07,Small Business,2023-07-06,Paid Search
C08242,Customer 08242,Male,44,Visakhapatnam,Andhra Pradesh,R02,Consumer,2022-01-29,Paid Search
C08243,Customer 08243,Male,36,Dehradun,Uttarakhand,R01,Consumer,2024-06-06,Partner
C08244,Customer 08244,Female,48,Mumbai,Maharashtra,R04,Small Business,2022-04-20,Paid Search
C08245,Customer 08245,Female,32,Vijayawada,Andhra Pradesh,R02,Consumer,2024-06-06,Referral
C08246,Customer 08246,Female,34,Gurugram,Haryana,R01,Consumer,2024-08-29,Organic
C08247,Customer 08247,Female,32,Gurugram,Haryana,R01,Consumer,2023-05-20,Paid Search
C08248,Customer 08248,Male,55,Delhi,Delhi,R07,Small Business,2024-06-05,Organic
C08249,Customer 08249,Female,24,Nagpur,Maharashtra,R04,Consumer,2022-02-24,Organic
C08250,Customer 08250,Female,30,Delhi,Delhi,R07,Consumer,2025-06-25,Organic
C08251,Customer 08251,Female,25,Pune,Maharashtra,R04,Enterprise,2025-09-04,Social
C08252,Customer 08252,Male,41,Faridabad,,R01,Consumer,2022-09-05,Paid Search
C08253,Customer 08253,Female,24,Patna,Bihar,R03,Small Business,2024-01-04,Email
C08254,Customer 08254,Female,53,Indore,Madhya Pradesh,R05,Consumer,2023-08-30,Paid Search
C08255,Customer 08255,Male,36,Kolkata,West Bengal,R03,Corporate,2025-02-08,Organic
C08256,Customer 08256,Male,39,Amritsar,Punjab,R01,Consumer,2022-11-10,Paid Search
C08257,Customer 08257,Female,40,Bhubaneswar,Odisha,R03,Consumer,2023-08-03,Organic
C08258,Customer 08258,Female,35,Kanpur,Uttar Pradesh,R07,Consumer,2023-06-30,Organic
C08259,Customer 08259,Female,36,Patna,Bihar,R03,Small Business,2025-04-29,Organic
C08260,Customer 08260,Female,36,Coimbatore,Tamil Nadu,R02,Consumer,2024-01-28,Email
C08261,Customer 08261,Male,40,Mumbai,Maharashtra,R04,Consumer,2025-02-20,Paid Search
C08262,Customer 08262,Male,27,Delhi,Delhi,R07,Consumer,2022-04-20,Organic
C08263,Customer 08263,Female,25,Indore,Madhya Pradesh,R05,Corporate,2022-05-20,Social
C08264,Customer 08264,Male,43,Vijayawada,Andhra Pradesh,R02,Corporate,2025-10-12,Organic
C08265,Customer 08265,Male,35,Hyderabad,Telangana,R02,Consumer,2022-03-16,Referral
C08266,Customer 08266,Female,18,Ranchi,Jharkhand,R03,Consumer,2024-09-05,Partner
C08267,Customer 08267,Male,30,Vijayawada,Andhra Pradesh,R02,Corporate,2022-08-07,Organic
C08268,Customer 08268,Male,50,Ludhiana,Punjab,R01,Consumer,2024-01-26,Organic
C08269,Customer 08269,Male,33,Patna,Bihar,R03,Consumer,2025-04-17,Referral
C08270,Customer 08270,Male,30,Mumbai,Maharashtra,R04,Consumer,2023-11-25,Referral
C08271,Customer 08271,Male,20,Mysuru,Karnataka,R02,Consumer,2023-01-29,Email
C08272,Customer 08272,Male,29,Gurugram,Haryana,R01,Enterprise,2022-08-28,Referral
C08273,Customer 08273,Female,23,Ranchi,Jharkhand,R03,Corporate,2023-08-02,Organic
C08274,Customer 08274,Female,39,Patna,Bihar,R03,Consumer,2025-10-11,Email
C08275,Customer 08275,Female,35,Jodhpur,Rajasthan,R01,Small Business,2024-04-25,Organic
C08276,Customer 08276,Male,31,Pune,Maharashtra,R04,Consumer,2023-11-10,Organic
C08277,Customer 08277,Male,27,Surat,Gujarat,R04,Enterprise,2024-08-10,Partner
C08278,Customer 08278,Female,50,Patna,Bihar,R03,Consumer,2024-02-15,Social
C08279,Customer 08279,Female,28,Kochi,Kerala,R02,Small Business,2023-09-15,Paid Search
C08280,Customer 08280,Female,28,Nagpur,Maharashtra,R04,Small Business,2022-08-31,Organic
C08281,Customer 08281,Male,33,Mysuru,Karnataka,R02,Small Business,2023-10-19,Organic
C08282,Customer 08282,Female,34,Chennai,Tamil Nadu,R02,Consumer,2023-01-31,Social
C08283,Customer 08283,Female,40,Mumbai,Maharashtra,R04,Small Business,2023-04-25,Partner
C08284,Customer 08284,Male,44,Mysuru,Karnataka,R02,Corporate,2023-03-19,Referral
C08285,Customer 08285,Female,44,Gurugram,Haryana,R01,Consumer,2022-05-18,Email
C08286,Customer 08286,Male,59,Gurugram,Haryana,R01,Consumer,2024-02-01,Social
C08287,Customer 08287,Male,18,Mumbai,Maharashtra,R04,Corporate,2022-08-05,Organic
C08288,Customer 08288,Male,37,Kochi,Kerala,R02,Enterprise,2023-08-20,Paid Search
C08289,Customer 08289,Female,30,Nagpur,Maharashtra,R04,Small Business,2025-07-24,Organic
C08290,Customer 08290,Female,55,Lucknow,Uttar Pradesh,R07,Consumer,2025-05-19,Organic
C08291,Customer 08291,Male,37,Patna,Bihar,R03,Corporate,2025-11-25,Organic
C08292,Customer 08292,Female,18,Vijayawada,Andhra Pradesh,R02,Consumer,2022-08-06,Partner
C08293,Customer 08293,Male,39,Surat,Gujarat,R04,Consumer,2025-04-20,Organic
C08294,Customer 08294,Female,38,Delhi,Delhi,R07,Small Business,2025-04-04,Paid Search
C08295,Customer 08295,Female,43,Kolkata,West Bengal,R03,Corporate,2023-03-23,Partner
C08296,Customer 08296,Female,28,Surat,Gujarat,R04,Small Business,2023-06-16,Referral
C08297,Customer 08297,Female,38,Kolkata,West Bengal,R03,Consumer,2022-09-18,Organic
C08298,Customer 08298,Female,32,Jodhpur,Rajasthan,R01,Consumer,2025-11-13,Social
C08299,Customer 08299,Male,28,Delhi,Delhi,R07,Small Business,2024-01-14,Email
C08300,Customer 08300,Female,38,Mumbai,Maharashtra,R04,Consumer,2023-02-26,Paid Search
C08301,Customer 08301,Female,37,Kolkata,West Bengal,R03,Enterprise,2022-05-19,Organic
C08302,Customer 08302,Female,46,Nagpur,Maharashtra,R04,Enterprise,2024-01-01,Referral
C08303,Customer 08303,Female,35,Noida,Uttar Pradesh,R07,Small Business,2025-08-29,Paid Search
C08304,Customer 08304,Male,41,Surat,Gujarat,R04,Small Business,2023-07-12,Social
C08305,Customer 08305,Male,23,Patna,Bihar,R03,Consumer,2025-01-27,Organic
C08306,Customer 08306,Male,49,Faridabad,Haryana,R01,Consumer,2023-05-09,Partner
C08307,Customer 08307,,27,Kolkata,West Bengal,R03,Small Business,2025-11-23,Partner
C08308,Customer 08308,Female,44,Hyderabad,Telangana,R02,Consumer,2024-07-17,Paid Search
C08309,Customer 08309,Female,38,Mumbai,Maharashtra,R04,Small Business,2025-06-04,
C08310,Customer 08310,Female,36,Ranchi,Jharkhand,R03,Consumer,2024-05-27,Organic
C08311,Customer 08311,Male,43,Kochi,Kerala,R02,Small Business,2023-08-21,Social
C08312,Customer 08312,Male,18,Pune,Maharashtra,R04,Consumer,2022-03-10,Organic
C08313,Customer 08313,Male,29,Delhi,Delhi,R07,Small Business,2023-04-05,Social
C08314,Customer 08314,Male,42,Mumbai,Maharashtra,R04,Consumer,2022-11-27,
C08315,Customer 08315,Female,54,Ludhiana,Punjab,R01,Corporate,2025-05-03,Organic
C08316,Customer 08316,Female,35,Mysuru,Karnataka,R02,Small Business,2024-04-09,
C08317,Customer 08317,Female,18,Kochi,,R02,Consumer,2024-05-08,Organic
C08318,Customer 08318,,32,Guwahati,Assam,R06,Consumer,2025-11-25,Paid Search
C08319,Customer 08319,Female,34,Jaipur,Rajasthan,R01,Consumer,2025-07-07,Partner
C08320,Customer 08320,Female,46,Surat,Gujarat,R04,Corporate,2024-09-08,Organic
C08321,Customer 08321,Male,35,Delhi,Delhi,R07,Corporate,2023-04-21,Referral
C08322,Customer 08322,Female,22,Mysuru,Karnataka,R02,Corporate,2022-06-08,
C08323,Customer 08323,Other,45,Delhi,Delhi,R07,Consumer,2024-03-09,Paid Search
C08324,Customer 08324,Male,41,Vijayawada,Andhra Pradesh,R02,Consumer,2025-12-15,Organic
C08325,Customer 08325,Female,28,Raipur,Chhattisgarh,R05,Small Business,2023-11-07,Email
C08326,Customer 08326,Male,42,Ludhiana,Punjab,R01,Corporate,2025-12-04,Email
C08327,Customer 08327,Male,30,Kolkata,West Bengal,R03,Consumer,2022-09-25,Organic
C08328,Customer 08328,Male,32,Chennai,Tamil Nadu,R02,Consumer,2022-03-31,Social
C08329,Customer 08329,Male,30,Bhopal,Madhya Pradesh,R05,Consumer,2024-03-01,Paid Search
C08330,Customer 08330,Female,32,Bengaluru,Karnataka,R02,Small Business,2023-07-01,Organic
C08331,Customer 08331,Male,44,Amritsar,Punjab,R01,Corporate,2022-05-02,Paid Search
C08332,Customer 08332,Female,18,Hyderabad,Telangana,R02,Corporate,2025-10-09,Organic
C08333,Customer 08333,Female,46,Delhi,Delhi,R07,Corporate,2023-07-02,Email
C08334,Customer 08334,Female,37,Chennai,Tamil Nadu,R02,Small Business,2023-01-07,Paid Search
C08335,Customer 08335,Male,31,Amritsar,Punjab,R01,Consumer,2024-02-19,Email
C08336,Customer 08336,Male,35,Kolkata,West Bengal,R03,Consumer,2025-05-20,Partner
C08337,Customer 08337,Male,26,Indore,Madhya Pradesh,R05,Consumer,2022-08-01,Paid Search
C08338,Customer 08338,Male,19,Gurugram,Haryana,R01,Enterprise,2023-06-19,Social
C08339,Customer 08339,Male,26,Mumbai,Maharashtra,R04,Consumer,2025-01-06,Partner
C08340,Customer 08340,Female,18,Patna,Bihar,R03,Consumer,2024-09-01,Organic
C08341,Customer 08341,Female,21,Faridabad,Haryana,R01,Small Business,2022-10-06,Organic
C08342,Customer 08342,Male,19,Chennai,Tamil Nadu,R02,Consumer,2022-02-10,Social
C08343,Customer 08343,Male,47,Hyderabad,Telangana,R02,Consumer,2024-11-30,Social
C08344,Customer 08344,Female,22,Mumbai,Maharashtra,R04,Corporate,2022-11-03,Partner
C08345,Customer 08345,Female,35,Bhopal,Madhya Pradesh,R05,Enterprise,2022-02-04,Paid Search
C08346,Customer 08346,Female,46,Mysuru,Karnataka,R02,Consumer,2025-07-08,Paid Search
C08347,Customer 08347,Female,44,Hyderabad,Telangana,R02,Consumer,2024-10-03,Social
C08348,Customer 08348,Female,32,Gurugram,Haryana,R01,Small Business,2023-10-26,Paid Search
C08349,Customer 08349,Male,32,Delhi,Delhi,R07,Corporate,2023-08-09,Partner
C08350,Customer 08350,Female,37,Delhi,Delhi,R07,Corporate,2025-06-26,
C08351,Customer 08351,Male,56,Kochi,Kerala,R02,Consumer,2025-02-28,Email
C08352,Customer 08352,Female,39,Guwahati,Assam,R06,Consumer,2024-02-11,Organic
C08353,Customer 08353,Male,42,Indore,Madhya Pradesh,R05,Consumer,2024-04-01,Partner
C08354,Customer 08354,Female,58,Ludhiana,Punjab,R01,Consumer,2024-02-23,Partner
C08355,Customer 08355,Female,38,Mysuru,Karnataka,R02,Small Business,2023-07-10,Partner
C08356,Customer 08356,Female,46,Indore,Madhya Pradesh,R05,Corporate,2024-01-02,Partner
C08357,Customer 08357,Male,40,Kolkata,West Bengal,R03,Small Business,2024-08-27,Referral
C08358,Customer 08358,Female,40,Faridabad,Haryana,R01,Consumer,2024-08-02,Referral
C08359,Customer 08359,Female,25,Kochi,Kerala,R02,Consumer,2023-07-21,Organic
C08360,Customer 08360,Female,24,Gurugram,Haryana,R01,Small Business,2025-04-23,Paid Search
C08361,Customer 08361,Female,30,Gurugram,Haryana,R01,Consumer,2023-06-05,Email
C08362,Customer 08362,Female,44,Kochi,Kerala,R02,Consumer,2024-12-14,Paid Search
C08363,Customer 08363,Female,43,Bengaluru,Karnataka,R02,Consumer,2023-09-14,Referral
C08364,Customer 08364,Male,48,Mumbai,Maharashtra,R04,Consumer,2025-10-09,Social
C08365,Customer 08365,Female,35,Mysuru,Karnataka,R02,Consumer,2024-11-03,Social
C08366,Customer 08366,Male,40,Dehradun,Uttarakhand,R01,Consumer,2024-11-13,Paid Search
C08367,Customer 08367,Female,40,Gurugram,Haryana,R01,Small Business,2024-06-17,Partner
C08368,Customer 08368,Male,34,Patna,Bihar,R03,Consumer,2022-09-19,Organic
C08369,Customer 08369,Female,32,Pune,Maharashtra,R04,Consumer,2025-09-01,Email
C08370,Customer 08370,Male,20,Faridabad,,R01,Consumer,2024-10-25,Organic
C08371,Customer 08371,Male,33,Ahmedabad,Gujarat,R04,Consumer,2022-01-01,Email
C08372,Customer 08372,Male,34,Bengaluru,Karnataka,R02,Consumer,2023-03-14,Referral
C08373,Customer 08373,Female,46,Amritsar,Punjab,R01,Consumer,2022-08-24,Partner
C08374,Customer 08374,Male,47,Pune,Maharashtra,R04,Consumer,2022-07-16,Organic
C08375,Customer 08375,Male,36,Hyderabad,Telangana,R02,Consumer,2023-12-23,Email
C08376,Customer 08376,Male,56,Coimbatore,Tamil Nadu,R02,Enterprise,2025-03-06,Paid Search
C08377,Customer 08377,Female,37,Kolkata,West Bengal,R03,Consumer,2024-09-05,Organic
C08378,Customer 08378,Male,45,Bhopal,Madhya Pradesh,R05,Consumer,2025-09-26,Organic
C08379,Customer 08379,Female,34,Ahmedabad,Gujarat,R04,Enterprise,2022-05-11,Referral
C08380,Customer 08380,Male,24,Surat,Gujarat,R04,Small Business,2024-07-02,Partner
C08381,Customer 08381,Male,31,Mysuru,Karnataka,R02,Small Business,2023-03-06,Referral
C08382,Customer 08382,Male,50,Chennai,Tamil Nadu,R02,Consumer,2022-01-22,Organic
C08383,Customer 08383,Female,32,Faridabad,Haryana,R01,Small Business,2025-12-15,Paid Search
C08384,Customer 08384,Male,30,Mumbai,Maharashtra,R04,Corporate,2022-07-05,Organic
C08385,Customer 08385,Other,35,Gurugram,Haryana,R01,Corporate,2023-04-24,Organic
C08386,Customer 08386,Male,31,Mumbai,Maharashtra,R04,Small Business,2024-01-25,Email
C08387,Customer 08387,Female,47,Ranchi,Jharkhand,R03,Consumer,2023-07-10,Organic
C08388,Customer 08388,Male,54,Coimbatore,Tamil Nadu,R02,Enterprise,2022-08-13,Referral
C08389,Customer 08389,Male,35,Surat,Gujarat,R04,Enterprise,2022-12-15,Paid Search
C08390,Customer 08390,Female,40,Chennai,Tamil Nadu,R02,Corporate,2024-09-23,Organic
C08391,Customer 08391,Female,45,Hyderabad,Telangana,R02,Consumer,2022-01-26,Paid Search
C08392,Customer 08392,Female,36,Ahmedabad,Gujarat,R04,Small Business,2022-03-29,Organic
C08393,Customer 08393,Female,26,Surat,Gujarat,R04,Consumer,2023-02-21,Referral
C08394,Customer 08394,Male,31,Kolkata,West Bengal,R03,Consumer,2025-11-26,Referral
C08395,Customer 08395,Female,39,Delhi,Delhi,R07,Consumer,2022-08-24,
C08396,Customer 08396,Male,39,Bengaluru,Karnataka,R02,Small Business,2024-08-11,Paid Search
C08397,Customer 08397,,18,Bengaluru,Karnataka,R02,Enterprise,2023-07-11,Organic
C08398,Customer 08398,Female,31,Patna,Bihar,R03,Consumer,2024-01-16,Social
C08399,Customer 08399,Male,28,Dehradun,Uttarakhand,R01,Corporate,2022-12-06,Email
C08400,Customer 08400,Female,44,Bhubaneswar,Odisha,R03,Small Business,2025-09-07,Social
C08401,Customer 08401,Female,28,Bengaluru,Karnataka,R02,Consumer,2023-08-14,Partner
C08402,Customer 08402,Male,30,Faridabad,Haryana,R01,Consumer,2022-03-05,Organic
C08403,Customer 08403,Male,30,Coimbatore,Tamil Nadu,R02,Consumer,2023-01-29,Referral
C08404,Customer 08404,Female,43,Indore,Madhya Pradesh,R05,Small Business,2023-04-15,Referral
C08405,Customer 08405,Male,45,Visakhapatnam,Andhra Pradesh,R02,Consumer,2025-08-30,Organic
C08406,Customer 08406,Male,40,Bhopal,Madhya Pradesh,R05,Consumer,2022-02-10,Organic
C08407,Customer 08407,Female,46,Ludhiana,Punjab,R01,Consumer,2023-03-02,Paid Search
C08408,Customer 08408,Female,47,Kolkata,West Bengal,R03,Consumer,2022-09-20,Paid Search
C08409,Customer 08409,Female,18,Guwahati,Assam,R06,Consumer,2022-10-03,Paid Search
C08410,Customer 08410,Female,41,Kolkata,West Bengal,R03,Corporate,2025-12-11,Referral
C08411,Customer 08411,Male,31,Kolkata,West Bengal,R03,Consumer,2025-01-18,Organic
C08412,Customer 08412,Male,22,Mysuru,Karnataka,R02,Small Business,2025-10-14,Referral
C08413,Customer 08413,Male,32,Hyderabad,Telangana,R02,Corporate,2025-03-31,Social
C08414,Customer 08414,Male,42,Jaipur,Rajasthan,R01,Small Business,2025-06-10,Organic
C08415,Customer 08415,Female,50,Delhi,Delhi,R07,Consumer,2024-04-02,Referral
C08416,Customer 08416,Male,22,Indore,Madhya Pradesh,R05,Corporate,2024-02-04,Paid Search
C08417,Customer 08417,Male,41,Vijayawada,Andhra Pradesh,R02,Small Business,2023-05-19,Organic
C08418,Customer 08418,Female,55,Raipur,,R05,Consumer,2022-04-15,Social
C08419,Customer 08419,Female,53,Nagpur,Maharashtra,R04,Consumer,2025-05-03,Paid Search
C08420,Customer 08420,Female,18,Delhi,Delhi,R07,Consumer,2023-07-10,Paid Search
C08421,Customer 08421,Female,57,Jaipur,Rajasthan,R01,Corporate,2024-09-05,Social
C08422,Customer 08422,Other,45,Indore,Madhya Pradesh,R05,Consumer,2025-11-01,Social
C08423,Customer 08423,Female,18,Hyderabad,Telangana,R02,Small Business,2023-07-11,Referral
C08424,Customer 08424,Female,27,Ranchi,,R03,Small Business,2022-07-22,Social
C08425,Customer 08425,Female,48,Nagpur,Maharashtra,R04,Corporate,2023-07-27,Social
C08426,Customer 08426,Female,39,Mysuru,Karnataka,R02,Enterprise,2025-10-24,Social
C08427,Customer 08427,Male,29,Bhubaneswar,Odisha,R03,Corporate,2022-01-04,Partner
C08428,Customer 08428,Female,36,Lucknow,Uttar Pradesh,R07,Consumer,2023-01-13,Organic
C08429,Customer 08429,Male,40,Ranchi,Jharkhand,R03,Consumer,2022-03-26,Referral
C08430,Customer 08430,Male,29,Chennai,Tamil Nadu,R02,Small Business,2025-01-28,Organic
C08431,Customer 08431,Female,34,Delhi,Delhi,R07,Consumer,2022-07-16,Organic
C08432,Customer 08432,Male,44,Delhi,Delhi,R07,Small Business,2023-01-26,Email
C08433,Customer 08433,Female,28,Guwahati,Assam,R06,Consumer,2022-12-28,Paid Search
C08434,Customer 08434,Female,21,Hyderabad,Telangana,R02,Consumer,2022-03-04,Organic
C08435,Customer 08435,Male,29,Patna,Bihar,R03,Small Business,2025-09-14,Social
C08436,Customer 08436,Female,26,Bhubaneswar,Odisha,R03,Small Business,2023-07-16,Paid Search
C08437,Customer 08437,Female,29,Surat,Gujarat,R04,Small Business,2025-04-15,Partner
C08438,Customer 08438,Female,18,Bhopal,Madhya Pradesh,R05,Consumer,2024-02-02,Partner
C08439,Customer 08439,Male,37,Visakhapatnam,Andhra Pradesh,R02,Consumer,2022-03-01,Organic
C08440,Customer 08440,Female,44,Faridabad,Haryana,R01,Corporate,2022-09-27,Email
C08441,Customer 08441,Male,27,Patna,Bihar,R03,Small Business,2022-01-22,Social
C08442,Customer 08442,Female,28,Pune,Maharashtra,R04,Consumer,2022-12-26,Social
C08443,Customer 08443,Male,33,Mumbai,Maharashtra,R04,Corporate,2024-05-06,Organic
C08444,Customer 08444,Male,26,Ahmedabad,Gujarat,R04,Consumer,2022-07-02,Email
C08445,Customer 08445,Male,45,Raipur,Chhattisgarh,R05,Small Business,2023-07-05,Social
C08446,Customer 08446,Female,26,Delhi,Delhi,R07,Consumer,2022-02-12,Partner
C08447,Customer 08447,Female,30,Surat,Gujarat,R04,Enterprise,2025-03-17,Email
C08448,Customer 08448,Female,27,Kolkata,West Bengal,R03,Consumer,2023-05-30,Social
C08449,Customer 08449,Female,45,Faridabad,Haryana,R01,Corporate,2025-11-22,Email
C08450,Customer 08450,Male,33,Bhubaneswar,Odisha,R03,Small Business,2023-04-23,Paid Search
C08451,Customer 08451,Female,55,Vijayawada,Andhra Pradesh,R02,Consumer,2023-12-24,Partner
C08452,Customer 08452,Male,39,Delhi,Delhi,R07,Consumer,2024-01-01,Organic
C08453,Customer 08453,Female,47,Gurugram,Haryana,R01,Corporate,2022-09-17,Paid Search
C08454,Customer 08454,Female,32,Ranchi,Jharkhand,R03,Corporate,2024-12-16,Partner
C08455,Customer 08455,Male,26,Amritsar,Punjab,R01,Corporate,2025-07-28,Organic
C08456,Customer 08456,Male,35,Delhi,Delhi,R07,Corporate,2025-06-07,Partner
C08457,Customer 08457,Female,28,Vijayawada,Andhra Pradesh,R02,Consumer,2023-09-09,Organic
C08458,Customer 08458,Female,18,Kochi,Kerala,R02,Small Business,2025-01-24,Referral
C08459,Customer 08459,Female,45,Hyderabad,Telangana,R02,Consumer,2023-09-02,Referral
C08460,Customer 08460,Female,35,Bengaluru,Karnataka,R02,Consumer,2022-08-01,Organic
C08461,Customer 08461,Female,28,Kochi,Kerala,R02,Small Business,2024-10-25,Email
C08462,Customer 08462,Male,39,Hyderabad,,R02,Small Business,2023-08-19,Organic
C08463,Customer 08463,Female,35,Hyderabad,,R02,Consumer,2023-06-25,Email
C08464,Customer 08464,Female,49,Bhopal,Madhya Pradesh,R05,Consumer,2022-04-19,Partner
C08465,Customer 08465,Male,39,Hyderabad,Telangana,R02,Corporate,2022-12-10,Referral
C08466,Customer 08466,Female,33,Bengaluru,,R02,Consumer,2023-08-30,Partner
C08467,Customer 08467,Male,42,Mumbai,Maharashtra,R04,Corporate,2024-12-19,Referral
C08468,Customer 08468,Female,35,Bengaluru,Karnataka,R02,Consumer,2023-08-01,Partner
C08469,Customer 08469,Female,37,Bengaluru,Karnataka,R02,Consumer,2022-09-29,Email
C08470,Customer 08470,Female,47,Nagpur,Maharashtra,R04,Consumer,2023-08-04,Referral
C08471,Customer 08471,Female,23,Ahmedabad,Gujarat,R04,Corporate,2022-02-27,Partner
C08472,Customer 08472,Female,26,Indore,Madhya Pradesh,R05,Small Business,2023-11-04,Social
C08473,Customer 08473,Male,31,Ahmedabad,Gujarat,R04,Consumer,2023-12-29,Social
C08474,Customer 08474,Female,32,Delhi,Delhi,R07,Consumer,2024-10-24,
C08475,Customer 08475,Male,47,Jaipur,Rajasthan,R01,Consumer,2022-02-19,Referral
C08476,Customer 08476,Female,21,Lucknow,Uttar Pradesh,R07,Corporate,2024-07-12,Organic
C08477,Customer 08477,Female,35,Bhubaneswar,Odisha,R03,Small Business,2025-03-01,Paid Search
C08478,Customer 08478,Male,29,Ahmedabad,Gujarat,R04,Small Business,2025-03-28,Social
C08479,Customer 08479,Male,52,Jodhpur,Rajasthan,R01,Enterprise,2025-11-28,Organic
C08480,Customer 08480,Male,44,Indore,Madhya Pradesh,R05,Consumer,2024-09-16,Social
C08481,Customer 08481,Female,37,Delhi,Delhi,R07,Small Business,2025-10-17,Organic
C08482,Customer 08482,Male,45,Amritsar,Punjab,R01,Consumer,2023-05-15,Organic
C08483,Customer 08483,Male,22,Indore,Madhya Pradesh,R05,Consumer,2022-08-06,Partner
C08484,Customer 08484,Male,55,Bengaluru,Karnataka,R02,Consumer,2022-01-01,Paid Search
C08485,Customer 08485,Male,27,Bhubaneswar,Odisha,R03,Small Business,2025-09-23,Partner
C08486,Customer 08486,Male,48,Indore,Madhya Pradesh,R05,Small Business,2022-06-23,Social
C08487,Customer 08487,Female,41,Vijayawada,Andhra Pradesh,R02,Consumer,2022-06-13,Partner
C08488,Customer 08488,Female,38,Delhi,Delhi,R07,Small Business,2024-12-08,Referral
C08489,Customer 08489,Female,47,Indore,Madhya Pradesh,R05,Small Business,2023-06-02,Paid Search
C08490,Customer 08490,Male,45,Kolkata,West Bengal,R03,Enterprise,2024-01-21,Organic
C08491,Customer 08491,Female,36,Ludhiana,Punjab,R01,Consumer,2022-05-04,Partner
C08492,Customer 08492,Female,31,Vijayawada,Andhra Pradesh,R02,Enterprise,2023-09-12,Referral
C08493,Customer 08493,Female,36,Pune,Maharashtra,R04,Small Business,2025-04-16,Organic
C08494,Customer 08494,Female,34,Guwahati,Assam,R06,Corporate,2024-04-19,Partner
C08495,Customer 08495,Male,39,Coimbatore,Tamil Nadu,R02,Consumer,2022-11-23,Social
C08496,Customer 08496,Female,45,Mysuru,Karnataka,R02,Small Business,2022-08-11,Organic
C08497,Customer 08497,Male,40,Gurugram,Haryana,R01,Small Business,2024-08-29,Paid Search
C08498,Customer 08498,Female,37,Kochi,Kerala,R02,Corporate,2024-10-21,Email
C08499,Customer 08499,Female,28,Mysuru,Karnataka,R02,Enterprise,2025-01-19,Paid Search
C08500,Customer 08500,Male,38,Delhi,Delhi,R07,Consumer,2022-06-29,Email
C08501,Customer 08501,,18,Delhi,Delhi,R07,Corporate,2023-07-11,Paid Search
C08502,Customer 08502,Female,27,Bhubaneswar,Odisha,R03,Consumer,2022-04-02,Organic
C08503,Customer 08503,Male,41,Faridabad,Haryana,R01,Consumer,2025-02-27,Organic
C08504,Customer 08504,Male,44,Coimbatore,Tamil Nadu,R02,Consumer,2023-01-05,Partner
C08505,Customer 08505,Female,35,Kolkata,West Bengal,R03,Consumer,2023-04-21,Organic
C08506,Customer 08506,Male,37,Jaipur,Rajasthan,R01,Consumer,2024-04-07,Partner
C08507,Customer 08507,Male,39,Coimbatore,Tamil Nadu,R02,Consumer,2022-08-05,Paid Search
C08508,Customer 08508,Male,42,Kanpur,Uttar Pradesh,R07,Consumer,2025-02-01,Partner
C08509,Customer 08509,Female,33,Vijayawada,Andhra Pradesh,R02,Corporate,2023-11-03,Organic
C08510,Customer 08510,Female,25,Raipur,Chhattisgarh,R05,Consumer,2024-03-28,Social
C08511,Customer 08511,Female,39,Jodhpur,,R01,Consumer,2024-11-03,Organic
C08512,Customer 08512,Female,55,Mysuru,Karnataka,R02,Consumer,2024-08-22,Organic
C08513,Customer 08513,Male,26,Mysuru,Karnataka,R02,Consumer,2022-02-28,Email
C08514,Customer 08514,Male,34,Ranchi,Jharkhand,R03,Consumer,2022-05-24,Organic
C08515,Customer 08515,Male,31,Nagpur,Maharashtra,R04,Enterprise,2025-03-23,Partner
C08516,Customer 08516,Male,59,Coimbatore,Tamil Nadu,R02,Consumer,2025-07-08,Social
C08517,Customer 08517,Male,25,Visakhapatnam,Andhra Pradesh,R02,Consumer,2023-01-09,Referral
C08518,Customer 08518,Male,33,Faridabad,Haryana,R01,Consumer,2022-02-01,Paid Search
C08519,Customer 08519,Female,31,Bengaluru,Karnataka,R02,Consumer,2024-09-22,Partner
C08520,Customer 08520,Male,22,Faridabad,Haryana,R01,Corporate,2025-12-08,Email
C08521,Customer 08521,Female,22,Coimbatore,Tamil Nadu,R02,Enterprise,2022-06-16,Partner
C08522,Customer 08522,Female,41,Nagpur,Maharashtra,R04,Consumer,2022-05-13,Organic
C08523,Customer 08523,Female,42,Ranchi,Jharkhand,R03,Consumer,2023-07-23,Organic
C08524,Customer 08524,Female,29,Ahmedabad,Gujarat,R04,Corporate,2024-06-18,Email
C08525,Customer 08525,Female,49,Gurugram,Haryana,R01,Consumer,2023-11-11,Referral
C08526,Customer 08526,Male,18,Bhopal,Madhya Pradesh,R05,Consumer,2023-11-17,Paid Search
C08527,Customer 08527,Female,22,Bhopal,Madhya Pradesh,R05,Corporate,2023-11-16,Social
C08528,Customer 08528,Male,27,Kolkata,West Bengal,R03,Corporate,2025-12-15,Paid Search
C08529,Customer 08529,Female,35,Patna,Bihar,R03,Consumer,2023-02-04,Social
C08530,Customer 08530,Female,30,Kanpur,Uttar Pradesh,R07,Small Business,2022-05-21,Social
C08531,Customer 08531,,33,Hyderabad,Telangana,R02,Consumer,2024-02-13,Paid Search
C08532,Customer 08532,Male,40,Delhi,Delhi,R07,Consumer,2023-11-29,Paid Search
C08533,Customer 08533,Female,50,Ludhiana,Punjab,R01,Corporate,2023-02-10,Paid Search
C08534,Customer 08534,Female,43,Visakhapatnam,Andhra Pradesh,R02,Corporate,2025-11-13,Organic
C08535,Customer 08535,Male,36,Patna,Bihar,R03,Corporate,2022-09-01,Organic
C08536,Customer 08536,Male,34,Kanpur,Uttar Pradesh,R07,Corporate,2022-07-17,Referral
C08537,Customer 08537,Male,46,Gurugram,Haryana,R01,Corporate,2022-07-14,Partner
C08538,Customer 08538,Female,54,Vijayawada,Andhra Pradesh,R02,Small Business,2025-10-06,Organic
C08539,Customer 08539,Female,41,Gurugram,Haryana,R01,Consumer,2025-07-31,Partner
C08540,Customer 08540,Male,30,Kanpur,Uttar Pradesh,R07,Consumer,2025-10-28,Referral
C08541,Customer 08541,Female,38,Amritsar,Punjab,R01,Small Business,2022-07-10,Partner
C08542,Customer 08542,Female,41,Delhi,Delhi,R07,Consumer,2022-02-05,Paid Search
C08543,Customer 08543,Male,29,Pune,,R04,Small Business,2023-08-01,Referral
C08544,Customer 08544,Female,44,Ranchi,Jharkhand,R03,Consumer,2023-11-27,Social
C08545,Customer 08545,Female,38,Pune,Maharashtra,R04,Consumer,2023-01-04,Partner
C08546,Customer 08546,Male,47,Bengaluru,Karnataka,R02,Corporate,2024-06-18,Organic
C08547,Customer 08547,Female,25,Patna,Bihar,R03,Corporate,2024-06-19,Organic
C08548,Customer 08548,Male,18,Mysuru,Karnataka,R02,Consumer,2024-09-11,Partner
C08549,Customer 08549,Male,31,Patna,Bihar,R03,Consumer,2023-05-21,Organic
C08550,Customer 08550,Male,35,Hyderabad,Telangana,R02,Small Business,2022-02-15,Partner
C08551,Customer 08551,Male,18,Chennai,Tamil Nadu,R02,Enterprise,2023-02-23,Organic
C08552,Customer 08552,Female,29,Hyderabad,Telangana,R02,Consumer,2022-09-07,Organic
C08553,Customer 08553,Male,48,Indore,Madhya Pradesh,R05,Consumer,2025-11-16,
C08554,Customer 08554,Male,40,Kolkata,West Bengal,R03,Consumer,2025-05-13,Referral
C08555,Customer 08555,Other,36,Bhubaneswar,Odisha,R03,Consumer,2025-12-27,Social
C08556,Customer 08556,Male,24,Gurugram,Haryana,R01,Consumer,2025-01-05,Partner
C08557,Customer 08557,Male,48,Kolkata,West Bengal,R03,Small Business,2022-07-13,Referral
C08558,Customer 08558,Male,31,Patna,Bihar,R03,Consumer,2023-10-25,Social
C08559,Customer 08559,Female,36,Jodhpur,Rajasthan,R01,Consumer,2024-10-09,Social
C08560,Customer 08560,Male,39,Guwahati,Assam,R06,Consumer,2022-04-07,Paid Search
C08561,Customer 08561,Male,37,Jodhpur,Rajasthan,R01,Consumer,2025-07-24,Referral
C08562,Customer 08562,Female,50,Kanpur,Uttar Pradesh,R07,Consumer,2025-05-23,Partner
C08563,Customer 08563,Male,41,Raipur,Chhattisgarh,R05,Consumer,2025-11-19,Partner
C08564,Customer 08564,Female,38,Kanpur,Uttar Pradesh,R07,Consumer,2023-03-14,Organic
C08565,Customer 08565,Female,34,Ahmedabad,Gujarat,R04,Corporate,2023-03-12,
C08566,Customer 08566,Female,39,Nagpur,Maharashtra,R04,Consumer,2024-07-08,Social
C08567,Customer 08567,Male,33,Kochi,Kerala,R02,Consumer,2025-02-20,Referral
C08568,Customer 08568,Female,37,Ahmedabad,Gujarat,R04,Small Business,2023-01-31,Paid Search
C08569,Customer 08569,Male,32,Kolkata,West Bengal,R03,Consumer,2023-04-24,Partner
C08570,Customer 08570,Male,30,Bhubaneswar,Odisha,R03,Consumer,2023-05-24,Paid Search
C08571,Customer 08571,Female,26,Hyderabad,Telangana,R02,Small Business,2024-06-27,Paid Search
C08572,Customer 08572,Male,32,Visakhapatnam,Andhra Pradesh,R02,Consumer,2022-06-07,Email
C08573,Customer 08573,Male,32,Bhopal,Madhya Pradesh,R05,Consumer,2024-01-20,Social
C08574,Customer 08574,Female,53,Nagpur,Maharashtra,R04,Small Business,2022-12-20,Partner
C08575,Customer 08575,Male,45,Vijayawada,Andhra Pradesh,R02,Corporate,2024-10-30,Organic
C08576,Customer 08576,Male,34,Mysuru,Karnataka,R02,Small Business,2024-12-21,Organic
C08577,Customer 08577,Male,31,Delhi,Delhi,R07,Consumer,2025-08-26,Partner
C08578,Customer 08578,Male,41,Kanpur,Uttar Pradesh,R07,Consumer,2023-06-12,Paid Search
C08579,Customer 08579,Female,54,Chennai,Tamil Nadu,R02,Consumer,2022-06-14,Organic
C08580,Customer 08580,Female,43,Faridabad,Haryana,R01,Consumer,2022-12-05,Referral
C08581,Customer 08581,Male,18,Coimbatore,Tamil Nadu,R02,Consumer,2022-11-22,Partner
C08582,Customer 08582,Male,44,Pune,Maharashtra,R04,Consumer,2022-01-05,Partner
C08583,Customer 08583,Male,45,Bengaluru,Karnataka,R02,Consumer,2024-05-05,Partner
C08584,Customer 08584,Male,57,Delhi,Delhi,R07,Consumer,2024-08-19,Organic
C08585,Customer 08585,Male,33,Raipur,Chhattisgarh,R05,Consumer,2023-06-06,Email
C08586,Customer 08586,Female,36,Mumbai,Maharashtra,R04,Consumer,2023-02-21,Organic
C08587,Customer 08587,Male,40,Faridabad,Haryana,R01,Corporate,2024-03-26,Paid Search
C08588,Customer 08588,Female,27,Surat,Gujarat,R04,Consumer,2022-08-12,Organic
C08589,Customer 08589,Male,26,Mysuru,Karnataka,R02,Small Business,2025-02-17,Paid Search
C08590,Customer 08590,Male,39,Hyderabad,Telangana,R02,Consumer,2022-12-08,Organic
C08591,Customer 08591,Male,20,Mysuru,Karnataka,R02,Consumer,2024-10-18,Partner
C08592,Customer 08592,Male,22,Delhi,Delhi,R07,Small Business,2024-09-12,Partner
C08593,Customer 08593,Female,43,Guwahati,Assam,R06,Small Business,2025-01-24,Organic
C08594,Customer 08594,Female,40,Surat,Gujarat,R04,Consumer,2024-02-22,Organic
C08595,Customer 08595,,47,Delhi,Delhi,R07,Consumer,2022-08-24,Organic
C08596,Customer 08596,Male,40,Bhubaneswar,Odisha,R03,Small Business,2022-03-04,Social
C08597,Customer 08597,Male,35,Hyderabad,Telangana,R02,Consumer,2022-02-14,Partner
C08598,Customer 08598,Female,48,Hyderabad,Telangana,R02,Consumer,2022-07-22,Referral
C08599,Customer 08599,Female,31,Surat,Gujarat,R04,Consumer,2025-06-27,Paid Search
C08600,Customer 08600,Male,32,Ahmedabad,Gujarat,R04,Consumer,2022-06-07,Partner
C08601,Customer 08601,Male,34,Mysuru,Karnataka,R02,Small Business,2023-10-22,Social
C08602,Customer 08602,Male,40,Delhi,Delhi,R07,Corporate,2023-12-13,Email
C08603,Customer 08603,Male,34,Jaipur,Rajasthan,R01,Consumer,2024-07-17,Social
C08604,Customer 08604,Female,20,Dehradun,Uttarakhand,R01,Consumer,2022-06-28,Referral
C08605,Customer 08605,Male,32,Hyderabad,Telangana,R02,Consumer,2022-04-17,Paid Search
C08606,Customer 08606,Female,35,Surat,Gujarat,R04,Small Business,2025-05-19,Organic
C08607,Customer 08607,Female,36,Noida,Uttar Pradesh,R07,Small Business,2024-10-30,Social
C08608,Customer 08608,Female,31,Patna,Bihar,R03,Consumer,2024-06-09,Paid Search
C08609,Customer 08609,Male,40,Kanpur,Uttar Pradesh,R07,Small Business,2022-05-29,Social
C08610,Customer 08610,Female,19,Faridabad,Haryana,R01,Consumer,2024-10-27,Referral
C08611,Customer 08611,Female,39,Faridabad,Haryana,R01,Corporate,2025-02-24,Paid Search
C08612,Customer 08612,Male,53,Patna,Bihar,R03,Consumer,2025-05-19,Organic
C08613,Customer 08613,Female,29,Hyderabad,Telangana,R02,Consumer,2022-03-30,Email
C08614,Customer 08614,Male,36,Delhi,Delhi,R07,Consumer,2024-04-03,Organic
C08615,Customer 08615,Male,33,Gurugram,Haryana,R01,Small Business,2022-05-02,Organic
C08616,Customer 08616,Female,33,Hyderabad,Telangana,R02,Consumer,2023-05-05,Paid Search
C08617,Customer 08617,Female,25,Coimbatore,Tamil Nadu,R02,Consumer,2023-05-17,Organic
C08618,Customer 08618,Female,55,Kolkata,West Bengal,R03,Small Business,2022-07-19,Paid Search
C08619,Customer 08619,Male,39,Amritsar,Punjab,R01,Small Business,2022-11-06,Referral
C08620,Customer 08620,Female,28,Patna,Bihar,R03,Consumer,2025-09-27,Email
C08621,Customer 08621,Female,27,Vijayawada,Andhra Pradesh,R02,Consumer,2025-12-09,Paid Search
C08622,Customer 08622,Male,36,Coimbatore,Tamil Nadu,R02,Small Business,2024-01-26,Organic
C08623,Customer 08623,Female,18,Ludhiana,Punjab,R01,Consumer,2023-10-22,Partner
C08624,Customer 08624,Male,46,Kolkata,West Bengal,R03,Consumer,2025-11-22,Email
C08625,Customer 08625,Male,30,Mumbai,Maharashtra,R04,Consumer,2023-11-16,Organic
C08626,Customer 08626,Female,39,Delhi,Delhi,R07,Consumer,2023-09-25,Social
C08627,Customer 08627,,39,Jodhpur,Rajasthan,R01,Corporate,2022-03-09,Partner
C08628,Customer 08628,Male,45,Kochi,Kerala,R02,Small Business,2022-07-27,Partner
C08629,Customer 08629,Male,40,Surat,Gujarat,R04,Consumer,2023-12-19,Paid Search
C08630,Customer 08630,Female,42,Raipur,Chhattisgarh,R05,Enterprise,2023-04-05,Social
C08631,Customer 08631,Male,45,Bengaluru,Karnataka,R02,Corporate,2022-04-04,Social
C08632,Customer 08632,Male,32,Mysuru,Karnataka,R02,Corporate,2024-12-05,Referral
C08633,Customer 08633,Male,57,Delhi,Delhi,R07,Consumer,2024-07-06,Partner
C08634,Customer 08634,Male,39,Hyderabad,Telangana,R02,Consumer,2022-03-30,Social
C08635,Customer 08635,Male,35,Faridabad,Haryana,R01,Consumer,2025-12-05,Organic
C08636,Customer 08636,Female,27,Mysuru,Karnataka,R02,Corporate,2023-01-04,Referral
C08637,Customer 08637,Female,33,Kanpur,Uttar Pradesh,R07,Consumer,2023-04-27,Partner
C08638,Customer 08638,Female,39,Nagpur,Maharashtra,R04,Consumer,2022-09-13,Partner
C08639,Customer 08639,Female,36,Bengaluru,,R02,Consumer,2025-03-26,Organic
C08640,Customer 08640,Male,53,Delhi,Delhi,R07,Consumer,2025-10-24,Partner
C08641,Customer 08641,Male,31,Jaipur,Rajasthan,R01,Consumer,2025-11-11,Organic
C08642,Customer 08642,Female,42,Dehradun,Uttarakhand,R01,Consumer,2022-05-24,Partner
C08643,Customer 08643,Male,24,Delhi,,R07,Consumer,2025-11-15,Referral
C08644,Customer 08644,Female,57,Mumbai,Maharashtra,R04,Small Business,2022-03-23,Organic
C08645,Customer 08645,Male,23,Pune,Maharashtra,R04,Small Business,2024-12-25,Organic
C08646,Customer 08646,Female,56,Pune,Maharashtra,R04,Consumer,2024-08-15,Organic
C08647,Customer 08647,Male,34,Kolkata,West Bengal,R03,Consumer,2025-06-25,Organic
C08648,Customer 08648,Male,18,Kanpur,Uttar Pradesh,R07,Consumer,2024-02-20,Organic
C08649,Customer 08649,Female,49,Ahmedabad,Gujarat,R04,Consumer,2023-05-29,Partner
C08650,Customer 08650,Male,36,Hyderabad,Telangana,R02,Small Business,2024-08-22,Organic
C08651,Customer 08651,Male,30,Nagpur,Maharashtra,R04,Consumer,2024-05-03,Partner
C08652,Customer 08652,Male,41,Visakhapatnam,Andhra Pradesh,R02,Small Business,2022-09-24,Organic
C08653,Customer 08653,Male,42,Dehradun,Uttarakhand,R01,Consumer,2024-08-26,Social
C08654,Customer 08654,Female,39,Faridabad,Haryana,R01,Enterprise,2024-10-01,Referral
C08655,Customer 08655,Other,46,Pune,Maharashtra,R04,Small Business,2022-11-14,Paid Search
C08656,Customer 08656,Female,38,Ludhiana,Punjab,R01,Corporate,2024-07-17,Paid Search
C08657,Customer 08657,Female,41,Ludhiana,Punjab,R01,Enterprise,2023-04-03,Email
C08658,Customer 08658,Female,30,Mysuru,Karnataka,R02,Consumer,2024-02-09,Organic
C08659,Customer 08659,Male,43,Coimbatore,Tamil Nadu,R02,Consumer,2023-06-13,Paid Search
C08660,Customer 08660,Female,30,Surat,Gujarat,R04,Consumer,2024-08-30,Email
C08661,Customer 08661,Female,24,Jodhpur,Rajasthan,R01,Small Business,2022-04-06,Paid Search
C08662,Customer 08662,Male,33,Jodhpur,Rajasthan,R01,Small Business,2022-10-10,Organic
C08663,Customer 08663,Female,32,Dehradun,Uttarakhand,R01,Consumer,2023-10-30,Organic
C08664,Customer 08664,Female,44,Kochi,Kerala,R02,Corporate,2024-09-11,Referral
C08665,Customer 08665,Male,20,Delhi,Delhi,R07,Consumer,2025-02-18,Partner
C08666,Customer 08666,Female,46,Hyderabad,Telangana,R02,Consumer,2022-10-02,Organic
C08667,Customer 08667,Male,29,Ahmedabad,Gujarat,R04,Corporate,2024-08-07,Social
C08668,Customer 08668,Male,18,Kolkata,West Bengal,R03,Consumer,2025-12-13,Organic
C08669,Customer 08669,Male,23,Coimbatore,Tamil Nadu,R02,Consumer,2024-07-02,Partner
C08670,Customer 08670,Female,32,Kochi,Kerala,R02,Small Business,2022-03-17,Partner
C08671,Customer 08671,Male,39,Delhi,Delhi,R07,Consumer,2024-06-04,Paid Search
C08672,Customer 08672,Male,34,Mumbai,Maharashtra,R04,Consumer,2023-07-08,Organic
C08673,Customer 08673,Male,23,Dehradun,Uttarakhand,R01,Consumer,2022-02-02,Social
C08674,Customer 08674,Male,27,Ludhiana,Punjab,R01,Consumer,2023-08-26,Referral
C08675,Customer 08675,Female,23,Gurugram,Haryana,R01,Corporate,2022-01-05,Social
C08676,Customer 08676,Male,38,Patna,Bihar,R03,Small Business,2022-06-21,Paid Search
C08677,Customer 08677,Male,34,Bhubaneswar,Odisha,R03,Consumer,2022-09-05,Organic
C08678,Customer 08678,Male,41,Hyderabad,Telangana,R02,Small Business,2022-11-25,Organic
C08679,Customer 08679,Male,18,Bhubaneswar,Odisha,R03,Small Business,2025-08-27,Email
C08680,Customer 08680,Male,30,Kolkata,West Bengal,R03,Small Business,2022-12-28,Social
C08681,Customer 08681,Female,55,Faridabad,Haryana,R01,Corporate,2025-06-06,Organic
C08682,Customer 08682,Male,41,Coimbatore,Tamil Nadu,R02,Consumer,2022-08-29,Partner
C08683,Customer 08683,,32,Bhubaneswar,Odisha,R03,Small Business,2024-04-22,Partner
C08684,Customer 08684,Male,25,Raipur,Chhattisgarh,R05,Consumer,2023-04-30,Email
C08685,Customer 08685,Female,46,Lucknow,Uttar Pradesh,R07,Consumer,2023-07-18,Referral
C08686,Customer 08686,Male,50,Gurugram,Haryana,R01,Consumer,2024-01-30,Social
C08687,Customer 08687,Female,24,Bhubaneswar,Odisha,R03,Consumer,2025-11-08,Social
C08688,Customer 08688,Female,24,Kanpur,Uttar Pradesh,R07,Consumer,2024-10-10,Organic
C08689,Customer 08689,Male,38,Delhi,Delhi,R07,Small Business,2022-04-07,Referral
C08690,Customer 08690,Male,39,Indore,Madhya Pradesh,R05,Consumer,2025-09-22,Social
C08691,Customer 08691,Female,40,Bengaluru,Karnataka,R02,Consumer,2022-05-22,Social
C08692,Customer 08692,Male,53,Mumbai,Maharashtra,R04,Enterprise,2023-11-21,Referral
C08693,Customer 08693,Female,25,Delhi,Delhi,R07,Consumer,2024-06-26,Paid Search
C08694,Customer 08694,Female,35,Delhi,Delhi,R07,Consumer,2024-03-13,Referral
C08695,Customer 08695,Male,42,Bhubaneswar,Odisha,R03,Small Business,2024-03-10,Organic
C08696,Customer 08696,Female,42,Mysuru,Karnataka,R02,Enterprise,2024-10-29,Partner
C08697,Customer 08697,Male,29,Gurugram,Haryana,R01,Corporate,2025-12-04,Partner
C08698,Customer 08698,Male,29,Mumbai,Maharashtra,R04,Consumer,2022-11-17,Social
C08699,Customer 08699,Female,30,Gurugram,Haryana,R01,Consumer,2025-03-18,Paid Search
C08700,Customer 08700,Female,52,Faridabad,Haryana,R01,Small Business,2022-01-10,Paid Search
C08701,Customer 08701,Male,25,Jodhpur,Rajasthan,R01,Small Business,2025-10-02,Partner
C08702,Customer 08702,Female,32,Bengaluru,Karnataka,R02,Consumer,2023-08-04,Paid Search
C08703,Customer 08703,Male,43,Ludhiana,Punjab,R01,Small Business,2024-11-20,Email
C08704,Customer 08704,Female,24,Pune,Maharashtra,R04,Corporate,2023-01-05,Paid Search
C08705,Customer 08705,Male,38,Mysuru,Karnataka,R02,Consumer,2025-09-16,Partner
C08706,Customer 08706,Male,18,Ahmedabad,Gujarat,R04,Consumer,2024-02-11,Paid Search
C08707,Customer 08707,Female,37,Gurugram,Haryana,R01,Consumer,2024-09-30,Social
C08708,Customer 08708,Female,36,Delhi,Delhi,R07,Enterprise,2022-11-25,Organic
C08709,Customer 08709,Male,37,Delhi,Delhi,R07,Consumer,2024-02-08,Partner
C08710,Customer 08710,Other,26,Mumbai,Maharashtra,R04,Corporate,2025-01-18,Social
C08711,Customer 08711,Male,37,Kolkata,West Bengal,R03,Consumer,2024-04-27,Social
C08712,Customer 08712,Female,35,Gurugram,Haryana,R01,Small Business,2022-09-11,Organic
C08713,Customer 08713,Female,48,Bhubaneswar,Odisha,R03,Consumer,2025-08-09,Referral
C08714,Customer 08714,Female,41,Kolkata,West Bengal,R03,Small Business,2022-12-21,Paid Search
C08715,Customer 08715,Male,21,Delhi,Delhi,R07,Consumer,2022-06-02,Paid Search
C08716,Customer 08716,Female,27,Delhi,Delhi,R07,Small Business,2024-07-15,Social
C08717,Customer 08717,Female,29,Ludhiana,Punjab,R01,Corporate,2024-04-06,
C08718,Customer 08718,Male,37,Delhi,Delhi,R07,Consumer,2023-11-08,Email
C08719,Customer 08719,Female,33,Bengaluru,Karnataka,R02,Enterprise,2023-07-28,Paid Search
C08720,Customer 08720,Male,33,Delhi,Delhi,R07,Consumer,2022-01-21,Partner
C08721,Customer 08721,Male,63,Indore,Madhya Pradesh,R05,Small Business,2024-08-26,Organic
C08722,Customer 08722,Female,30,Mysuru,Karnataka,R02,Consumer,2022-11-12,Social
C08723,Customer 08723,Male,49,Patna,,R03,Corporate,2024-06-01,Referral
C08724,Customer 08724,Female,34,Patna,Bihar,R03,Small Business,2025-08-06,Partner
C08725,Customer 08725,Male,18,Bengaluru,Karnataka,R02,Small Business,2023-08-07,Paid Search
C08726,Customer 08726,Male,37,Kochi,Kerala,R02,Consumer,2024-04-08,Referral
C08727,Customer 08727,Female,46,Dehradun,,R01,Consumer,2024-10-04,Email
C08728,Customer 08728,Female,41,Nagpur,Maharashtra,R04,Small Business,2024-04-30,Email
C08729,Customer 08729,Female,38,Gurugram,Haryana,R01,Consumer,2024-02-23,Partner
C08730,Customer 08730,Male,35,Mumbai,Maharashtra,R04,Small Business,2023-10-26,Paid Search
C08731,Customer 08731,Male,30,Noida,Uttar Pradesh,R07,Consumer,2022-10-01,Email
C08732,Customer 08732,Female,44,Mysuru,Karnataka,R02,Consumer,2024-09-07,Partner
C08733,Customer 08733,Female,31,Pune,Maharashtra,R04,Small Business,2024-07-21,Social
C08734,Customer 08734,Female,29,Bengaluru,Karnataka,R02,Consumer,2023-08-31,Referral
C08735,Customer 08735,Female,39,Patna,Bihar,R03,Consumer,2022-02-08,Paid Search
C08736,Customer 08736,Male,32,Jodhpur,Rajasthan,R01,Consumer,2022-01-20,Organic
C08737,Customer 08737,Male,48,Mysuru,Karnataka,R02,Enterprise,2025-04-17,Organic
C08738,Customer 08738,Male,40,Mumbai,Maharashtra,R04,Consumer,2022-06-11,Organic
C08739,Customer 08739,Male,27,Bhubaneswar,Odisha,R03,Enterprise,2025-08-17,Social
C08740,Customer 08740,Male,24,Hyderabad,Telangana,R02,Consumer,2022-03-23,Partner
C08741,Customer 08741,Female,29,Delhi,Delhi,R07,Consumer,2022-04-24,Paid Search
C08742,Customer 08742,Female,58,Hyderabad,Telangana,R02,Consumer,2022-11-15,Organic
C08743,Customer 08743,Male,33,Faridabad,Haryana,R01,Consumer,2023-01-11,Paid Search
C08744,Customer 08744,Female,43,Kolkata,West Bengal,R03,Consumer,2023-04-07,Email
C08745,Customer 08745,Male,22,Chennai,Tamil Nadu,R02,Consumer,2022-07-05,Paid Search
C08746,Customer 08746,Female,24,Mumbai,Maharashtra,R04,Consumer,2022-06-11,Email
C08747,Customer 08747,Female,33,Kolkata,West Bengal,R03,Small Business,2025-02-01,Organic
C08748,Customer 08748,Female,52,Raipur,Chhattisgarh,R05,Consumer,2025-09-20,Referral
C08749,Customer 08749,Female,22,Bhubaneswar,Odisha,R03,Consumer,2022-04-14,Referral
C08750,Customer 08750,Female,29,Mysuru,Karnataka,R02,Consumer,2024-06-18,Email
C08751,Customer 08751,Male,44,Kolkata,West Bengal,R03,Consumer,2024-03-01,Referral
C08752,Customer 08752,Female,51,Ahmedabad,Gujarat,R04,Small Business,2024-10-01,Partner
C08753,Customer 08753,Female,39,Bhubaneswar,,R03,Small Business,2023-07-22,Organic
C08754,Customer 08754,Male,42,Indore,Madhya Pradesh,R05,Small Business,2022-11-27,Social
C08755,Customer 08755,Female,26,Gurugram,Haryana,R01,Consumer,2025-01-02,Paid Search
C08756,Customer 08756,Male,22,Lucknow,Uttar Pradesh,R07,Consumer,2024-08-04,Partner
C08757,Customer 08757,Female,24,Jodhpur,Rajasthan,R01,Small Business,2024-07-22,Social
C08758,Customer 08758,Male,26,Gurugram,Haryana,R01,Enterprise,2022-08-05,Referral
C08759,Customer 08759,Female,37,Pune,Maharashtra,R04,Consumer,2024-03-06,Partner
C08760,Customer 08760,Male,23,Ludhiana,Punjab,R01,Consumer,2025-09-18,Organic
C08761,Customer 08761,Male,38,Coimbatore,Tamil Nadu,R02,Small Business,2024-01-06,Paid Search
C08762,Customer 08762,Male,32,Delhi,Delhi,R07,Enterprise,2025-07-29,Paid Search
C08763,Customer 08763,Female,29,Jodhpur,Rajasthan,R01,Consumer,2025-02-06,Organic
C08764,Customer 08764,Female,44,Hyderabad,Telangana,R02,Consumer,2023-07-16,Social
C08765,Customer 08765,Male,25,Mumbai,Maharashtra,R04,Small Business,2023-11-29,Paid Search
C08766,Customer 08766,Male,49,Surat,Gujarat,R04,Corporate,2023-03-25,Organic
C08767,Customer 08767,Female,43,Bhopal,Madhya Pradesh,R05,Consumer,2023-09-06,Organic
C08768,Customer 08768,Female,25,Dehradun,Uttarakhand,R01,Consumer,2022-09-30,Organic
C08769,Customer 08769,Male,47,Chennai,Tamil Nadu,R02,Consumer,2022-02-06,Paid Search
C08770,Customer 08770,Female,24,Delhi,Delhi,R07,Corporate,2024-12-06,Social
C08771,Customer 08771,Female,48,Gurugram,Haryana,R01,Small Business,2023-01-28,Organic
C08772,Customer 08772,Male,38,Ranchi,Jharkhand,R03,Consumer,2025-08-01,Partner
C08773,Customer 08773,Male,19,Kolkata,West Bengal,R03,Consumer,2023-06-25,Organic
C08774,Customer 08774,Male,22,Patna,Bihar,R03,Small Business,2024-08-02,Organic
C08775,Customer 08775,Female,31,Kolkata,West Bengal,R03,Consumer,2024-04-25,Paid Search
C08776,Customer 08776,Female,44,Ludhiana,Punjab,R01,Consumer,2023-01-09,Organic
C08777,Customer 08777,Female,33,Surat,Gujarat,R04,Consumer,2024-09-10,Partner
C08778,Customer 08778,Other,33,Bhopal,Madhya Pradesh,R05,Consumer,2023-10-12,Referral
C08779,Customer 08779,Male,35,Raipur,Chhattisgarh,R05,Small Business,2025-11-07,Paid Search
C08780,Customer 08780,Female,18,Noida,Uttar Pradesh,R07,Consumer,2023-07-10,Partner
C08781,Customer 08781,Female,43,Chennai,Tamil Nadu,R02,Small Business,2023-02-09,Referral
C08782,Customer 08782,Female,48,Gurugram,Haryana,R01,Corporate,2022-02-01,Email
C08783,Customer 08783,Female,43,Vijayawada,Andhra Pradesh,R02,Consumer,2024-03-06,Paid Search
C08784,Customer 08784,Male,31,Noida,Uttar Pradesh,R07,Small Business,2024-01-15,Organic
C08785,Customer 08785,Male,26,Patna,Bihar,R03,Consumer,2025-01-09,Paid Search
C08786,Customer 08786,Male,24,Noida,,R07,Small Business,2022-09-13,Paid Search
C08787,Customer 08787,Female,24,Coimbatore,Tamil Nadu,R02,Consumer,2023-03-30,Partner
C08788,Customer 08788,Male,58,Hyderabad,Telangana,R02,Enterprise,2022-12-14,Organic
C08789,Customer 08789,Female,34,Nagpur,Maharashtra,R04,Consumer,2024-03-12,Organic
C08790,Customer 08790,Male,44,Indore,Madhya Pradesh,R05,Consumer,2023-02-05,Referral
C08791,Customer 08791,Female,43,Guwahati,Assam,R06,Consumer,2023-09-04,Social
C08792,Customer 08792,Male,36,Raipur,Chhattisgarh,R05,Consumer,2025-09-18,Social
C08793,Customer 08793,Female,26,Pune,Maharashtra,R04,Consumer,2023-08-04,Paid Search
C08794,Customer 08794,Male,40,Patna,Bihar,R03,Consumer,2025-11-23,Paid Search
C08795,Customer 08795,Male,24,Mysuru,Karnataka,R02,Consumer,2022-04-02,Organic
C08796,Customer 08796,Male,41,Coimbatore,Tamil Nadu,R02,Consumer,2023-10-23,Email
C08797,Customer 08797,Female,25,Mysuru,Karnataka,R02,Corporate,2022-02-05,Paid Search
C08798,Customer 08798,Female,31,Coimbatore,Tamil Nadu,R02,Consumer,2024-03-23,Partner
C08799,Customer 08799,Female,31,Gurugram,Haryana,R01,Consumer,2023-03-08,Social
C08800,Customer 08800,Female,49,Surat,Gujarat,R04,Small Business,2022-09-29,Partner
C08801,Customer 08801,Female,18,Ludhiana,Punjab,R01,Corporate,2025-08-25,Partner
C08802,Customer 08802,Female,58,Jodhpur,Rajasthan,R01,Consumer,2024-08-20,Social
C08803,Customer 08803,Female,27,Gurugram,Haryana,R01,Consumer,2022-10-09,Email
C08804,Customer 08804,Male,34,Ludhiana,Punjab,R01,Consumer,2024-11-03,Organic
C08805,Customer 08805,Male,39,Bhubaneswar,Odisha,R03,Consumer,2022-04-03,Organic
C08806,Customer 08806,Female,38,Bengaluru,Karnataka,R02,Small Business,2024-01-23,Referral
C08807,Customer 08807,Male,43,Delhi,Delhi,R07,Corporate,2024-06-25,Organic
C08808,Customer 08808,Male,41,Bhubaneswar,Odisha,R03,Enterprise,2022-07-21,Referral
C08809,Customer 08809,Female,55,Kochi,Kerala,R02,Corporate,2025-11-01,Organic
C08810,Customer 08810,Male,42,Guwahati,Assam,R06,Enterprise,2022-05-08,Organic
C08811,Customer 08811,Female,34,Indore,Madhya Pradesh,R05,Consumer,2022-03-25,Paid Search
C08812,Customer 08812,Female,29,Dehradun,Uttarakhand,R01,Corporate,2023-12-28,Partner
C08813,Customer 08813,Male,29,Chennai,Tamil Nadu,R02,Corporate,2024-12-25,Referral
C08814,Customer 08814,Male,48,Ranchi,Jharkhand,R03,Small Business,2024-03-08,Referral
C08815,Customer 08815,Male,53,Visakhapatnam,Andhra Pradesh,R02,Consumer,2022-06-08,Email
C08816,Customer 08816,Female,45,Nagpur,Maharashtra,R04,Consumer,2022-05-11,Email
C08817,Customer 08817,Female,18,Raipur,Chhattisgarh,R05,Consumer,2022-07-17,Organic
C08818,Customer 08818,Female,18,Bhubaneswar,Odisha,R03,Consumer,2025-12-06,Partner
C08819,Customer 08819,Male,35,Bhubaneswar,Odisha,R03,Small Business,2025-09-29,
C08820,Customer 08820,Male,33,Kochi,Kerala,R02,Corporate,2022-04-29,Social
C08821,Customer 08821,Female,35,Mumbai,Maharashtra,R04,Consumer,2024-10-21,Email
C08822,Customer 08822,Female,48,Mumbai,Maharashtra,R04,Consumer,2025-04-09,Email
C08823,Customer 08823,Male,47,Hyderabad,Telangana,R02,Consumer,2024-03-28,Social
C08824,Customer 08824,Male,37,Patna,Bihar,R03,Small Business,2022-08-17,Social
C08825,Customer 08825,Male,20,Guwahati,Assam,R06,Small Business,2022-08-29,Paid Search
C08826,Customer 08826,Male,23,Guwahati,Assam,R06,Consumer,2024-10-10,Organic
C08827,Customer 08827,Female,36,Kolkata,West Bengal,R03,Consumer,2024-03-27,Referral
C08828,Customer 08828,Female,39,Vijayawada,Andhra Pradesh,R02,Enterprise,2022-09-13,Referral
C08829,Customer 08829,Male,23,Ludhiana,Punjab,R01,Corporate,2022-04-01,Social
C08830,Customer 08830,Female,42,Visakhapatnam,Andhra Pradesh,R02,Small Business,2023-09-25,Organic
C08831,Customer 08831,Male,18,Delhi,Delhi,R07,Consumer,2023-07-31,Social
C08832,Customer 08832,Male,18,Mysuru,Karnataka,R02,Consumer,2025-12-05,Organic
C08833,Customer 08833,Male,26,Delhi,Delhi,R07,Corporate,2024-10-26,Paid Search
C08834,Customer 08834,Male,49,Chennai,Tamil Nadu,R02,Consumer,2023-09-12,Email
C08835,Customer 08835,Male,50,Mumbai,Maharashtra,R04,Small Business,2024-04-10,Organic
C08836,Customer 08836,Female,19,Delhi,Delhi,R07,Small Business,2024-01-28,Partner
C08837,Customer 08837,Female,20,Hyderabad,Telangana,R02,Consumer,2024-09-13,Referral
C08838,Customer 08838,Female,43,Patna,Bihar,R03,Consumer,2024-05-01,Organic
C08839,Customer 08839,Female,31,Amritsar,Punjab,R01,Small Business,2022-06-19,Organic
C08840,Customer 08840,Male,49,Kolkata,West Bengal,R03,Small Business,2024-02-06,Organic
C08841,Customer 08841,Male,42,Amritsar,Punjab,R01,Consumer,2025-01-13,Partner
C08842,Customer 08842,Male,44,Gurugram,Haryana,R01,Small Business,2025-08-16,Organic
C08843,Customer 08843,Male,27,Faridabad,Haryana,R01,Consumer,2025-10-29,Referral
C08844,Customer 08844,Male,39,Chennai,Tamil Nadu,R02,Small Business,2024-09-01,Referral
C08845,Customer 08845,Female,55,Bhubaneswar,Odisha,R03,Corporate,2025-08-18,Organic
C08846,Customer 08846,Female,36,Chennai,Tamil Nadu,R02,Consumer,2022-01-28,Paid Search
C08847,Customer 08847,Female,35,Bhopal,Madhya Pradesh,R05,Corporate,2022-05-09,Paid Search
C08848,Customer 08848,Female,31,Coimbatore,Tamil Nadu,R02,Corporate,2022-10-09,Email
C08849,Customer 08849,Female,19,Indore,Madhya Pradesh,R05,Small Business,2022-05-25,Partner
C08850,Customer 08850,Female,24,Ranchi,Jharkhand,R03,Consumer,2024-08-13,Partner
C08851,Customer 08851,Female,26,Nagpur,,R04,Corporate,2024-01-21,Organic
C08852,Customer 08852,Male,19,Gurugram,Haryana,R01,Small Business,2024-03-07,Referral
C08853,Customer 08853,Female,20,Faridabad,Haryana,R01,Consumer,2024-02-05,Social
C08854,Customer 08854,Female,18,Chennai,Tamil Nadu,R02,Consumer,2023-12-13,Partner
C08855,Customer 08855,Male,27,Mysuru,Karnataka,R02,Small Business,2025-06-06,Social
C08856,Customer 08856,Female,42,Amritsar,Punjab,R01,Corporate,2022-11-01,Paid Search
C08857,Customer 08857,Female,32,Guwahati,Assam,R06,Consumer,2023-06-23,Paid Search
C08858,Customer 08858,Female,32,Visakhapatnam,Andhra Pradesh,R02,Small Business,2022-05-18,Email
C08859,Customer 08859,Male,43,Kanpur,Uttar Pradesh,R07,Consumer,2024-01-22,Referral
C08860,Customer 08860,Male,52,Amritsar,Punjab,R01,Small Business,2023-05-24,Organic
C08861,Customer 08861,Male,58,Ludhiana,Punjab,R01,Consumer,2022-10-25,Partner
C08862,Customer 08862,Male,36,Pune,Maharashtra,R04,Consumer,2024-03-12,Referral
C08863,Customer 08863,Male,32,Raipur,Chhattisgarh,R05,Enterprise,2025-10-14,Organic
C08864,Customer 08864,Male,31,Chennai,Tamil Nadu,R02,Small Business,2025-01-28,Social
C08865,Customer 08865,Male,41,Delhi,Delhi,R07,Consumer,2022-06-26,Organic
C08866,Customer 08866,Male,33,Mysuru,Karnataka,R02,Small Business,2023-05-27,Social
C08867,Customer 08867,Female,33,Delhi,Delhi,R07,Small Business,2025-08-13,Social
C08868,Customer 08868,Female,34,Mumbai,Maharashtra,R04,Small Business,2022-11-01,Partner
C08869,Customer 08869,Male,26,Nagpur,Maharashtra,R04,Consumer,2025-07-25,Organic
C08870,Customer 08870,Male,18,Hyderabad,Telangana,R02,Consumer,2025-08-01,Paid Search
C08871,Customer 08871,Female,28,Bengaluru,Karnataka,R02,Small Business,2022-03-15,Organic
C08872,Customer 08872,Male,50,Guwahati,Assam,R06,Small Business,2025-12-15,Organic
C08873,Customer 08873,Female,49,Delhi,Delhi,R07,Consumer,2025-02-06,Email
C08874,Customer 08874,Male,44,Bhubaneswar,Odisha,R03,Consumer,2023-12-29,Referral
C08875,Customer 08875,Male,30,Delhi,Delhi,R07,Consumer,2023-05-09,Partner
C08876,Customer 08876,Female,27,Jodhpur,Rajasthan,R01,Consumer,2023-11-06,Social
C08877,Customer 08877,Male,51,Guwahati,Assam,R06,Corporate,2022-11-25,Organic
C08878,Customer 08878,Male,24,Kolkata,West Bengal,R03,Consumer,2025-02-07,Paid Search
C08879,Customer 08879,Male,35,Gurugram,Haryana,R01,Corporate,2023-08-11,Social
C08880,Customer 08880,Female,52,Bengaluru,Karnataka,R02,Corporate,2023-10-07,Referral
C08881,Customer 08881,Female,36,Kolkata,West Bengal,R03,Consumer,2025-09-11,Organic
C08882,Customer 08882,Female,32,Vijayawada,Andhra Pradesh,R02,Small Business,2022-03-12,Partner
C08883,Customer 08883,Female,47,Hyderabad,Telangana,R02,Consumer,2023-08-06,Partner
C08884,Customer 08884,Male,36,Delhi,Delhi,R07,Consumer,2024-06-09,Email
C08885,Customer 08885,Male,37,Mysuru,Karnataka,R02,Consumer,2022-12-21,Organic
C08886,Customer 08886,Female,50,Gurugram,Haryana,R01,Consumer,2022-09-12,Paid Search
C08887,Customer 08887,Male,18,Delhi,Delhi,R07,Consumer,2024-02-06,Referral
C08888,Customer 08888,Female,39,Chennai,Tamil Nadu,R02,Enterprise,2022-09-27,Paid Search
C08889,Customer 08889,Female,27,Bhubaneswar,Odisha,R03,Consumer,2023-08-22,Paid Search
C08890,Customer 08890,Male,33,Delhi,Delhi,R07,Consumer,2022-05-03,
C08891,Customer 08891,Female,36,Bhubaneswar,Odisha,R03,Small Business,2022-01-28,Organic
C08892,Customer 08892,Male,28,Kolkata,West Bengal,R03,Small Business,2024-12-10,Organic
C08893,Customer 08893,Female,37,Patna,Bihar,R03,Consumer,2022-09-30,Organic
C08894,Customer 08894,,39,Lucknow,Uttar Pradesh,R07,Consumer,2022-02-11,Organic
C08895,Customer 08895,Female,37,Mumbai,Maharashtra,R04,Consumer,2022-01-26,Social
C08896,Customer 08896,Female,36,Faridabad,Haryana,R01,Consumer,2024-04-08,Email
C08897,Customer 08897,Male,34,Lucknow,Uttar Pradesh,R07,Consumer,2024-02-02,Organic
C08898,Customer 08898,Other,34,Jaipur,Rajasthan,R01,Corporate,2024-04-30,Paid Search
C08899,Customer 08899,Male,36,Mumbai,Maharashtra,R04,Consumer,2024-07-25,Organic
C08900,Customer 08900,Male,26,Ludhiana,Punjab,R01,Consumer,2024-08-14,Social
C08901,Customer 08901,Male,48,Amritsar,Punjab,R01,Small Business,2024-11-15,Organic
C08902,Customer 08902,Female,34,Kochi,Kerala,R02,Consumer,2025-05-30,Paid Search
C08903,Customer 08903,Male,31,Bhubaneswar,Odisha,R03,Consumer,2022-10-31,Email
C08904,Customer 08904,Female,39,Pune,Maharashtra,R04,Small Business,2022-05-15,Partner
C08905,Customer 08905,Female,34,Vijayawada,Andhra Pradesh,R02,Consumer,2025-03-22,Paid Search
C08906,Customer 08906,Female,47,Kanpur,Uttar Pradesh,R07,Consumer,2022-04-09,Paid Search
C08907,Customer 08907,Female,44,Pune,Maharashtra,R04,Consumer,2023-08-24,Referral
C08908,Customer 08908,Female,36,Indore,Madhya Pradesh,R05,Consumer,2024-06-16,Referral
C08909,Customer 08909,Male,44,Surat,Gujarat,R04,Corporate,2022-03-13,Paid Search
C08910,Customer 08910,Female,37,Lucknow,Uttar Pradesh,R07,Consumer,2025-11-24,Partner
C08911,Customer 08911,Male,23,Mumbai,Maharashtra,R04,Consumer,2025-09-17,Paid Search
C08912,Customer 08912,Male,44,Mysuru,Karnataka,R02,Consumer,2025-05-09,Partner
C08913,Customer 08913,Male,18,Chennai,Tamil Nadu,R02,Consumer,2024-10-10,Partner
C08914,Customer 08914,Male,18,Mumbai,Maharashtra,R04,Small Business,2025-03-05,Partner
C08915,Customer 08915,Female,42,Surat,Gujarat,R04,Enterprise,2024-04-01,Organic
C08916,Customer 08916,Male,39,Kanpur,Uttar Pradesh,R07,Consumer,2025-01-02,Organic
C08917,Customer 08917,Female,39,Mysuru,Karnataka,R02,Consumer,2022-02-28,Paid Search
C08918,Customer 08918,Female,49,Noida,Uttar Pradesh,R07,Small Business,2022-10-31,Referral
C08919,Customer 08919,Male,35,Guwahati,Assam,R06,Consumer,2022-01-21,Paid Search
C08920,Customer 08920,Male,31,Patna,Bihar,R03,Consumer,2022-06-29,Organic
C08921,Customer 08921,Male,43,Ahmedabad,Gujarat,R04,Small Business,2024-04-05,Paid Search
C08922,Customer 08922,Male,28,Patna,Bihar,R03,Consumer,2025-01-18,Paid Search
C08923,Customer 08923,Other,33,Delhi,Delhi,R07,Consumer,2025-07-07,Email
C08924,Customer 08924,Male,38,Pune,Maharashtra,R04,Consumer,2022-08-22,Partner
C08925,Customer 08925,Male,38,Ahmedabad,Gujarat,R04,Corporate,2024-08-03,Paid Search
C08926,Customer 08926,Male,32,Mysuru,Karnataka,R02,Corporate,2024-12-23,Organic
C08927,Customer 08927,Male,30,Patna,,R03,Consumer,2022-01-09,Referral
C08928,Customer 08928,Female,24,Ranchi,Jharkhand,R03,Corporate,2023-04-23,Social
C08929,Customer 08929,Other,27,Mumbai,Maharashtra,R04,Consumer,2024-07-21,Paid Search
C08930,Customer 08930,Female,53,Mumbai,Maharashtra,R04,Enterprise,2022-07-18,Paid Search
C08931,Customer 08931,Male,32,Chennai,Tamil Nadu,R02,Consumer,2023-05-25,Social
C08932,Customer 08932,Female,37,Jodhpur,Rajasthan,R01,Consumer,2023-11-01,Organic
C08933,Customer 08933,Female,20,Gurugram,Haryana,R01,Consumer,2022-06-28,Social
C08934,Customer 08934,Male,61,Ranchi,Jharkhand,R03,Consumer,2022-04-09,Partner
C08935,Customer 08935,Female,26,Bhopal,Madhya Pradesh,R05,Corporate,2025-03-31,Partner
C08936,Customer 08936,Female,23,Visakhapatnam,Andhra Pradesh,R02,Consumer,2022-05-09,Referral
C08937,Customer 08937,Female,34,Noida,Uttar Pradesh,R07,Consumer,2024-04-22,Paid Search
C08938,Customer 08938,Male,26,Delhi,Delhi,R07,Consumer,2023-09-02,Partner
C08939,Customer 08939,Female,39,Ahmedabad,Gujarat,R04,Consumer,2024-11-24,Referral
C08940,Customer 08940,Female,20,Visakhapatnam,Andhra Pradesh,R02,Consumer,2025-07-31,Social
C08941,Customer 08941,Female,46,Gurugram,Haryana,R01,Consumer,2022-08-30,
C08942,Customer 08942,Male,44,Gurugram,Haryana,R01,Consumer,2025-10-11,Referral
C08943,Customer 08943,Male,34,Delhi,Delhi,R07,Small Business,2022-06-19,Email
C08944,Customer 08944,Female,18,Patna,Bihar,R03,Corporate,2025-07-09,Social
C08945,Customer 08945,Female,27,Bhubaneswar,Odisha,R03,Consumer,2024-01-22,Paid Search
C08946,Customer 08946,Other,36,Kolkata,West Bengal,R03,Consumer,2022-03-08,Paid Search
C08947,Customer 08947,Male,23,Delhi,Delhi,R07,Consumer,2024-02-11,Referral
C08948,Customer 08948,Male,25,Kolkata,West Bengal,R03,Consumer,2025-07-04,Organic
C08949,Customer 08949,Female,45,Surat,Gujarat,R04,Consumer,2024-04-30,Social
C08950,Customer 08950,Female,37,Gurugram,Haryana,R01,Consumer,2022-05-22,Organic
C08951,Customer 08951,Female,36,Jodhpur,Rajasthan,R01,Enterprise,2024-12-23,Email
C08952,Customer 08952,Female,40,Bengaluru,Karnataka,R02,Small Business,2025-05-19,Paid Search
C08953,Customer 08953,Male,33,Pune,Maharashtra,R04,Consumer,2024-08-27,Paid Search
C08954,Customer 08954,Male,34,Ranchi,Jharkhand,R03,Consumer,2023-08-22,Partner
C08955,Customer 08955,Male,40,Mysuru,Karnataka,R02,Consumer,2024-09-15,Paid Search
C08956,Customer 08956,Male,43,Pune,Maharashtra,R04,Consumer,2023-05-06,Social
C08957,Customer 08957,Female,40,Hyderabad,Telangana,R02,Consumer,2022-09-13,Paid Search
C08958,Customer 08958,Male,50,Hyderabad,Telangana,R02,Consumer,2025-06-04,Email
C08959,Customer 08959,Female,35,Delhi,Delhi,R07,Consumer,2023-09-03,Paid Search
C08960,Customer 08960,,22,Chennai,Tamil Nadu,R02,Consumer,2025-01-21,Social
C08961,Customer 08961,Female,46,Kanpur,Uttar Pradesh,R07,Corporate,2024-05-26,Social
C08962,Customer 08962,Female,33,Pune,Maharashtra,R04,Consumer,2025-07-11,Referral
C08963,Customer 08963,Male,27,Kolkata,West Bengal,R03,Enterprise,2024-01-28,Social
C08964,Customer 08964,Female,42,Bengaluru,Karnataka,R02,Consumer,2023-03-23,Paid Search
C08965,Customer 08965,Female,39,Pune,Maharashtra,R04,Consumer,2023-03-21,Referral
C08966,Customer 08966,Female,22,Gurugram,Haryana,R01,Consumer,2024-01-31,Referral
C08967,Customer 08967,Male,42,Mysuru,Karnataka,R02,Consumer,2025-10-11,Referral
C08968,Customer 08968,Female,54,Nagpur,Maharashtra,R04,Consumer,2022-10-04,Social
C08969,Customer 08969,Male,38,Kochi,Kerala,R02,Consumer,2022-07-24,Partner
C08970,Customer 08970,Male,32,Bengaluru,Karnataka,R02,Consumer,2023-01-14,Social
C08971,Customer 08971,Male,18,Raipur,Chhattisgarh,R05,Consumer,2025-11-24,Email
C08972,Customer 08972,Female,56,Nagpur,Maharashtra,R04,Consumer,2024-06-15,Social
C08973,Customer 08973,Female,30,Bhopal,Madhya Pradesh,R05,Corporate,2025-02-16,Paid Search
C08974,Customer 08974,Male,21,Delhi,Delhi,R07,Corporate,2024-04-07,Social
C08975,Customer 08975,Other,36,Jodhpur,Rajasthan,R01,Corporate,2024-05-21,Social
C08976,Customer 08976,Female,45,Delhi,Delhi,R07,Enterprise,2024-07-05,Paid Search
C08977,Customer 08977,Male,47,Delhi,Delhi,R07,Consumer,2022-07-06,Referral
C08978,Customer 08978,Female,28,Kochi,Kerala,R02,Small Business,2024-07-08,Paid Search
C08979,Customer 08979,Female,34,Kolkata,West Bengal,R03,Consumer,2024-04-03,
C08980,Customer 08980,Male,35,Hyderabad,Telangana,R02,Consumer,2025-04-19,Paid Search
C08981,Customer 08981,Male,45,Mysuru,Karnataka,R02,Corporate,2022-05-09,Social
C08982,Customer 08982,Male,41,Chennai,Tamil Nadu,R02,Consumer,2024-01-13,Paid Search
C08983,Customer 08983,Male,38,Hyderabad,Telangana,R02,Consumer,2025-09-23,Paid Search
C08984,Customer 08984,Female,44,Indore,Madhya Pradesh,R05,Consumer,2025-04-08,Referral
C08985,Customer 08985,Male,21,Coimbatore,,R02,Consumer,2023-02-22,Organic
C08986,Customer 08986,Male,39,Patna,Bihar,R03,Consumer,2024-11-30,Organic
C08987,Customer 08987,Female,37,Jaipur,Rajasthan,R01,Small Business,2023-08-07,Paid Search
C08988,Customer 08988,Other,34,Ranchi,Jharkhand,R03,Consumer,2025-03-04,Organic
C08989,Customer 08989,Female,33,Delhi,Delhi,R07,Consumer,2024-07-19,Organic
C08990,Customer 08990,Female,36,Pune,Maharashtra,R04,Consumer,2023-12-06,Email
C08991,Customer 08991,Female,29,Guwahati,Assam,R06,Small Business,2022-01-28,Organic
C08992,Customer 08992,Female,62,Amritsar,Punjab,R01,Enterprise,2025-01-16,Referral
C08993,Customer 08993,Male,49,Faridabad,Haryana,R01,Corporate,2024-03-02,Paid Search
C08994,Customer 08994,Male,46,Nagpur,Maharashtra,R04,Consumer,2024-02-18,Organic
C08995,Customer 08995,Male,30,Surat,Gujarat,R04,Consumer,2024-11-10,Paid Search
C08996,Customer 08996,Male,25,Visakhapatnam,Andhra Pradesh,R02,Consumer,2025-08-25,Organic
C08997,Customer 08997,Male,33,Indore,Madhya Pradesh,R05,Small Business,2022-10-30,Organic
C08998,Customer 08998,Male,36,Ahmedabad,Gujarat,R04,Consumer,2025-08-09,Paid Search
C08999,Customer 08999,Male,21,Ranchi,Jharkhand,R03,Small Business,2022-08-14,Referral
C09000,Customer 09000,Female,40,Hyderabad,Telangana,R02,Consumer,2024-07-26,Paid Search
C09001,Customer 09001,Male,46,Guwahati,Assam,R06,Small Business,2023-12-14,Social
C09002,Customer 09002,Male,18,Noida,Uttar Pradesh,R07,Consumer,2025-01-11,Organic
C09003,Customer 09003,Female,26,Mysuru,Karnataka,R02,Consumer,2024-02-23,Partner
C09004,Customer 09004,Male,47,Delhi,Delhi,R07,Consumer,2024-05-01,Paid Search
C09005,Customer 09005,Male,39,Delhi,Delhi,R07,Corporate,2023-10-04,Organic
C09006,Customer 09006,Male,26,Kolkata,West Bengal,R03,Small Business,2024-08-22,Paid Search
C09007,Customer 09007,Female,42,Faridabad,Haryana,R01,Consumer,2023-03-08,Partner
C09008,Customer 09008,Female,29,Mysuru,Karnataka,R02,Small Business,2023-03-01,Referral
C09009,Customer 09009,Male,33,Kolkata,West Bengal,R03,Consumer,2023-08-22,Organic
C09010,Customer 09010,Female,24,Delhi,Delhi,R07,Consumer,2022-10-22,Organic
C09011,Customer 09011,Female,35,Surat,Gujarat,R04,Consumer,2023-04-02,Email
C09012,Customer 09012,Female,45,Kolkata,West Bengal,R03,Consumer,2022-04-29,Email
C09013,Customer 09013,Female,30,Kochi,Kerala,R02,Small Business,2022-12-31,Organic
C09014,Customer 09014,Female,41,Jodhpur,Rajasthan,R01,Consumer,2023-08-23,Paid Search
C09015,Customer 09015,Male,35,Ranchi,Jharkhand,R03,Consumer,2023-11-21,Organic
C09016,Customer 09016,Male,46,Indore,Madhya Pradesh,R05,Consumer,2024-07-11,Organic
C09017,Customer 09017,Male,30,Hyderabad,Telangana,R02,Small Business,2023-08-02,Organic
C09018,Customer 09018,Male,51,Nagpur,Maharashtra,R04,Small Business,2024-06-22,Paid Search
C09019,Customer 09019,Female,42,Kolkata,West Bengal,R03,Small Business,2023-09-29,Organic
C09020,Customer 09020,Male,37,Bhopal,Madhya Pradesh,R05,Consumer,2023-10-03,Referral
C09021,Customer 09021,Female,38,Jodhpur,Rajasthan,R01,Consumer,2022-01-01,Paid Search
C09022,Customer 09022,Other,30,Dehradun,Uttarakhand,R01,Consumer,2025-02-15,Paid Search
C09023,Customer 09023,Male,30,Kochi,Kerala,R02,Small Business,2024-10-09,Partner
C09024,Customer 09024,Male,38,Bengaluru,Karnataka,R02,Consumer,2022-03-25,Paid Search
C09025,Customer 09025,Male,23,Kolkata,West Bengal,R03,Enterprise,2022-03-10,Organic
C09026,Customer 09026,Male,29,Mysuru,Karnataka,R02,Small Business,2024-12-13,Paid Search
C09027,Customer 09027,Female,26,Patna,Bihar,R03,Corporate,2022-10-29,Social
C09028,Customer 09028,Male,41,Indore,Madhya Pradesh,R05,Small Business,2025-08-03,Social
C09029,Customer 09029,Female,41,Delhi,Delhi,R07,Consumer,2025-03-19,Social
C09030,Customer 09030,Male,48,Delhi,Delhi,R07,Consumer,2023-08-27,Paid Search
C09031,Customer 09031,Female,32,Mumbai,Maharashtra,R04,Consumer,2025-12-08,Social
C09032,Customer 09032,Male,27,Kochi,Kerala,R02,Consumer,2024-02-15,Partner
C09033,Customer 09033,Male,20,Pune,Maharashtra,R04,Small Business,2025-12-19,Paid Search
C09034,Customer 09034,Male,38,Guwahati,Assam,R06,Consumer,2022-03-17,Social
C09035,Customer 09035,Female,49,Ahmedabad,Gujarat,R04,Small Business,2024-05-15,Email
C09036,Customer 09036,Female,34,Jodhpur,Rajasthan,R01,Small Business,2025-04-09,Paid Search
C09037,Customer 09037,Male,35,Kochi,Kerala,R02,Consumer,2023-01-15,Organic
C09038,Customer 09038,Female,35,Bengaluru,Karnataka,R02,Consumer,2025-04-29,Paid Search
C09039,Customer 09039,Male,38,Mumbai,Maharashtra,R04,Consumer,2025-05-04,Social
C09040,Customer 09040,Female,45,Delhi,Delhi,R07,Consumer,2025-02-17,Partner
C09041,Customer 09041,Other,54,Faridabad,Haryana,R01,Corporate,2024-08-08,Email
C09042,Customer 09042,Male,40,Faridabad,Haryana,R01,Corporate,2022-05-16,Email
C09043,Customer 09043,Female,41,Pune,Maharashtra,R04,Corporate,2025-12-11,Paid Search
C09044,Customer 09044,Male,33,Chennai,Tamil Nadu,R02,Consumer,2025-07-13,Organic
C09045,Customer 09045,Female,34,Pune,Maharashtra,R04,Small Business,2024-03-13,Paid Search
C09046,Customer 09046,Male,34,Delhi,Delhi,R07,Corporate,2023-08-06,Paid Search
C09047,Customer 09047,Female,31,Kanpur,Uttar Pradesh,R07,Enterprise,2024-02-08,Partner
C09048,Customer 09048,Female,36,Ahmedabad,Gujarat,R04,Small Business,2025-12-08,Organic
C09049,Customer 09049,Male,41,Dehradun,Uttarakhand,R01,Corporate,2022-03-05,Social
C09050,Customer 09050,Female,36,Nagpur,Maharashtra,R04,Consumer,2023-12-03,Paid Search
C09051,Customer 09051,Male,32,Delhi,Delhi,R07,Small Business,2022-10-12,Email
C09052,Customer 09052,Female,36,Chennai,Tamil Nadu,R02,Consumer,2025-04-06,Social
C09053,Customer 09053,Female,25,Kochi,Kerala,R02,Consumer,2024-09-01,Organic
C09054,Customer 09054,Male,43,Bhubaneswar,Odisha,R03,Consumer,2025-08-27,Referral
C09055,Customer 09055,Male,31,Indore,Madhya Pradesh,R05,Consumer,2025-12-22,Social
C09056,Customer 09056,Female,23,Kochi,Kerala,R02,Consumer,2022-06-20,Social
C09057,Customer 09057,Female,40,Hyderabad,Telangana,R02,Consumer,2023-11-26,Organic
C09058,Customer 09058,Male,40,Dehradun,Uttarakhand,R01,Small Business,2025-09-22,Social
C09059,Customer 09059,Female,26,Delhi,Delhi,R07,Corporate,2022-02-12,Social
C09060,Customer 09060,Female,41,Bhopal,Madhya Pradesh,R05,Enterprise,2025-06-26,Organic
C09061,Customer 09061,Female,41,Raipur,Chhattisgarh,R05,Small Business,2023-08-07,Social
C09062,Customer 09062,Male,55,Kochi,Kerala,R02,Consumer,2024-02-22,Partner
C09063,Customer 09063,Male,33,Bengaluru,Karnataka,R02,Small Business,2022-07-04,Organic
C09064,Customer 09064,Male,34,Bhubaneswar,Odisha,R03,Consumer,2023-05-13,Organic
C09065,Customer 09065,Male,29,Amritsar,Punjab,R01,Consumer,2025-11-03,Paid Search
C09066,Customer 09066,Male,40,Chennai,Tamil Nadu,R02,Enterprise,2025-09-15,Social
C09067,Customer 09067,Male,35,Pune,Maharashtra,R04,Small Business,2022-07-26,Referral
C09068,Customer 09068,Female,45,Chennai,Tamil Nadu,R02,Consumer,2024-04-01,Referral
C09069,Customer 09069,Male,31,Kolkata,West Bengal,R03,Small Business,2022-06-22,Social
C09070,Customer 09070,Male,40,Pune,Maharashtra,R04,Consumer,2025-12-16,Partner
C09071,Customer 09071,Female,33,Kanpur,Uttar Pradesh,R07,Small Business,2023-10-31,Paid Search
C09072,Customer 09072,Female,18,Pune,Maharashtra,R04,Corporate,2023-01-13,
C09073,Customer 09073,Female,41,Hyderabad,Telangana,R02,Consumer,2024-03-02,Email
C09074,Customer 09074,Female,18,Kolkata,West Bengal,R03,Small Business,2022-10-21,Organic
C09075,Customer 09075,Male,33,Patna,Bihar,R03,Consumer,2024-11-13,Organic
C09076,Customer 09076,Female,34,Faridabad,Haryana,R01,Consumer,2023-05-22,Partner
C09077,Customer 09077,Female,35,Bhopal,Madhya Pradesh,R05,Small Business,2023-06-22,Paid Search
C09078,Customer 09078,Male,35,Kolkata,West Bengal,R03,Small Business,2025-01-10,Referral
C09079,Customer 09079,Male,35,Delhi,Delhi,R07,Consumer,2025-08-03,Organic
C09080,Customer 09080,Female,39,Pune,Maharashtra,R04,Corporate,2022-10-25,Email
C09081,Customer 09081,Male,34,Surat,Gujarat,R04,Consumer,2024-05-24,Paid Search
C09082,Customer 09082,Male,61,Nagpur,Maharashtra,R04,Consumer,2023-03-25,Social
C09083,Customer 09083,Male,32,Faridabad,Haryana,R01,Corporate,2022-03-11,Organic
C09084,Customer 09084,Female,23,Ludhiana,Punjab,R01,Consumer,2023-01-09,Organic
C09085,Customer 09085,Female,21,Delhi,Delhi,R07,Consumer,2022-02-19,Email
C09086,Customer 09086,Female,42,Delhi,Delhi,R07,Small Business,2025-02-16,Social
C09087,Customer 09087,Female,19,Jodhpur,Rajasthan,R01,Small Business,2023-11-16,Email
C09088,Customer 09088,Female,23,Indore,Madhya Pradesh,R05,Consumer,2024-03-05,Organic
C09089,Customer 09089,Male,21,Bengaluru,Karnataka,R02,Consumer,2023-10-05,Paid Search
C09090,Customer 09090,Male,40,Ahmedabad,Gujarat,R04,Small Business,2023-01-30,Email
C09091,Customer 09091,Female,48,Hyderabad,Telangana,R02,Small Business,2023-10-23,Social
C09092,Customer 09092,Other,26,Mysuru,Karnataka,R02,Consumer,2022-08-12,Referral
C09093,Customer 09093,Female,39,Gurugram,Haryana,R01,Consumer,2022-03-25,Organic
C09094,Customer 09094,Female,18,Noida,Uttar Pradesh,R07,Consumer,2022-08-18,Social
C09095,Customer 09095,Female,28,Lucknow,Uttar Pradesh,R07,Consumer,2022-03-19,Referral
C09096,Customer 09096,Male,41,Chennai,Tamil Nadu,R02,Consumer,2024-03-19,Organic
C09097,Customer 09097,Female,32,Ahmedabad,Gujarat,R04,Corporate,2022-03-30,Paid Search
C09098,Customer 09098,Male,45,Pune,Maharashtra,R04,Small Business,2023-07-23,Organic
C09099,Customer 09099,Male,18,Mysuru,Karnataka,R02,Small Business,2024-12-08,Partner
C09100,Customer 09100,Male,28,Ranchi,Jharkhand,R03,Consumer,2024-04-21,Partner
C09101,Customer 09101,Male,40,Mumbai,Maharashtra,R04,Consumer,2024-05-28,Organic
C09102,Customer 09102,Male,39,Bengaluru,Karnataka,R02,Consumer,2023-02-24,Email
C09103,Customer 09103,Male,40,Bengaluru,Karnataka,R02,Consumer,2022-07-19,Social
C09104,Customer 09104,Female,37,Kolkata,West Bengal,R03,Consumer,2022-08-15,Partner
C09105,Customer 09105,Female,24,Patna,Bihar,R03,Enterprise,2023-09-22,Social
C09106,Customer 09106,Female,27,Patna,Bihar,R03,Consumer,2025-07-25,
C09107,Customer 09107,Female,58,Amritsar,Punjab,R01,Small Business,2025-10-09,Email
C09108,Customer 09108,Male,22,Ahmedabad,Gujarat,R04,Consumer,2022-07-19,Partner
C09109,Customer 09109,Male,21,Indore,Madhya Pradesh,R05,Consumer,2022-04-12,Social
C09110,Customer 09110,Female,42,Mumbai,Maharashtra,R04,Small Business,2023-11-11,Paid Search
C09111,Customer 09111,Male,24,Dehradun,Uttarakhand,R01,Small Business,2022-10-04,Email
C09112,Customer 09112,Female,53,Pune,Maharashtra,R04,Consumer,2022-07-20,Organic
C09113,Customer 09113,Female,62,Mysuru,Karnataka,R02,Small Business,2023-07-24,Email
C09114,Customer 09114,Male,33,Bengaluru,Karnataka,R02,Consumer,2025-11-06,Partner
C09115,Customer 09115,Female,38,Surat,Gujarat,R04,Small Business,2022-12-11,Paid Search
C09116,Customer 09116,Male,18,Indore,Madhya Pradesh,R05,Consumer,2022-05-05,Organic
C09117,Customer 09117,Female,45,Gurugram,Haryana,R01,Consumer,2022-08-20,Organic
C09118,Customer 09118,Female,18,Chennai,Tamil Nadu,R02,Corporate,2024-06-26,
C09119,Customer 09119,Female,22,Chennai,Tamil Nadu,R02,Small Business,2025-11-23,Email
C09120,Customer 09120,Female,36,Raipur,Chhattisgarh,R05,Small Business,2025-11-04,Paid Search
C09121,Customer 09121,Female,40,Chennai,,R02,Consumer,2025-01-24,Partner
C09122,Customer 09122,Male,20,Ranchi,Jharkhand,R03,Small Business,2024-02-13,Partner
C09123,Customer 09123,Female,30,Guwahati,Assam,R06,Consumer,2024-12-01,Partner
C09124,Customer 09124,Female,18,Pune,Maharashtra,R04,Consumer,2022-04-01,Social
C09125,Customer 09125,Male,32,Raipur,Chhattisgarh,R05,Consumer,2025-09-24,Email
C09126,Customer 09126,Male,27,Visakhapatnam,Andhra Pradesh,R02,Consumer,2025-02-22,Organic
C09127,Customer 09127,Female,29,Lucknow,Uttar Pradesh,R07,Consumer,2022-10-01,Organic
C09128,Customer 09128,,42,Chennai,Tamil Nadu,R02,Corporate,2023-03-09,Referral
C09129,Customer 09129,Female,38,Jaipur,Rajasthan,R01,Consumer,2025-07-23,Organic
C09130,Customer 09130,Male,41,Hyderabad,Telangana,R02,Corporate,2024-03-02,Organic
C09131,Customer 09131,Male,34,Delhi,Delhi,R07,Consumer,2025-12-06,Organic
C09132,Customer 09132,Female,42,Patna,Bihar,R03,Corporate,2023-08-06,Paid Search
C09133,Customer 09133,Female,35,Surat,Gujarat,R04,Consumer,2024-05-06,Social
C09134,Customer 09134,Female,30,Coimbatore,Tamil Nadu,R02,Consumer,2022-01-07,Partner
C09135,Customer 09135,Male,41,Delhi,Delhi,R07,Corporate,2025-08-12,Paid Search
C09136,Customer 09136,Female,31,Kolkata,West Bengal,R03,Small Business,2025-05-02,Social
C09137,Customer 09137,Female,32,Mysuru,Karnataka,R02,Enterprise,2025-04-07,Email
C09138,Customer 09138,Male,46,Hyderabad,Telangana,R02,Consumer,2025-01-08,Email
C09139,Customer 09139,Female,45,Pune,Maharashtra,R04,Enterprise,2023-04-10,Paid Search
C09140,Customer 09140,Male,32,Faridabad,Haryana,R01,Corporate,2022-02-20,Referral
C09141,Customer 09141,Male,44,Surat,Gujarat,R04,Small Business,2023-05-01,Partner
C09142,Customer 09142,Male,22,Visakhapatnam,Andhra Pradesh,R02,Consumer,2024-09-11,Email
C09143,Customer 09143,Male,32,Lucknow,Uttar Pradesh,R07,Consumer,2024-09-14,Paid Search
C09144,Customer 09144,Female,27,Kolkata,West Bengal,R03,Consumer,2025-06-11,Referral
C09145,Customer 09145,Other,35,Delhi,Delhi,R07,Small Business,2024-03-17,Referral
C09146,Customer 09146,Male,42,Kolkata,West Bengal,R03,Consumer,2023-05-14,Organic
C09147,Customer 09147,Male,41,Lucknow,Uttar Pradesh,R07,Consumer,2023-07-17,Referral
C09148,Customer 09148,Female,39,Ahmedabad,Gujarat,R04,Corporate,2025-12-03,Organic
C09149,Customer 09149,Male,36,Nagpur,Maharashtra,R04,Enterprise,2022-03-10,Organic
C09150,Customer 09150,Male,33,Faridabad,Haryana,R01,Consumer,2024-08-17,Organic
C09151,Customer 09151,Female,47,Nagpur,Maharashtra,R04,Corporate,2022-02-03,Organic
C09152,Customer 09152,Male,20,Pune,Maharashtra,R04,Consumer,2023-11-09,Organic
C09153,Customer 09153,Female,28,Mysuru,Karnataka,R02,Small Business,2022-05-24,Partner
C09154,Customer 09154,,39,Ranchi,Jharkhand,R03,Consumer,2022-11-25,Organic
C09155,Customer 09155,Female,50,Bengaluru,Karnataka,R02,Consumer,2023-08-14,Organic
C09156,Customer 09156,Female,32,Kochi,Kerala,R02,Consumer,2023-04-19,Referral
C09157,Customer 09157,Male,32,Ahmedabad,Gujarat,R04,Consumer,2022-02-10,Referral
C09158,Customer 09158,Male,22,Gurugram,Haryana,R01,Corporate,2025-02-21,Referral
C09159,Customer 09159,Female,30,Lucknow,Uttar Pradesh,R07,Corporate,2022-08-05,Partner
C09160,Customer 09160,Female,42,Nagpur,Maharashtra,R04,Consumer,2024-11-06,Referral
C09161,Customer 09161,Female,51,Mumbai,Maharashtra,R04,Consumer,2025-11-15,Referral
C09162,Customer 09162,Male,32,Raipur,Chhattisgarh,R05,Consumer,2022-12-28,Paid Search
C09163,Customer 09163,Female,27,Kolkata,West Bengal,R03,Consumer,2023-10-21,Social
C09164,Customer 09164,Male,36,Chennai,Tamil Nadu,R02,Small Business,2024-08-01,Email
C09165,Customer 09165,Female,19,Bengaluru,Karnataka,R02,Corporate,2025-09-25,Paid Search
C09166,Customer 09166,Female,47,Nagpur,Maharashtra,R04,Consumer,2023-07-09,Organic
C09167,Customer 09167,Male,23,Chennai,Tamil Nadu,R02,Consumer,2022-10-05,Paid Search
C09168,Customer 09168,Male,38,Faridabad,Haryana,R01,Small Business,2022-06-11,Paid Search
C09169,Customer 09169,Female,38,Gurugram,Haryana,R01,Small Business,2023-06-08,Organic
C09170,Customer 09170,Female,41,Jaipur,Rajasthan,R01,Small Business,2025-04-29,Referral
C09171,Customer 09171,Male,38,Faridabad,Haryana,R01,Consumer,2024-09-07,Email
C09172,Customer 09172,Male,35,Kolkata,West Bengal,R03,Consumer,2022-11-30,Organic
C09173,Customer 09173,,39,Delhi,Delhi,R07,Consumer,2025-12-17,Social
C09174,Customer 09174,Male,43,Faridabad,Haryana,R01,Small Business,2024-07-26,Paid Search
C09175,Customer 09175,Male,53,Kochi,Kerala,R02,Consumer,2024-10-19,Social
C09176,Customer 09176,Male,24,Dehradun,Uttarakhand,R01,Corporate,2022-01-04,Organic
C09177,Customer 09177,Male,18,Mysuru,Karnataka,R02,Consumer,2025-08-11,Partner
C09178,Customer 09178,Male,20,Bengaluru,Karnataka,R02,Small Business,2022-03-13,Organic
C09179,Customer 09179,Female,18,Bhubaneswar,Odisha,R03,Consumer,2024-10-07,Email
C09180,Customer 09180,Female,23,Delhi,Delhi,R07,Small Business,2023-03-20,Organic
C09181,Customer 09181,Female,22,Ahmedabad,Gujarat,R04,Consumer,2025-09-25,Email
C09182,Customer 09182,Male,31,Delhi,Delhi,R07,Small Business,2025-07-13,Paid Search
C09183,Customer 09183,Female,44,Pune,Maharashtra,R04,Consumer,2024-03-08,Email
C09184,Customer 09184,Male,41,Dehradun,Uttarakhand,R01,Corporate,2024-02-04,Partner
C09185,Customer 09185,Female,29,Patna,Bihar,R03,Small Business,2022-09-01,Partner
C09186,Customer 09186,Female,30,Dehradun,Uttarakhand,R01,Consumer,2022-09-06,Partner
C09187,Customer 09187,Female,55,Patna,Bihar,R03,Consumer,2022-01-18,Paid Search
C09188,Customer 09188,Male,41,Coimbatore,Tamil Nadu,R02,Consumer,2022-09-06,Paid Search
C09189,Customer 09189,Female,37,Patna,Bihar,R03,Consumer,2023-10-08,Partner
C09190,Customer 09190,Female,36,Hyderabad,Telangana,R02,Corporate,2025-01-13,Partner
C09191,Customer 09191,Male,32,Ahmedabad,Gujarat,R04,Consumer,2022-04-18,Social
C09192,Customer 09192,Female,55,Jodhpur,Rajasthan,R01,Consumer,2022-08-19,Paid Search
C09193,Customer 09193,Male,33,Bengaluru,Karnataka,R02,Consumer,2023-07-05,Organic
C09194,Customer 09194,Male,36,Kanpur,Uttar Pradesh,R07,Consumer,2023-12-29,Paid Search
C09195,Customer 09195,Female,19,Bengaluru,Karnataka,R02,Consumer,2023-09-13,Social
C09196,Customer 09196,Female,29,Faridabad,Haryana,R01,Corporate,2022-09-22,Email
C09197,Customer 09197,Male,29,Coimbatore,Tamil Nadu,R02,Consumer,2025-01-07,Paid Search
C09198,Customer 09198,Male,40,Noida,Uttar Pradesh,R07,Small Business,2022-11-01,Paid Search
C09199,Customer 09199,Male,27,Jodhpur,Rajasthan,R01,Small Business,2022-06-21,Organic
C09200,Customer 09200,Male,35,Bengaluru,Karnataka,R02,Consumer,2023-08-04,
C09201,Customer 09201,Male,29,Faridabad,Haryana,R01,Small Business,2025-12-16,Email
C09202,Customer 09202,Male,24,Ranchi,Jharkhand,R03,Corporate,2022-06-22,Organic
C09203,Customer 09203,Female,24,Surat,Gujarat,R04,Consumer,2022-07-04,Partner
C09204,Customer 09204,Female,33,Mumbai,Maharashtra,R04,Consumer,2024-08-21,Organic
C09205,Customer 09205,Female,36,Delhi,Delhi,R07,Corporate,2024-06-27,
C09206,Customer 09206,Female,33,Indore,Madhya Pradesh,R05,Consumer,2022-08-31,Organic
C09207,Customer 09207,Male,27,Hyderabad,Telangana,R02,Consumer,2024-08-07,Referral
C09208,Customer 09208,Male,34,Ahmedabad,Gujarat,R04,Consumer,2025-01-03,Referral
C09209,Customer 09209,Male,32,Kanpur,Uttar Pradesh,R07,Consumer,2024-07-19,Organic
C09210,Customer 09210,Male,25,Patna,Bihar,R03,Corporate,2024-02-01,Social
C09211,Customer 09211,Female,36,Vijayawada,Andhra Pradesh,R02,Consumer,2023-11-04,Email
C09212,Customer 09212,Male,53,Nagpur,Maharashtra,R04,Consumer,2023-05-22,Organic
C09213,Customer 09213,Female,34,Faridabad,Haryana,R01,Small Business,2022-04-11,Social
C09214,Customer 09214,Female,20,Faridabad,Haryana,R01,Consumer,2024-06-16,Social
C09215,Customer 09215,Male,50,Delhi,Delhi,R07,Consumer,2025-03-02,Email
C09216,Customer 09216,Male,48,Patna,Bihar,R03,Consumer,2023-08-19,Paid Search
C09217,Customer 09217,Female,49,Dehradun,Uttarakhand,R01,Small Business,2024-12-09,Referral
C09218,Customer 09218,Female,35,Dehradun,Uttarakhand,R01,Corporate,2022-05-01,Partner
C09219,Customer 09219,Male,27,Bhubaneswar,Odisha,R03,Consumer,2022-05-26,Referral
C09220,Customer 09220,Female,26,Faridabad,Haryana,R01,Small Business,2023-03-28,Organic
C09221,Customer 09221,Male,46,Ranchi,Jharkhand,R03,Corporate,2023-05-22,Organic
C09222,Customer 09222,Female,51,Mumbai,Maharashtra,R04,Small Business,2024-02-06,Paid Search
C09223,Customer 09223,Female,26,Pune,Maharashtra,R04,Corporate,2022-02-15,
C09224,Customer 09224,Male,18,Kolkata,West Bengal,R03,Small Business,2022-06-02,Paid Search
C09225,Customer 09225,Male,35,Delhi,Delhi,R07,Corporate,2024-11-27,Paid Search
C09226,Customer 09226,Female,26,Bhopal,Madhya Pradesh,R05,Consumer,2024-12-05,Partner
C09227,Customer 09227,Female,28,Dehradun,Uttarakhand,R01,Consumer,2025-01-29,Email
C09228,Customer 09228,Female,33,Bhubaneswar,Odisha,R03,Consumer,2023-06-05,Organic
C09229,Customer 09229,Female,250,Bhubaneswar,Odisha,R03,Consumer,2024-09-09,Paid Search
C09230,Customer 09230,Female,27,Mumbai,Maharashtra,R04,Enterprise,2022-10-27,Referral
C09231,Customer 09231,Female,36,Delhi,Delhi,R07,Small Business,2025-06-23,Organic
C09232,Customer 09232,Female,34,Bhubaneswar,Odisha,R03,Small Business,2022-01-12,Organic
C09233,Customer 09233,Male,18,Coimbatore,Tamil Nadu,R02,Corporate,2024-06-14,Partner
C09234,Customer 09234,Male,40,Kochi,Kerala,R02,Small Business,2022-05-05,Email
C09235,Customer 09235,Female,30,Gurugram,Haryana,R01,Corporate,2025-04-21,Partner
C09236,Customer 09236,Male,22,Jaipur,Rajasthan,R01,Consumer,2022-12-13,Email
C09237,Customer 09237,Male,28,Nagpur,Maharashtra,R04,Consumer,2022-01-31,Referral
C09238,Customer 09238,Male,37,Kolkata,West Bengal,R03,Consumer,2023-06-21,Email
C09239,Customer 09239,Female,35,Bhubaneswar,Odisha,R03,Consumer,2025-08-04,Social
C09240,Customer 09240,Female,41,Ranchi,Jharkhand,R03,Consumer,2022-08-12,Organic
C09241,Customer 09241,Female,39,Jaipur,Rajasthan,R01,Consumer,2023-02-02,Organic
C09242,Customer 09242,Female,23,Mysuru,Karnataka,R02,Consumer,2024-03-07,Social
C09243,Customer 09243,Female,18,Delhi,Delhi,R07,Consumer,2025-06-26,Organic
C09244,Customer 09244,Female,36,Noida,Uttar Pradesh,R07,Small Business,2022-10-12,Email
C09245,Customer 09245,Male,41,Pune,Maharashtra,R04,Consumer,2023-06-16,Social
C09246,Customer 09246,Female,33,Chennai,Tamil Nadu,R02,Small Business,2025-10-26,Partner
C09247,Customer 09247,Female,42,Mysuru,Karnataka,R02,Consumer,2024-10-16,Paid Search
C09248,Customer 09248,Female,25,Nagpur,Maharashtra,R04,Enterprise,2024-04-05,Paid Search
C09249,Customer 09249,Female,32,Hyderabad,Telangana,R02,Small Business,2023-06-13,Organic
C09250,Customer 09250,Female,26,Bhopal,Madhya Pradesh,R05,Small Business,2025-03-09,Paid Search
C09251,Customer 09251,Male,42,Kanpur,Uttar Pradesh,R07,Consumer,2025-10-07,Social
C09252,Customer 09252,Male,26,Nagpur,Maharashtra,R04,Corporate,2023-09-09,Organic
C09253,Customer 09253,Male,56,Kolkata,West Bengal,R03,Consumer,2025-10-25,Email
C09254,Customer 09254,Male,30,Bhubaneswar,Odisha,R03,Consumer,2022-10-27,Organic
C09255,Customer 09255,Male,43,Indore,Madhya Pradesh,R05,Small Business,2025-05-17,Partner
C09256,Customer 09256,Female,30,Amritsar,Punjab,R01,Consumer,2023-10-19,Paid Search
C09257,Customer 09257,Male,48,Mysuru,Karnataka,R02,Consumer,2022-11-04,Paid Search
C09258,Customer 09258,Female,48,Kochi,Kerala,R02,Small Business,2023-08-26,Partner
C09259,Customer 09259,Male,32,Pune,Maharashtra,R04,Consumer,2023-08-17,Referral
C09260,Customer 09260,Male,38,Ahmedabad,Gujarat,R04,Corporate,2024-06-30,Organic
C09261,Customer 09261,Male,48,Dehradun,Uttarakhand,R01,Consumer,2025-03-10,Paid Search
C09262,Customer 09262,Male,38,Faridabad,Haryana,R01,Consumer,2025-08-23,Organic
C09263,Customer 09263,Male,26,Kolkata,West Bengal,R03,Consumer,2022-07-20,Referral
C09264,Customer 09264,Male,36,Raipur,Chhattisgarh,R05,Consumer,2022-12-13,Referral
C09265,Customer 09265,Female,28,Gurugram,Haryana,R01,Small Business,2025-05-02,Partner
C09266,Customer 09266,Male,37,Kolkata,West Bengal,R03,Small Business,2022-05-22,Paid Search
C09267,Customer 09267,Female,27,Mysuru,Karnataka,R02,Consumer,2023-03-13,Organic
C09268,Customer 09268,Male,39,Raipur,Chhattisgarh,R05,Consumer,2024-11-11,Organic
C09269,Customer 09269,Male,18,Kochi,Kerala,R02,Small Business,2024-02-22,Partner
C09270,Customer 09270,Male,24,Guwahati,Assam,R06,Consumer,2022-01-01,Partner
C09271,Customer 09271,Male,27,Delhi,Delhi,R07,Consumer,2022-08-04,Paid Search
C09272,Customer 09272,Female,33,Patna,Bihar,R03,Consumer,2025-03-06,Social
C09273,Customer 09273,Male,20,Kochi,Kerala,R02,Small Business,2023-05-12,Email
C09274,Customer 09274,Female,26,Chennai,,R02,Consumer,2024-11-29,Social
C09275,Customer 09275,Female,43,Coimbatore,Tamil Nadu,R02,Consumer,2024-09-09,Partner
C09276,Customer 09276,Male,44,Delhi,Delhi,R07,Enterprise,2025-04-21,Email
C09277,Customer 09277,Female,18,Raipur,,R05,Small Business,2024-04-26,Referral
C09278,Customer 09278,Female,29,Delhi,Delhi,R07,Corporate,2022-05-13,Referral
C09279,Customer 09279,Female,48,Pune,Maharashtra,R04,Corporate,2022-07-04,Organic
C09280,Customer 09280,Female,39,Kochi,Kerala,R02,Small Business,2022-10-25,Organic
C09281,Customer 09281,Male,39,Visakhapatnam,Andhra Pradesh,R02,Corporate,2022-09-22,Partner
C09282,Customer 09282,Female,41,Dehradun,Uttarakhand,R01,Small Business,2024-03-16,Organic
C09283,Customer 09283,Male,25,Mysuru,Karnataka,R02,Consumer,2023-11-05,Organic
C09284,Customer 09284,Female,37,Amritsar,Punjab,R01,Consumer,2023-04-24,Email
C09285,Customer 09285,Male,40,Mysuru,Karnataka,R02,Small Business,2024-04-11,Organic
C09286,Customer 09286,Male,36,Gurugram,Haryana,R01,Corporate,2025-05-20,Referral
C09287,Customer 09287,Female,31,Guwahati,Assam,R06,Consumer,2023-06-29,Social
C09288,Customer 09288,Male,35,Mysuru,Karnataka,R02,Corporate,2023-11-01,Organic
C09289,Customer 09289,Male,24,Nagpur,Maharashtra,R04,Small Business,2025-07-14,Organic
C09290,Customer 09290,Male,41,Delhi,Delhi,R07,Consumer,2023-09-20,Paid Search
C09291,Customer 09291,Female,21,Mumbai,Maharashtra,R04,Small Business,2022-05-01,Organic
C09292,Customer 09292,Male,27,Raipur,Chhattisgarh,R05,Consumer,2022-09-27,Organic
C09293,Customer 09293,Male,42,Kolkata,West Bengal,R03,Corporate,2023-01-29,Email
C09294,Customer 09294,Female,38,Delhi,Delhi,R07,Enterprise,2024-04-01,Partner
C09295,Customer 09295,Male,30,Gurugram,Haryana,R01,Small Business,2023-08-12,Organic
C09296,Customer 09296,Male,18,Nagpur,Maharashtra,R04,Small Business,2023-05-21,Social
C09297,Customer 09297,Female,35,Delhi,Delhi,R07,Corporate,2025-04-29,Paid Search
C09298,Customer 09298,Male,29,Visakhapatnam,Andhra Pradesh,R02,Consumer,2023-10-21,Paid Search
C09299,Customer 09299,Male,40,Hyderabad,Telangana,R02,Corporate,2023-11-27,Partner
C09300,Customer 09300,Female,30,Delhi,Delhi,R07,Consumer,2023-02-01,Organic
C09301,Customer 09301,Female,18,Bhubaneswar,Odisha,R03,Consumer,2023-11-09,Partner
C09302,Customer 09302,Male,21,Mumbai,Maharashtra,R04,Consumer,2024-06-08,Paid Search
C09303,Customer 09303,Female,31,Lucknow,Uttar Pradesh,R07,Consumer,2025-09-04,Social
C09304,Customer 09304,Female,36,Chennai,Tamil Nadu,R02,Consumer,2025-05-09,Partner
C09305,Customer 09305,Female,23,Delhi,Delhi,R07,Consumer,2022-01-07,Referral
C09306,Customer 09306,Female,27,Surat,Gujarat,R04,Consumer,2022-01-31,
C09307,Customer 09307,Female,43,Bhopal,Madhya Pradesh,R05,Consumer,2025-05-05,Organic
C09308,Customer 09308,Male,46,Kochi,Kerala,R02,Consumer,2022-12-04,Social
C09309,Customer 09309,Female,38,Mumbai,Maharashtra,R04,Consumer,2022-02-06,Paid Search
C09310,Customer 09310,Male,32,Hyderabad,Telangana,R02,Small Business,2024-09-16,Paid Search
C09311,Customer 09311,Male,29,Noida,Uttar Pradesh,R07,Consumer,2025-11-21,Organic
C09312,Customer 09312,Female,40,Bengaluru,Karnataka,R02,Small Business,2024-10-29,Social
C09313,Customer 09313,Male,32,Noida,Uttar Pradesh,R07,Consumer,2022-07-17,Social
C09314,Customer 09314,Male,44,Coimbatore,Tamil Nadu,R02,Small Business,2023-03-06,Organic
C09315,Customer 09315,Male,45,Gurugram,Haryana,R01,Corporate,2023-02-27,Referral
C09316,Customer 09316,Female,39,Visakhapatnam,Andhra Pradesh,R02,Small Business,2023-02-23,Paid Search
C09317,Customer 09317,Female,30,Guwahati,Assam,R06,Small Business,2024-07-03,Social
C09318,Customer 09318,Male,31,Mumbai,Maharashtra,R04,Corporate,2024-12-27,Partner
C09319,Customer 09319,Female,19,Bhubaneswar,Odisha,R03,Consumer,2023-03-05,Paid Search
C09320,Customer 09320,Male,34,Delhi,Delhi,R07,Consumer,2024-03-26,Referral
C09321,Customer 09321,Female,34,Patna,Bihar,R03,Consumer,2023-12-12,Partner
C09322,Customer 09322,Female,21,Jaipur,Rajasthan,R01,Small Business,2023-07-23,Referral
C09323,Customer 09323,Male,59,Faridabad,Haryana,R01,Small Business,2022-09-24,Partner
C09324,Customer 09324,Female,41,Kolkata,West Bengal,R03,Consumer,2022-03-22,Organic
C09325,Customer 09325,Male,27,Mysuru,Karnataka,R02,Corporate,2025-10-09,Paid Search
C09326,Customer 09326,Female,56,Bengaluru,Karnataka,R02,Consumer,2024-08-12,Referral
C09327,Customer 09327,Male,30,Mysuru,Karnataka,R02,Corporate,2025-05-13,Social
C09328,Customer 09328,Male,43,Delhi,Delhi,R07,Corporate,2023-03-04,Organic
C09329,Customer 09329,Other,36,Delhi,Delhi,R07,Consumer,2022-11-06,Paid Search
C09330,Customer 09330,Female,30,Coimbatore,Tamil Nadu,R02,Small Business,2024-04-23,Referral
C09331,Customer 09331,Female,32,Hyderabad,Telangana,R02,Consumer,2024-10-14,Email
C09332,Customer 09332,Female,49,Delhi,Delhi,R07,Small Business,2024-11-21,Referral
C09333,Customer 09333,Male,44,Mumbai,Maharashtra,R04,Corporate,2024-03-09,Partner
C09334,Customer 09334,Male,34,Coimbatore,Tamil Nadu,R02,Consumer,2023-11-08,Social
C09335,Customer 09335,Female,18,Hyderabad,Telangana,R02,Consumer,2024-04-04,Email
C09336,Customer 09336,Male,38,Bhopal,Madhya Pradesh,R05,Consumer,2023-01-06,Organic
C09337,Customer 09337,Female,23,Surat,Gujarat,R04,Corporate,2022-08-25,Partner
C09338,Customer 09338,Male,40,Bengaluru,Karnataka,R02,Small Business,2022-11-09,Partner
C09339,Customer 09339,Male,28,Chennai,Tamil Nadu,R02,Consumer,2023-05-06,Partner
C09340,Customer 09340,Male,29,Pune,Maharashtra,R04,Consumer,2024-10-26,Partner
C09341,Customer 09341,Male,29,Delhi,Delhi,R07,Consumer,2025-06-24,Email
C09342,Customer 09342,Male,45,Delhi,Delhi,R07,Consumer,2025-07-26,Organic
C09343,Customer 09343,Male,18,Bhopal,Madhya Pradesh,R05,Consumer,2023-08-01,Partner
C09344,Customer 09344,Male,42,Amritsar,Punjab,R01,Corporate,2025-12-02,Organic
C09345,Customer 09345,Female,38,Hyderabad,Telangana,R02,Consumer,2025-12-10,Partner
C09346,Customer 09346,Male,34,Chennai,Tamil Nadu,R02,Small Business,2025-03-19,Social
C09347,Customer 09347,,31,Pune,Maharashtra,R04,Consumer,2022-04-12,Paid Search
C09348,Customer 09348,Male,40,Indore,Madhya Pradesh,R05,Corporate,2024-05-30,Paid Search
C09349,Customer 09349,Male,31,Kolkata,West Bengal,R03,Consumer,2023-02-20,Organic
C09350,Customer 09350,Male,31,Delhi,Delhi,R07,Consumer,2025-06-16,Referral
C09351,Customer 09351,,36,Bhubaneswar,Odisha,R03,Consumer,2022-11-24,Referral
C09352,Customer 09352,Male,52,Bengaluru,Karnataka,R02,Corporate,2023-07-24,Paid Search
C09353,Customer 09353,Female,20,Pune,Maharashtra,R04,Enterprise,2023-01-01,Paid Search
C09354,Customer 09354,Male,40,Patna,Bihar,R03,Consumer,2025-07-12,Organic
C09355,Customer 09355,Male,34,Kolkata,West Bengal,R03,Consumer,2024-04-15,Paid Search
C09356,Customer 09356,Female,33,Pune,Maharashtra,R04,Corporate,2023-09-21,Referral
C09357,Customer 09357,Male,20,Dehradun,Uttarakhand,R01,Consumer,2025-04-05,Referral
C09358,Customer 09358,Male,18,Hyderabad,Telangana,R02,Small Business,2024-05-19,Organic
C09359,Customer 09359,Male,38,Chennai,Tamil Nadu,R02,Consumer,2024-06-03,Referral
C09360,Customer 09360,Female,22,Delhi,Delhi,R07,Small Business,2022-09-06,Partner
C09361,Customer 09361,Female,45,Jaipur,Rajasthan,R01,Consumer,2023-07-05,Email
C09362,Customer 09362,Male,25,Surat,Gujarat,R04,Consumer,2023-12-28,Organic
C09363,Customer 09363,Female,41,Hyderabad,Telangana,R02,Corporate,2023-09-06,Email
C09364,Customer 09364,Female,29,Mysuru,Karnataka,R02,Consumer,2023-05-14,Organic
C09365,Customer 09365,Female,29,Patna,Bihar,R03,Corporate,2025-12-11,Organic
C09366,Customer 09366,Male,26,Noida,Uttar Pradesh,R07,Small Business,2023-06-20,Organic
C09367,Customer 09367,Female,39,Kolkata,West Bengal,R03,Consumer,2024-05-22,Social
C09368,Customer 09368,Male,42,Bhopal,Madhya Pradesh,R05,Consumer,2024-05-23,Email
C09369,Customer 09369,,32,Patna,Bihar,R03,Consumer,2022-11-04,Email
C09370,Customer 09370,Female,41,Bhubaneswar,Odisha,R03,Consumer,2025-07-12,Paid Search
C09371,Customer 09371,Female,35,Kochi,Kerala,R02,Corporate,2022-08-13,Social
C09372,Customer 09372,Male,22,Delhi,,R07,Corporate,2025-04-21,Organic
C09373,Customer 09373,Male,39,Kolkata,West Bengal,R03,Consumer,2024-05-19,Partner
C09374,Customer 09374,Female,32,Ranchi,Jharkhand,R03,Small Business,2023-05-25,Organic
C09375,Customer 09375,Female,18,Coimbatore,Tamil Nadu,R02,Small Business,2023-01-29,Organic
C09376,Customer 09376,Female,31,Kanpur,Uttar Pradesh,R07,Corporate,2024-12-08,Partner
C09377,Customer 09377,Male,18,Dehradun,Uttarakhand,R01,Consumer,2023-10-18,Organic
C09378,Customer 09378,Male,23,Amritsar,Punjab,R01,Consumer,2024-03-11,Organic
C09379,Customer 09379,Female,33,Mumbai,Maharashtra,R04,Consumer,2023-06-12,Partner
C09380,Customer 09380,,34,Faridabad,Haryana,R01,Small Business,2023-05-24,Organic
C09381,Customer 09381,Female,27,Surat,Gujarat,R04,Small Business,2023-01-28,Organic
C09382,Customer 09382,Female,40,Ahmedabad,Gujarat,R04,Small Business,2025-08-19,Paid Search
C09383,Customer 09383,Female,34,Bengaluru,Karnataka,R02,Consumer,2025-07-17,Paid Search
C09384,Customer 09384,Female,31,Kochi,Kerala,R02,Small Business,2022-08-24,Partner
C09385,Customer 09385,Male,35,Bengaluru,Karnataka,R02,Small Business,2022-07-18,Referral
C09386,Customer 09386,Female,47,Mysuru,Karnataka,R02,Consumer,2025-03-22,Social
C09387,Customer 09387,Other,18,Guwahati,Assam,R06,Consumer,2023-06-10,Organic
C09388,Customer 09388,Female,48,Bhopal,,R05,Consumer,2022-11-07,Organic
C09389,Customer 09389,Male,29,Noida,Uttar Pradesh,R07,Corporate,2022-11-10,Partner
C09390,Customer 09390,Male,27,Delhi,Delhi,R07,Consumer,2025-07-27,Organic
C09391,Customer 09391,Female,31,Hyderabad,Telangana,R02,Consumer,2023-01-21,Organic
C09392,Customer 09392,Female,26,Bhopal,Madhya Pradesh,R05,Consumer,2024-11-19,Organic
C09393,Customer 09393,Male,25,Bengaluru,Karnataka,R02,Small Business,2023-10-28,Referral
C09394,Customer 09394,Male,43,Ludhiana,Punjab,R01,Small Business,2023-11-11,Email
C09395,Customer 09395,Male,37,Patna,Bihar,R03,Small Business,2023-05-08,Paid Search
C09396,Customer 09396,Male,18,Hyderabad,Telangana,R02,Small Business,2022-04-23,Organic
C09397,Customer 09397,Male,42,Chennai,Tamil Nadu,R02,Corporate,2022-05-08,Email
C09398,Customer 09398,Female,40,Raipur,Chhattisgarh,R05,Small Business,2022-09-21,Organic
C09399,Customer 09399,Female,20,Bhubaneswar,Odisha,R03,Consumer,2023-02-24,Paid Search
C09400,Customer 09400,Male,37,Hyderabad,Telangana,R02,Small Business,2022-08-30,Paid Search
C09401,Customer 09401,Female,41,Hyderabad,Telangana,R02,Small Business,2023-02-12,Paid Search
C09402,Customer 09402,Male,19,Hyderabad,Telangana,R02,Corporate,2025-01-17,Organic
C09403,Customer 09403,Female,38,Bengaluru,Karnataka,R02,Consumer,2022-01-16,Email
C09404,Customer 09404,Female,28,Surat,Gujarat,R04,Consumer,2024-06-27,Organic
C09405,Customer 09405,Male,40,Kolkata,West Bengal,R03,Consumer,2024-02-01,Paid Search
C09406,Customer 09406,Female,26,Coimbatore,Tamil Nadu,R02,Consumer,2022-11-14,Referral
C09407,Customer 09407,Male,45,Bengaluru,Karnataka,R02,Consumer,2023-02-24,Email
C09408,Customer 09408,Female,33,Faridabad,Haryana,R01,Consumer,2023-06-22,Social
C09409,Customer 09409,Female,29,Kolkata,West Bengal,R03,Consumer,2023-02-01,Paid Search
C09410,Customer 09410,Female,28,Hyderabad,Telangana,R02,Small Business,2023-03-28,Organic
C09411,Customer 09411,Male,44,Mumbai,Maharashtra,R04,Corporate,2023-09-08,Social
C09412,Customer 09412,Male,28,Pune,Maharashtra,R04,Small Business,2024-08-11,Social
C09413,Customer 09413,Male,46,Kanpur,Uttar Pradesh,R07,Consumer,2024-07-26,Paid Search
C09414,Customer 09414,Male,37,Ranchi,Jharkhand,R03,Consumer,2023-04-28,Referral
C09415,Customer 09415,Male,21,Raipur,Chhattisgarh,R05,Consumer,2023-03-01,Email
C09416,Customer 09416,Male,35,Mysuru,Karnataka,R02,Small Business,2025-01-27,Organic
C09417,Customer 09417,Female,35,Nagpur,Maharashtra,R04,Consumer,2025-01-22,Email
C09418,Customer 09418,Male,21,Patna,Bihar,R03,Corporate,2024-10-12,Social
C09419,Customer 09419,Male,35,Bengaluru,Karnataka,R02,Consumer,2024-10-03,Paid Search
C09420,Customer 09420,Female,40,Ranchi,Jharkhand,R03,Consumer,2022-12-21,Referral
C09421,Customer 09421,Male,46,Delhi,Delhi,R07,Consumer,2024-08-28,Referral
C09422,Customer 09422,Female,46,Delhi,Delhi,R07,Consumer,2023-04-19,Referral
C09423,Customer 09423,Female,59,Chennai,,R02,Consumer,2024-02-16,Paid Search
C09424,Customer 09424,Female,35,Ludhiana,Punjab,R01,Small Business,2024-03-13,Social
C09425,Customer 09425,Male,41,Chennai,Tamil Nadu,R02,Consumer,2025-03-07,Social
C09426,Customer 09426,Female,29,Bhubaneswar,Odisha,R03,Consumer,2025-08-19,Paid Search
C09427,Customer 09427,Female,54,Faridabad,Haryana,R01,Consumer,2023-09-06,Organic
C09428,Customer 09428,Female,26,Surat,Gujarat,R04,Enterprise,2022-06-12,Partner
C09429,Customer 09429,Female,53,Kolkata,West Bengal,R03,Corporate,2022-01-28,Organic
C09430,Customer 09430,Female,52,Bhopal,Madhya Pradesh,R05,Corporate,2023-06-08,Referral
C09431,Customer 09431,Male,27,Bengaluru,Karnataka,R02,Consumer,2023-09-21,Paid Search
C09432,Customer 09432,Male,45,Ludhiana,Punjab,R01,Small Business,2024-05-25,Email
C09433,Customer 09433,Female,40,Coimbatore,Tamil Nadu,R02,Consumer,2023-06-03,Social
C09434,Customer 09434,Female,31,Surat,Gujarat,R04,Small Business,2023-04-20,Organic
C09435,Customer 09435,Female,34,Bhubaneswar,Odisha,R03,Small Business,2024-12-08,Organic
C09436,Customer 09436,Male,38,Bengaluru,Karnataka,R02,Consumer,2023-02-28,Paid Search
C09437,Customer 09437,Male,39,Jaipur,Rajasthan,R01,Consumer,2022-03-08,Social
C09438,Customer 09438,Female,50,Patna,Bihar,R03,Consumer,2023-09-24,Referral
C09439,Customer 09439,Female,41,Bengaluru,Karnataka,R02,Consumer,2024-06-22,Email
C09440,Customer 09440,Male,27,Ludhiana,Punjab,R01,Consumer,2022-10-09,Paid Search
C09441,Customer 09441,Female,42,Coimbatore,Tamil Nadu,R02,Consumer,2022-01-16,Email
C09442,Customer 09442,Female,18,Visakhapatnam,Andhra Pradesh,R02,Consumer,2024-05-31,Organic
C09443,Customer 09443,Female,31,Kolkata,West Bengal,R03,Corporate,2022-10-05,Partner
C09444,Customer 09444,Female,32,Jaipur,Rajasthan,R01,Consumer,2025-07-07,Organic
C09445,Customer 09445,Male,42,Kolkata,West Bengal,R03,Corporate,2023-05-05,Email
C09446,Customer 09446,Male,53,Jaipur,Rajasthan,R01,Consumer,2025-08-23,Organic
C09447,Customer 09447,Male,37,Mysuru,Karnataka,R02,Consumer,2022-05-08,Referral
C09448,Customer 09448,Male,31,Bengaluru,Karnataka,R02,Consumer,2023-11-20,Social
C09449,Customer 09449,Male,28,Kanpur,Uttar Pradesh,R07,Small Business,2023-08-27,Social
C09450,Customer 09450,Female,43,Nagpur,Maharashtra,R04,Consumer,2023-03-05,Partner
C09451,Customer 09451,Female,33,Vijayawada,Andhra Pradesh,R02,Corporate,2023-06-12,Social
C09452,Customer 09452,Male,30,Lucknow,Uttar Pradesh,R07,Small Business,2023-07-13,Organic
C09453,Customer 09453,Male,45,Indore,Madhya Pradesh,R05,Corporate,2022-03-27,Paid Search
C09454,Customer 09454,Female,47,Hyderabad,Telangana,R02,Consumer,2022-11-30,Organic
C09455,Customer 09455,Female,25,Bengaluru,Karnataka,R02,Consumer,2023-02-07,Paid Search
C09456,Customer 09456,Female,20,Faridabad,Haryana,R01,Corporate,2024-05-24,Paid Search
C09457,Customer 09457,Male,34,Amritsar,Punjab,R01,Corporate,2023-03-03,Referral
C09458,Customer 09458,Male,24,Ludhiana,Punjab,R01,Small Business,2022-07-16,Partner
C09459,Customer 09459,Female,22,Chennai,Tamil Nadu,R02,Corporate,2024-10-02,Paid Search
C09460,Customer 09460,Male,25,Ranchi,Jharkhand,R03,Consumer,2023-04-10,Email
C09461,Customer 09461,Female,45,Guwahati,Assam,R06,Small Business,2022-01-30,Partner
C09462,Customer 09462,Male,42,Delhi,Delhi,R07,Corporate,2022-09-07,Referral
C09463,Customer 09463,,60,Jodhpur,Rajasthan,R01,Enterprise,2024-03-18,Referral
C09464,Customer 09464,Female,29,Faridabad,Haryana,R01,Small Business,2022-10-27,Email
C09465,Customer 09465,Female,48,Ranchi,Jharkhand,R03,Consumer,2025-09-15,Paid Search
C09466,Customer 09466,Male,40,Kanpur,Uttar Pradesh,R07,Corporate,2024-09-07,Partner
C09467,Customer 09467,Female,29,Ludhiana,Punjab,R01,Corporate,2023-03-12,Paid Search
C09468,Customer 09468,Female,34,Chennai,Tamil Nadu,R02,Consumer,2025-12-21,Organic
C09469,Customer 09469,Female,29,Bengaluru,Karnataka,R02,Consumer,2024-11-11,Referral
C09470,Customer 09470,Female,38,Lucknow,Uttar Pradesh,R07,Consumer,2024-09-13,Paid Search
C09471,Customer 09471,Female,45,Hyderabad,,R02,Consumer,2022-04-19,Organic
C09472,Customer 09472,Female,31,Delhi,Delhi,R07,Corporate,2022-12-23,Organic
C09473,Customer 09473,Female,43,Delhi,Delhi,R07,Consumer,2024-06-03,Paid Search
C09474,Customer 09474,Female,48,Delhi,Delhi,R07,Small Business,2023-08-19,Organic
C09475,Customer 09475,Female,50,Nagpur,Maharashtra,R04,Consumer,2025-05-28,Organic
C09476,Customer 09476,Female,23,Ranchi,Jharkhand,R03,Small Business,2024-07-06,Organic
C09477,Customer 09477,Male,35,Bengaluru,Karnataka,R02,Corporate,2022-04-27,Referral
C09478,Customer 09478,Male,42,Patna,Bihar,R03,Small Business,2025-06-21,Organic
C09479,Customer 09479,Female,24,Mumbai,Maharashtra,R04,Consumer,2025-09-27,Email
C09480,Customer 09480,Other,22,Kolkata,West Bengal,R03,Enterprise,2024-11-09,Email
C09481,Customer 09481,Male,35,Ranchi,Jharkhand,R03,Consumer,2025-01-27,Referral
C09482,Customer 09482,Female,31,Pune,Maharashtra,R04,Small Business,2022-08-01,Organic
C09483,Customer 09483,Male,33,Dehradun,Uttarakhand,R01,Consumer,2024-12-14,Social
C09484,Customer 09484,Male,30,Hyderabad,Telangana,R02,Consumer,2024-06-01,Organic
C09485,Customer 09485,Female,57,Patna,Bihar,R03,Corporate,2022-07-03,Partner
C09486,Customer 09486,Female,30,Kanpur,Uttar Pradesh,R07,Consumer,2022-10-16,Organic
C09487,Customer 09487,Female,41,Hyderabad,Telangana,R02,Consumer,2024-03-13,Organic
C09488,Customer 09488,Female,40,Mysuru,Karnataka,R02,Consumer,2023-07-01,Organic
C09489,Customer 09489,Female,18,Visakhapatnam,Andhra Pradesh,R02,Consumer,2024-04-23,Partner
C09490,Customer 09490,Female,50,Kochi,Kerala,R02,Enterprise,2025-11-10,Organic
C09491,Customer 09491,Female,41,Mumbai,Maharashtra,R04,Corporate,2024-07-07,Organic
C09492,Customer 09492,Male,37,Visakhapatnam,Andhra Pradesh,R02,Consumer,2025-07-27,Organic
C09493,Customer 09493,Male,46,Guwahati,Assam,R06,Small Business,2022-02-12,Partner
C09494,Customer 09494,Male,35,Chennai,Tamil Nadu,R02,Corporate,2023-01-11,Paid Search
C09495,Customer 09495,Male,44,Delhi,,R07,Corporate,2025-07-25,Partner
C09496,Customer 09496,Male,18,Gurugram,Haryana,R01,Corporate,2024-11-30,Partner
C09497,Customer 09497,Male,43,Delhi,Delhi,R07,Consumer,2023-06-07,Referral
C09498,Customer 09498,Male,37,Gurugram,Haryana,R01,Consumer,2023-04-27,Organic
C09499,Customer 09499,Female,37,Ranchi,Jharkhand,R03,Small Business,2024-12-25,Partner
C09500,Customer 09500,Male,27,Ludhiana,Punjab,R01,Small Business,2022-01-12,Paid Search
C09501,Customer 09501,Male,33,Kolkata,West Bengal,R03,Small Business,2022-04-28,Social
C09502,Customer 09502,Male,33,Hyderabad,Telangana,R02,Consumer,2025-05-27,Referral
C09503,Customer 09503,Male,24,Hyderabad,,R02,Small Business,2025-01-04,Referral
C09504,Customer 09504,Female,39,Amritsar,Punjab,R01,Consumer,2025-04-16,Partner
C09505,Customer 09505,Female,51,Coimbatore,Tamil Nadu,R02,Corporate,2023-11-29,Partner
C09506,Customer 09506,Female,21,Hyderabad,Telangana,R02,Consumer,2023-03-06,Paid Search
C09507,Customer 09507,Female,40,Coimbatore,,R02,Small Business,2023-07-28,Organic
C09508,Customer 09508,Other,31,Ludhiana,Punjab,R01,Enterprise,2025-02-02,Partner
C09509,Customer 09509,Female,30,Kolkata,West Bengal,R03,Consumer,2022-12-16,Organic
C09510,Customer 09510,Male,36,Delhi,Delhi,R07,Small Business,2022-02-16,Social
C09511,Customer 09511,Male,36,Coimbatore,Tamil Nadu,R02,Corporate,2023-12-28,Organic
C09512,Customer 09512,Female,37,Surat,Gujarat,R04,Consumer,2024-02-28,Paid Search
C09513,Customer 09513,Female,24,Lucknow,Uttar Pradesh,R07,Consumer,2023-09-05,Social
C09514,Customer 09514,Female,46,Bhopal,Madhya Pradesh,R05,Corporate,2025-12-05,Referral
C09515,Customer 09515,Male,36,Ludhiana,Punjab,R01,Consumer,2024-06-04,Partner
C09516,Customer 09516,Other,41,Vijayawada,Andhra Pradesh,R02,Consumer,2025-02-25,Partner
C09517,Customer 09517,Female,47,Guwahati,Assam,R06,Small Business,2022-12-09,Social
C09518,Customer 09518,Female,18,Mumbai,Maharashtra,R04,Corporate,2024-04-20,Paid Search
C09519,Customer 09519,Female,41,Jaipur,Rajasthan,R01,Small Business,2023-06-05,Social
C09520,Customer 09520,Male,33,Gurugram,Haryana,R01,Corporate,2023-06-19,Paid Search
C09521,Customer 09521,Male,45,Kochi,Kerala,R02,Consumer,2022-05-29,Paid Search
C09522,Customer 09522,Male,27,Hyderabad,Telangana,R02,Small Business,2024-12-10,Partner
C09523,Customer 09523,,44,Delhi,Delhi,R07,Consumer,2023-11-02,Social
C09524,Customer 09524,Female,24,Mysuru,Karnataka,R02,Consumer,2025-11-26,Organic
C09525,Customer 09525,Male,39,Delhi,Delhi,R07,Corporate,2024-05-04,Referral
C09526,Customer 09526,Male,38,Coimbatore,Tamil Nadu,R02,Enterprise,2022-10-08,Paid Search
C09527,Customer 09527,Male,33,Mysuru,Karnataka,R02,Consumer,2024-11-17,Organic
C09528,Customer 09528,Female,25,Delhi,Delhi,R07,Enterprise,2022-03-14,Email
C09529,Customer 09529,Male,31,Indore,Madhya Pradesh,R05,Small Business,2024-12-27,Organic
C09530,Customer 09530,Male,44,Noida,Uttar Pradesh,R07,Consumer,2023-07-06,Social
C09531,Customer 09531,,50,Bengaluru,Karnataka,R02,Consumer,2022-02-27,Email
C09532,Customer 09532,Male,55,Hyderabad,Telangana,R02,Consumer,2024-01-26,Paid Search
C09533,Customer 09533,Female,40,Ranchi,Jharkhand,R03,Corporate,2023-12-05,Social
C09534,Customer 09534,Male,38,Mysuru,Karnataka,R02,Consumer,2022-12-25,Social
C09535,Customer 09535,Female,39,Kochi,Kerala,R02,Consumer,2022-06-06,Referral
C09536,Customer 09536,Female,54,Mumbai,Maharashtra,R04,Consumer,2024-06-19,
C09537,Customer 09537,Male,40,Raipur,Chhattisgarh,R05,Enterprise,2023-10-26,Partner
C09538,Customer 09538,Female,36,Kanpur,Uttar Pradesh,R07,Consumer,2023-03-23,Organic
C09539,Customer 09539,Male,32,Kolkata,West Bengal,R03,Consumer,2024-03-29,Social
C09540,Customer 09540,Male,33,Delhi,Delhi,R07,Consumer,2025-12-05,Organic
C09541,Customer 09541,Female,39,Dehradun,Uttarakhand,R01,Consumer,2025-06-24,Organic
C09542,Customer 09542,Female,27,Vijayawada,Andhra Pradesh,R02,Consumer,2023-01-23,Paid Search
C09543,Customer 09543,Male,29,Ahmedabad,Gujarat,R04,Small Business,2023-06-22,Paid Search
C09544,Customer 09544,Female,34,Bengaluru,Karnataka,R02,Corporate,2025-03-19,Social
C09545,Customer 09545,Male,30,Chennai,Tamil Nadu,R02,Consumer,2022-07-10,Referral
C09546,Customer 09546,Male,41,Jaipur,Rajasthan,R01,Small Business,2025-11-10,Paid Search
C09547,Customer 09547,Male,42,Kolkata,West Bengal,R03,Consumer,2023-08-26,Partner
C09548,Customer 09548,Female,38,Kolkata,West Bengal,R03,Small Business,2023-12-31,Email
C09549,Customer 09549,Female,40,Mysuru,Karnataka,R02,Consumer,2025-11-21,Referral
C09550,Customer 09550,Female,36,Gurugram,Haryana,R01,Small Business,2022-10-19,Paid Search
C09551,Customer 09551,Female,18,Kochi,Kerala,R02,Enterprise,2022-08-31,Organic
C09552,Customer 09552,Female,26,Faridabad,Haryana,R01,Small Business,2025-07-24,Organic
C09553,Customer 09553,Male,42,Hyderabad,,R02,Consumer,2024-11-23,Organic
C09554,Customer 09554,Male,27,Faridabad,Haryana,R01,Consumer,2023-08-11,Partner
C09555,Customer 09555,Female,44,Faridabad,Haryana,R01,Small Business,2022-06-04,Paid Search
C09556,Customer 09556,Male,44,Delhi,Delhi,R07,Consumer,2024-03-05,Paid Search
C09557,Customer 09557,Male,32,Nagpur,Maharashtra,R04,Consumer,2025-01-21,Social
C09558,Customer 09558,Male,29,Hyderabad,Telangana,R02,Consumer,2022-03-13,Referral
C09559,Customer 09559,Male,35,Bengaluru,Karnataka,R02,Consumer,2022-11-13,Partner
C09560,Customer 09560,Female,35,Kolkata,West Bengal,R03,Consumer,2023-05-24,Organic
C09561,Customer 09561,Female,41,Kolkata,West Bengal,R03,Consumer,2023-02-15,Email
C09562,Customer 09562,Female,18,Gurugram,Haryana,R01,Corporate,2024-03-23,Paid Search
C09563,Customer 09563,Female,28,Delhi,Delhi,R07,Consumer,2025-12-11,Organic
C09564,Customer 09564,Female,25,Hyderabad,Telangana,R02,Consumer,2024-10-09,Social
C09565,Customer 09565,Male,18,Hyderabad,Telangana,R02,Consumer,2024-01-23,Social
C09566,Customer 09566,Female,30,Mysuru,Karnataka,R02,Small Business,2025-10-21,Organic
C09567,Customer 09567,Male,20,Noida,Uttar Pradesh,R07,Consumer,2025-04-10,Organic
C09568,Customer 09568,Female,31,Bhopal,Madhya Pradesh,R05,Corporate,2024-05-02,Referral
C09569,Customer 09569,Female,30,Delhi,Delhi,R07,Small Business,2022-03-18,Referral
C09570,Customer 09570,Male,40,Hyderabad,Telangana,R02,Corporate,2023-02-01,Social
C09571,Customer 09571,Female,32,Faridabad,Haryana,R01,Consumer,2025-09-13,Paid Search
C09572,Customer 09572,Male,18,Hyderabad,Telangana,R02,Corporate,2024-03-25,Social
C09573,Customer 09573,Other,38,Surat,Gujarat,R04,Consumer,2025-09-14,Partner
C09574,Customer 09574,Male,59,Kolkata,West Bengal,R03,Consumer,2022-04-14,Partner
C09575,Customer 09575,Male,46,Delhi,Delhi,R07,Consumer,2022-09-21,Organic
C09576,Customer 09576,Female,42,Bengaluru,Karnataka,R02,Small Business,2022-08-05,Organic
C09577,Customer 09577,Male,33,Gurugram,Haryana,R01,Consumer,2022-05-23,Referral
C09578,Customer 09578,Male,30,Kolkata,West Bengal,R03,Consumer,2023-05-30,Organic
C09579,Customer 09579,Female,29,Faridabad,Haryana,R01,Corporate,2025-12-31,Email
C09580,Customer 09580,Female,37,Delhi,Delhi,R07,Consumer,2022-02-02,Paid Search
C09581,Customer 09581,Male,24,Kolkata,West Bengal,R03,Consumer,2025-09-26,Organic
C09582,Customer 09582,Male,37,Delhi,Delhi,R07,Small Business,2022-04-21,Email
C09583,Customer 09583,Male,28,Noida,Uttar Pradesh,R07,Small Business,2022-01-24,Organic
C09584,Customer 09584,Male,18,Indore,Madhya Pradesh,R05,Corporate,2022-01-11,Organic
C09585,Customer 09585,Male,28,Bhopal,Madhya Pradesh,R05,Consumer,2025-02-02,Email
C09586,Customer 09586,,48,Raipur,Chhattisgarh,R05,Consumer,2022-09-23,Organic
C09587,Customer 09587,Female,36,Mumbai,Maharashtra,R04,Consumer,2022-06-10,Paid Search
C09588,Customer 09588,Female,18,Bengaluru,Karnataka,R02,Corporate,2025-04-21,Paid Search
C09589,Customer 09589,Male,28,Bhubaneswar,Odisha,R03,Consumer,2024-07-25,
C09590,Customer 09590,Male,44,Faridabad,Haryana,R01,Consumer,2023-05-29,Organic
C09591,Customer 09591,Male,32,Kolkata,West Bengal,R03,Consumer,2025-01-24,Organic
C09592,Customer 09592,Male,40,Delhi,Delhi,R07,Consumer,2025-08-11,Paid Search
C09593,Customer 09593,,31,Kochi,Kerala,R02,Consumer,2024-02-22,Partner
C09594,Customer 09594,Male,37,Hyderabad,Telangana,R02,Consumer,2025-07-16,Referral
C09595,Customer 09595,Female,35,Bengaluru,Karnataka,R02,Consumer,2023-05-19,Referral
C09596,Customer 09596,Female,29,Mysuru,Karnataka,R02,Consumer,2025-06-15,Referral
C09597,Customer 09597,Female,41,Amritsar,Punjab,R01,Consumer,2024-07-27,Email
C09598,Customer 09598,Female,50,Nagpur,Maharashtra,R04,Consumer,2022-11-06,Social
C09599,Customer 09599,Female,39,Patna,Bihar,R03,Consumer,2024-07-06,
C09600,Customer 09600,Female,36,Bengaluru,Karnataka,R02,Small Business,2023-05-16,Social
C09601,Customer 09601,Male,27,Bengaluru,Karnataka,R02,Consumer,2022-04-13,Referral
C09602,Customer 09602,Female,44,Amritsar,Punjab,R01,Consumer,2023-11-16,Organic
C09603,Customer 09603,Male,30,Kolkata,West Bengal,R03,Consumer,2022-04-02,Referral
C09604,Customer 09604,Male,41,Mumbai,Maharashtra,R04,Consumer,2023-09-23,Paid Search
C09605,Customer 09605,Female,43,Amritsar,,R01,Consumer,2025-08-02,Email
C09606,Customer 09606,Female,45,Visakhapatnam,,R02,Consumer,2022-04-27,Email
C09607,Customer 09607,Male,45,Mysuru,Karnataka,R02,Consumer,2024-09-16,Organic
C09608,Customer 09608,Female,45,Mysuru,Karnataka,R02,Small Business,2022-12-16,Paid Search
C09609,Customer 09609,Male,22,Dehradun,Uttarakhand,R01,Small Business,2024-05-19,Partner
C09610,Customer 09610,Female,26,Mumbai,Maharashtra,R04,Consumer,2024-06-25,Organic
C09611,Customer 09611,Female,21,Visakhapatnam,Andhra Pradesh,R02,Consumer,2025-01-14,Referral
C09612,Customer 09612,Male,21,Kolkata,West Bengal,R03,Enterprise,2024-09-15,
C09613,Customer 09613,,50,Hyderabad,Telangana,R02,Consumer,2022-12-31,Social
C09614,Customer 09614,Female,25,Lucknow,Uttar Pradesh,R07,Enterprise,2023-06-17,Partner
C09615,Customer 09615,Male,24,Delhi,Delhi,R07,Small Business,2024-04-17,Referral
C09616,Customer 09616,Female,34,Surat,Gujarat,R04,Consumer,2023-03-10,Paid Search
C09617,Customer 09617,Male,28,Delhi,Delhi,R07,Consumer,2025-05-18,Referral
C09618,Customer 09618,Male,58,Delhi,Delhi,R07,Consumer,2024-05-06,Organic
C09619,Customer 09619,Female,32,Coimbatore,Tamil Nadu,R02,Small Business,2024-09-26,Organic
C09620,Customer 09620,Female,39,Kolkata,West Bengal,R03,Consumer,2024-08-27,Social
C09621,Customer 09621,Male,27,Gurugram,Haryana,R01,Corporate,2023-06-01,Partner
C09622,Customer 09622,Female,18,Patna,Bihar,R03,Consumer,2024-11-04,Referral
C09623,Customer 09623,Male,28,Visakhapatnam,Andhra Pradesh,R02,Small Business,2024-08-04,Social
C09624,Customer 09624,Male,28,Patna,Bihar,R03,Small Business,2025-03-30,Organic
C09625,Customer 09625,Female,28,Bhubaneswar,Odisha,R03,Consumer,2023-05-11,Organic
C09626,Customer 09626,Female,19,Kolkata,West Bengal,R03,Consumer,2024-05-03,Organic
C09627,Customer 09627,Female,36,Lucknow,Uttar Pradesh,R07,Consumer,2025-08-03,Partner
C09628,Customer 09628,Female,32,Mumbai,Maharashtra,R04,Small Business,2023-07-08,Social
C09629,Customer 09629,Female,20,Vijayawada,Andhra Pradesh,R02,Corporate,2025-05-12,Email
C09630,Customer 09630,Male,36,Hyderabad,Telangana,R02,Consumer,2023-05-24,Organic
C09631,Customer 09631,Female,43,Bhubaneswar,Odisha,R03,Small Business,2022-07-09,Social
C09632,Customer 09632,Male,47,Ranchi,Jharkhand,R03,Consumer,2022-02-20,Organic
C09633,Customer 09633,Female,18,Noida,Uttar Pradesh,R07,Consumer,2023-12-20,Partner
C09634,Customer 09634,Female,28,Nagpur,Maharashtra,R04,Small Business,2023-09-01,Organic
C09635,Customer 09635,Female,21,Hyderabad,Telangana,R02,Consumer,2023-01-04,Organic
C09636,Customer 09636,Male,28,Delhi,Delhi,R07,Small Business,2025-06-23,Organic
C09637,Customer 09637,Male,49,Coimbatore,Tamil Nadu,R02,Consumer,2025-05-05,Organic
C09638,Customer 09638,Male,28,Indore,Madhya Pradesh,R05,Corporate,2024-07-06,Paid Search
C09639,Customer 09639,Female,30,Chennai,Tamil Nadu,R02,Consumer,2025-01-29,Partner
C09640,Customer 09640,Male,27,Jodhpur,Rajasthan,R01,Consumer,2024-05-16,Partner
C09641,Customer 09641,Male,51,Kolkata,West Bengal,R03,Consumer,2024-07-30,Social
C09642,Customer 09642,Female,18,Faridabad,Haryana,R01,Small Business,2022-11-23,Email
C09643,Customer 09643,Male,29,Kochi,Kerala,R02,Consumer,2022-01-26,Paid Search
C09644,Customer 09644,Male,26,Delhi,Delhi,R07,Consumer,2024-05-20,Partner
C09645,Customer 09645,Female,18,Raipur,Chhattisgarh,R05,Consumer,2022-06-18,Organic
C09646,Customer 09646,Male,46,Mysuru,Karnataka,R02,Consumer,2022-09-21,Paid Search
C09647,Customer 09647,Male,18,Ahmedabad,Gujarat,R04,Consumer,2024-01-29,Organic
C09648,Customer 09648,Male,30,Mysuru,Karnataka,R02,Corporate,2023-05-14,Partner
C09649,Customer 09649,Female,34,Ludhiana,Punjab,R01,Corporate,2023-07-30,Paid Search
C09650,Customer 09650,Female,27,Surat,Gujarat,R04,Consumer,2024-05-03,Organic
C09651,Customer 09651,Male,18,Raipur,Chhattisgarh,R05,Consumer,2025-05-22,Organic
C09652,Customer 09652,Female,33,Bhopal,Madhya Pradesh,R05,Consumer,2022-03-08,Social
C09653,Customer 09653,Male,27,Faridabad,Haryana,R01,Consumer,2023-02-09,Social
C09654,Customer 09654,Female,43,Hyderabad,Telangana,R02,Small Business,2023-03-31,Referral
C09655,Customer 09655,Male,40,Raipur,Chhattisgarh,R05,Consumer,2022-12-26,Email
C09656,Customer 09656,Female,54,Bhopal,Madhya Pradesh,R05,Small Business,2022-05-10,Referral
C09657,Customer 09657,Female,36,Ahmedabad,Gujarat,R04,Consumer,2023-01-26,Social
C09658,Customer 09658,Female,41,Delhi,Delhi,R07,Corporate,2022-08-28,Social
C09659,Customer 09659,Male,31,Visakhapatnam,Andhra Pradesh,R02,Corporate,2025-07-07,Partner
C09660,Customer 09660,Female,52,Pune,,R04,Corporate,2023-05-30,Paid Search
C09661,Customer 09661,Male,35,Pune,Maharashtra,R04,Corporate,2023-05-19,Paid Search
C09662,Customer 09662,Female,34,Patna,Bihar,R03,Consumer,2024-10-09,Referral
C09663,Customer 09663,Female,40,Kanpur,Uttar Pradesh,R07,Small Business,2024-05-21,Referral
C09664,Customer 09664,Female,29,Bhopal,Madhya Pradesh,R05,Consumer,2023-01-26,Partner
C09665,Customer 09665,Female,30,Delhi,Delhi,R07,Consumer,2023-03-12,Paid Search
C09666,Customer 09666,Female,40,Patna,Bihar,R03,Consumer,2022-01-30,Social
C09667,Customer 09667,Female,42,Ranchi,,R03,Consumer,2022-11-17,Referral
C09668,Customer 09668,Male,41,Dehradun,Uttarakhand,R01,Small Business,2023-08-07,Referral
C09669,Customer 09669,Male,34,Kochi,Kerala,R02,Consumer,2023-09-15,Organic
C09670,Customer 09670,Female,38,Guwahati,Assam,R06,Consumer,2022-11-19,Partner
C09671,Customer 09671,Female,45,Jaipur,Rajasthan,R01,Consumer,2025-06-20,Organic
C09672,Customer 09672,Female,24,Ranchi,Jharkhand,R03,Corporate,2025-02-11,Organic
C09673,Customer 09673,Female,35,Kochi,Kerala,R02,Small Business,2023-10-03,Referral
C09674,Customer 09674,Female,18,Mysuru,Karnataka,R02,Small Business,2025-04-15,Organic
C09675,Customer 09675,Male,42,Mumbai,Maharashtra,R04,Consumer,2023-04-03,Organic
C09676,Customer 09676,Male,27,Gurugram,Haryana,R01,Consumer,2024-09-07,Partner
C09677,Customer 09677,Female,27,Chennai,Tamil Nadu,R02,Consumer,2025-02-26,Referral
C09678,Customer 09678,Male,34,Kolkata,West Bengal,R03,Consumer,2024-06-14,Partner
C09679,Customer 09679,Male,41,Mumbai,Maharashtra,R04,Corporate,2023-04-03,Organic
C09680,Customer 09680,Female,59,Pune,Maharashtra,R04,Enterprise,2024-12-03,Organic
C09681,Customer 09681,,19,Chennai,Tamil Nadu,R02,Consumer,2022-06-06,Organic
C09682,Customer 09682,Male,27,Delhi,Delhi,R07,Consumer,2023-07-04,Organic
C09683,Customer 09683,Female,37,Vijayawada,Andhra Pradesh,R02,Corporate,2025-05-26,Paid Search
C09684,Customer 09684,Male,28,Jodhpur,Rajasthan,R01,Consumer,2024-08-09,Partner
C09685,Customer 09685,Female,43,Faridabad,Haryana,R01,Corporate,2023-06-04,Paid Search
C09686,Customer 09686,Female,33,Delhi,Delhi,R07,Consumer,2023-09-06,Referral
C09687,Customer 09687,Female,44,Raipur,Chhattisgarh,R05,Consumer,2023-08-16,Referral
C09688,Customer 09688,Female,33,Raipur,Chhattisgarh,R05,Consumer,2023-09-20,Organic
C09689,Customer 09689,Male,40,Delhi,Delhi,R07,Consumer,2022-12-03,Organic
C09690,Customer 09690,Male,25,Gurugram,Haryana,R01,Corporate,2025-02-26,Referral
C09691,Customer 09691,Female,54,Ahmedabad,Gujarat,R04,Consumer,2022-05-13,Organic
C09692,Customer 09692,Female,18,Amritsar,Punjab,R01,Consumer,2025-03-01,Paid Search
C09693,Customer 09693,Male,28,Patna,Bihar,R03,Enterprise,2024-03-16,Referral
C09694,Customer 09694,Male,21,Delhi,Delhi,R07,Consumer,2023-08-09,Paid Search
C09695,Customer 09695,Male,43,Bengaluru,Karnataka,R02,Consumer,2025-03-06,Paid Search
C09696,Customer 09696,Male,40,Pune,Maharashtra,R04,Small Business,2025-10-01,Referral
C09697,Customer 09697,Male,23,Ahmedabad,Gujarat,R04,Consumer,2023-09-13,Paid Search
C09698,Customer 09698,Female,45,Surat,,R04,Small Business,2024-03-02,Social
C09699,Customer 09699,Female,28,Gurugram,Haryana,R01,Consumer,2023-10-09,Organic
C09700,Customer 09700,Female,39,Kanpur,Uttar Pradesh,R07,Small Business,2023-12-13,Email
C09701,Customer 09701,Male,41,Delhi,Delhi,R07,Consumer,2023-06-03,Social
C09702,Customer 09702,Male,33,Gurugram,Haryana,R01,Consumer,2024-01-03,Partner
C09703,Customer 09703,Male,44,Ranchi,Jharkhand,R03,Enterprise,2022-02-04,Referral
C09704,Customer 09704,Female,34,Jodhpur,Rajasthan,R01,Consumer,2025-02-12,Social
C09705,Customer 09705,Female,38,Pune,Maharashtra,R04,Consumer,2022-05-15,Social
C09706,Customer 09706,Male,32,Gurugram,Haryana,R01,Consumer,2025-11-14,Paid Search
C09707,Customer 09707,Female,18,Patna,Bihar,R03,Consumer,2023-07-26,Paid Search
C09708,Customer 09708,Female,34,Kochi,Kerala,R02,Consumer,2024-10-05,Referral
C09709,Customer 09709,Male,26,Bhubaneswar,Odisha,R03,Consumer,2022-02-15,Social
C09710,Customer 09710,Female,49,Chennai,Tamil Nadu,R02,Consumer,2023-05-14,Partner
C09711,Customer 09711,Male,21,Indore,Madhya Pradesh,R05,Small Business,2025-10-19,Social
C09712,Customer 09712,Female,47,Nagpur,Maharashtra,R04,Small Business,2024-01-26,Organic
C09713,Customer 09713,Female,33,Raipur,Chhattisgarh,R05,Small Business,2023-10-22,Organic
C09714,Customer 09714,Male,39,Bhopal,Madhya Pradesh,R05,Consumer,2023-03-25,Organic
C09715,Customer 09715,Male,21,Delhi,Delhi,R07,Consumer,2024-10-03,Partner
C09716,Customer 09716,Female,32,Bengaluru,Karnataka,R02,Consumer,2024-08-13,Paid Search
C09717,Customer 09717,Female,28,Noida,Uttar Pradesh,R07,Consumer,2024-02-06,Email
C09718,Customer 09718,Female,56,Delhi,Delhi,R07,Consumer,2025-12-30,Paid Search
C09719,Customer 09719,Male,28,Indore,Madhya Pradesh,R05,Small Business,2024-03-18,Partner
C09720,Customer 09720,Female,47,Delhi,Delhi,R07,Corporate,2025-06-17,Social
C09721,Customer 09721,Male,47,Patna,,R03,Consumer,2023-11-21,Partner
C09722,Customer 09722,Male,46,Dehradun,Uttarakhand,R01,Consumer,2023-11-22,
C09723,Customer 09723,Male,29,Mysuru,,R02,Consumer,2024-05-09,Organic
C09724,Customer 09724,Female,53,Nagpur,Maharashtra,R04,Consumer,2023-05-15,Social
C09725,Customer 09725,Female,55,Chennai,Tamil Nadu,R02,Consumer,2025-02-27,Organic
C09726,Customer 09726,Male,39,Indore,Madhya Pradesh,R05,Small Business,2023-10-24,Organic
C09727,Customer 09727,Female,30,Noida,Uttar Pradesh,R07,Consumer,2023-01-26,Paid Search
C09728,Customer 09728,Female,26,Lucknow,Uttar Pradesh,R07,Consumer,2023-04-08,Paid Search
C09729,Customer 09729,Male,40,Chennai,Tamil Nadu,R02,Small Business,2023-04-26,Social
C09730,Customer 09730,Male,36,Visakhapatnam,Andhra Pradesh,R02,Small Business,2025-12-19,Referral
C09731,Customer 09731,Male,37,Jodhpur,Rajasthan,R01,Small Business,2023-04-13,Partner
C09732,Customer 09732,Male,22,Mumbai,Maharashtra,R04,Consumer,2022-10-22,Social
C09733,Customer 09733,Male,35,Dehradun,Uttarakhand,R01,Consumer,2024-09-27,Email
C09734,Customer 09734,,46,Amritsar,Punjab,R01,Corporate,2025-03-29,Social
C09735,Customer 09735,Male,43,Delhi,Delhi,R07,Small Business,2023-09-09,Paid Search
C09736,Customer 09736,Female,31,Coimbatore,Tamil Nadu,R02,Enterprise,2023-08-29,Paid Search
C09737,Customer 09737,Female,34,Delhi,Delhi,R07,Consumer,2024-06-05,Partner
C09738,Customer 09738,Male,20,Ludhiana,Punjab,R01,Corporate,2024-08-10,Organic
C09739,Customer 09739,Male,28,Chennai,Tamil Nadu,R02,Consumer,2022-06-08,Paid Search
C09740,Customer 09740,Male,32,Hyderabad,Telangana,R02,Consumer,2025-09-10,Referral
C09741,Customer 09741,Female,41,Bengaluru,Karnataka,R02,Consumer,2023-06-30,Paid Search
C09742,Customer 09742,Male,28,Pune,Maharashtra,R04,Consumer,2024-05-15,Organic
C09743,Customer 09743,Female,25,Chennai,Tamil Nadu,R02,Consumer,2022-03-18,Organic
C09744,Customer 09744,Female,43,Hyderabad,,R02,Consumer,2024-06-20,Organic
C09745,Customer 09745,Female,31,Bhopal,Madhya Pradesh,R05,Corporate,2022-06-03,Paid Search
C09746,Customer 09746,Female,27,Bhubaneswar,Odisha,R03,Corporate,2022-02-22,Paid Search
C09747,Customer 09747,Female,43,Hyderabad,Telangana,R02,Consumer,2025-10-28,Partner
C09748,Customer 09748,Female,40,Kochi,Kerala,R02,Corporate,2022-07-08,Email
C09749,Customer 09749,Female,33,Bhopal,Madhya Pradesh,R05,Consumer,2024-12-27,Organic
C09750,Customer 09750,Male,31,Faridabad,Haryana,R01,Consumer,2024-02-29,Organic
C09751,Customer 09751,Female,39,Visakhapatnam,Andhra Pradesh,R02,Enterprise,2022-12-21,Partner
C09752,Customer 09752,Female,40,Kochi,Kerala,R02,Consumer,2023-06-26,Referral
C09753,Customer 09753,Female,37,Mumbai,Maharashtra,R04,Consumer,2022-07-26,Referral
C09754,Customer 09754,Female,36,Delhi,,R07,Corporate,2024-06-08,Social
C09755,Customer 09755,Male,29,Chennai,Tamil Nadu,R02,Consumer,2025-05-01,Organic
C09756,Customer 09756,Female,30,Surat,Gujarat,R04,Consumer,2023-07-16,Organic
C09757,Customer 09757,Female,33,Patna,Bihar,R03,Corporate,2025-09-24,Paid Search
C09758,Customer 09758,Female,25,Mysuru,Karnataka,R02,Corporate,2022-09-13,Paid Search
C09759,Customer 09759,Male,24,Delhi,Delhi,R07,Consumer,2025-10-06,Partner
C09760,Customer 09760,Male,34,Noida,Uttar Pradesh,R07,Small Business,2025-03-10,Organic
C09761,Customer 09761,,45,Guwahati,Assam,R06,Consumer,2022-04-07,Organic
C09762,Customer 09762,Male,18,Delhi,Delhi,R07,Consumer,2025-05-19,Partner
C09763,Customer 09763,Female,31,Patna,Bihar,R03,Consumer,2022-04-04,Partner
C09764,Customer 09764,Male,38,Jodhpur,Rajasthan,R01,Consumer,2025-11-15,Paid Search
C09765,Customer 09765,Female,46,Ahmedabad,Gujarat,R04,Enterprise,2024-09-18,Paid Search
C09766,Customer 09766,Female,53,Mysuru,Karnataka,R02,Corporate,2022-10-21,Social
C09767,Customer 09767,Female,32,Kanpur,Uttar Pradesh,R07,Consumer,2025-08-25,Organic
C09768,Customer 09768,Female,55,Hyderabad,Telangana,R02,Consumer,2023-04-01,Partner
C09769,Customer 09769,Female,40,Kolkata,West Bengal,R03,Consumer,2022-06-23,Organic
C09770,Customer 09770,Male,43,Delhi,Delhi,R07,Corporate,2023-02-15,Organic
C09771,Customer 09771,Male,24,Pune,Maharashtra,R04,Consumer,2025-06-15,Social
C09772,Customer 09772,Female,40,Patna,Bihar,R03,Small Business,2025-09-20,Referral
C09773,Customer 09773,Male,44,Kolkata,West Bengal,R03,Consumer,2025-09-14,
C09774,Customer 09774,Male,28,Mysuru,Karnataka,R02,Consumer,2024-05-22,Referral
C09775,Customer 09775,Female,18,Bhubaneswar,Odisha,R03,Small Business,2022-09-26,Organic
C09776,Customer 09776,Female,36,Faridabad,Haryana,R01,Small Business,2025-09-09,Referral
C09777,Customer 09777,Male,33,Faridabad,Haryana,R01,Consumer,2024-01-31,Organic
C09778,Customer 09778,Female,48,Hyderabad,Telangana,R02,Consumer,2025-07-24,Organic
C09779,Customer 09779,Male,30,Kolkata,West Bengal,R03,Small Business,2022-05-23,Paid Search
C09780,Customer 09780,Male,28,Bhopal,Madhya Pradesh,R05,Corporate,2022-12-25,Organic
C09781,Customer 09781,Male,23,Ludhiana,Punjab,R01,Corporate,2022-11-30,Paid Search
C09782,Customer 09782,Male,29,Bengaluru,Karnataka,R02,Corporate,2023-09-18,Email
C09783,Customer 09783,Male,62,Hyderabad,Telangana,R02,Small Business,2025-05-27,Organic
C09784,Customer 09784,Female,19,Lucknow,Uttar Pradesh,R07,Consumer,2023-08-28,Social
C09785,Customer 09785,Male,22,Bengaluru,Karnataka,R02,Consumer,2024-06-07,Organic
C09786,Customer 09786,Male,34,Hyderabad,Telangana,R02,Consumer,2023-12-13,Social
C09787,Customer 09787,Male,55,Kanpur,,R07,Corporate,2025-10-28,Social
C09788,Customer 09788,Male,42,Pune,Maharashtra,R04,Consumer,2025-12-28,Organic
C09789,Customer 09789,Female,51,Kanpur,Uttar Pradesh,R07,Consumer,2025-06-23,Email
C09790,Customer 09790,Male,31,Kochi,Kerala,R02,Corporate,2022-09-11,Social
C09791,Customer 09791,Female,21,Noida,Uttar Pradesh,R07,Consumer,2025-05-31,Partner
C09792,Customer 09792,Male,31,Gurugram,Haryana,R01,Enterprise,2025-02-02,Partner
C09793,Customer 09793,Male,34,Delhi,Delhi,R07,Consumer,2023-06-01,Organic
C09794,Customer 09794,Female,35,Delhi,Delhi,R07,Corporate,2022-11-29,Partner
C09795,Customer 09795,Female,33,Ludhiana,Punjab,R01,Consumer,2025-12-15,Referral
C09796,Customer 09796,,41,Chennai,Tamil Nadu,R02,Consumer,2024-12-16,Paid Search
C09797,Customer 09797,Male,28,Delhi,Delhi,R07,Consumer,2023-01-13,Email
C09798,Customer 09798,Male,26,Jodhpur,Rajasthan,R01,Consumer,2022-10-24,Paid Search
C09799,Customer 09799,Female,23,Delhi,Delhi,R07,Small Business,2024-05-17,Social
C09800,Customer 09800,Female,37,Pune,Maharashtra,R04,Corporate,2024-02-10,Paid Search
C09801,Customer 09801,Male,36,Delhi,Delhi,R07,Consumer,2025-04-26,Email
C09802,Customer 09802,Female,46,Coimbatore,Tamil Nadu,R02,Consumer,2024-09-02,
C09803,Customer 09803,Male,50,Kolkata,West Bengal,R03,Enterprise,2025-03-29,Organic
C09804,Customer 09804,,23,Patna,Bihar,R03,Consumer,2023-09-23,Social
C09805,Customer 09805,Male,35,Kanpur,Uttar Pradesh,R07,Small Business,2025-11-17,Organic
C09806,Customer 09806,Male,33,Guwahati,Assam,R06,Consumer,2025-11-12,Partner
C09807,Customer 09807,Female,20,Kolkata,West Bengal,R03,Consumer,2025-10-12,Organic
C09808,Customer 09808,Female,30,Delhi,Delhi,R07,Consumer,2024-10-27,Organic
C09809,Customer 09809,Female,51,Ahmedabad,Gujarat,R04,Consumer,2023-07-03,
C09810,Customer 09810,Female,29,Bhubaneswar,Odisha,R03,Small Business,2022-08-18,Referral
C09811,Customer 09811,Female,27,Nagpur,Maharashtra,R04,Corporate,2024-03-29,Paid Search
C09812,Customer 09812,Male,34,Mumbai,Maharashtra,R04,Corporate,2023-06-28,Social
C09813,Customer 09813,Male,44,Hyderabad,Telangana,R02,Corporate,2022-09-04,Email
C09814,Customer 09814,Female,32,Delhi,Delhi,R07,Corporate,2023-04-04,Organic
C09815,Customer 09815,Male,36,Ranchi,Jharkhand,R03,Small Business,2025-03-17,Paid Search
C09816,Customer 09816,Male,18,Amritsar,Punjab,R01,Corporate,2023-03-08,Social
C09817,Customer 09817,Male,41,Delhi,Delhi,R07,Small Business,2022-05-25,Referral
C09818,Customer 09818,Female,37,Delhi,Delhi,R07,Consumer,2022-11-06,Social
C09819,Customer 09819,Male,44,Nagpur,Maharashtra,R04,Consumer,2022-09-18,Social
C09820,Customer 09820,Female,18,Guwahati,Assam,R06,Consumer,2022-09-29,Referral
C09821,Customer 09821,Female,32,Bhopal,Madhya Pradesh,R05,Consumer,2023-09-20,Organic
C09822,Customer 09822,Male,45,Kochi,Kerala,R02,Consumer,2025-06-25,Paid Search
C09823,Customer 09823,Male,29,Bengaluru,Karnataka,R02,Consumer,2023-06-30,Social
C09824,Customer 09824,Female,36,Ahmedabad,Gujarat,R04,Consumer,2025-12-16,Paid Search
C09825,Customer 09825,Female,31,Mumbai,Maharashtra,R04,Consumer,2025-06-20,Partner
C09826,Customer 09826,Female,31,Delhi,Delhi,R07,Small Business,2022-08-22,Partner
C09827,Customer 09827,Male,47,Kochi,Kerala,R02,Small Business,2024-06-01,Paid Search
C09828,Customer 09828,Female,21,Bengaluru,Karnataka,R02,Consumer,2025-03-02,Organic
C09829,Customer 09829,Female,34,Surat,Gujarat,R04,Enterprise,2024-11-04,Organic
C09830,Customer 09830,Male,38,Mysuru,Karnataka,R02,Enterprise,2022-11-29,Paid Search
C09831,Customer 09831,Female,44,Bhubaneswar,Odisha,R03,Small Business,2024-11-04,Partner
C09832,Customer 09832,Male,34,Noida,Uttar Pradesh,R07,Consumer,2024-02-02,Organic
C09833,Customer 09833,Female,45,Kolkata,West Bengal,R03,Consumer,2022-12-08,Paid Search
C09834,Customer 09834,Female,34,Kolkata,West Bengal,R03,Consumer,2022-10-16,Social
C09835,Customer 09835,Male,36,Raipur,Chhattisgarh,R05,Corporate,2023-06-30,
C09836,Customer 09836,Male,36,Delhi,Delhi,R07,Corporate,2023-02-01,Referral
C09837,Customer 09837,Male,42,Gurugram,Haryana,R01,Corporate,2024-03-03,Referral
C09838,Customer 09838,Female,40,Bengaluru,Karnataka,R02,Small Business,2023-08-24,Email
C09839,Customer 09839,Female,24,Raipur,Chhattisgarh,R05,Enterprise,2022-06-22,Social
C09840,Customer 09840,Male,37,Ranchi,Jharkhand,R03,Consumer,2024-10-27,Organic
C09841,Customer 09841,Other,40,Chennai,Tamil Nadu,R02,Small Business,2022-04-01,Referral
C09842,Customer 09842,Male,50,Amritsar,Punjab,R01,Small Business,2023-11-24,Social
C09843,Customer 09843,Male,25,Amritsar,Punjab,R01,Consumer,2022-03-20,Organic
C09844,Customer 09844,Male,40,Hyderabad,Telangana,R02,Small Business,2025-03-29,Email
C09845,Customer 09845,Female,32,Amritsar,Punjab,R01,Consumer,2023-04-17,Referral
C09846,Customer 09846,Female,37,Mysuru,Karnataka,R02,Consumer,2022-05-22,Paid Search
C09847,Customer 09847,Female,24,Indore,Madhya Pradesh,R05,Enterprise,2022-12-27,Partner
C09848,Customer 09848,Female,35,Mumbai,Maharashtra,R04,Consumer,2024-04-15,Referral
C09849,Customer 09849,Male,38,Nagpur,Maharashtra,R04,Consumer,2025-02-17,Partner
C09850,Customer 09850,Male,25,Delhi,Delhi,R07,Enterprise,2022-06-05,Referral
C09851,Customer 09851,Female,49,Noida,Uttar Pradesh,R07,Consumer,2023-04-12,Referral
C09852,Customer 09852,Male,20,Kolkata,West Bengal,R03,Consumer,2022-06-22,Organic
C09853,Customer 09853,Female,40,Nagpur,Maharashtra,R04,Consumer,2022-12-22,Paid Search
C09854,Customer 09854,Male,18,Faridabad,Haryana,R01,Consumer,2023-03-28,Referral
C09855,Customer 09855,,32,Gurugram,Haryana,R01,Consumer,2024-05-10,Email
C09856,Customer 09856,Male,40,Delhi,Delhi,R07,Consumer,2022-06-03,Partner
C09857,Customer 09857,Male,42,Hyderabad,Telangana,R02,Small Business,2024-06-09,Organic
C09858,Customer 09858,Other,34,Chennai,Tamil Nadu,R02,Consumer,2025-02-06,Referral
C09859,Customer 09859,Male,33,Mysuru,Karnataka,R02,Consumer,2025-10-13,Organic
C09860,Customer 09860,Female,41,Mysuru,Karnataka,R02,Consumer,2024-01-12,Referral
C09861,Customer 09861,Male,45,Gurugram,Haryana,R01,Consumer,2023-12-08,Paid Search
C09862,Customer 09862,Female,49,Mysuru,Karnataka,R02,Corporate,2024-07-30,Social
C09863,Customer 09863,Female,22,Delhi,Delhi,R07,Consumer,2025-12-28,Social
C09864,Customer 09864,Male,33,Kochi,Kerala,R02,Consumer,2022-03-24,Partner
C09865,Customer 09865,Male,18,Delhi,Delhi,R07,Consumer,2022-09-23,Referral
C09866,Customer 09866,Male,21,Ahmedabad,Gujarat,R04,Consumer,2022-11-25,Organic
C09867,Customer 09867,Female,150,Delhi,Delhi,R07,Consumer,2022-09-29,Referral
C09868,Customer 09868,Male,44,Bhubaneswar,Odisha,R03,Consumer,2024-02-04,Referral
C09869,Customer 09869,Male,30,Faridabad,Haryana,R01,Consumer,2022-03-13,Paid Search
C09870,Customer 09870,Female,32,Kochi,Kerala,R02,Consumer,2022-04-30,Organic
C09871,Customer 09871,Female,38,Delhi,Delhi,R07,Consumer,2024-09-03,Partner
C09872,Customer 09872,Male,28,Indore,Madhya Pradesh,R05,Small Business,2022-08-23,Organic
C09873,Customer 09873,Male,18,Hyderabad,Telangana,R02,Consumer,2023-04-29,Organic
C09874,Customer 09874,Female,28,Lucknow,Uttar Pradesh,R07,Consumer,2022-02-01,Social
C09875,Customer 09875,Male,34,Ludhiana,Punjab,R01,Corporate,2025-01-22,Paid Search
C09876,Customer 09876,Female,40,Mumbai,Maharashtra,R04,Consumer,2025-08-24,Social
C09877,Customer 09877,Male,33,Indore,Madhya Pradesh,R05,Consumer,2024-10-01,Organic
C09878,Customer 09878,Other,40,Raipur,Chhattisgarh,R05,Consumer,2023-09-23,Paid Search
C09879,Customer 09879,Female,44,Ludhiana,Punjab,R01,Consumer,2023-08-05,Paid Search
C09880,Customer 09880,Female,46,Nagpur,Maharashtra,R04,Consumer,2022-03-07,Social
C09881,Customer 09881,Female,37,Lucknow,Uttar Pradesh,R07,Consumer,2023-01-08,Organic
C09882,Customer 09882,Other,24,Gurugram,,R01,Small Business,2023-11-04,Paid Search
C09883,Customer 09883,Female,23,Hyderabad,Telangana,R02,Corporate,2022-03-15,Referral
C09884,Customer 09884,Female,23,Nagpur,Maharashtra,R04,Consumer,2025-07-20,Referral
C09885,Customer 09885,Female,24,Kanpur,Uttar Pradesh,R07,Small Business,2024-06-29,
C09886,Customer 09886,Male,36,Raipur,Chhattisgarh,R05,Consumer,2022-10-05,Social
C09887,Customer 09887,Female,54,Patna,Bihar,R03,Consumer,2025-07-14,Paid Search
C09888,Customer 09888,Female,37,Bhubaneswar,Odisha,R03,Consumer,2022-12-14,Organic
C09889,Customer 09889,Female,34,Delhi,Delhi,R07,Small Business,2024-08-20,Paid Search
C09890,Customer 09890,Female,45,Kochi,Kerala,R02,Consumer,2025-12-06,Referral
C09891,Customer 09891,Female,27,Chennai,Tamil Nadu,R02,Small Business,2023-06-18,Partner
C09892,Customer 09892,,45,Bengaluru,Karnataka,R02,Corporate,2025-06-01,Organic
C09893,Customer 09893,Female,45,Delhi,,R07,Consumer,2025-09-12,Paid Search
C09894,Customer 09894,Female,36,Kochi,Kerala,R02,Consumer,2024-03-12,Partner
C09895,Customer 09895,Male,56,Bengaluru,Karnataka,R02,Consumer,2024-08-08,Social
C09896,Customer 09896,Male,46,Bhopal,Madhya Pradesh,R05,Corporate,2022-09-29,Partner
C09897,Customer 09897,Female,35,Hyderabad,Telangana,R02,Consumer,2025-05-13,Referral
C09898,Customer 09898,Male,34,Bhopal,Madhya Pradesh,R05,Consumer,2022-11-17,Partner
C09899,Customer 09899,Female,31,Kolkata,West Bengal,R03,Consumer,2023-03-06,Referral
C09900,Customer 09900,Female,34,Kochi,Kerala,R02,Small Business,2025-06-12,Organic
C09901,Customer 09901,Male,34,Lucknow,Uttar Pradesh,R07,Corporate,2022-10-30,Email
C09902,Customer 09902,Female,32,Ludhiana,Punjab,R01,Consumer,2024-09-13,Organic
C09903,Customer 09903,Female,33,Kolkata,,R03,Consumer,2023-06-20,Referral
C09904,Customer 09904,Other,23,Bengaluru,Karnataka,R02,Consumer,2023-05-28,Paid Search
C09905,Customer 09905,Male,29,Chennai,Tamil Nadu,R02,Consumer,2025-08-26,Referral
C09906,Customer 09906,Male,19,Kolkata,West Bengal,R03,Consumer,2022-02-07,Organic
C09907,Customer 09907,Female,39,Mysuru,Karnataka,R02,Corporate,2024-12-31,Organic
C09908,Customer 09908,Female,36,Bhubaneswar,Odisha,R03,Consumer,2022-07-18,Organic
C09909,Customer 09909,Female,34,Nagpur,Maharashtra,R04,Consumer,2025-03-16,Paid Search
C09910,Customer 09910,Female,44,Raipur,Chhattisgarh,R05,Consumer,2024-12-01,Organic
C09911,Customer 09911,Male,26,Faridabad,Haryana,R01,Consumer,2024-06-22,Organic
C09912,Customer 09912,Male,28,Hyderabad,Telangana,R02,Consumer,2024-08-05,Partner
C09913,Customer 09913,Female,20,Kochi,Kerala,R02,Corporate,2022-01-28,Referral
C09914,Customer 09914,Male,45,Noida,Uttar Pradesh,R07,Consumer,2023-06-09,Social
C09915,Customer 09915,Female,41,Pune,Maharashtra,R04,Consumer,2024-12-01,Referral
C09916,Customer 09916,Female,48,Jodhpur,Rajasthan,R01,Consumer,2024-05-14,Paid Search
C09917,Customer 09917,,51,Chennai,Tamil Nadu,R02,Corporate,2022-10-16,Referral
C09918,Customer 09918,Female,31,Surat,Gujarat,R04,Small Business,2025-01-08,Social
C09919,Customer 09919,Male,28,Faridabad,Haryana,R01,Small Business,2023-03-07,Organic
C09920,Customer 09920,Male,18,Kochi,Kerala,R02,Small Business,2024-07-29,Referral
C09921,Customer 09921,Female,24,Ludhiana,Punjab,R01,Small Business,2024-07-17,Partner
C09922,Customer 09922,Female,32,Mysuru,Karnataka,R02,Small Business,2022-12-16,Organic
C09923,Customer 09923,Female,18,Chennai,Tamil Nadu,R02,Consumer,2022-03-13,Organic
C09924,Customer 09924,Male,24,Delhi,,R07,Corporate,2025-10-22,Referral
C09925,Customer 09925,Female,34,Delhi,Delhi,R07,Corporate,2025-01-08,Organic
C09926,Customer 09926,Male,44,Ranchi,Jharkhand,R03,Consumer,2022-02-04,Paid Search
C09927,Customer 09927,Male,28,Hyderabad,Telangana,R02,Consumer,2022-10-11,Organic
C09928,Customer 09928,Other,36,Delhi,Delhi,R07,Small Business,2024-03-23,Organic
C09929,Customer 09929,Male,54,Bhubaneswar,Odisha,R03,Consumer,2025-07-17,Referral
C09930,Customer 09930,Male,18,Bengaluru,Karnataka,R02,Consumer,2022-11-23,Partner
C09931,Customer 09931,Male,46,Delhi,Delhi,R07,Consumer,2024-02-08,Social
C09932,Customer 09932,Female,39,Kolkata,West Bengal,R03,Consumer,2024-10-30,Email
C09933,Customer 09933,Male,48,Bengaluru,Karnataka,R02,Consumer,2025-07-05,Organic
C09934,Customer 09934,Male,45,Amritsar,Punjab,R01,Consumer,2024-03-31,Organic
C09935,Customer 09935,Male,28,Guwahati,Assam,R06,Consumer,2023-09-03,Paid Search
C09936,Customer 09936,Female,35,Jodhpur,Rajasthan,R01,Consumer,2022-10-13,Organic
C09937,Customer 09937,Male,20,Jaipur,Rajasthan,R01,Consumer,2024-03-13,Social
C09938,Customer 09938,Female,30,Jodhpur,Rajasthan,R01,Consumer,2024-01-10,Partner
C09939,Customer 09939,Female,35,Bhubaneswar,Odisha,R03,Consumer,2025-07-21,Organic
C09940,Customer 09940,Female,38,Kolkata,West Bengal,R03,Consumer,2024-01-30,Partner
C09941,Customer 09941,Male,43,Kochi,Kerala,R02,Corporate,2025-01-31,Social
C09942,Customer 09942,Female,51,Lucknow,Uttar Pradesh,R07,Consumer,2023-09-07,Organic
C09943,Customer 09943,Male,31,Bhubaneswar,Odisha,R03,Small Business,2024-01-01,Social
C09944,Customer 09944,Male,46,Coimbatore,Tamil Nadu,R02,Corporate,2022-03-03,Social
C09945,Customer 09945,Female,38,Pune,Maharashtra,R04,Consumer,2023-12-25,Referral
C09946,Customer 09946,Male,22,Delhi,Delhi,R07,Consumer,2022-10-30,Referral
C09947,Customer 09947,Male,33,Bhopal,Madhya Pradesh,R05,Consumer,2023-04-19,Referral
C09948,Customer 09948,Male,36,Kanpur,Uttar Pradesh,R07,Consumer,2025-11-16,Referral
C09949,Customer 09949,Male,27,Hyderabad,Telangana,R02,Small Business,2024-09-17,Social
C09950,Customer 09950,Male,25,Bengaluru,Karnataka,R02,Corporate,2022-10-03,Organic
C09951,Customer 09951,Male,24,Delhi,Delhi,R07,Small Business,2024-03-24,Partner
C09952,Customer 09952,Female,30,Dehradun,Uttarakhand,R01,Corporate,2023-11-02,Organic
C09953,Customer 09953,Male,26,Indore,Madhya Pradesh,R05,Small Business,2025-01-05,Social
C09954,Customer 09954,Male,47,Mysuru,Karnataka,R02,Small Business,2023-03-06,Email
C09955,Customer 09955,Female,18,Kolkata,West Bengal,R03,Consumer,2024-07-27,Organic
C09956,Customer 09956,Female,36,Bengaluru,Karnataka,R02,Consumer,2025-01-10,Paid Search
C09957,Customer 09957,Female,40,Patna,Bihar,R03,Consumer,2024-11-18,Organic
C09958,Customer 09958,Male,25,Faridabad,Haryana,R01,Consumer,2024-04-24,Organic
C09959,Customer 09959,Male,33,Ahmedabad,Gujarat,R04,Consumer,2022-01-29,Referral
C09960,Customer 09960,Male,32,Nagpur,Maharashtra,R04,Consumer,2024-11-11,Partner
C09961,Customer 09961,Female,34,Surat,Gujarat,R04,Small Business,2025-11-05,Paid Search
C09962,Customer 09962,Female,42,Surat,Gujarat,R04,Consumer,2024-07-19,Email
C09963,Customer 09963,Male,41,Gurugram,Haryana,R01,Small Business,2024-05-11,Social
C09964,Customer 09964,Female,29,Ranchi,Jharkhand,R03,Consumer,2024-01-06,Email
C09965,Customer 09965,Male,20,Delhi,Delhi,R07,Consumer,2022-05-08,Email
C09966,Customer 09966,Male,37,Delhi,Delhi,R07,Small Business,2025-11-04,Referral
C09967,Customer 09967,Male,28,Pune,Maharashtra,R04,Consumer,2023-07-01,Paid Search
C09968,Customer 09968,Other,30,Chennai,Tamil Nadu,R02,Corporate,2024-10-24,Social
C09969,Customer 09969,Male,37,Ludhiana,Punjab,R01,Small Business,2024-03-10,Referral
C09970,Customer 09970,Male,31,Bengaluru,Karnataka,R02,Consumer,2024-10-03,Partner
C09971,Customer 09971,Female,38,Kolkata,West Bengal,R03,Consumer,2022-04-29,Social
C09972,Customer 09972,Male,60,Delhi,Delhi,R07,Consumer,2024-10-05,Partner
C09973,Customer 09973,Other,42,Dehradun,Uttarakhand,R01,Consumer,2024-03-19,Paid Search
C09974,Customer 09974,Male,48,Mumbai,Maharashtra,R04,Enterprise,2023-11-13,Referral
C09975,Customer 09975,Female,40,Hyderabad,Telangana,R02,Small Business,2024-12-27,Social
C09976,Customer 09976,Male,36,Faridabad,,R01,Consumer,2024-07-27,Organic
C09977,Customer 09977,Male,40,Kolkata,West Bengal,R03,Corporate,2025-01-09,Social
C09978,Customer 09978,Female,40,Bhopal,Madhya Pradesh,R05,Small Business,2024-06-02,Email
C09979,Customer 09979,Female,44,Gurugram,Haryana,R01,Consumer,2025-02-19,Referral
C09980,Customer 09980,Male,36,Faridabad,Haryana,R01,Consumer,2025-07-21,Social
C09981,Customer 09981,Male,22,Jodhpur,Rajasthan,R01,Small Business,2025-04-04,Email
C09982,Customer 09982,Male,20,Delhi,Delhi,R07,Corporate,2025-12-01,Partner
C09983,Customer 09983,Male,40,Dehradun,Uttarakhand,R01,Consumer,2024-02-26,Organic
C09984,Customer 09984,Female,24,Coimbatore,Tamil Nadu,R02,Consumer,2023-12-07,Organic
C09985,Customer 09985,Female,42,Chennai,Tamil Nadu,R02,Consumer,2022-04-13,Partner
C09986,Customer 09986,Female,48,Visakhapatnam,Andhra Pradesh,R02,Corporate,2024-05-27,Organic
C09987,Customer 09987,Male,33,Indore,Madhya Pradesh,R05,Corporate,2024-09-23,Email
C09988,Customer 09988,Female,47,Bhopal,Madhya Pradesh,R05,Consumer,2023-03-01,Social
C09989,Customer 09989,Female,38,Mumbai,Maharashtra,R04,Small Business,2022-03-01,Paid Search
C09990,Customer 09990,Male,35,Pune,Maharashtra,R04,Consumer,2025-05-20,Referral
C09991,Customer 09991,Male,36,Jaipur,Rajasthan,R01,Corporate,2022-07-04,Referral
C09992,Customer 09992,Female,27,Mumbai,Maharashtra,R04,Corporate,2024-11-04,Organic
C09993,Customer 09993,Female,25,Pune,Maharashtra,R04,Consumer,2025-11-25,Organic
C09994,Customer 09994,Male,19,Gurugram,Haryana,R01,Consumer,2025-09-11,Email
C09995,Customer 09995,Female,28,Mumbai,Maharashtra,R04,Consumer,2022-11-15,Referral
C09996,Customer 09996,Female,56,Surat,Gujarat,R04,Small Business,2024-06-02,Organic
C09997,Customer 09997,Female,20,Pune,Maharashtra,R04,Corporate,2025-10-06,Organic
C09998,Customer 09998,Other,23,Gurugram,,R01,Consumer,2024-11-01,Referral
C09999,Customer 09999,Male,27,Mumbai,Maharashtra,R04,Enterprise,2023-02-24,Social
C10000,Customer 10000,Male,27,Bengaluru,Karnataka,R02,Small Business,2022-05-20,Email
