product_id,product_name,category,subcategory,brand,unit_cost,standard_price,supplier_id,launch_date
P00001,Home Appliances Product 0001,Home Appliances,Cleaning,Apex,1400.0,423.89,S0296,2023-04-08
P00002,Office Supplies Product 0002,,Printing,TechOne,159.4,268.65,S0004,2024-09-28
P00003,Home Appliances Product 0003,Home Appliances,Kitchen,HomePro,2633.96,4640.93,S0110,2021-03-08
P00004,Clothing Product 0004,Clothing,Women,Apex,9600.41,13528.11,S0222,2024-08-17
P00005,Electronics Product 0005,,Accessories,Prime,501.53,745.7,S0150,2022-02-17
P00006,Accessories Product 0006,Accessories,Travel,Vertex,238.83,320.43,S0238,2024-06-30
P00007,Home Appliances Product 0007,Home Appliances,Cleaning,Urbanix,86.78,128.14,S0143,2023-06-30
P00008,Home Appliances Product 0008,Home Appliances,Cooling,HomePro,656.74,940.08,S0020,2021-02-17
P00009,Electronics Product 0009,Electronics,Laptops,Nova,633.33,874.55,S0131,2024-10-22
P00010,Office Supplies Product 0010,Office Supplies,Stationery,Nova,448.1,625.64,S0122,2022-04-20
P00011,Furniture Product 0011,Furniture,Desks,Prime,1025.4,1497.35,S0254,2025-10-04
P00012,Accessories Product 0012,Accessories,Travel,TechOne,1352.95,1781.57,S0045,2025-03-13
P00013,Clothing Product 0013,Clothing,Kids,HomePro,1250.29,1657.66,S0047,2021-12-18
P00014,Home Appliances Product 0014,Home Appliances,Cleaning,Apex,489.22,874.76,S0043,2024-01-02
P00015,Office Supplies Product 0015,Office Supplies,Paper,Apex,183.03,398.8,S0171,2022-10-23
P00016,Furniture Product 0016,furniture,Chairs,Nova,1986.05,2335.33,S0299,2024-01-05
P00017,Office Supplies Product 0017,Office Supplies,Paper,Urbanix,1040.07,1215.11,S0186,2023-10-14
P00018,Electronics Product 0018,Electronics,Laptops,Nova,2408.91,2917.36,S0245,2022-06-25
P00019,Home Appliances Product 0019,Home Appliances,Kitchen,TechOne,1957.64,2644.28,S0256,2024-04-03
P00020,Clothing Product 0020,Clothing,Kids,TechOne,185.43,289.55,S0181,2022-04-20
P00021,Home Appliances Product 0021,Home Appliances,Kitchen,Urbanix,0.0,285.96,S0183,2025-07-14
P00022,Furniture Product 0022,Furniture,Chairs,Urbanix,401.81,563.71,S0073,2025-09-24
P00023,Accessories Product 0023,Accessories,Personal Accessories,Urbanix,282.56,417.3,S0289,2021-10-30
P00024,Accessories Product 0024,Accessories,Watches,ValueMax,2041.0,2553.78,S0237,2024-08-21
P00025,Home Appliances Product 0025,Home Appliances,Cleaning,Prime,1286.36,1705.11,S0262,2025-08-24
P00026,Electronics Product 0026,Electronics,Laptops,TechOne,2636.74,3602.06,S0296,2021-08-20
P00027,Office Supplies Product 0027,Office Supplies,Stationery,Prime,1584.86,1783.91,S0105,2024-09-11
P00028,Electronics Product 0028,Electronics,Mobiles,HomePro,1250.94,1478.42,S0044,2025-09-08
P00029,Electronics Product 0029,Electronics,Audio,Apex,3354.36,3983.06,S0258,2022-02-15
P00030,Clothing Product 0030,Clothing,Women,Urbanix,1254.54,1919.47,S0142,2023-11-29
P00031,Home Appliances Product 0031,Home Appliances,Cooling,ValueMax,906.22,1284.57,S0288,2024-12-27
P00032,Accessories Product 0032,Accessories,Personal Accessories,HomePro,3527.69,5273.92,S0209,2022-09-01
P00033,Furniture Product 0033,Furniture,Desks,TechOne,1230.65,1346.49,S0078,2022-03-11
P00034,Furniture Product 0034,Furniture,Desks,ValueMax,777.46,885.13,S0107,2022-12-26
P00035,Office Supplies Product 0035,Office Supplies,Paper,Vertex,344.57,519.18,S0184,2022-09-05
P00036,Electronics Product 0036,Electronics,Laptops,Nova,2326.88,2423.83,S0119,2024-08-16
P00037,Electronics Product 0037,Electronics,Audio,Apex,1100.0,4134.52,S0085,2022-11-08
P00038,Office Supplies Product 0038,Office Supplies,Writing,Urbanix,1040.8,1140.81,S0063,2022-11-18
P00039,Furniture Product 0039,Furniture,Desks,Prime,2865.56,4438.15,S0195,2025-09-20
P00040,Clothing Product 0040,Clothing,Women,Vertex,137.04,167.35,S0011,2023-11-23
P00041,Office Supplies Product 0041,Office Supplies,Paper,Prime,709.67,1135.27,S0029,2025-08-24
P00042,Home Appliances Product 0042,Home Appliances,Cooling,Prime,518.78,1152.84,S0013,2024-07-20
P00043,Clothing Product 0043,Clothing,Footwear,Urbanix,555.27,580.03,S0221,2025-06-04
P00044,Furniture Product 0044,Furniture,Chairs,HomePro,8596.6,13016.04,S0009,2021-12-23
P00045,Home Appliances Product 0045,Home Appliances,Cleaning,Apex,1022.97,1123.14,S0126,2025-09-09
P00046,Home Appliances Product 0046,Home Appliances,Kitchen,Prime,548.61,798.19,S0037,2025-09-20
P00047,Office Supplies Product 0047,Office Supplies,Paper,Nova,924.5,1231.56,S0177,2021-03-16
P00048,Furniture Product 0048,Furniture,Chairs,Apex,116.12,161.95,S0011,2022-10-13
P00049,Clothing Product 0049,Clothing,Women,Vertex,460.9,561.27,S0008,2023-01-25
P00050,Electronics Product 0050,Electronics,Mobiles,Urbanix,2091.26,3207.72,S0124,2023-02-05
P00051,Electronics Product 0051,Electronics,Mobiles,Prime,559.7,639.78,S0209,2024-11-21
P00052,Electronics Product 0052,Electronics,Mobiles,Vertex,317.37,523.85,S0033,2024-06-28
P00053,Home Appliances Product 0053,Home Appliances,Small Appliances,Prime,3426.99,4445.3,S0149,2022-01-24
P00054,Clothing Product 0054,Clothing,Footwear,Urbanix,3989.33,4584.02,S0244,2024-01-17
P00055,Clothing Product 0055,Clothing,Men,TechOne,1148.07,2012.37,S0188,2025-11-14
P00056,Home Appliances Product 0056,Home Appliances,Cleaning,TechOne,560.84,761.25,S0226,2023-03-15
P00057,Office Supplies Product 0057,Office Supplies,Printing,Nova,509.28,944.45,S0095,2025-08-21
P00058,Clothing Product 0058,Clothing,Kids,Apex,326.4,536.96,S0283,2024-03-31
P00059,Electronics Product 0059,Electronics,Laptops,HomePro,359.37,443.77,S0044,2025-08-16
P00060,Electronics Product 0060,Electronics,Audio,Prime,311.85,422.28,S0182,2025-07-06
P00061,Clothing Product 0061,Clothing,Men,Prime,464.33,646.79,S0131,2021-01-31
P00062,Office Supplies Product 0062,Office Supplies,Stationery,TechOne,246.18,426.39,S0010,2024-12-31
P00063,Clothing Product 0063,Clothing,Kids,Prime,172.41,251.23,S0284,2021-12-12
P00064,Home Appliances Product 0064,Home Appliances,Cooling,Nova,1064.57,1494.4,S0211,2025-02-13
P00065,Clothing Product 0065,Clothing,Footwear,Urbanix,1137.94,1517.28,S0069,2025-01-14
P00066,Office Supplies Product 0066,Office Supplies,Paper,Urbanix,4832.22,6573.95,S0016,2022-04-17
P00067,Office Supplies Product 0067,Office Supplies,Printing,Prime,368.76,615.07,S0203,2021-05-01
P00068,Furniture Product 0068,Furniture,Desks,Vertex,1177.28,1613.53,S0164,2023-02-05
P00069,Electronics Product 0069,Electronics,Audio,Vertex,1262.4,1640.55,S0015,2022-07-07
P00070,Office Supplies Product 0070,Office Supplies,Stationery,ValueMax,732.17,930.98,S0296,2023-10-08
P00071,Electronics Product 0071,Electronics,Laptops,Vertex,1983.9,2526.05,S0216,2021-05-30
P00072,Office Supplies Product 0072,Office Supplies,Printing,HomePro,2267.17,2605.31,S0139,2021-03-22
P00073,Home Appliances Product 0073,Home Appliances,Small Appliances,HomePro,1340.27,1664.85,S0072,2023-03-09
P00074,Furniture Product 0074,Furniture,Home Office,Apex,539.15,929.31,S0082,2024-11-05
P00075,Electronics Product 0075,Electronics,Mobiles,ValueMax,630.01,839.28,S0136,2022-07-29
P00076,Furniture Product 0076,Furniture,Chairs,Nova,201.57,305.61,S0018,2022-08-14
P00077,Furniture Product 0077,Furniture,Home Office,Urbanix,514.57,536.01,S0111,2021-10-27
P00078,Clothing Product 0078,Clothing,Kids,Vertex,433.68,644.24,S0066,2022-05-31
P00079,Office Supplies Product 0079,Office Supplies,Stationery,Apex,290.98,389.98,S0034,2022-06-30
P00080,Home Appliances Product 0080,Home Appliances,Small Appliances,HomePro,1449.77,1863.11,S0038,2022-04-19
P00081,Clothing Product 0081,Clothing,Footwear,ValueMax,2826.78,3970.73,S0104,2022-09-20
P00082,Office Supplies Product 0082,Office Supplies,Paper,Prime,377.29,483.97,S0115,2022-06-02
P00083,Home Appliances Product 0083,Home Appliances,Small Appliances,Vertex,1501.44,1593.23,S0106,2024-05-27
P00084,Electronics Product 0084,Electronics,Accessories,ValueMax,272.11,426.65,S0207,2022-09-09
P00085,Electronics Product 0085,Electronics,Audio,HomePro,624.27,884.62,S0157,2024-10-09
P00086,Electronics Product 0086,Electronics,Audio,TechOne,458.12,601.69,S0058,2024-01-09
P00087,Clothing Product 0087,Clothing,Women,Prime,1810.86,2190.69,S0292,2024-03-14
P00088,Office Supplies Product 0088,Office Supplies,Printing,Prime,533.8,608.68,S0220,2023-12-02
P00089,Electronics Product 0089,Electronics,Accessories,Prime,2335.26,3300.2,S0142,2025-08-12
P00090,Office Supplies Product 0090,Office Supplies,Printing,HomePro,533.72,938.57,S0015,2022-04-12
P00091,Electronics Product 0091,Electronics,Audio,Vertex,444.76,626.7,S0275,2025-11-28
P00092,Clothing Product 0092,Clothing,Men,ValueMax,297.53,342.67,S0224,2022-01-12
P00093,Office Supplies Product 0093,office supplies,Paper,Vertex,1093.62,1545.78,S0139,2021-09-10
P00094,Office Supplies Product 0094,Office Supplies,Paper,Prime,2160.0,2937.44,S0049,2025-02-17
P00095,Furniture Product 0095,Furniture,Home Office,Urbanix,1015.07,1577.19,S0033,2025-06-24
P00096,Clothing Product 0096,Clothing,Kids,HomePro,7535.84,11258.84,S0087,2021-06-19
P00097,Furniture Product 0097,Furniture,Storage,HomePro,4812.84,5013.37,S0070,2023-12-31
P00098,Electronics Product 0098,Electronics,Laptops,ValueMax,595.98,882.31,S0063,2023-07-25
P00099,Electronics Product 0099,Electronics,Accessories,TechOne,724.98,873.1,S0123,2022-02-06
P00100,Accessories Product 0100,Accessories,Watches,Vertex,1674.06,1919.41,S0014,2023-08-09
P00101,Accessories Product 0101,Accessories,Bags,Vertex,388.71,519.08,S0098,2024-06-05
P00102,Clothing Product 0102,Clothing,Footwear,ValueMax,2653.7,3852.07,S0262,2023-11-14
P00103,Furniture Product 0103,Furniture,Chairs,Prime,1540.27,1722.75,S0260,2023-08-07
P00104,Accessories Product 0104,Accessories,Bags,Nova,1022.82,1550.81,S0003,2025-06-05
P00105,Home Appliances Product 0105,Home Appliances,Kitchen,TechOne,1559.11,2385.18,S0204,2022-02-16
P00106,Clothing Product 0106,Clothing,Women,HomePro,4874.34,6720.43,S0298,2024-02-13
P00107,Office Supplies Product 0107,Office Supplies,Stationery,Nova,1162.85,1423.73,S0174,2022-08-01
P00108,Furniture Product 0108,Furniture,Home Office,TechOne,887.33,1071.74,S0118,2025-11-12
P00109,Electronics Product 0109,Electronics,Audio,Apex,3403.76,5425.13,S0148,2022-04-05
P00110,Accessories Product 0110,Accessories,Watches,Apex,2782.4,3157.79,S0064,2025-05-10
P00111,Office Supplies Product 0111,Office Supplies,Stationery,TechOne,542.82,870.53,S0120,2024-02-28
P00112,Electronics Product 0112,Electronics,Mobiles,Prime,900.48,1206.24,S0282,2022-01-27
P00113,Furniture Product 0113,Furniture,Chairs,Prime,1079.0,1458.93,S0184,2024-10-16
P00114,Clothing Product 0114,Clothing,Footwear,Apex,1552.2,1723.12,S0130,2022-03-17
P00115,Electronics Product 0115,Electronics,Mobiles,Vertex,230.13,309.04,S0038,2022-04-24
P00116,Home Appliances Product 0116,Home Appliances,Cleaning,Vertex,171.59,256.62,S0272,2022-09-22
P00117,Home Appliances Product 0117,Home Appliances,Kitchen,TechOne,426.7,494.07,S0049,2024-05-29
P00118,Clothing Product 0118,Clothing,Men,Vertex,311.03,457.3,S0217,2022-12-16
P00119,Office Supplies Product 0119,Office Supplies,Stationery,Apex,454.54,630.34,S0091,2023-11-05
P00120,Clothing Product 0120,Clothing,Men,Urbanix,1798.28,2263.77,S0084,2023-10-07
P00121,Clothing Product 0121,Clothing,Kids,Vertex,653.22,1013.48,S0052,2021-12-25
P00122,Clothing Product 0122,Clothing,Footwear,Apex,1387.72,1460.41,S0113,2022-03-01
P00123,Electronics Product 0123,Electronics,Accessories,TechOne,245.28,352.75,S0204,2022-07-14
P00124,Office Supplies Product 0124,Office Supplies,Paper,Prime,429.62,756.3,S0125,2022-02-10
P00125,Electronics Product 0125,Electronics,Accessories,Vertex,1265.1,2158.86,S0008,2025-08-04
P00126,Office Supplies Product 0126,Office Supplies,Writing,Vertex,1503.33,2175.53,S0080,2022-11-28
P00127,Furniture Product 0127,Furniture,Chairs,Vertex,441.99,581.44,S0049,2023-01-09
P00128,Electronics Product 0128,Electronics,Laptops,ValueMax,1119.39,1410.56,S0121,2024-05-11
P00129,Electronics Product 0129,Electronics,Audio,Urbanix,8224.5,10817.55,S0271,2024-12-09
P00130,Clothing Product 0130,Clothing,Women,Urbanix,796.6,1179.07,S0289,2024-06-09
P00131,Electronics Product 0131,Electronics,Laptops,Nova,486.42,599.98,S0300,2023-10-03
P00132,Accessories Product 0132,Accessories,Travel,Prime,659.88,1008.6,S0034,2025-11-17
P00133,Clothing Product 0133,Clothing,Kids,ValueMax,679.89,1315.87,S0147,2025-07-01
P00134,Furniture Product 0134,Furniture,Storage,Prime,759.48,1031.64,S0014,2022-01-05
P00135,Clothing Product 0135,Clothing,Footwear,HomePro,1005.31,1162.96,S0149,2021-10-20
P00136,Electronics Product 0136,Electronics,Accessories,Vertex,244.94,283.34,S0174,2022-12-18
P00137,Accessories Product 0137,Accessories,Travel,Vertex,298.94,458.26,S0233,2025-03-05
P00138,Office Supplies Product 0138,Office Supplies,Paper,HomePro,760.66,1033.54,S0101,2025-10-27
P00139,Home Appliances Product 0139,Home Appliances,Small Appliances,Nova,653.36,1017.2,S0011,2024-07-06
P00140,Electronics Product 0140,Electronics,Audio,Prime,533.64,681.22,S0137,2024-06-13
P00141,Office Supplies Product 0141,Office Supplies,Writing,Urbanix,650.38,1005.32,S0129,2022-03-03
P00142,Office Supplies Product 0142,Office Supplies,Printing,Nova,951.31,1275.5,S0188,2023-12-17
P00143,Accessories Product 0143,Accessories,Bags,Apex,2345.84,2920.44,S0030,2021-12-03
P00144,Clothing Product 0144,Clothing,Women,ValueMax,836.84,1086.66,S0184,2023-09-12
P00145,Office Supplies Product 0145,Office Supplies,Stationery,Nova,1519.77,1788.58,S0121,2021-12-20
P00146,Furniture Product 0146,Furniture,Desks,TechOne,370.78,698.18,S0222,2021-05-18
P00147,Furniture Product 0147,Furniture,Desks,Apex,1572.74,2126.37,S0296,2025-11-01
P00148,Office Supplies Product 0148,Office Supplies,Printing,HomePro,1162.89,1747.27,S0069,2025-06-19
P00149,Office Supplies Product 0149,Office Supplies,Printing,Nova,2235.34,2852.34,S0227,2024-06-04
P00150,Electronics Product 0150,Electronics,Mobiles,TechOne,2045.6,2449.25,S0039,2024-02-16
P00151,Home Appliances Product 0151,Home Appliances,Cleaning,Nova,1628.86,2162.05,S0296,2022-03-14
P00152,Accessories Product 0152,Accessories,Personal Accessories,ValueMax,674.13,1087.52,S0145,2023-11-10
P00153,Electronics Product 0153,Electronics,Accessories,HomePro,1198.96,1533.05,S0224,2024-09-27
P00154,Office Supplies Product 0154,Office Supplies,Printing,Urbanix,2839.93,3475.82,S0234,2023-09-12
P00155,Electronics Product 0155,Electronics,Laptops,Nova,446.65,625.16,S0183,2022-05-30
P00156,Clothing Product 0156,Clothing,Men,Apex,435.35,640.13,S0116,2022-12-17
P00157,Furniture Product 0157,Furniture,Storage,Nova,813.91,1438.72,S0227,2025-03-15
P00158,Clothing Product 0158,Clothing,Women,Apex,1262.65,1817.75,S0143,2022-04-10
P00159,Clothing Product 0159,Clothing,Men,TechOne,350.34,526.35,S0198,2025-10-21
P00160,Home Appliances Product 0160,Home Appliances,Kitchen,Urbanix,732.8,1113.56,S0184,2024-10-10
P00161,Electronics Product 0161,Electronics,Mobiles,Vertex,923.36,1092.34,S0140,2025-06-13
P00162,Accessories Product 0162,Accessories,Watches,Vertex,108.21,130.95,S0036,2023-07-19
P00163,Furniture Product 0163,Furniture,Storage,Vertex,807.71,963.41,S0088,2022-02-13
P00164,Electronics Product 0164,Electronics,Laptops,Nova,885.07,1025.32,S0282,2021-03-03
P00165,Office Supplies Product 0165,Office Supplies,Writing,Vertex,664.94,1022.27,S0157,2023-09-04
P00166,Furniture Product 0166,Furniture,Storage,HomePro,3465.93,4944.3,S0191,2022-12-30
P00167,Home Appliances Product 0167,Home Appliances,Cleaning,Urbanix,256.88,355.77,S0078,2021-07-27
P00168,Home Appliances Product 0168,Home Appliances,Kitchen,TechOne,505.04,526.08,S0212,2025-08-22
P00169,Furniture Product 0169,Furniture,Storage,TechOne,52.45,100.0,S0147,2025-11-06
P00170,Accessories Product 0170,Accessories,Personal Accessories,TechOne,607.9,741.86,S0066,2022-11-14
P00171,Furniture Product 0171,Furniture,Desks,Apex,424.0,807.9,S0044,2024-05-04
P00172,Office Supplies Product 0172,Office Supplies,Paper,Urbanix,630.48,720.61,S0119,2023-01-25
P00173,Furniture Product 0173,Furniture,Storage,ValueMax,2947.06,3632.78,S0170,2023-06-26
P00174,Accessories Product 0174,Accessories,Watches,Vertex,2696.47,2837.54,S0085,2024-02-13
P00175,Electronics Product 0175,Electronics,Mobiles,Prime,899.95,1297.16,S0074,2023-01-30
P00176,Electronics Product 0176,Electronics,Mobiles,Prime,695.93,828.37,S0081,2025-01-03
P00177,Office Supplies Product 0177,Office Supplies,Paper,HomePro,2803.7,3348.5,S0089,2021-12-12
P00178,Accessories Product 0178,Accessories,Personal Accessories,Apex,1020.34,1176.52,S0222,2024-05-04
P00179,Accessories Product 0179,Accessories,Watches,TechOne,345.33,529.43,S0150,2025-11-30
P00180,Home Appliances Product 0180,Home Appliances,Cleaning,ValueMax,142.11,215.69,S0141,2025-04-01
P00181,Accessories Product 0181,Accessories,Personal Accessories,Prime,423.58,771.83,S0049,2021-03-25
P00182,Accessories Product 0182,Accessories,Watches,TechOne,2038.13,2552.22,S0164,2021-07-27
P00183,Office Supplies Product 0183,Office Supplies,Stationery,Vertex,8278.95,11691.48,S0289,2025-08-15
P00184,Furniture Product 0184,Furniture,Home Office,ValueMax,1096.22,1276.26,S0224,2025-03-21
P00185,Home Appliances Product 0185,Home Appliances,Kitchen,Vertex,426.19,558.2,S0135,2025-07-08
P00186,Clothing Product 0186,Clothing,Kids,TechOne,286.88,366.91,S0093,2021-10-01
P00187,Furniture Product 0187,Furniture,Desks,Prime,1424.51,2083.97,S0106,2023-08-06
P00188,Electronics Product 0188,Electronics,Laptops,ValueMax,129.12,205.5,S0009,2024-08-17
P00189,Home Appliances Product 0189,Home Appliances,Kitchen,Vertex,1312.65,2080.62,S0009,2024-02-15
P00190,Furniture Product 0190,Furniture,Home Office,Prime,2213.52,2718.37,S0233,2024-11-19
P00191,Accessories Product 0191,Accessories,Watches,ValueMax,1169.77,1856.33,S0253,2022-01-24
P00192,Furniture Product 0192,Furniture,Desks,Nova,707.49,963.35,S0291,2023-04-15
P00193,Electronics Product 0193,Electronics,Audio,Urbanix,1609.71,2111.21,S0188,2025-09-12
P00194,Home Appliances Product 0194,Home Appliances,Kitchen,Nova,1140.17,1423.7,S0279,2022-01-05
P00195,Electronics Product 0195,Electronics,Audio,Urbanix,433.18,551.12,S0125,2022-08-19
P00196,Electronics Product 0196,Electronics,Mobiles,Prime,4243.25,7634.93,S0077,2021-02-10
P00197,Clothing Product 0197,Clothing,Kids,Apex,590.32,844.21,S0074,2021-10-04
P00198,Home Appliances Product 0198,Home Appliances,Kitchen,Urbanix,1857.35,2606.67,S0071,2025-11-26
P00199,Electronics Product 0199,Electronics,Accessories,Vertex,80.8,106.85,S0224,2025-03-28
P00200,Furniture Product 0200,Furniture,Chairs,Vertex,2087.6,4300.76,S0003,2022-04-18
P00201,Home Appliances Product 0201,Home Appliances,Cooling,ValueMax,3124.97,5212.63,S0284,2024-07-05
P00202,Accessories Product 0202,Accessories,Personal Accessories,ValueMax,991.68,1236.34,S0233,2023-12-19
P00203,Office Supplies Product 0203,Office Supplies,Paper,Vertex,1589.12,2098.23,S0115,2025-07-13
P00204,Electronics Product 0204,Electronics,Laptops,Vertex,1576.26,2097.69,S0211,2022-07-02
P00205,Electronics Product 0205,Electronics,Mobiles,Nova,451.42,630.99,S0041,2025-12-20
P00206,Furniture Product 0206,Furniture,Home Office,ValueMax,1659.4,2073.93,S0130,2022-11-08
P00207,Electronics Product 0207,Electronics,Accessories,HomePro,366.77,534.56,S0033,2024-08-01
P00208,Clothing Product 0208,Clothing,Footwear,TechOne,381.77,652.83,S0034,2022-12-27
P00209,Electronics Product 0209,Electronics,Laptops,Urbanix,3190.01,3703.45,S0002,2024-05-10
P00210,Office Supplies Product 0210,Office Supplies,Writing,HomePro,2680.41,3180.31,S0239,2022-09-04
P00211,Clothing Product 0211,clothing,Men,Nova,460.86,592.12,S0224,2025-03-20
P00212,Clothing Product 0212,Clothing,Kids,HomePro,445.82,576.23,S0268,2024-03-09
P00213,Electronics Product 0213,Electronics,Mobiles,Apex,333.58,629.22,S0295,2022-06-12
P00214,Home Appliances Product 0214,Home Appliances,Cooling,Urbanix,1572.48,2496.68,S0290,2025-10-20
P00215,Clothing Product 0215,Clothing,Kids,HomePro,280.58,441.46,S0298,2024-07-18
P00216,Clothing Product 0216,,Footwear,HomePro,1296.8,1714.35,S0005,2023-02-22
P00217,Electronics Product 0217,Electronics,Mobiles,Prime,1921.16,2532.4,S0236,2021-09-05
P00218,Electronics Product 0218,Electronics,Mobiles,Vertex,961.5,1098.64,S0217,2025-11-12
P00219,Accessories Product 0219,Accessories,Personal Accessories,Nova,2147.72,3294.93,S0049,2024-10-09
P00220,Office Supplies Product 0220,Office Supplies,Stationery,ValueMax,602.7,885.16,S0042,2024-05-03
P00221,Furniture Product 0221,Furniture,Chairs,Urbanix,582.73,968.96,S0294,2025-03-01
P00222,Office Supplies Product 0222,Office Supplies,Writing,Urbanix,339.2,451.62,S0265,2024-01-14
P00223,Clothing Product 0223,Clothing,Footwear,HomePro,2469.52,3318.45,S0099,2022-02-28
P00224,Accessories Product 0224,Accessories,Personal Accessories,Urbanix,397.53,557.55,S0023,2022-03-09
P00225,Furniture Product 0225,Furniture,Home Office,Prime,1090.97,1702.49,S0101,2021-05-25
P00226,Accessories Product 0226,Accessories,Bags,HomePro,979.98,1117.4,S0002,2021-04-25
P00227,Electronics Product 0227,Electronics,Mobiles,Apex,274.87,418.76,S0207,2024-08-22
P00228,Office Supplies Product 0228,Office Supplies,Writing,HomePro,477.74,652.61,S0115,2025-04-04
P00229,Clothing Product 0229,Clothing,Women,Nova,3998.44,4783.6,S0015,2021-10-27
P00230,Electronics Product 0230,Electronics,Laptops,Prime,1377.76,1468.11,S0294,2023-11-14
P00231,Electronics Product 0231,Electronics,Laptops,Prime,325.29,437.43,S0248,2021-08-15
P00232,Office Supplies Product 0232,Office Supplies,Printing,HomePro,953.03,1628.48,S0272,2023-01-27
P00233,Accessories Product 0233,Accessories,Personal Accessories,Vertex,583.27,1036.87,S0300,2024-12-14
P00234,Clothing Product 0234,Clothing,Women,Vertex,26357.44,37953.74,S0005,2025-01-21
P00235,Accessories Product 0235,Accessories,Watches,TechOne,851.9,1595.91,S0233,2025-09-28
P00236,Home Appliances Product 0236,Home Appliances,Kitchen,HomePro,602.21,820.12,S0237,2022-07-21
P00237,Office Supplies Product 0237,Office Supplies,Printing,TechOne,3150.93,4964.68,S0235,2025-09-28
P00238,Home Appliances Product 0238,Home Appliances,Kitchen,Urbanix,147.57,190.38,S0080,2024-12-01
P00239,Electronics Product 0239,Electronics,Accessories,ValueMax,1030.5,1318.69,S0118,2022-09-10
P00240,Electronics Product 0240,Electronics,Laptops,Urbanix,7034.25,8817.6,S0279,2022-08-22
P00241,Home Appliances Product 0241,Home Appliances,Cleaning,HomePro,1000.04,1068.36,S0020,2021-07-16
P00242,Home Appliances Product 0242,Home Appliances,Cleaning,Vertex,127.5,212.04,S0193,2025-08-08
P00243,Furniture Product 0243,Furniture,Home Office,ValueMax,641.42,807.67,S0238,2022-01-07
P00244,Office Supplies Product 0244,Office Supplies,Stationery,Urbanix,4163.25,5138.9,S0240,2022-05-05
P00245,Clothing Product 0245,Clothing,Women,TechOne,1482.18,1747.86,S0180,2023-01-24
P00246,Home Appliances Product 0246,Home Appliances,Cleaning,Urbanix,389.21,518.65,S0231,2021-09-09
P00247,Clothing Product 0247,Clothing,Women,TechOne,334.83,604.76,S0273,2025-01-10
P00248,Office Supplies Product 0248,Office Supplies,Stationery,Prime,356.97,685.66,S0230,2024-06-28
P00249,Furniture Product 0249,Furniture,Home Office,Nova,1543.12,1722.06,S0035,2021-10-13
P00250,Office Supplies Product 0250,Office Supplies,Paper,Vertex,3501.6,4574.59,S0074,2021-10-25
P00251,Clothing Product 0251,Clothing,Women,HomePro,2864.94,3437.5,S0092,2021-02-10
P00252,Home Appliances Product 0252,Home Appliances,Cleaning,Vertex,1195.0,1893.32,S0103,2025-09-29
P00253,Office Supplies Product 0253,Office Supplies,Printing,Urbanix,222.22,316.85,S0109,2023-03-07
P00254,Furniture Product 0254,Furniture,Desks,Apex,252.41,318.03,S0066,2024-04-11
P00255,Furniture Product 0255,Furniture,Desks,Urbanix,1478.27,2045.36,S0205,2021-10-01
P00256,Home Appliances Product 0256,Home Appliances,Cleaning,Vertex,243.04,312.5,S0034,2022-02-26
P00257,Home Appliances Product 0257,Home Appliances,Cleaning,Apex,544.51,957.68,S0237,2023-09-16
P00258,Electronics Product 0258,Electronics,Laptops,HomePro,1098.43,1626.57,S0198,2022-01-17
P00259,Electronics Product 0259,Electronics,Audio,HomePro,255.07,384.71,S0289,2024-01-24
P00260,Clothing Product 0260,Clothing,Men,ValueMax,413.64,430.87,S0002,2025-08-14
P00261,Electronics Product 0261,Electronics,Laptops,Nova,700.0,1092.21,S0089,2022-07-11
P00262,Home Appliances Product 0262,Home Appliances,Kitchen,Prime,1035.9,1985.7,S0270,2024-01-15
P00263,Furniture Product 0263,Furniture,Desks,Vertex,2072.28,3468.91,S0149,2025-07-30
P00264,Electronics Product 0264,Electronics,Accessories,ValueMax,2014.21,2202.02,S0169,2025-06-20
P00265,Accessories Product 0265,Accessories,Personal Accessories,Apex,983.44,1291.72,S0009,2021-01-15
P00266,Electronics Product 0266,Electronics,Accessories,Nova,483.74,569.0,S0229,2021-07-21
P00267,Furniture Product 0267,Furniture,Desks,HomePro,229.84,411.24,S0076,2025-12-05
P00268,Electronics Product 0268,Electronics,Accessories,Nova,507.98,719.96,S0289,2025-08-16
P00269,Electronics Product 0269,Electronics,Laptops,Urbanix,1458.71,1808.06,S0113,2022-08-11
P00270,Electronics Product 0270,Electronics,Audio,HomePro,1220.84,1680.25,S0057,2023-08-08
P00271,Electronics Product 0271,Electronics,Accessories,Apex,141.08,146.96,S0179,2023-11-12
P00272,Electronics Product 0272,,Audio,TechOne,458.63,546.97,S0144,2024-05-04
P00273,Electronics Product 0273,Electronics,Accessories,Apex,2906.98,4002.14,S0142,2024-10-01
P00274,Clothing Product 0274,Clothing,Women,TechOne,838.37,1298.92,S0285,2022-11-12
P00275,Clothing Product 0275,Clothing,Men,Apex,268.86,290.93,S0110,2025-06-13
P00276,Office Supplies Product 0276,office supplies,Printing,Nova,9721.38,12656.14,S0120,2021-04-18
P00277,Furniture Product 0277,Furniture,Chairs,Nova,733.31,1165.77,S0188,2021-03-01
P00278,Office Supplies Product 0278,Office Supplies,Printing,TechOne,1542.32,1762.36,S0052,2025-10-15
P00279,Home Appliances Product 0279,Home Appliances,Cooling,Nova,1265.21,1789.34,S0249,2021-11-20
P00280,Home Appliances Product 0280,Home Appliances,Small Appliances,Prime,601.06,830.88,S0069,2025-12-21
P00281,Electronics Product 0281,Electronics,Mobiles,Nova,323.8,579.7,S0073,2022-06-06
P00282,Electronics Product 0282,Electronics,Accessories,Urbanix,7540.77,10014.12,S0004,2022-10-28
P00283,Furniture Product 0283,Furniture,Chairs,Apex,2445.01,3272.41,S0103,2021-02-21
P00284,Furniture Product 0284,Furniture,Desks,Vertex,1759.42,2729.88,S0175,2025-09-19
P00285,Clothing Product 0285,Clothing,Men,Prime,1841.99,2135.31,S0212,2022-10-18
P00286,Office Supplies Product 0286,Office Supplies,Printing,ValueMax,330.91,439.99,S0270,2021-11-03
P00287,Electronics Product 0287,Electronics,Audio,Nova,3339.09,4305.32,S0234,2023-06-02
P00288,Furniture Product 0288,Furniture,Home Office,Nova,384.17,516.43,S0097,2024-12-12
P00289,Office Supplies Product 0289,Office Supplies,Printing,Urbanix,1027.73,1592.98,S0248,2021-05-14
P00290,Electronics Product 0290,Electronics,Mobiles,TechOne,157.12,232.92,S0059,2023-07-01
P00291,Home Appliances Product 0291,Home Appliances,Kitchen,Prime,125.48,155.9,S0063,2022-12-16
P00292,Electronics Product 0292,,Accessories,HomePro,1181.75,1649.73,S0108,2021-03-09
P00293,Accessories Product 0293,Accessories,Watches,Nova,310.41,534.31,S0162,2021-04-06
P00294,Electronics Product 0294,Electronics,Laptops,HomePro,133.49,164.17,S0061,2023-08-05
P00295,Home Appliances Product 0295,Home Appliances,Small Appliances,Nova,1474.22,2060.46,S0271,2022-12-22
P00296,Accessories Product 0296,Accessories,Travel,HomePro,7491.79,9998.17,S0082,2021-08-25
P00297,Accessories Product 0297,Accessories,Watches,Vertex,3545.8,4815.7,S0118,2021-09-10
P00298,Home Appliances Product 0298,Home Appliances,Small Appliances,TechOne,828.54,927.75,S0182,2025-01-08
P00299,Home Appliances Product 0299,Home Appliances,Kitchen,Urbanix,712.99,1210.66,S0129,2024-08-26
P00300,Clothing Product 0300,Clothing,Men,Vertex,2354.04,2915.46,S0122,2024-01-15
P00301,Home Appliances Product 0301,Home Appliances,Cleaning,Urbanix,2312.36,3685.66,S0296,2025-03-01
P00302,Electronics Product 0302,Electronics,Audio,Nova,674.2,851.11,S0131,2021-05-07
P00303,Office Supplies Product 0303,Office Supplies,Stationery,Vertex,984.13,1241.72,S0034,2024-06-09
P00304,Office Supplies Product 0304,Office Supplies,Stationery,Apex,986.58,1620.83,S0220,2024-10-05
P00305,Home Appliances Product 0305,Home Appliances,Cooling,Urbanix,1316.7,2087.98,S0212,2022-01-01
P00306,Office Supplies Product 0306,Office Supplies,Printing,Urbanix,744.93,1050.48,S0066,2023-09-06
P00307,Office Supplies Product 0307,Office Supplies,Writing,TechOne,695.87,1064.21,S0256,2024-10-31
P00308,Clothing Product 0308,Clothing,Footwear,Nova,3619.04,4769.08,S0118,2024-01-07
P00309,Furniture Product 0309,Furniture,Home Office,Prime,2939.61,4022.25,S0046,2022-04-01
P00310,Electronics Product 0310,Electronics,Audio,Vertex,1539.99,1934.27,S0052,2024-04-28
P00311,Office Supplies Product 0311,Office Supplies,Writing,Prime,4282.38,6695.47,S0215,2024-10-18
P00312,Office Supplies Product 0312,Office Supplies,Printing,Urbanix,651.75,815.36,S0065,2021-01-18
P00313,Furniture Product 0313,Furniture,Desks,Nova,3536.45,6081.77,S0141,2023-11-02
P00314,Furniture Product 0314,Furniture,Chairs,Nova,1572.21,2064.39,S0221,2023-07-10
P00315,Furniture Product 0315,Furniture,Home Office,TechOne,23007.58,31606.02,S0256,2022-11-01
P00316,Furniture Product 0316,Furniture,Desks,Nova,238.21,364.16,S0147,2021-03-22
P00317,Furniture Product 0317,Furniture,Home Office,TechOne,438.23,602.29,S0273,2021-06-02
P00318,Clothing Product 0318,Clothing,Women,ValueMax,1385.98,1824.16,S0091,2024-10-01
P00319,Furniture Product 0319,Furniture,Home Office,Prime,1308.59,1785.24,S0262,2025-02-19
P00320,Accessories Product 0320,Accessories,Bags,Urbanix,5404.0,8435.6,S0076,2023-02-05
P00321,Accessories Product 0321,Accessories,Personal Accessories,TechOne,489.76,615.05,S0020,2025-09-11
P00322,Office Supplies Product 0322,Office Supplies,Paper,ValueMax,2202.68,2966.08,S0218,2025-08-20
P00323,Furniture Product 0323,Furniture,Desks,Nova,2797.33,3837.36,S0228,2024-04-30
P00324,Office Supplies Product 0324,Office Supplies,Paper,ValueMax,1562.36,2427.76,S0278,2023-11-27
P00325,Home Appliances Product 0325,Home Appliances,Small Appliances,ValueMax,339.66,459.01,S0277,2025-10-27
P00326,Clothing Product 0326,Clothing,Women,Vertex,2693.21,4904.14,S0031,2024-01-18
P00327,Home Appliances Product 0327,Home Appliances,Small Appliances,Nova,3059.19,4102.7,S0187,2025-09-01
P00328,Office Supplies Product 0328,Office Supplies,Paper,HomePro,1647.46,2185.63,S0212,2025-11-22
P00329,Clothing Product 0329,Clothing,Men,Nova,1099.79,1472.07,S0181,2021-12-22
P00330,Furniture Product 0330,Furniture,Home Office,Apex,1296.33,1504.45,S0006,2024-04-20
P00331,Clothing Product 0331,Clothing,Men,Nova,924.66,1109.14,S0014,2024-08-27
P00332,Electronics Product 0332,Electronics,Mobiles,HomePro,1783.48,2277.56,S0202,2025-02-05
P00333,Clothing Product 0333,Clothing,Footwear,Vertex,763.09,1237.95,S0257,2022-09-30
P00334,Home Appliances Product 0334,Home Appliances,Small Appliances,Nova,376.67,513.66,S0054,2025-04-22
P00335,Electronics Product 0335,Electronics,Accessories,Nova,327.36,420.52,S0014,2023-06-09
P00336,Clothing Product 0336,Clothing,Women,Vertex,343.57,565.69,S0122,2022-12-07
P00337,Electronics Product 0337,Electronics,Accessories,Apex,861.45,1498.48,S0095,2021-10-14
P00338,Clothing Product 0338,Clothing,Women,Nova,706.07,1168.09,S0295,2022-08-10
P00339,Electronics Product 0339,Electronics,Audio,TechOne,1213.47,1488.35,S0278,2025-11-14
P00340,Accessories Product 0340,Accessories,Personal Accessories,Apex,1543.51,1980.07,S0168,2024-07-31
P00341,Electronics Product 0341,Electronics,Laptops,Urbanix,351.57,640.82,S0285,2024-08-18
P00342,Accessories Product 0342,Accessories,Watches,ValueMax,3668.12,5196.48,S0069,2025-06-23
P00343,Home Appliances Product 0343,Home Appliances,Cleaning,HomePro,694.82,918.15,S0298,2022-05-03
P00344,Clothing Product 0344,Clothing,Women,HomePro,512.01,777.94,S0135,2024-04-22
P00345,Home Appliances Product 0345,Home Appliances,Cleaning,Vertex,1223.25,1943.92,S0143,2022-11-09
P00346,Home Appliances Product 0346,Home Appliances,Cooling,HomePro,150.54,191.25,S0016,2025-03-28
P00347,Accessories Product 0347,Accessories,Bags,Apex,385.41,544.32,S0054,2023-02-11
P00348,Furniture Product 0348,Furniture,Chairs,ValueMax,2040.0,3200.78,S0059,2025-04-10
P00349,Clothing Product 0349,Clothing,Footwear,Prime,178.66,211.17,S0147,2024-09-26
P00350,Electronics Product 0350,Electronics,Mobiles,HomePro,2673.77,3668.91,S0057,2024-11-09
P00351,Clothing Product 0351,Clothing,Kids,Urbanix,4575.96,5438.25,S0031,2025-08-17
P00352,Electronics Product 0352,Electronics,Audio,Nova,686.98,829.33,S0182,2024-12-13
P00353,Clothing Product 0353,Clothing,Kids,Vertex,1263.3,1606.62,S0262,2022-08-10
P00354,Clothing Product 0354,Clothing,Women,TechOne,2507.05,3674.47,S0021,2023-08-10
P00355,Office Supplies Product 0355,Office Supplies,Paper,HomePro,573.49,752.41,S0169,2023-05-13
P00356,Office Supplies Product 0356,Office Supplies,Printing,Urbanix,2271.6,2857.93,S0289,2021-04-28
P00357,Home Appliances Product 0357,Home Appliances,Small Appliances,HomePro,444.58,613.35,S0122,2023-12-19
P00358,Home Appliances Product 0358,Home Appliances,Cleaning,Nova,628.72,744.32,S0055,2023-03-10
P00359,Office Supplies Product 0359,Office Supplies,Writing,Nova,370.74,539.55,S0024,2022-12-19
P00360,Clothing Product 0360,Clothing,Footwear,Apex,1042.75,1690.41,S0281,2021-07-20
P00361,Accessories Product 0361,Accessories,Bags,Apex,2818.97,3820.15,S0122,2023-07-10
P00362,Electronics Product 0362,Electronics,Accessories,ValueMax,748.92,998.21,S0032,2021-07-12
P00363,Electronics Product 0363,Electronics,Mobiles,TechOne,233.13,336.58,S0260,2024-03-04
P00364,Electronics Product 0364,Electronics,Accessories,Urbanix,379.12,406.41,S0241,2021-11-03
P00365,Clothing Product 0365,Clothing,Kids,TechOne,1204.22,1780.55,S0212,2021-09-22
P00366,Office Supplies Product 0366,Office Supplies,Printing,Prime,3414.15,7587.01,S0026,2023-01-03
P00367,Home Appliances Product 0367,Home Appliances,Kitchen,TechOne,1320.49,1778.99,S0025,2022-12-12
P00368,Clothing Product 0368,Clothing,Men,Vertex,604.65,814.99,S0066,2025-07-28
P00369,Furniture Product 0369,Furniture,Home Office,Nova,1692.76,2581.85,S0048,2021-05-04
P00370,Accessories Product 0370,Accessories,Personal Accessories,Nova,534.04,944.43,S0160,2022-09-30
P00371,Home Appliances Product 0371,Home Appliances,Cooling,ValueMax,519.94,822.04,S0118,2024-09-02
P00372,Furniture Product 0372,Furniture,Chairs,Nova,435.13,460.18,S0230,2022-04-01
P00373,Furniture Product 0373,Furniture,Chairs,ValueMax,3306.01,4907.53,S0031,2025-11-27
P00374,Furniture Product 0374,Furniture,Home Office,HomePro,47.28,100.0,S0219,2024-09-17
P00375,Electronics Product 0375,Electronics,Mobiles,Vertex,1779.53,2664.94,S0281,2025-09-23
P00376,Electronics Product 0376,Electronics,Audio,TechOne,638.08,754.71,S0040,2025-09-29
P00377,Accessories Product 0377,Accessories,Watches,Vertex,558.72,796.11,S0196,2021-07-19
P00378,Office Supplies Product 0378,Office Supplies,Paper,Vertex,5593.28,6518.45,S0153,2023-04-18
P00379,Office Supplies Product 0379,Office Supplies,Stationery,Apex,356.47,587.54,S0029,2024-09-20
P00380,Clothing Product 0380,Clothing,Footwear,Urbanix,501.88,607.9,S0088,2021-01-16
P00381,Office Supplies Product 0381,Office Supplies,Printing,Urbanix,761.09,1053.3,S0237,2023-04-05
P00382,Accessories Product 0382,Accessories,Bags,Vertex,1480.76,1815.15,S0261,2024-06-09
P00383,Home Appliances Product 0383,Home Appliances,Cleaning,Apex,605.28,771.41,S0111,2024-12-18
P00384,Office Supplies Product 0384,Office Supplies,Writing,Nova,144.58,248.69,S0032,2023-01-28
P00385,Furniture Product 0385,Furniture,Desks,Vertex,363.36,504.91,S0074,2025-04-25
P00386,Accessories Product 0386,Accessories,Personal Accessories,Apex,3396.54,4321.73,S0254,2024-05-14
P00387,Clothing Product 0387,Clothing,Women,Prime,1092.11,1293.17,S0171,2021-03-25
P00388,Accessories Product 0388,Accessories,Bags,HomePro,1727.97,1884.02,S0130,2022-05-22
P00389,Electronics Product 0389,Electronics,Mobiles,Vertex,790.1,923.95,S0005,2021-01-05
P00390,Home Appliances Product 0390,Home Appliances,Cooling,HomePro,446.04,620.53,S0235,2021-07-17
P00391,Clothing Product 0391,Clothing,Men,TechOne,4059.21,6423.04,S0140,2022-09-21
P00392,Electronics Product 0392,Electronics,Accessories,Prime,781.44,994.15,S0164,2025-12-19
P00393,Clothing Product 0393,Clothing,Men,Urbanix,441.31,770.24,S0254,2024-07-10
P00394,Clothing Product 0394,Clothing,Men,Apex,2879.18,3591.12,S0169,2021-09-27
P00395,Electronics Product 0395,Electronics,Audio,Apex,439.26,582.73,S0279,2022-12-19
P00396,Office Supplies Product 0396,Office Supplies,Writing,Nova,554.78,662.06,S0168,2025-09-11
P00397,Home Appliances Product 0397,Home Appliances,Cleaning,Apex,764.91,1212.36,S0103,2022-02-04
P00398,Furniture Product 0398,Furniture,Desks,Vertex,624.47,1200.32,S0277,2023-11-17
P00399,Office Supplies Product 0399,Office Supplies,Stationery,Apex,1409.76,1555.71,S0193,2023-04-27
P00400,Office Supplies Product 0400,Office Supplies,Writing,ValueMax,7430.62,9718.11,S0229,2024-10-19
P00401,Furniture Product 0401,Furniture,Desks,Apex,1013.69,1679.62,S0069,2024-10-05
P00402,Accessories Product 0402,Accessories,Bags,TechOne,97.34,111.28,S0202,2025-03-01
P00403,Home Appliances Product 0403,Home Appliances,Cleaning,Urbanix,1119.75,1663.0,S0169,2021-08-06
P00404,Electronics Product 0404,Electronics,Accessories,ValueMax,757.59,1246.33,S0032,2023-04-09
P00405,Accessories Product 0405,Accessories,Watches,TechOne,905.1,1253.29,S0077,2024-06-16
P00406,Home Appliances Product 0406,Home Appliances,Small Appliances,ValueMax,1035.81,1534.6,S0274,2023-02-04
P00407,Furniture Product 0407,Furniture,Desks,HomePro,645.9,1166.07,S0172,2024-05-02
P00408,Home Appliances Product 0408,Home Appliances,Kitchen,HomePro,609.28,1138.5,S0233,2024-03-06
P00409,Electronics Product 0409,Electronics,Mobiles,Apex,1630.86,2215.25,S0052,2022-11-08
P00410,Accessories Product 0410,Accessories,Watches,ValueMax,546.57,697.84,S0066,2021-07-02
P00411,Clothing Product 0411,Clothing,Men,TechOne,382.36,465.16,S0283,2025-11-06
P00412,Clothing Product 0412,Clothing,Kids,Prime,15606.97,24682.71,S0127,2025-02-16
P00413,Electronics Product 0413,Electronics,Mobiles,Nova,508.63,586.53,S0267,2025-06-21
P00414,Accessories Product 0414,Accessories,Personal Accessories,Nova,1001.77,1326.39,S0243,2022-07-02
P00415,Electronics Product 0415,Electronics,Mobiles,Vertex,193.55,268.92,S0102,2022-07-31
P00416,Furniture Product 0416,Furniture,Desks,Nova,1052.02,1348.23,S0285,2022-08-14
P00417,Electronics Product 0417,electronics,Mobiles,Vertex,331.31,471.94,S0233,2021-02-26
P00418,Home Appliances Product 0418,Home Appliances,Kitchen,Nova,365.07,770.93,S0039,2021-11-06
P00419,Electronics Product 0419,Electronics,Audio,ValueMax,2532.47,3412.3,S0029,2022-07-17
P00420,Accessories Product 0420,Accessories,Bags,Nova,1488.18,1923.86,S0038,2025-12-07
P00421,Clothing Product 0421,Clothing,Kids,HomePro,1331.44,2118.55,S0223,2022-01-09
P00422,Electronics Product 0422,Electronics,Accessories,Urbanix,144.14,204.15,S0043,2023-07-16
P00423,Electronics Product 0423,Electronics,Accessories,Vertex,4414.5,7532.42,S0085,2023-09-26
P00424,Electronics Product 0424,Electronics,Mobiles,HomePro,260.0,364.38,S0131,2022-10-19
P00425,Clothing Product 0425,Clothing,Women,ValueMax,4177.18,5533.84,S0041,2025-08-04
P00426,Home Appliances Product 0426,Home Appliances,Small Appliances,TechOne,3027.59,3332.98,S0100,2021-06-20
P00427,Furniture Product 0427,Furniture,Desks,ValueMax,1906.63,2137.54,S0204,2025-05-08
P00428,Home Appliances Product 0428,Home Appliances,Cleaning,Apex,466.24,510.35,S0292,2024-09-19
P00429,Electronics Product 0429,Electronics,Accessories,HomePro,966.41,1396.42,S0141,2022-07-13
P00430,Home Appliances Product 0430,Home Appliances,Small Appliances,Vertex,649.07,749.31,S0225,2024-11-02
P00431,Accessories Product 0431,Accessories,Travel,TechOne,746.7,1235.36,S0160,2023-02-22
P00432,Home Appliances Product 0432,Home Appliances,Kitchen,HomePro,679.49,934.68,S0140,2025-11-07
P00433,Clothing Product 0433,Clothing,Footwear,Urbanix,117.88,156.25,S0157,2021-03-08
P00434,Home Appliances Product 0434,Home Appliances,Kitchen,Urbanix,3000.51,3684.39,S0288,2021-02-24
P00435,Electronics Product 0435,Electronics,Audio,Apex,738.9,1106.51,S0018,2023-09-21
P00436,Electronics Product 0436,Electronics,Accessories,Nova,598.91,738.98,S0155,2025-08-27
P00437,Electronics Product 0437,Electronics,Audio,TechOne,567.74,685.23,S0016,2021-04-26
P00438,Office Supplies Product 0438,Office Supplies,Printing,Urbanix,1049.58,1717.35,S0263,2024-11-20
P00439,Home Appliances Product 0439,Home Appliances,Cleaning,Nova,340.98,490.94,S0181,2025-09-09
P00440,Clothing Product 0440,Clothing,Women,Urbanix,94.81,125.83,S0015,2023-06-07
P00441,Home Appliances Product 0441,Home Appliances,Cleaning,TechOne,1200.54,1803.0,S0188,2025-05-02
P00442,Electronics Product 0442,Electronics,Mobiles,Urbanix,1470.33,2016.62,S0131,2024-10-13
P00443,Clothing Product 0443,Clothing,Kids,Apex,679.83,982.84,S0015,2022-01-26
P00444,Electronics Product 0444,Electronics,Mobiles,TechOne,309.06,380.76,S0294,2025-04-08
P00445,Furniture Product 0445,Furniture,Storage,Nova,685.92,1311.61,S0114,2024-06-30
P00446,Clothing Product 0446,Clothing,Women,TechOne,218.6,277.42,S0008,2021-01-23
P00447,Accessories Product 0447,Accessories,Watches,Urbanix,246.76,429.6,S0184,2023-11-03
P00448,Clothing Product 0448,Clothing,Men,HomePro,424.2,566.44,S0113,2024-04-09
P00449,Electronics Product 0449,Electronics,Audio,Vertex,1811.92,2790.61,S0198,2025-01-02
P00450,Clothing Product 0450,Clothing,Footwear,Vertex,548.26,835.03,S0049,2024-11-08
P00451,Electronics Product 0451,Electronics,Accessories,TechOne,471.82,766.79,S0249,2023-05-19
P00452,Accessories Product 0452,Accessories,Watches,TechOne,6898.45,8474.1,S0127,2022-06-30
P00453,Clothing Product 0453,Clothing,Women,ValueMax,1062.55,1707.08,S0127,2021-12-16
P00454,Electronics Product 0454,Electronics,Audio,HomePro,918.51,1684.24,S0242,2021-06-12
P00455,Electronics Product 0455,Electronics,Audio,Prime,626.71,829.13,S0165,2024-03-13
P00456,Electronics Product 0456,Electronics,Laptops,Vertex,480.21,660.97,S0001,2025-10-18
P00457,Accessories Product 0457,Accessories,Personal Accessories,Urbanix,105.44,134.78,S0174,2021-05-27
P00458,Office Supplies Product 0458,Office Supplies,Stationery,HomePro,2417.46,3161.55,S0194,2024-07-06
P00459,Home Appliances Product 0459,Home Appliances,Kitchen,Urbanix,1049.98,1878.8,S0094,2023-12-03
P00460,Clothing Product 0460,Clothing,Kids,Prime,833.05,1003.16,S0055,2021-11-10
P00461,Clothing Product 0461,Clothing,Men,Vertex,862.23,1046.13,S0017,2022-01-24
P00462,Electronics Product 0462,Electronics,Mobiles,Prime,1425.37,2505.44,S0254,2022-06-04
P00463,Accessories Product 0463,Accessories,Personal Accessories,Vertex,169.22,253.5,S0002,2024-06-04
P00464,Furniture Product 0464,Furniture,Storage,Nova,344.59,665.27,S0176,2022-06-30
P00465,Clothing Product 0465,Clothing,Women,Vertex,298.55,385.2,S0251,2025-02-20
P00466,Clothing Product 0466,Clothing,Men,Apex,5061.53,7055.66,S0106,2022-11-06
P00467,Clothing Product 0467,Clothing,Footwear,Urbanix,2293.1,2880.54,S0061,2021-07-19
P00468,Accessories Product 0468,Accessories,Travel,Nova,94.9,132.61,S0215,2021-06-24
P00469,Electronics Product 0469,Electronics,Accessories,Apex,239.65,264.1,S0190,2023-01-01
P00470,Office Supplies Product 0470,Office Supplies,Writing,Vertex,695.41,1051.25,S0005,2023-01-15
P00471,Office Supplies Product 0471,Office Supplies,Paper,Nova,521.96,748.17,S0174,2024-08-31
P00472,Office Supplies Product 0472,Office Supplies,Printing,Vertex,234.82,319.16,S0001,2023-05-24
P00473,Electronics Product 0473,Electronics,Mobiles,Prime,6452.49,8390.36,S0120,2021-10-26
P00474,Electronics Product 0474,Electronics,Laptops,ValueMax,1344.16,1640.27,S0092,2022-01-25
P00475,Furniture Product 0475,Furniture,Home Office,Vertex,1267.97,1929.26,S0251,2023-10-31
P00476,Furniture Product 0476,Furniture,Desks,Urbanix,508.84,600.68,S0294,2022-09-02
P00477,Office Supplies Product 0477,Office Supplies,Printing,Vertex,1677.29,2470.93,S0210,2024-05-11
P00478,Clothing Product 0478,Clothing,Women,Urbanix,428.64,820.28,S0221,2025-08-12
P00479,Clothing Product 0479,Clothing,Footwear,HomePro,525.58,903.91,S0007,2022-10-10
P00480,Office Supplies Product 0480,Office Supplies,Writing,Urbanix,1946.58,2210.73,S0020,2023-10-05
P00481,Office Supplies Product 0481,Office Supplies,Paper,HomePro,184.44,235.35,S0234,2025-02-27
P00482,Electronics Product 0482,Electronics,Mobiles,ValueMax,4076.23,5926.0,S0129,2022-01-19
P00483,Clothing Product 0483,Clothing,Footwear,ValueMax,1061.39,1440.1,S0153,2023-07-21
P00484,Furniture Product 0484,Furniture,Chairs,Apex,3758.18,4320.04,S0208,2022-07-12
P00485,Electronics Product 0485,Electronics,Mobiles,HomePro,283.08,409.39,S0105,2024-02-19
P00486,Office Supplies Product 0486,Office Supplies,Paper,ValueMax,348.48,476.71,S0205,2024-09-18
P00487,Office Supplies Product 0487,Office Supplies,Writing,TechOne,202.22,375.47,S0219,2021-09-15
P00488,Furniture Product 0488,Furniture,Desks,Urbanix,1164.17,1541.29,S0073,2021-12-09
P00489,Clothing Product 0489,Clothing,Kids,Vertex,786.03,1281.85,S0206,2021-02-12
P00490,Clothing Product 0490,Clothing,Women,Nova,646.14,754.21,S0051,2021-01-23
P00491,Clothing Product 0491,Clothing,Men,ValueMax,362.51,435.29,S0094,2021-04-03
P00492,Clothing Product 0492,Clothing,Men,Apex,222.45,338.15,S0235,2024-07-13
P00493,Clothing Product 0493,Clothing,Kids,Urbanix,710.65,1143.21,S0295,2025-07-08
P00494,Furniture Product 0494,Furniture,Desks,Urbanix,622.05,753.32,S0020,2023-01-18
P00495,Home Appliances Product 0495,Home Appliances,Cleaning,Urbanix,439.86,604.54,S0195,2025-05-30
P00496,Office Supplies Product 0496,Office Supplies,Writing,TechOne,4894.09,5637.33,S0171,2024-08-24
P00497,Office Supplies Product 0497,Office Supplies,Paper,Apex,826.8,1105.17,S0182,2025-01-13
P00498,Clothing Product 0498,Clothing,Women,ValueMax,2761.81,4273.21,S0237,2024-09-12
P00499,Furniture Product 0499,Furniture,Chairs,Urbanix,544.56,704.03,S0021,2021-12-31
P00500,Office Supplies Product 0500,Office Supplies,Paper,Prime,1157.12,1532.8,S0222,2023-08-14
P00501,Clothing Product 0501,Clothing,Kids,Nova,956.98,1135.24,S0084,2023-08-17
P00502,Accessories Product 0502,Accessories,Personal Accessories,ValueMax,174.66,219.74,S0047,2024-03-16
P00503,Accessories Product 0503,Accessories,Travel,Apex,2774.33,5006.11,S0135,2024-12-23
P00504,Office Supplies Product 0504,Office Supplies,Printing,Apex,757.61,1048.3,S0009,2021-07-25
P00505,Office Supplies Product 0505,Office Supplies,Stationery,Prime,2101.58,2531.32,S0190,2024-05-16
P00506,Home Appliances Product 0506,Home Appliances,Cleaning,Urbanix,430.76,565.69,S0170,2025-03-01
P00507,Furniture Product 0507,Furniture,Desks,ValueMax,905.43,1017.63,S0154,2021-07-30
P00508,Home Appliances Product 0508,Home Appliances,Cooling,Prime,419.31,504.33,S0010,2023-01-28
P00509,Office Supplies Product 0509,Office Supplies,Paper,HomePro,2453.19,4130.18,S0229,2025-06-23
P00510,Electronics Product 0510,Electronics,Accessories,Nova,1219.39,1638.42,S0011,2021-02-14
P00511,Electronics Product 0511,Electronics,Mobiles,Urbanix,936.98,1732.17,S0079,2021-10-21
P00512,Home Appliances Product 0512,Home Appliances,Cooling,TechOne,3451.37,4666.95,S0119,2025-01-07
P00513,Electronics Product 0513,Electronics,Laptops,Nova,2797.9,3813.94,S0211,2021-11-10
P00514,Furniture Product 0514,Furniture,Home Office,Nova,1717.84,2579.68,S0123,2024-07-05
P00515,Furniture Product 0515,Furniture,Home Office,TechOne,277.98,289.56,S0245,2025-07-03
P00516,Electronics Product 0516,Electronics,Accessories,Urbanix,424.63,598.48,S0281,2023-06-29
P00517,Furniture Product 0517,Furniture,Desks,Urbanix,323.16,439.74,S0230,2023-06-04
P00518,Home Appliances Product 0518,Home Appliances,Kitchen,Apex,1444.16,2483.96,S0012,2023-02-22
P00519,Electronics Product 0519,Electronics,Audio,Vertex,901.7,1423.29,S0232,2022-11-12
P00520,Home Appliances Product 0520,Home Appliances,Cleaning,Nova,251.95,298.74,S0062,2022-11-25
P00521,Home Appliances Product 0521,Home Appliances,Small Appliances,Nova,601.91,993.6,S0267,2023-10-08
P00522,Furniture Product 0522,Furniture,Storage,Nova,203.68,269.34,S0294,2025-06-23
P00523,Electronics Product 0523,electronics,Audio,Vertex,933.57,1137.88,S0026,2025-11-27
P00524,Clothing Product 0524,Clothing,Footwear,HomePro,162.82,229.23,S0030,2025-04-30
P00525,Electronics Product 0525,Electronics,Accessories,Urbanix,1527.81,2036.33,S0210,2021-08-07
P00526,Furniture Product 0526,Furniture,Desks,Nova,1008.94,1751.17,S0043,2022-07-14
P00527,Accessories Product 0527,Accessories,Bags,Nova,5628.12,8087.1,S0291,2024-10-13
P00528,Accessories Product 0528,Accessories,Bags,Prime,1987.56,2801.61,S0163,2023-09-23
P00529,Home Appliances Product 0529,Home Appliances,Cleaning,TechOne,503.09,786.16,S0173,2022-09-03
P00530,Furniture Product 0530,Furniture,Storage,Urbanix,1687.94,2719.35,S0259,2022-07-22
P00531,Clothing Product 0531,Clothing,Men,Nova,193.28,296.61,S0066,2021-08-02
P00532,Clothing Product 0532,Clothing,Men,Vertex,269.53,458.34,S0167,2022-08-30
P00533,Office Supplies Product 0533,Office Supplies,Writing,Prime,1120.41,1674.42,S0300,2023-02-10
P00534,Clothing Product 0534,Clothing,Footwear,Vertex,98.88,138.63,S0007,2023-01-30
P00535,Electronics Product 0535,Electronics,Laptops,ValueMax,700.77,1156.23,S0053,2023-09-29
P00536,Electronics Product 0536,Electronics,Audio,TechOne,319.73,432.6,S0044,2022-05-14
P00537,Office Supplies Product 0537,Office Supplies,Stationery,Urbanix,964.98,1327.94,S0101,2022-01-11
P00538,Electronics Product 0538,Electronics,Audio,ValueMax,227.85,408.44,S0039,2025-06-08
P00539,Electronics Product 0539,Electronics,Accessories,Urbanix,1041.43,1834.13,S0052,2023-01-10
P00540,Home Appliances Product 0540,Home Appliances,Small Appliances,Vertex,894.1,1223.42,S0256,2022-04-10
P00541,Accessories Product 0541,Accessories,Personal Accessories,ValueMax,3774.44,4868.02,S0140,2024-03-06
P00542,Office Supplies Product 0542,Office Supplies,Writing,ValueMax,705.15,1208.11,S0108,2023-09-17
P00543,Home Appliances Product 0543,Home Appliances,Small Appliances,Urbanix,361.62,556.37,S0126,2023-11-19
P00544,Accessories Product 0544,Accessories,Personal Accessories,Apex,654.78,937.48,S0292,2022-02-09
P00545,Electronics Product 0545,Electronics,Mobiles,Vertex,238.48,312.89,S0148,2024-08-12
P00546,Office Supplies Product 0546,Office Supplies,Printing,HomePro,1255.14,1801.21,S0141,2021-12-17
P00547,Office Supplies Product 0547,Office Supplies,Writing,HomePro,1584.75,2164.46,S0279,2025-03-07
P00548,Electronics Product 0548,Electronics,Accessories,HomePro,11289.88,14175.54,S0012,2023-02-13
P00549,Home Appliances Product 0549,Home Appliances,Cooling,Apex,462.06,644.35,S0144,2023-01-17
P00550,Office Supplies Product 0550,Office Supplies,Printing,HomePro,645.83,918.08,S0225,2022-12-10
P00551,Office Supplies Product 0551,Office Supplies,Stationery,Apex,517.88,674.73,S0155,2023-02-11
P00552,Electronics Product 0552,Electronics,Laptops,TechOne,948.9,1483.55,S0261,2024-04-29
P00553,Electronics Product 0553,Electronics,Laptops,Vertex,1056.59,1757.71,S0267,2023-06-26
P00554,Accessories Product 0554,Accessories,Personal Accessories,Prime,720.13,1137.63,S0101,2021-08-20
P00555,Electronics Product 0555,Electronics,Audio,Prime,2694.14,3556.04,S0246,2023-10-31
P00556,Furniture Product 0556,Furniture,Chairs,Apex,423.73,647.49,S0074,2022-05-03
P00557,Furniture Product 0557,Furniture,Chairs,Vertex,2323.44,3217.15,S0072,2021-07-17
P00558,Office Supplies Product 0558,Office Supplies,Printing,Urbanix,1755.05,2056.12,S0294,2025-03-13
P00559,Clothing Product 0559,Clothing,Footwear,ValueMax,785.76,1185.65,S0004,2022-07-25
P00560,Office Supplies Product 0560,Office Supplies,Writing,Nova,626.54,875.8,S0106,2023-12-22
P00561,Electronics Product 0561,Electronics,Mobiles,HomePro,6393.86,13585.31,S0189,2021-11-10
P00562,Furniture Product 0562,Furniture,Desks,HomePro,309.72,530.1,S0125,2022-09-12
P00563,Home Appliances Product 0563,Home Appliances,Kitchen,Prime,1065.08,1616.49,S0254,2022-12-06
P00564,Clothing Product 0564,Clothing,Men,Nova,399.58,566.72,S0076,2021-09-02
P00565,Clothing Product 0565,Clothing,Footwear,Nova,5106.68,7155.94,S0166,2025-11-12
P00566,Clothing Product 0566,Clothing,Women,Urbanix,2418.78,2912.9,S0038,2022-07-23
P00567,Home Appliances Product 0567,Home Appliances,Cooling,Nova,550.42,608.94,S0064,2023-11-30
P00568,Electronics Product 0568,Electronics,Audio,Nova,1637.4,2003.54,S0053,2023-10-30
P00569,Furniture Product 0569,Furniture,Desks,Vertex,1140.9,1552.73,S0223,2023-02-23
P00570,Office Supplies Product 0570,Office Supplies,Stationery,Vertex,673.29,715.84,S0061,2023-12-05
P00571,Furniture Product 0571,Furniture,Storage,TechOne,2009.11,2561.23,S0201,2023-10-30
P00572,Home Appliances Product 0572,Home Appliances,Kitchen,HomePro,1336.8,1771.15,S0104,2021-05-27
P00573,Office Supplies Product 0573,Office Supplies,Paper,Nova,1118.95,1488.87,S0170,2024-05-06
P00574,Home Appliances Product 0574,Home Appliances,Small Appliances,HomePro,916.19,1150.74,S0263,2021-07-28
P00575,Home Appliances Product 0575,Home Appliances,Cooling,Vertex,1411.13,1846.66,S0260,2023-03-05
P00576,Office Supplies Product 0576,Office Supplies,Printing,Prime,841.66,1509.4,S0004,2022-10-28
P00577,Accessories Product 0577,Accessories,Bags,Nova,900.0,1273.05,S0236,2023-03-29
P00578,Clothing Product 0578,Clothing,Men,Nova,496.86,632.11,S0287,2021-05-12
P00579,Home Appliances Product 0579,Home Appliances,Cleaning,Vertex,4810.0,6527.92,S0201,2024-07-04
P00580,Furniture Product 0580,Furniture,Desks,Prime,307.61,419.75,S0057,2023-02-03
P00581,Office Supplies Product 0581,Office Supplies,Stationery,Prime,1484.79,1840.35,S0200,2021-04-22
P00582,Office Supplies Product 0582,Office Supplies,Printing,Urbanix,702.96,871.17,S0191,2021-01-07
P00583,Electronics Product 0583,Electronics,Laptops,Apex,4384.88,6971.77,S0199,2024-04-30
P00584,Office Supplies Product 0584,Office Supplies,Writing,HomePro,375.33,486.19,S0129,2023-09-26
P00585,Accessories Product 0585,Accessories,Personal Accessories,HomePro,482.91,575.26,S0158,2024-08-07
P00586,Clothing Product 0586,Clothing,Kids,Apex,334.1,454.98,S0196,2024-10-13
P00587,Electronics Product 0587,Electronics,Laptops,Apex,1190.98,1658.29,S0140,2025-05-11
P00588,Furniture Product 0588,Furniture,Desks,Prime,281.89,304.0,S0233,2025-11-29
P00589,Electronics Product 0589,Electronics,Audio,Vertex,545.88,743.63,S0213,2025-06-03
P00590,Electronics Product 0590,Electronics,Mobiles,Prime,89.69,139.45,S0091,2024-12-23
P00591,Accessories Product 0591,Accessories,Personal Accessories,Nova,600.0,1526.14,S0184,2023-02-26
P00592,Office Supplies Product 0592,Office Supplies,Stationery,ValueMax,368.95,727.68,S0227,2023-07-09
P00593,Furniture Product 0593,Furniture,Chairs,Urbanix,163.91,270.97,S0147,2024-01-30
P00594,Clothing Product 0594,Clothing,Kids,TechOne,2079.17,3553.49,S0215,2021-11-06
P00595,Electronics Product 0595,Electronics,Audio,ValueMax,146.04,324.54,S0038,2024-05-21
P00596,Furniture Product 0596,Furniture,Chairs,Prime,1741.77,2662.5,S0116,2023-12-10
P00597,Clothing Product 0597,Clothing,Footwear,TechOne,424.85,595.28,S0211,2023-08-08
P00598,Clothing Product 0598,Clothing,Men,Prime,3766.02,5952.99,S0269,2025-03-03
P00599,Accessories Product 0599,Accessories,Travel,Vertex,1995.66,2539.26,S0194,2024-06-08
P00600,Clothing Product 0600,Clothing,Kids,Nova,314.97,437.92,S0200,2025-08-29
P00601,Office Supplies Product 0601,Office Supplies,Printing,Vertex,381.19,479.62,S0103,2025-11-18
P00602,Home Appliances Product 0602,Home Appliances,Small Appliances,ValueMax,1517.52,2198.66,S0211,2025-02-15
P00603,Accessories Product 0603,Accessories,Watches,Prime,734.01,923.06,S0107,2022-06-28
P00604,Clothing Product 0604,Clothing,Footwear,Urbanix,809.12,1013.06,S0016,2021-12-11
P00605,Accessories Product 0605,Accessories,Bags,Prime,2949.22,4282.6,S0075,2022-07-01
P00606,Home Appliances Product 0606,Home Appliances,Cleaning,Urbanix,422.15,567.58,S0184,2024-07-24
P00607,Home Appliances Product 0607,Home Appliances,Kitchen,TechOne,1213.15,1314.71,S0289,2025-04-27
P00608,Electronics Product 0608,Electronics,Mobiles,ValueMax,2729.32,3117.24,S0149,2025-05-26
P00609,Clothing Product 0609,Clothing,Footwear,Nova,2276.63,2695.11,S0259,2024-06-02
P00610,Office Supplies Product 0610,Office Supplies,Paper,HomePro,837.09,1022.97,S0234,2024-05-27
P00611,Office Supplies Product 0611,Office Supplies,Stationery,Urbanix,618.94,898.9,S0169,2025-10-04
P00612,Clothing Product 0612,Clothing,Women,Nova,149.32,210.87,S0242,2024-06-05
P00613,Accessories Product 0613,Accessories,Travel,ValueMax,260.18,417.31,S0121,2021-09-15
P00614,Accessories Product 0614,Accessories,Personal Accessories,Nova,1080.18,1649.84,S0133,2023-07-02
P00615,Furniture Product 0615,Furniture,Storage,Vertex,651.11,1045.44,S0222,2022-10-17
P00616,Clothing Product 0616,Clothing,Women,Nova,865.47,1293.37,S0192,2024-03-08
P00617,Home Appliances Product 0617,Home Appliances,Cleaning,Prime,2405.41,3392.53,S0159,2024-03-06
P00618,Furniture Product 0618,Furniture,Storage,Apex,226.97,366.04,S0130,2022-06-22
P00619,Electronics Product 0619,Electronics,Audio,Urbanix,604.61,947.57,S0293,2022-07-01
P00620,Electronics Product 0620,Electronics,Accessories,Nova,1003.43,1449.23,S0020,2021-06-12
P00621,Home Appliances Product 0621,Home Appliances,Cooling,Nova,357.77,593.43,S0017,2022-06-20
P00622,Office Supplies Product 0622,office supplies,Printing,ValueMax,4820.98,5021.85,S0144,2025-02-19
P00623,Accessories Product 0623,Accessories,Travel,TechOne,2259.67,2976.98,S0011,2024-04-10
P00624,Office Supplies Product 0624,Office Supplies,Stationery,ValueMax,1219.92,1603.93,S0103,2025-09-18
P00625,Accessories Product 0625,Accessories,Watches,Apex,150.0,7217.82,S0171,2025-08-18
P00626,Office Supplies Product 0626,Office Supplies,Paper,Apex,153.56,268.05,S0122,2025-04-13
P00627,Home Appliances Product 0627,Home Appliances,Kitchen,TechOne,1041.94,1190.76,S0061,2021-11-24
P00628,Electronics Product 0628,Electronics,Laptops,Apex,1019.32,1730.93,S0086,2022-09-02
P00629,Office Supplies Product 0629,Office Supplies,Printing,Prime,407.33,480.83,S0182,2021-04-15
P00630,Home Appliances Product 0630,Home Appliances,Cleaning,Urbanix,1368.31,1620.99,S0286,2021-06-20
P00631,Accessories Product 0631,Accessories,Bags,Prime,298.98,396.82,S0235,2022-02-26
P00632,Home Appliances Product 0632,Home Appliances,Cleaning,Nova,1823.64,2393.79,S0165,2022-05-27
P00633,Electronics Product 0633,Electronics,Mobiles,Vertex,3061.6,3456.15,S0042,2021-01-29
P00634,Furniture Product 0634,Furniture,Chairs,HomePro,1047.81,1575.63,S0073,2025-03-19
P00635,Electronics Product 0635,Electronics,Laptops,TechOne,124.57,188.16,S0133,2023-08-20
P00636,Electronics Product 0636,electronics,Accessories,Nova,285.04,456.36,S0075,2024-04-11
P00637,Clothing Product 0637,Clothing,Footwear,Nova,1632.32,2110.73,S0207,2024-04-07
P00638,Clothing Product 0638,Clothing,Women,Nova,899.62,1225.71,S0110,2025-10-31
P00639,Home Appliances Product 0639,Home Appliances,Cooling,TechOne,73.3,100.0,S0251,2021-09-26
P00640,Home Appliances Product 0640,Home Appliances,Small Appliances,Urbanix,2333.75,4158.49,S0081,2022-09-18
P00641,Clothing Product 0641,Clothing,Footwear,Urbanix,1320.69,1375.72,S0149,2022-07-17
P00642,Home Appliances Product 0642,home appliances,Kitchen,Nova,436.8,529.01,S0215,2023-10-04
P00643,Electronics Product 0643,Electronics,Accessories,ValueMax,2367.44,3245.53,S0062,2023-08-19
P00644,Furniture Product 0644,Furniture,Chairs,Prime,511.05,609.44,S0229,2024-12-12
P00645,Clothing Product 0645,Clothing,Men,TechOne,455.63,602.82,S0176,2023-10-21
P00646,Home Appliances Product 0646,Home Appliances,Cleaning,HomePro,1275.18,1717.16,S0195,2022-03-04
P00647,Electronics Product 0647,Electronics,Audio,Vertex,5668.43,7123.22,S0137,2023-10-28
P00648,Office Supplies Product 0648,Office Supplies,Stationery,TechOne,1300.0,6085.5,S0281,2025-10-26
P00649,Clothing Product 0649,Clothing,Women,Apex,1147.22,1719.5,S0232,2023-11-23
P00650,Electronics Product 0650,Electronics,Mobiles,Apex,1435.98,1905.43,S0058,2023-12-18
P00651,Office Supplies Product 0651,Office Supplies,Paper,Vertex,2053.08,2648.04,S0167,2021-11-18
P00652,Accessories Product 0652,Accessories,Travel,TechOne,254.89,341.41,S0271,2021-01-15
P00653,Clothing Product 0653,Clothing,Women,ValueMax,1669.92,2285.24,S0084,2022-01-18
P00654,Furniture Product 0654,Furniture,Chairs,Prime,520.67,575.94,S0161,2021-02-15
P00655,Home Appliances Product 0655,Home Appliances,Kitchen,Nova,1128.37,1650.04,S0227,2023-04-06
P00656,Furniture Product 0656,Furniture,Chairs,TechOne,740.89,955.86,S0082,2025-05-30
P00657,Home Appliances Product 0657,Home Appliances,Kitchen,ValueMax,1196.14,1980.86,S0156,2023-03-27
P00658,Furniture Product 0658,Furniture,Storage,Apex,906.0,1350.43,S0166,2024-03-23
P00659,Clothing Product 0659,Clothing,Women,Apex,61.3,100.0,S0054,2025-04-11
P00660,Office Supplies Product 0660,Office Supplies,Paper,Vertex,1192.69,1435.07,S0054,2024-10-24
P00661,Furniture Product 0661,Furniture,Home Office,Nova,1749.6,2280.68,S0169,2024-04-02
P00662,Accessories Product 0662,Accessories,Personal Accessories,ValueMax,1601.14,1874.33,S0054,2022-05-28
P00663,Electronics Product 0663,Electronics,Laptops,Prime,866.96,1083.0,S0285,2023-02-07
P00664,Electronics Product 0664,Electronics,Mobiles,Urbanix,3749.45,6199.59,S0158,2022-12-30
P00665,Furniture Product 0665,Furniture,Desks,HomePro,952.3,1638.36,S0212,2024-12-28
P00666,Clothing Product 0666,Clothing,Footwear,Nova,1570.44,1858.92,S0120,2025-09-07
P00667,Home Appliances Product 0667,Home Appliances,Cleaning,Nova,2645.84,3410.34,S0090,2021-12-07
P00668,Accessories Product 0668,Accessories,Bags,Vertex,1272.0,1724.46,S0146,2021-11-11
P00669,Furniture Product 0669,Furniture,Storage,Prime,328.23,488.85,S0214,2024-07-31
P00670,Office Supplies Product 0670,Office Supplies,Paper,Urbanix,94.92,104.77,S0120,2024-10-26
P00671,Electronics Product 0671,Electronics,Laptops,Vertex,662.99,744.68,S0085,2024-05-24
P00672,Clothing Product 0672,Clothing,Kids,Urbanix,1749.15,2568.36,S0044,2022-07-16
P00673,Accessories Product 0673,Accessories,Bags,Urbanix,779.7,843.01,S0163,2021-01-17
P00674,Clothing Product 0674,Clothing,Footwear,Apex,2071.34,2673.8,S0204,2022-08-10
P00675,Clothing Product 0675,Clothing,Footwear,Apex,993.9,1392.43,S0158,2023-05-02
P00676,Office Supplies Product 0676,Office Supplies,Paper,ValueMax,2995.32,4350.92,S0077,2023-01-24
P00677,Accessories Product 0677,Accessories,Personal Accessories,TechOne,664.72,893.24,S0075,2025-08-10
P00678,Office Supplies Product 0678,Office Supplies,Writing,Urbanix,1468.31,1915.42,S0114,2025-04-26
P00679,Electronics Product 0679,Electronics,Audio,ValueMax,1284.72,1990.14,S0105,2024-11-15
P00680,Furniture Product 0680,Furniture,Chairs,Apex,3778.62,5386.65,S0062,2021-02-10
P00681,Electronics Product 0681,Electronics,Mobiles,Vertex,173.06,217.77,S0283,2021-08-21
P00682,Electronics Product 0682,Electronics,Laptops,Urbanix,551.03,758.75,S0099,2023-03-03
P00683,Electronics Product 0683,Electronics,Audio,HomePro,1939.07,2803.41,S0076,2024-02-09
P00684,Office Supplies Product 0684,Office Supplies,Stationery,TechOne,3142.87,5630.61,S0182,2024-05-26
P00685,Clothing Product 0685,Clothing,Kids,Urbanix,993.73,1525.61,S0241,2022-06-25
P00686,Furniture Product 0686,Furniture,Storage,Vertex,544.95,895.49,S0140,2021-07-21
P00687,Office Supplies Product 0687,Office Supplies,Printing,Vertex,2023.97,2558.55,S0201,2022-08-22
P00688,Accessories Product 0688,Accessories,Watches,Nova,2238.17,2860.58,S0029,2024-12-16
P00689,Home Appliances Product 0689,Home Appliances,Kitchen,HomePro,631.08,837.49,S0160,2025-12-06
P00690,Office Supplies Product 0690,Office Supplies,Writing,Apex,1242.83,1669.67,S0020,2025-09-15
P00691,Furniture Product 0691,Furniture,Chairs,Prime,3246.2,3907.31,S0042,2023-12-19
P00692,Accessories Product 0692,Accessories,Bags,HomePro,4795.21,7946.89,S0178,2021-06-15
P00693,Furniture Product 0693,Furniture,Home Office,TechOne,1618.07,2521.68,S0062,2025-11-02
P00694,Furniture Product 0694,Furniture,Home Office,TechOne,953.87,1254.15,S0011,2021-10-07
P00695,Accessories Product 0695,Accessories,Personal Accessories,Vertex,756.93,1136.83,S0054,2022-05-05
P00696,Office Supplies Product 0696,Office Supplies,Printing,Apex,1482.89,2095.34,S0232,2025-11-13
P00697,Home Appliances Product 0697,Home Appliances,Kitchen,ValueMax,703.37,1068.92,S0177,2023-07-09
P00698,Clothing Product 0698,Clothing,Men,TechOne,1253.93,1450.58,S0115,2021-12-28
P00699,Clothing Product 0699,Clothing,Women,Urbanix,310.21,416.63,S0293,2023-07-06
P00700,Furniture Product 0700,Furniture,Chairs,Prime,3230.34,4390.22,S0116,2021-05-25
P00701,Furniture Product 0701,Furniture,Home Office,ValueMax,256.18,383.71,S0264,2022-07-31
P00702,Furniture Product 0702,Furniture,Chairs,Nova,617.59,778.96,S0104,2025-10-04
P00703,Electronics Product 0703,Electronics,Audio,Apex,1270.1,1323.02,S0008,2022-06-29
P00704,Home Appliances Product 0704,Home Appliances,Small Appliances,Nova,7365.26,8787.31,S0034,2025-06-18
P00705,Furniture Product 0705,Furniture,Storage,ValueMax,578.83,786.34,S0083,2023-09-18
P00706,Clothing Product 0706,Clothing,Men,Nova,446.11,616.5,S0056,2024-04-11
P00707,Home Appliances Product 0707,,Cleaning,Nova,388.52,691.77,S0048,2024-07-06
P00708,Home Appliances Product 0708,Home Appliances,Cooling,Urbanix,4234.7,6304.22,S0116,2023-10-04
P00709,Office Supplies Product 0709,Office Supplies,Printing,Vertex,72.18,100.0,S0293,2021-03-04
P00710,Office Supplies Product 0710,Office Supplies,Paper,Prime,322.81,440.25,S0061,2025-08-05
P00711,Accessories Product 0711,Accessories,Watches,Urbanix,11414.67,18423.19,S0071,2023-05-17
P00712,Clothing Product 0712,Clothing,Footwear,Urbanix,1709.55,2166.7,S0299,2024-04-11
P00713,Home Appliances Product 0713,Home Appliances,Small Appliances,Apex,295.42,397.06,S0061,2023-10-08
P00714,Accessories Product 0714,Accessories,Watches,Apex,965.39,1150.74,S0250,2024-04-16
P00715,Home Appliances Product 0715,Home Appliances,Kitchen,ValueMax,754.98,1283.74,S0187,2022-10-10
P00716,Electronics Product 0716,Electronics,Audio,Prime,1931.83,2796.72,S0279,2025-03-20
P00717,Clothing Product 0717,Clothing,Footwear,Apex,6047.35,7552.08,S0167,2022-02-14
P00718,Electronics Product 0718,Electronics,Accessories,HomePro,1312.22,1769.81,S0179,2024-04-07
P00719,Clothing Product 0719,Clothing,Women,Vertex,474.95,699.45,S0068,2023-11-21
P00720,Accessories Product 0720,Accessories,Bags,HomePro,1990.66,2636.38,S0173,2023-07-09
P00721,Office Supplies Product 0721,office supplies,Writing,TechOne,467.67,596.94,S0202,2021-02-10
P00722,Office Supplies Product 0722,Office Supplies,Printing,Urbanix,339.63,426.98,S0297,2022-12-13
P00723,Electronics Product 0723,Electronics,Accessories,Vertex,143.72,206.47,S0030,2021-03-28
P00724,Accessories Product 0724,Accessories,Bags,Urbanix,192.12,250.87,S0048,2023-07-08
P00725,Electronics Product 0725,Electronics,Mobiles,Urbanix,379.64,489.62,S0006,2024-06-09
P00726,Electronics Product 0726,Electronics,Mobiles,Apex,319.15,369.55,S0238,2023-08-12
P00727,Furniture Product 0727,Furniture,Chairs,TechOne,1185.49,1641.41,S0025,2024-10-13
P00728,Electronics Product 0728,Electronics,Accessories,Apex,270.56,361.65,S0275,2022-10-21
P00729,Office Supplies Product 0729,Office Supplies,Stationery,Vertex,76.22,100.0,S0110,2022-07-13
P00730,Office Supplies Product 0730,Office Supplies,Writing,Urbanix,300.02,422.49,S0087,2023-03-29
P00731,Furniture Product 0731,Furniture,Home Office,HomePro,490.49,748.61,S0293,2022-02-23
P00732,Electronics Product 0732,Electronics,Audio,Urbanix,432.19,654.99,S0217,2025-01-03
P00733,Electronics Product 0733,Electronics,Accessories,Apex,3700.24,5484.06,S0165,2025-01-17
P00734,Office Supplies Product 0734,Office Supplies,Paper,HomePro,489.93,649.72,S0267,2023-01-31
P00735,Electronics Product 0735,Electronics,Accessories,Urbanix,2278.09,2895.75,S0227,2024-12-17
P00736,Clothing Product 0736,Clothing,Women,HomePro,982.45,1177.44,S0192,2021-02-16
P00737,Electronics Product 0737,Electronics,Laptops,Prime,907.94,1150.29,S0097,2021-10-10
P00738,Furniture Product 0738,Furniture,Desks,Vertex,378.91,520.45,S0296,2022-06-01
P00739,Office Supplies Product 0739,Office Supplies,Paper,Urbanix,914.96,1131.49,S0216,2022-12-09
P00740,Office Supplies Product 0740,Office Supplies,Writing,Prime,1000.0,558.35,S0284,2022-02-27
P00741,Electronics Product 0741,Electronics,Mobiles,Nova,1175.68,1422.4,S0290,2023-07-24
P00742,Electronics Product 0742,Electronics,Mobiles,ValueMax,849.05,947.5,S0165,2024-12-19
P00743,Home Appliances Product 0743,Home Appliances,Cleaning,Apex,302.38,466.59,S0108,2023-04-13
P00744,Electronics Product 0744,Electronics,Mobiles,Nova,2515.49,3235.6,S0285,2023-03-31
P00745,Office Supplies Product 0745,Office Supplies,Writing,TechOne,1496.31,1838.89,S0300,2021-04-20
P00746,Office Supplies Product 0746,Office Supplies,Paper,TechOne,643.51,766.64,S0037,2022-05-27
P00747,Furniture Product 0747,Furniture,Home Office,Nova,954.47,1387.93,S0192,2025-01-13
P00748,Office Supplies Product 0748,,Paper,Vertex,653.84,1103.51,S0181,2025-01-19
P00749,Home Appliances Product 0749,Home Appliances,Small Appliances,Urbanix,388.2,503.95,S0225,2021-07-10
P00750,Home Appliances Product 0750,Home Appliances,Cleaning,Apex,967.74,1287.65,S0293,2021-02-05
P00751,Furniture Product 0751,Furniture,Chairs,HomePro,401.66,644.88,S0076,2025-02-25
P00752,Furniture Product 0752,Furniture,Chairs,Prime,424.96,466.45,S0293,2021-11-15
P00753,Furniture Product 0753,Furniture,Home Office,Apex,126.3,236.82,S0193,2023-11-15
P00754,Office Supplies Product 0754,Office Supplies,Printing,Nova,407.11,838.38,S0025,2025-02-18
P00755,Clothing Product 0755,Clothing,Men,HomePro,2030.88,2115.5,S0154,2024-12-07
P00756,Furniture Product 0756,Furniture,Storage,ValueMax,443.18,599.09,S0041,2023-10-02
P00757,Furniture Product 0757,Furniture,Storage,Apex,11968.19,14924.89,S0287,2022-11-19
P00758,Accessories Product 0758,Accessories,Bags,Prime,2201.03,2909.58,S0229,2024-11-12
P00759,Electronics Product 0759,Electronics,Mobiles,Urbanix,3413.27,4422.26,S0272,2024-06-21
P00760,Office Supplies Product 0760,Office Supplies,Writing,ValueMax,1724.56,2657.98,S0181,2025-03-10
P00761,Clothing Product 0761,Clothing,Footwear,Nova,5673.34,7653.68,S0120,2023-07-27
P00762,Electronics Product 0762,Electronics,Accessories,Urbanix,448.52,546.25,S0129,2025-09-16
P00763,Electronics Product 0763,electronics,Laptops,Vertex,74.72,100.0,S0285,2024-11-05
P00764,Electronics Product 0764,Electronics,Laptops,TechOne,521.19,768.12,S0046,2021-04-26
P00765,Accessories Product 0765,Accessories,Watches,Prime,1779.1,2097.07,S0266,2022-06-21
P00766,Electronics Product 0766,Electronics,Laptops,ValueMax,1249.18,1396.32,S0127,2024-12-29
P00767,Electronics Product 0767,Electronics,Audio,HomePro,838.85,1580.58,S0178,2021-07-31
P00768,Electronics Product 0768,Electronics,Laptops,Apex,3571.07,4496.2,S0201,2024-07-17
P00769,Electronics Product 0769,Electronics,Laptops,Apex,1307.75,1758.36,S0025,2022-09-14
P00770,Clothing Product 0770,Clothing,Men,Vertex,2053.58,2667.75,S0045,2022-01-13
P00771,Furniture Product 0771,Furniture,Desks,Apex,316.64,468.96,S0049,2023-09-13
P00772,Clothing Product 0772,Clothing,Footwear,HomePro,221.8,401.29,S0234,2025-08-28
P00773,Clothing Product 0773,Clothing,Men,ValueMax,4050.94,6028.12,S0024,2025-06-27
P00774,Home Appliances Product 0774,Home Appliances,Small Appliances,Apex,1170.55,1327.4,S0184,2023-01-08
P00775,Electronics Product 0775,Electronics,Mobiles,ValueMax,558.78,643.45,S0033,2021-01-07
P00776,Home Appliances Product 0776,Home Appliances,Kitchen,ValueMax,496.3,644.63,S0231,2025-06-08
P00777,Clothing Product 0777,Clothing,Women,Apex,474.53,627.0,S0294,2025-06-26
P00778,Electronics Product 0778,Electronics,Audio,Prime,532.83,590.59,S0125,2024-01-10
P00779,Home Appliances Product 0779,Home Appliances,Kitchen,Vertex,215.55,332.6,S0064,2024-02-22
P00780,Home Appliances Product 0780,Home Appliances,Kitchen,Urbanix,224.45,267.64,S0134,2023-08-20
P00781,Furniture Product 0781,Furniture,Home Office,ValueMax,573.35,987.4,S0208,2021-01-23
P00782,Accessories Product 0782,Accessories,Personal Accessories,Vertex,363.42,663.25,S0219,2021-10-19
P00783,Office Supplies Product 0783,Office Supplies,Paper,Prime,2740.7,3630.9,S0191,2021-09-19
P00784,Clothing Product 0784,Clothing,Footwear,HomePro,1103.7,1608.65,S0175,2025-07-27
P00785,Accessories Product 0785,Accessories,Travel,Vertex,1334.92,1564.61,S0190,2021-04-01
P00786,Furniture Product 0786,Furniture,Desks,ValueMax,381.05,570.75,S0066,2023-10-13
P00787,Home Appliances Product 0787,Home Appliances,Cooling,HomePro,829.11,1063.21,S0063,2022-10-25
P00788,Furniture Product 0788,Furniture,Chairs,Nova,1444.05,1721.72,S0280,2021-01-12
P00789,Home Appliances Product 0789,Home Appliances,Cleaning,Vertex,1863.91,2455.96,S0174,2025-08-05
P00790,Clothing Product 0790,Clothing,Kids,HomePro,848.38,1092.46,S0259,2021-02-03
P00791,Electronics Product 0791,Electronics,Laptops,TechOne,2692.08,3530.52,S0188,2025-04-11
P00792,Office Supplies Product 0792,Office Supplies,Printing,ValueMax,768.15,1209.63,S0137,2024-11-20
P00793,Furniture Product 0793,Furniture,Home Office,TechOne,2143.91,2651.61,S0172,2024-12-19
P00794,Electronics Product 0794,Electronics,Mobiles,Nova,409.17,735.26,S0208,2021-10-23
P00795,Electronics Product 0795,Electronics,Mobiles,HomePro,168.95,195.88,S0056,2025-05-27
P00796,Furniture Product 0796,Furniture,Chairs,Nova,892.13,1569.38,S0139,2023-12-29
P00797,Electronics Product 0797,Electronics,Audio,Nova,2061.23,2478.48,S0217,2023-01-04
P00798,Electronics Product 0798,Electronics,Laptops,HomePro,1557.53,2133.3,S0027,2024-05-27
P00799,Clothing Product 0799,Clothing,Women,Prime,1425.88,1830.35,S0022,2022-09-16
P00800,Clothing Product 0800,Clothing,Kids,HomePro,647.29,846.82,S0049,2022-05-25
P00801,Clothing Product 0801,Clothing,Kids,TechOne,348.05,535.57,S0178,2022-06-11
P00802,Furniture Product 0802,Furniture,Storage,Nova,1208.47,2083.5,S0072,2023-11-05
P00803,Accessories Product 0803,Accessories,Bags,Apex,1123.03,1838.17,S0131,2024-01-02
P00804,Clothing Product 0804,Clothing,Footwear,TechOne,527.65,684.83,S0041,2022-03-15
P00805,Electronics Product 0805,Electronics,Audio,Prime,2589.51,3639.13,S0076,2022-03-25
P00806,Electronics Product 0806,Electronics,Accessories,Apex,401.13,496.32,S0006,2025-09-24
P00807,Clothing Product 0807,Clothing,Women,Prime,555.13,669.51,S0243,2023-07-29
P00808,Electronics Product 0808,Electronics,Accessories,ValueMax,5206.41,6164.13,S0140,2025-04-19
P00809,Office Supplies Product 0809,Office Supplies,Paper,Nova,2213.12,2860.23,S0053,2022-08-26
P00810,Accessories Product 0810,Accessories,Travel,ValueMax,591.44,838.88,S0158,2022-06-10
P00811,Electronics Product 0811,Electronics,Laptops,TechOne,1473.45,1599.52,S0280,2022-05-31
P00812,Electronics Product 0812,Electronics,Laptops,TechOne,1029.15,1400.9,S0248,2023-08-24
P00813,Accessories Product 0813,Accessories,Personal Accessories,Prime,57.84,100.0,S0266,2024-11-22
P00814,Clothing Product 0814,Clothing,Kids,Apex,299.48,484.74,S0122,2023-07-03
P00815,Electronics Product 0815,Electronics,Audio,Urbanix,899.31,1140.51,S0109,2022-06-23
P00816,Accessories Product 0816,Accessories,Watches,Urbanix,730.58,840.05,S0095,2025-10-19
P00817,Accessories Product 0817,Accessories,Travel,ValueMax,1050.9,1536.37,S0092,2023-11-11
P00818,Office Supplies Product 0818,Office Supplies,Paper,Apex,3564.36,3712.87,S0276,2022-12-21
P00819,Clothing Product 0819,Clothing,Kids,HomePro,538.54,870.04,S0042,2021-01-18
P00820,Furniture Product 0820,Furniture,Home Office,Nova,313.11,416.72,S0256,2023-10-24
P00821,Electronics Product 0821,Electronics,Audio,TechOne,908.13,1660.59,S0275,2024-02-08
P00822,Clothing Product 0822,Clothing,Kids,HomePro,781.4,865.63,S0254,2025-08-22
P00823,Furniture Product 0823,Furniture,Home Office,ValueMax,655.17,1026.61,S0189,2022-02-26
P00824,Clothing Product 0824,Clothing,Footwear,Vertex,663.33,896.33,S0257,2021-10-25
P00825,Home Appliances Product 0825,Home Appliances,Cleaning,Apex,8617.54,11292.73,S0010,2025-12-29
P00826,Electronics Product 0826,Electronics,Mobiles,Apex,110.68,127.66,S0246,2023-10-02
P00827,Clothing Product 0827,Clothing,Men,Apex,545.61,813.82,S0154,2021-02-19
P00828,Furniture Product 0828,Furniture,Storage,Nova,791.94,1195.58,S0288,2021-07-12
P00829,Home Appliances Product 0829,Home Appliances,Small Appliances,Prime,303.02,549.46,S0026,2023-05-18
P00830,Furniture Product 0830,Furniture,Desks,Urbanix,1856.76,2951.01,S0280,2024-02-01
P00831,Clothing Product 0831,Clothing,Women,Apex,2136.32,2706.29,S0173,2022-03-21
P00832,Office Supplies Product 0832,Office Supplies,Stationery,Vertex,950.0,1144.04,S0032,2022-10-30
P00833,Office Supplies Product 0833,Office Supplies,Paper,Prime,793.55,915.44,S0153,2024-09-05
P00834,Clothing Product 0834,Clothing,Men,Apex,625.15,1072.9,S0012,2025-11-01
P00835,Clothing Product 0835,Clothing,Footwear,Nova,872.94,1080.62,S0025,2023-06-16
P00836,Clothing Product 0836,Clothing,Kids,TechOne,645.73,1109.54,S0160,2023-01-29
P00837,Home Appliances Product 0837,Home Appliances,Kitchen,HomePro,673.66,994.34,S0245,2022-10-22
P00838,Accessories Product 0838,Accessories,Bags,Nova,1076.61,1544.61,S0033,2021-09-06
P00839,Office Supplies Product 0839,Office Supplies,Printing,Nova,1938.66,2548.57,S0079,2021-04-07
P00840,Office Supplies Product 0840,Office Supplies,Printing,TechOne,232.81,350.66,S0118,2025-03-03
P00841,Electronics Product 0841,Electronics,Accessories,Urbanix,306.99,419.65,S0163,2021-03-09
P00842,Home Appliances Product 0842,Home Appliances,Kitchen,TechOne,160.16,208.84,S0001,2025-02-07
P00843,Office Supplies Product 0843,Office Supplies,Stationery,Prime,1884.77,2853.99,S0192,2022-03-28
P00844,Office Supplies Product 0844,Office Supplies,Stationery,Urbanix,1147.36,1541.33,S0150,2024-06-22
P00845,Electronics Product 0845,Electronics,Accessories,Urbanix,1610.69,1988.91,S0289,2025-10-03
P00846,Accessories Product 0846,Accessories,Travel,HomePro,192.5,287.31,S0091,2024-09-28
P00847,Office Supplies Product 0847,Office Supplies,Printing,Nova,5266.07,7151.12,S0149,2024-08-24
P00848,Clothing Product 0848,Clothing,Men,Prime,444.61,652.77,S0025,2022-04-29
P00849,Electronics Product 0849,Electronics,Laptops,Urbanix,1100.91,1419.82,S0276,2023-12-28
P00850,Accessories Product 0850,Accessories,Travel,Vertex,2399.5,2819.91,S0251,2024-03-17
P00851,Electronics Product 0851,Electronics,Accessories,Urbanix,248.89,447.24,S0107,2023-02-16
P00852,Electronics Product 0852,Electronics,Audio,Apex,399.8,694.89,S0139,2021-03-11
P00853,Home Appliances Product 0853,Home Appliances,Kitchen,HomePro,921.03,1435.47,S0258,2025-07-24
P00854,Accessories Product 0854,Accessories,Bags,Nova,16068.25,20900.95,S0089,2021-12-26
P00855,Electronics Product 0855,Electronics,Laptops,TechOne,1232.51,1621.65,S0071,2025-11-12
P00856,Office Supplies Product 0856,Office Supplies,Writing,ValueMax,3539.7,5981.57,S0073,2025-08-29
P00857,Clothing Product 0857,Clothing,Footwear,HomePro,3066.74,4006.81,S0213,2021-02-04
P00858,Home Appliances Product 0858,Home Appliances,Cooling,ValueMax,1375.37,1733.83,S0064,2024-09-11
P00859,Furniture Product 0859,Furniture,Desks,Prime,242.21,446.25,S0027,2024-03-03
P00860,Office Supplies Product 0860,Office Supplies,Printing,TechOne,2544.35,3462.79,S0050,2022-02-25
P00861,Home Appliances Product 0861,Home Appliances,Kitchen,HomePro,148.39,268.26,S0296,2025-01-23
P00862,Clothing Product 0862,Clothing,Footwear,Apex,5174.53,5948.84,S0262,2021-07-23
P00863,Home Appliances Product 0863,Home Appliances,Small Appliances,Vertex,994.0,1465.69,S0287,2022-03-30
P00864,Clothing Product 0864,Clothing,Kids,Apex,52.29,100.0,S0084,2025-09-28
P00865,Electronics Product 0865,Electronics,Accessories,ValueMax,620.65,853.69,S0133,2024-09-17
P00866,Accessories Product 0866,Accessories,Personal Accessories,ValueMax,1745.58,2307.74,S0148,2021-07-24
P00867,Home Appliances Product 0867,Home Appliances,Cleaning,Prime,801.7,946.77,S0158,2021-09-20
P00868,Home Appliances Product 0868,Home Appliances,Cleaning,Vertex,1500.0,2453.04,S0009,2022-04-15
P00869,Electronics Product 0869,Electronics,Accessories,HomePro,400.0,512.89,S0180,2021-05-09
P00870,Electronics Product 0870,electronics,Audio,Nova,250.0,325.09,S0012,2021-11-30
P00871,Home Appliances Product 0871,Home Appliances,Kitchen,Vertex,953.53,1117.26,S0083,2023-11-10
P00872,Electronics Product 0872,Electronics,Accessories,Apex,711.27,1238.48,S0088,2021-01-14
P00873,Accessories Product 0873,Accessories,Bags,ValueMax,520.49,846.99,S0203,2022-06-09
P00874,Furniture Product 0874,Furniture,Storage,Urbanix,3001.82,4094.37,S0269,2022-07-28
P00875,Clothing Product 0875,Clothing,Men,Prime,433.52,512.79,S0210,2025-11-07
P00876,Accessories Product 0876,Accessories,Personal Accessories,Urbanix,946.06,1641.3,S0131,2025-11-13
P00877,Office Supplies Product 0877,Office Supplies,Paper,Prime,1200.0,1284.4,S0158,2025-03-23
P00878,Furniture Product 0878,Furniture,Desks,Nova,212.64,252.99,S0154,2022-09-16
P00879,Clothing Product 0879,Clothing,Kids,Apex,290.78,320.87,S0045,2023-08-21
P00880,Clothing Product 0880,Clothing,Footwear,Apex,964.94,1214.38,S0288,2023-07-10
P00881,Office Supplies Product 0881,Office Supplies,Paper,Urbanix,7618.05,8701.73,S0276,2025-04-19
P00882,Clothing Product 0882,Clothing,Footwear,Urbanix,1696.81,2141.68,S0073,2024-09-23
P00883,Accessories Product 0883,Accessories,Watches,TechOne,140.07,213.67,S0035,2025-07-13
P00884,Office Supplies Product 0884,Office Supplies,Stationery,Vertex,76.75,100.0,S0050,2023-10-03
P00885,Electronics Product 0885,Electronics,Laptops,Nova,800.0,2497.71,S0189,2025-08-05
P00886,Furniture Product 0886,Furniture,Chairs,Nova,874.48,1089.92,S0009,2024-09-19
P00887,Office Supplies Product 0887,Office Supplies,Writing,ValueMax,2718.04,3756.88,S0031,2024-09-10
P00888,Electronics Product 0888,Electronics,Audio,Urbanix,267.55,497.38,S0195,2024-04-22
P00889,Electronics Product 0889,Electronics,Mobiles,Nova,1302.72,1703.24,S0044,2022-09-05
P00890,Clothing Product 0890,Clothing,Women,ValueMax,1934.18,2796.85,S0021,2024-01-16
P00891,Furniture Product 0891,Furniture,Home Office,Vertex,680.07,767.1,S0007,2022-10-13
P00892,Accessories Product 0892,Accessories,Personal Accessories,Urbanix,452.95,783.67,S0212,2024-03-31
P00893,Furniture Product 0893,Furniture,Chairs,Nova,957.14,1230.7,S0110,2022-04-10
P00894,Electronics Product 0894,Electronics,Laptops,HomePro,1290.35,2064.73,S0086,2024-12-29
P00895,Home Appliances Product 0895,Home Appliances,Cleaning,HomePro,878.1,1182.92,S0192,2023-11-09
P00896,Accessories Product 0896,Accessories,Watches,TechOne,2125.72,3178.21,S0052,2024-07-20
P00897,Furniture Product 0897,Furniture,Home Office,Urbanix,501.2,756.08,S0157,2022-02-09
P00898,Electronics Product 0898,Electronics,Audio,Urbanix,246.43,317.88,S0146,2024-12-15
P00899,Electronics Product 0899,Electronics,Accessories,ValueMax,5379.34,8665.04,S0203,2025-01-04
P00900,Office Supplies Product 0900,Office Supplies,Writing,TechOne,200.0,655.53,S0188,2021-09-23
P00901,Office Supplies Product 0901,Office Supplies,Paper,Nova,443.3,679.69,S0203,2022-10-01
P00902,Furniture Product 0902,Furniture,Storage,HomePro,864.06,1123.58,S0064,2024-05-21
P00903,Electronics Product 0903,Electronics,Audio,TechOne,892.01,1283.39,S0043,2025-05-14
P00904,Office Supplies Product 0904,Office Supplies,Writing,Apex,632.73,815.17,S0161,2024-09-07
P00905,Accessories Product 0905,Accessories,Bags,HomePro,854.97,1179.26,S0018,2023-05-11
P00906,Clothing Product 0906,Clothing,Kids,Nova,965.79,1153.22,S0137,2022-07-02
P00907,Office Supplies Product 0907,Office Supplies,Paper,Nova,1007.96,1429.24,S0188,2025-07-19
P00908,Electronics Product 0908,Electronics,Accessories,Nova,82.42,113.59,S0247,2025-05-16
P00909,Furniture Product 0909,Furniture,Home Office,Vertex,6171.06,7871.1,S0196,2025-06-25
P00910,Furniture Product 0910,Furniture,Storage,ValueMax,761.72,1035.65,S0299,2022-07-11
P00911,Home Appliances Product 0911,Home Appliances,Small Appliances,HomePro,1536.81,2144.58,S0168,2023-03-08
P00912,Home Appliances Product 0912,Home Appliances,Cooling,TechOne,239.45,302.47,S0134,2022-03-21
P00913,Accessories Product 0913,Accessories,Bags,Urbanix,556.6,749.25,S0074,2025-10-09
P00914,Accessories Product 0914,Accessories,Personal Accessories,ValueMax,508.82,612.63,S0202,2025-05-02
P00915,Accessories Product 0915,Accessories,Travel,Vertex,2584.96,5217.64,S0244,2021-11-13
P00916,Accessories Product 0916,Accessories,Bags,ValueMax,416.88,667.98,S0097,2022-03-27
P00917,Electronics Product 0917,Electronics,Laptops,Nova,1799.6,2561.01,S0023,2023-10-05
P00918,Electronics Product 0918,Electronics,Mobiles,Nova,383.72,626.19,S0004,2023-01-29
P00919,Furniture Product 0919,Furniture,Home Office,Nova,708.15,763.15,S0190,2023-04-20
P00920,Office Supplies Product 0920,Office Supplies,Writing,TechOne,901.18,938.73,S0199,2022-11-03
P00921,Electronics Product 0921,Electronics,Accessories,Urbanix,3335.79,4332.6,S0037,2024-05-14
P00922,Home Appliances Product 0922,Home Appliances,Small Appliances,Prime,157.35,181.31,S0007,2025-06-27
P00923,Clothing Product 0923,Clothing,Kids,Prime,242.65,321.96,S0197,2025-08-01
P00924,Office Supplies Product 0924,Office Supplies,Writing,TechOne,121.45,171.19,S0120,2023-04-11
P00925,Electronics Product 0925,Electronics,Mobiles,Urbanix,258.04,404.47,S0126,2025-02-19
P00926,Furniture Product 0926,Furniture,Chairs,Nova,449.74,532.98,S0079,2024-06-21
P00927,Electronics Product 0927,Electronics,Mobiles,Prime,164.77,238.79,S0216,2021-12-26
P00928,Home Appliances Product 0928,Home Appliances,Cooling,Urbanix,419.58,575.9,S0224,2024-12-20
P00929,Clothing Product 0929,Clothing,Men,HomePro,111.26,160.03,S0016,2022-10-02
P00930,Clothing Product 0930,Clothing,Men,TechOne,339.06,433.59,S0027,2024-02-20
P00931,Furniture Product 0931,Furniture,Chairs,Nova,2358.36,3985.82,S0167,2024-08-08
P00932,Furniture Product 0932,Furniture,Storage,TechOne,1330.13,1796.62,S0181,2025-09-19
P00933,Office Supplies Product 0933,Office Supplies,Printing,Nova,799.82,1447.43,S0044,2025-09-27
P00934,Home Appliances Product 0934,Home Appliances,Small Appliances,Apex,356.16,440.23,S0048,2025-01-04
P00935,Home Appliances Product 0935,Home Appliances,Cleaning,Prime,169.35,258.27,S0205,2023-07-13
P00936,Electronics Product 0936,Electronics,Audio,Urbanix,282.69,384.11,S0137,2023-01-01
P00937,Accessories Product 0937,Accessories,Travel,Prime,876.62,1149.25,S0036,2023-03-17
P00938,Electronics Product 0938,Electronics,Audio,Urbanix,1906.34,2859.08,S0183,2025-10-02
P00939,Accessories Product 0939,Accessories,Watches,TechOne,2248.23,2958.52,S0023,2022-01-10
P00940,Electronics Product 0940,Electronics,Mobiles,ValueMax,2164.33,2254.51,S0070,2023-08-16
P00941,Furniture Product 0941,Furniture,Storage,TechOne,550.98,573.94,S0214,2024-05-25
P00942,Home Appliances Product 0942,Home Appliances,Cleaning,Prime,741.28,1229.82,S0067,2021-02-11
P00943,Electronics Product 0943,Electronics,Accessories,Apex,528.19,870.21,S0020,2024-03-04
P00944,Office Supplies Product 0944,Office Supplies,Printing,Prime,531.15,981.31,S0288,2022-04-20
P00945,Office Supplies Product 0945,Office Supplies,Stationery,TechOne,6733.78,9202.26,S0068,2022-05-28
P00946,Furniture Product 0946,Furniture,Storage,Apex,177.04,206.04,S0155,2024-02-09
P00947,Clothing Product 0947,Clothing,Women,Prime,732.58,948.99,S0248,2021-01-17
P00948,Home Appliances Product 0948,Home Appliances,Cooling,Prime,2938.19,4031.23,S0297,2021-10-14
P00949,Home Appliances Product 0949,Home Appliances,Cleaning,Prime,230.15,277.05,S0243,2023-04-11
P00950,Furniture Product 0950,Furniture,Desks,Apex,356.25,630.38,S0102,2023-12-02
P00951,Office Supplies Product 0951,Office Supplies,Paper,HomePro,357.78,707.01,S0257,2021-07-19
P00952,Furniture Product 0952,Furniture,Chairs,Prime,654.79,959.86,S0004,2022-10-22
P00953,Furniture Product 0953,Furniture,Home Office,TechOne,177.84,243.26,S0098,2022-07-16
P00954,Electronics Product 0954,Electronics,Laptops,TechOne,1870.49,2176.26,S0060,2023-09-03
P00955,Accessories Product 0955,Accessories,Watches,Prime,1344.26,2336.39,S0159,2022-07-03
P00956,Accessories Product 0956,accessories,Bags,ValueMax,1441.21,1995.11,S0268,2023-08-26
P00957,Home Appliances Product 0957,Home Appliances,Kitchen,Vertex,381.39,502.55,S0233,2025-03-29
P00958,Office Supplies Product 0958,Office Supplies,Paper,ValueMax,892.2,1308.44,S0300,2023-12-04
P00959,Office Supplies Product 0959,Office Supplies,Printing,Urbanix,384.95,488.16,S0042,2022-10-23
P00960,Office Supplies Product 0960,Office Supplies,Printing,Apex,615.5,860.47,S0226,2023-05-31
P00961,Office Supplies Product 0961,Office Supplies,Paper,Urbanix,9037.63,10337.62,S0218,2021-09-13
P00962,Office Supplies Product 0962,Office Supplies,Writing,Prime,820.42,1320.51,S0137,2022-03-08
P00963,Electronics Product 0963,Electronics,Accessories,Urbanix,270.98,365.97,S0030,2023-03-11
P00964,Electronics Product 0964,Electronics,Laptops,HomePro,882.58,1437.14,S0032,2023-12-18
P00965,Accessories Product 0965,Accessories,Travel,Nova,232.93,310.53,S0274,2023-06-07
P00966,Office Supplies Product 0966,Office Supplies,Stationery,TechOne,269.03,361.79,S0089,2025-10-24
P00967,Accessories Product 0967,Accessories,Bags,ValueMax,360.64,423.67,S0192,2024-03-09
P00968,Electronics Product 0968,Electronics,Mobiles,Apex,503.28,769.52,S0284,2023-08-16
P00969,Office Supplies Product 0969,office supplies,Stationery,Apex,2504.0,3062.68,S0148,2023-11-30
P00970,Electronics Product 0970,Electronics,Accessories,HomePro,1666.15,2139.82,S0063,2021-03-21
P00971,Furniture Product 0971,Furniture,Home Office,Vertex,1477.67,2024.49,S0146,2022-12-04
P00972,Electronics Product 0972,Electronics,Mobiles,HomePro,287.06,399.88,S0069,2025-05-10
P00973,Electronics Product 0973,Electronics,Accessories,Vertex,628.97,698.38,S0055,2022-10-14
P00974,Accessories Product 0974,Accessories,Travel,HomePro,1186.18,1575.11,S0244,2023-04-14
P00975,Furniture Product 0975,Furniture,Home Office,Urbanix,416.42,640.18,S0104,2022-02-08
P00976,Clothing Product 0976,Clothing,Footwear,HomePro,697.52,908.42,S0206,2021-05-21
P00977,Office Supplies Product 0977,Office Supplies,Writing,TechOne,1403.95,1865.78,S0219,2022-08-04
P00978,Office Supplies Product 0978,Office Supplies,Stationery,Vertex,604.31,846.66,S0165,2024-11-11
P00979,Office Supplies Product 0979,Office Supplies,Printing,Apex,1117.15,1504.38,S0163,2025-11-30
P00980,Electronics Product 0980,Electronics,Audio,Prime,4915.49,5900.58,S0055,2024-04-19
P00981,Accessories Product 0981,Accessories,Travel,Urbanix,741.35,1010.52,S0159,2025-02-25
P00982,Home Appliances Product 0982,Home Appliances,Small Appliances,Apex,2460.99,3902.66,S0226,2024-03-31
P00983,Home Appliances Product 0983,Home Appliances,Kitchen,ValueMax,1753.31,2099.48,S0059,2024-04-17
P00984,Office Supplies Product 0984,Office Supplies,Paper,Nova,212.33,276.67,S0070,2023-02-19
P00985,Electronics Product 0985,Electronics,Laptops,ValueMax,346.04,398.59,S0208,2021-04-22
P00986,Accessories Product 0986,Accessories,Bags,TechOne,331.53,521.38,S0295,2023-01-20
P00987,Furniture Product 0987,Furniture,Home Office,Apex,377.32,510.42,S0118,2025-04-28
P00988,Electronics Product 0988,Electronics,Accessories,Apex,893.59,1096.4,S0249,2023-09-06
P00989,Furniture Product 0989,Furniture,Home Office,Urbanix,1599.25,2218.8,S0055,2024-10-22
P00990,Home Appliances Product 0990,Home Appliances,Small Appliances,Vertex,3580.08,4210.07,S0171,2021-04-03
P00991,Clothing Product 0991,Clothing,Kids,Apex,1360.97,1633.13,S0284,2022-01-03
P00992,Home Appliances Product 0992,Home Appliances,Cooling,TechOne,673.19,768.47,S0133,2022-06-30
P00993,Home Appliances Product 0993,Home Appliances,Small Appliances,Vertex,125.15,149.58,S0153,2022-10-18
P00994,Electronics Product 0994,Electronics,Audio,HomePro,765.28,1287.77,S0047,2025-12-08
P00995,Accessories Product 0995,Accessories,Personal Accessories,HomePro,989.14,1231.33,S0159,2023-04-24
P00996,Office Supplies Product 0996,Office Supplies,Stationery,TechOne,984.66,1440.87,S0176,2024-04-23
P00997,Clothing Product 0997,Clothing,Kids,Urbanix,8023.0,9860.75,S0295,2024-03-22
P00998,Electronics Product 0998,Electronics,Accessories,Prime,2713.78,4149.21,S0061,2023-02-04
P00999,Accessories Product 0999,Accessories,Personal Accessories,Prime,2190.63,2631.05,S0110,2025-10-30
P01000,Furniture Product 1000,Furniture,Desks,TechOne,332.92,458.52,S0195,2022-02-10
P01001,Electronics Product 1001,Electronics,Laptops,ValueMax,520.66,718.44,S0283,2021-03-05
P01002,Office Supplies Product 1002,Office Supplies,Stationery,Prime,542.68,1091.42,S0072,2024-09-22
P01003,Electronics Product 1003,Electronics,Audio,ValueMax,368.57,552.62,S0209,2024-04-08
P01004,Electronics Product 1004,Electronics,Audio,Apex,1562.31,1979.38,S0264,2022-04-21
P01005,Clothing Product 1005,Clothing,Footwear,Prime,1134.26,1714.69,S0190,2025-05-04
P01006,Office Supplies Product 1006,Office Supplies,Printing,Nova,208.61,404.14,S0129,2021-10-24
P01007,Accessories Product 1007,Accessories,Watches,Apex,3546.39,3971.48,S0071,2022-04-04
P01008,Furniture Product 1008,Furniture,Home Office,HomePro,1082.36,1329.27,S0087,2021-10-09
P01009,Clothing Product 1009,Clothing,Kids,ValueMax,160.49,212.94,S0016,2021-12-06
P01010,Office Supplies Product 1010,Office Supplies,Paper,HomePro,879.7,1139.94,S0046,2024-08-23
P01011,Clothing Product 1011,Clothing,Footwear,Nova,1213.36,1589.67,S0132,2024-07-07
P01012,Clothing Product 1012,Clothing,Men,Apex,2731.32,3174.39,S0043,2024-03-19
P01013,Office Supplies Product 1013,Office Supplies,Writing,HomePro,504.87,856.28,S0004,2025-04-20
P01014,Accessories Product 1014,Accessories,Travel,Prime,2395.5,2746.31,S0208,2021-05-08
P01015,Furniture Product 1015,Furniture,Storage,Prime,1085.25,1446.96,S0022,2024-02-07
P01016,Electronics Product 1016,,Accessories,TechOne,201.48,322.15,S0043,2021-07-29
P01017,Clothing Product 1017,Clothing,Men,Apex,213.65,291.46,S0179,2025-10-11
P01018,Home Appliances Product 1018,Home Appliances,Cooling,HomePro,3052.82,3687.25,S0277,2024-03-02
P01019,Electronics Product 1019,Electronics,Accessories,Prime,3431.94,3968.17,S0218,2024-10-18
P01020,Office Supplies Product 1020,Office Supplies,Writing,Urbanix,1248.0,1657.37,S0010,2023-11-09
P01021,Accessories Product 1021,Accessories,Travel,Apex,4314.53,5354.99,S0051,2022-12-02
P01022,Home Appliances Product 1022,Home Appliances,Cleaning,ValueMax,2449.06,3451.92,S0223,2024-06-05
P01023,Accessories Product 1023,Accessories,Personal Accessories,Apex,2068.56,2377.26,S0220,2025-03-06
P01024,Office Supplies Product 1024,Office Supplies,Paper,HomePro,312.93,482.4,S0118,2021-11-21
P01025,Clothing Product 1025,Clothing,Footwear,Nova,4869.95,6778.46,S0285,2025-05-11
P01026,Furniture Product 1026,Furniture,Chairs,ValueMax,1458.73,2051.61,S0267,2024-08-19
P01027,Accessories Product 1027,Accessories,Watches,Vertex,478.01,815.86,S0223,2021-06-06
P01028,Furniture Product 1028,Furniture,Chairs,ValueMax,475.96,615.11,S0225,2025-09-05
P01029,Clothing Product 1029,Clothing,Kids,Prime,1245.06,1551.32,S0236,2021-11-25
P01030,Office Supplies Product 1030,Office Supplies,Stationery,ValueMax,177.09,225.66,S0045,2024-01-02
P01031,Clothing Product 1031,Clothing,Women,ValueMax,1809.98,2415.71,S0211,2021-08-25
P01032,Clothing Product 1032,Clothing,Footwear,TechOne,341.79,462.44,S0282,2021-12-24
P01033,Office Supplies Product 1033,Office Supplies,Paper,ValueMax,1413.39,1738.34,S0068,2024-03-19
P01034,Accessories Product 1034,Accessories,Bags,Apex,664.06,712.27,S0005,2024-05-25
P01035,Office Supplies Product 1035,Office Supplies,Stationery,TechOne,724.13,921.18,S0109,2024-06-07
P01036,Clothing Product 1036,Clothing,Men,Vertex,390.69,562.94,S0081,2022-09-19
P01037,Furniture Product 1037,Furniture,Home Office,Nova,731.65,1021.32,S0285,2025-02-05
P01038,Office Supplies Product 1038,office supplies,Writing,Apex,4842.73,7938.32,S0134,2021-03-31
P01039,Office Supplies Product 1039,Office Supplies,Printing,TechOne,2562.2,4794.08,S0199,2025-04-09
P01040,Electronics Product 1040,Electronics,Laptops,TechOne,1118.8,1710.53,S0295,2022-07-06
P01041,Electronics Product 1041,Electronics,Mobiles,Apex,692.36,1170.03,S0237,2024-02-07
P01042,Clothing Product 1042,Clothing,Men,Apex,1823.65,2791.34,S0225,2025-07-11
P01043,Clothing Product 1043,Clothing,Women,Apex,2076.54,3714.68,S0291,2022-04-12
P01044,Clothing Product 1044,Clothing,Kids,TechOne,285.18,523.35,S0207,2023-01-21
P01045,Electronics Product 1045,Electronics,Accessories,TechOne,705.09,1110.58,S0070,2025-02-20
P01046,Furniture Product 1046,Furniture,Desks,Nova,127.95,194.05,S0219,2025-04-28
P01047,Electronics Product 1047,Electronics,Accessories,Apex,2768.87,3689.25,S0097,2022-03-06
P01048,Home Appliances Product 1048,Home Appliances,Cooling,Prime,6946.81,9462.59,S0100,2023-07-18
P01049,Home Appliances Product 1049,Home Appliances,Cleaning,TechOne,992.96,1300.05,S0194,2022-09-01
P01050,Furniture Product 1050,Furniture,Home Office,Apex,95.72,143.32,S0095,2023-08-02
P01051,Clothing Product 1051,Clothing,Women,ValueMax,1769.34,2206.07,S0008,2022-11-23
P01052,Electronics Product 1052,Electronics,Laptops,Prime,363.99,485.89,S0300,2021-01-10
P01053,Furniture Product 1053,Furniture,Home Office,HomePro,593.42,618.15,S0172,2025-08-15
P01054,Electronics Product 1054,Electronics,Accessories,Nova,1252.26,2245.43,S0202,2024-03-08
P01055,Furniture Product 1055,Furniture,Chairs,ValueMax,1164.06,1547.86,S0243,2023-04-23
P01056,Clothing Product 1056,Clothing,Footwear,Vertex,504.12,736.54,S0191,2021-07-16
P01057,Accessories Product 1057,Accessories,Travel,Prime,366.13,626.7,S0184,2021-05-11
P01058,Electronics Product 1058,Electronics,Accessories,TechOne,952.6,1360.92,S0238,2023-05-24
P01059,Office Supplies Product 1059,Office Supplies,Paper,ValueMax,466.58,796.81,S0089,2024-03-30
P01060,Clothing Product 1060,Clothing,Kids,Prime,338.06,395.77,S0249,2022-04-21
P01061,Accessories Product 1061,Accessories,Personal Accessories,Prime,421.87,860.5,S0218,2024-09-20
P01062,Clothing Product 1062,Clothing,Kids,Nova,1047.03,1685.25,S0055,2022-12-18
P01063,Furniture Product 1063,Furniture,Storage,ValueMax,712.08,1004.23,S0044,2023-09-08
P01064,Clothing Product 1064,Clothing,Kids,Nova,171.52,291.95,S0264,2021-11-27
P01065,Furniture Product 1065,Furniture,Storage,Nova,2732.37,3226.46,S0269,2021-01-27
P01066,Accessories Product 1066,Accessories,Personal Accessories,Prime,75.89,100.0,S0299,2021-08-26
P01067,Office Supplies Product 1067,Office Supplies,Writing,Nova,449.69,767.94,S0031,2022-06-04
P01068,Clothing Product 1068,Clothing,Men,Vertex,591.65,645.41,S0269,2023-07-29
P01069,Electronics Product 1069,Electronics,Laptops,HomePro,937.92,1391.66,S0260,2025-12-12
P01070,Office Supplies Product 1070,Office Supplies,Printing,HomePro,1424.15,2104.3,S0231,2022-02-03
P01071,Home Appliances Product 1071,Home Appliances,Small Appliances,Urbanix,1973.87,3702.79,S0150,2021-04-15
P01072,Clothing Product 1072,Clothing,Kids,TechOne,522.82,588.56,S0153,2021-12-16
P01073,Office Supplies Product 1073,Office Supplies,Stationery,Apex,1227.64,2157.4,S0129,2022-08-06
P01074,Accessories Product 1074,Accessories,Travel,Vertex,1147.14,1459.57,S0009,2022-01-10
P01075,Home Appliances Product 1075,Home Appliances,Kitchen,HomePro,167.89,216.71,S0151,2022-08-10
P01076,Furniture Product 1076,,Desks,Apex,6840.96,8027.41,S0072,2025-11-04
P01077,Office Supplies Product 1077,Office Supplies,Paper,TechOne,238.77,284.66,S0061,2022-11-24
P01078,Office Supplies Product 1078,Office Supplies,Stationery,Vertex,1258.91,1825.44,S0017,2024-03-04
P01079,Clothing Product 1079,Clothing,Footwear,Vertex,1490.93,1772.31,S0138,2024-06-03
P01080,Furniture Product 1080,Furniture,Storage,Urbanix,1036.99,1580.84,S0015,2021-08-26
P01081,Furniture Product 1081,Furniture,Desks,Urbanix,582.72,731.79,S0255,2022-03-29
P01082,Accessories Product 1082,Accessories,Personal Accessories,ValueMax,2336.34,2744.43,S0267,2023-01-29
P01083,Accessories Product 1083,Accessories,Bags,HomePro,300.0,252.07,S0241,2023-04-20
P01084,Home Appliances Product 1084,Home Appliances,Cleaning,Apex,782.36,1123.55,S0091,2021-01-25
P01085,Accessories Product 1085,Accessories,Personal Accessories,Apex,517.38,682.8,S0049,2024-03-22
P01086,Home Appliances Product 1086,Home Appliances,Cleaning,ValueMax,442.92,609.59,S0152,2022-07-03
P01087,Home Appliances Product 1087,Home Appliances,Small Appliances,Prime,1216.68,1842.4,S0203,2022-08-12
P01088,Home Appliances Product 1088,Home Appliances,Kitchen,Vertex,2191.52,3524.72,S0007,2024-01-06
P01089,Office Supplies Product 1089,Office Supplies,Stationery,Vertex,647.89,851.35,S0258,2025-09-28
P01090,Office Supplies Product 1090,Office Supplies,Writing,Urbanix,2185.81,2619.55,S0132,2025-04-28
P01091,Furniture Product 1091,Furniture,Home Office,HomePro,911.08,1261.2,S0246,2025-11-23
P01092,Clothing Product 1092,Clothing,Women,Prime,335.62,491.44,S0024,2023-01-25
P01093,Furniture Product 1093,Furniture,Chairs,Prime,812.26,927.16,S0128,2021-08-07
P01094,Furniture Product 1094,Furniture,Home Office,Prime,728.51,889.44,S0138,2022-01-30
P01095,Clothing Product 1095,Clothing,Women,ValueMax,479.47,597.9,S0015,2022-09-20
P01096,Office Supplies Product 1096,Office Supplies,Stationery,ValueMax,1382.87,1841.91,S0213,2022-07-02
P01097,Electronics Product 1097,Electronics,Audio,Vertex,1223.14,1517.35,S0280,2022-01-15
P01098,Home Appliances Product 1098,Home Appliances,Cleaning,Nova,161.23,244.55,S0163,2021-10-03
P01099,Home Appliances Product 1099,Home Appliances,Small Appliances,Vertex,204.92,230.11,S0119,2021-12-07
P01100,Electronics Product 1100,Electronics,Mobiles,TechOne,1629.37,1834.93,S0191,2024-04-16
P01101,Electronics Product 1101,Electronics,Audio,Prime,405.37,531.02,S0109,2023-06-16
P01102,Furniture Product 1102,Furniture,Storage,TechOne,1213.4,1623.14,S0108,2021-03-10
P01103,Home Appliances Product 1103,home appliances,Kitchen,HomePro,2293.9,2620.21,S0228,2023-10-26
P01104,Home Appliances Product 1104,Home Appliances,Cleaning,Apex,266.2,336.68,S0178,2025-03-18
P01105,Electronics Product 1105,Electronics,Laptops,Urbanix,225.27,292.52,S0080,2023-02-16
P01106,Home Appliances Product 1106,Home Appliances,Cooling,Urbanix,4925.95,6402.91,S0123,2022-08-05
P01107,Electronics Product 1107,Electronics,Accessories,Vertex,1219.15,1705.56,S0251,2022-05-13
P01108,Office Supplies Product 1108,Office Supplies,Printing,Apex,628.22,789.06,S0159,2022-11-24
P01109,Accessories Product 1109,Accessories,Watches,Urbanix,274.57,471.6,S0023,2022-05-24
P01110,Electronics Product 1110,Electronics,Mobiles,Urbanix,490.64,720.28,S0258,2025-08-14
P01111,Electronics Product 1111,Electronics,Audio,Nova,295.8,364.86,S0223,2025-12-16
P01112,Office Supplies Product 1112,Office Supplies,Writing,TechOne,2091.73,2902.97,S0081,2022-09-19
P01113,Clothing Product 1113,Clothing,Footwear,ValueMax,396.03,551.88,S0290,2025-08-13
P01114,Accessories Product 1114,Accessories,Bags,Prime,2179.61,3581.77,S0286,2025-04-07
P01115,Accessories Product 1115,Accessories,Bags,Apex,635.1,803.88,S0299,2021-05-19
P01116,Electronics Product 1116,,Mobiles,ValueMax,276.16,422.73,S0114,2023-06-15
P01117,Electronics Product 1117,Electronics,Mobiles,Apex,568.68,783.5,S0278,2024-04-13
P01118,Home Appliances Product 1118,Home Appliances,Cleaning,Apex,58.08,100.0,S0242,2023-02-10
P01119,Furniture Product 1119,Furniture,Home Office,Prime,639.06,1063.49,S0262,2023-04-14
P01120,Accessories Product 1120,Accessories,Bags,Apex,719.02,1012.28,S0165,2023-06-21
P01121,Clothing Product 1121,Clothing,Footwear,Apex,2070.21,2737.55,S0084,2024-06-11
P01122,Electronics Product 1122,Electronics,Audio,HomePro,123.61,181.96,S0069,2022-06-21
P01123,Home Appliances Product 1123,Home Appliances,Cooling,Apex,2868.8,3835.07,S0290,2023-12-26
P01124,Electronics Product 1124,Electronics,Audio,Apex,1532.06,2726.23,S0151,2022-03-21
P01125,Office Supplies Product 1125,Office Supplies,Stationery,Nova,3030.86,4196.98,S0279,2025-06-11
P01126,Office Supplies Product 1126,Office Supplies,Writing,ValueMax,877.19,1138.37,S0167,2021-06-04
P01127,Office Supplies Product 1127,Office Supplies,Stationery,ValueMax,2566.56,3307.59,S0161,2021-05-03
P01128,Clothing Product 1128,Clothing,Kids,Vertex,234.59,275.57,S0022,2021-03-10
P01129,Clothing Product 1129,Clothing,Kids,Urbanix,1650.96,2448.24,S0121,2022-10-01
P01130,Accessories Product 1130,Accessories,Personal Accessories,ValueMax,450.64,554.97,S0167,2024-01-12
P01131,Accessories Product 1131,Accessories,Watches,Urbanix,142.73,230.14,S0033,2025-12-04
P01132,Office Supplies Product 1132,Office Supplies,Paper,TechOne,335.06,389.92,S0049,2023-04-10
P01133,Electronics Product 1133,Electronics,Mobiles,TechOne,865.51,1206.66,S0178,2021-11-29
P01134,Clothing Product 1134,Clothing,Men,TechOne,323.63,526.25,S0075,2022-11-04
P01135,Accessories Product 1135,Accessories,Personal Accessories,Nova,1652.13,1747.87,S0211,2021-08-21
P01136,Furniture Product 1136,Furniture,Chairs,Prime,103.91,196.73,S0139,2023-05-12
P01137,Office Supplies Product 1137,Office Supplies,Paper,Apex,110.49,143.02,S0122,2024-08-23
P01138,Office Supplies Product 1138,Office Supplies,Writing,TechOne,3388.82,4733.71,S0036,2021-03-06
P01139,Electronics Product 1139,Electronics,Laptops,Vertex,1993.51,2962.76,S0122,2024-11-19
P01140,Clothing Product 1140,Clothing,Footwear,Urbanix,276.25,420.22,S0163,2022-02-22
P01141,Furniture Product 1141,Furniture,Desks,Vertex,840.61,1196.41,S0172,2024-05-11
P01142,Home Appliances Product 1142,Home Appliances,Kitchen,TechOne,2096.37,3326.19,S0082,2025-01-28
P01143,Home Appliances Product 1143,Home Appliances,Cooling,ValueMax,1237.45,1824.89,S0009,2024-11-17
P01144,Home Appliances Product 1144,Home Appliances,Cooling,Vertex,770.9,1391.73,S0281,2024-05-07
P01145,Office Supplies Product 1145,Office Supplies,Writing,Vertex,2431.54,3587.57,S0288,2024-06-20
P01146,Furniture Product 1146,Furniture,Home Office,Urbanix,308.32,577.88,S0272,2021-12-09
P01147,Home Appliances Product 1147,Home Appliances,Cleaning,ValueMax,792.19,1238.0,S0087,2021-09-05
P01148,Home Appliances Product 1148,Home Appliances,Small Appliances,Prime,1073.36,1178.77,S0181,2022-11-27
P01149,Office Supplies Product 1149,Office Supplies,Paper,Urbanix,428.34,913.53,S0043,2024-01-16
P01150,Accessories Product 1150,Accessories,Personal Accessories,Urbanix,639.89,812.63,S0272,2024-02-03
P01151,Electronics Product 1151,Electronics,Laptops,Apex,749.19,1290.71,S0002,2024-11-18
P01152,Home Appliances Product 1152,Home Appliances,Cooling,Prime,903.34,1242.01,S0142,2022-07-18
P01153,Electronics Product 1153,Electronics,Mobiles,Vertex,262.4,420.59,S0258,2025-04-29
P01154,Electronics Product 1154,Electronics,Audio,TechOne,2137.28,2675.45,S0218,2023-03-31
P01155,Office Supplies Product 1155,Office Supplies,Printing,Prime,301.68,452.0,S0259,2022-03-26
P01156,Electronics Product 1156,Electronics,Accessories,Urbanix,728.68,964.73,S0149,2024-09-04
P01157,Electronics Product 1157,Electronics,Accessories,HomePro,510.99,893.19,S0029,2021-08-21
P01158,Electronics Product 1158,Electronics,Laptops,HomePro,1177.91,1716.74,S0003,2023-01-10
P01159,Office Supplies Product 1159,Office Supplies,Stationery,Vertex,91.75,144.17,S0046,2024-11-26
P01160,Home Appliances Product 1160,Home Appliances,Small Appliances,Nova,2768.07,2924.82,S0018,2024-11-08
P01161,Electronics Product 1161,Electronics,Mobiles,Nova,450.35,609.77,S0135,2022-04-14
P01162,Clothing Product 1162,Clothing,Men,TechOne,2800.2,4064.48,S0016,2021-10-31
P01163,Home Appliances Product 1163,Home Appliances,Cleaning,HomePro,526.41,743.9,S0056,2021-02-28
P01164,Electronics Product 1164,Electronics,Accessories,TechOne,724.4,1142.8,S0126,2021-06-13
P01165,Electronics Product 1165,Electronics,Mobiles,HomePro,6235.79,8134.45,S0221,2025-02-15
P01166,Home Appliances Product 1166,Home Appliances,Kitchen,Prime,659.4,909.36,S0203,2024-12-01
P01167,Home Appliances Product 1167,Home Appliances,Cooling,Apex,2534.38,4141.97,S0018,2023-07-13
P01168,Office Supplies Product 1168,Office Supplies,Stationery,HomePro,1195.21,1247.78,S0271,2023-11-07
P01169,Home Appliances Product 1169,Home Appliances,Cleaning,Prime,1220.0,1818.01,S0165,2022-08-20
P01170,Electronics Product 1170,Electronics,Laptops,ValueMax,982.45,1286.96,S0105,2021-12-17
P01171,Office Supplies Product 1171,Office Supplies,Writing,ValueMax,2300.72,2801.55,S0115,2021-01-21
P01172,Clothing Product 1172,Clothing,Women,TechOne,421.0,604.59,S0255,2024-05-11
P01173,Furniture Product 1173,Furniture,Home Office,ValueMax,272.38,448.55,S0140,2021-03-06
P01174,Home Appliances Product 1174,Home Appliances,Cleaning,Prime,396.72,633.65,S0074,2021-07-11
P01175,Office Supplies Product 1175,Office Supplies,Stationery,Nova,985.76,1325.82,S0128,2024-12-17
P01176,Home Appliances Product 1176,Home Appliances,Kitchen,Prime,618.16,962.23,S0021,2023-11-30
P01177,Office Supplies Product 1177,Office Supplies,Stationery,HomePro,1570.33,2441.46,S0046,2023-06-13
P01178,Furniture Product 1178,Furniture,Desks,TechOne,3268.2,4424.04,S0095,2022-02-03
P01179,Electronics Product 1179,Electronics,Laptops,Prime,361.49,452.25,S0067,2021-10-01
P01180,Electronics Product 1180,Electronics,Mobiles,Urbanix,457.08,576.01,S0105,2023-05-02
P01181,Home Appliances Product 1181,Home Appliances,Small Appliances,Prime,184.42,285.38,S0020,2022-10-17
P01182,Electronics Product 1182,Electronics,Accessories,TechOne,6710.95,9140.31,S0184,2023-09-02
P01183,Electronics Product 1183,Electronics,Audio,Nova,1358.27,1627.41,S0035,2021-10-29
P01184,Electronics Product 1184,Electronics,Accessories,Urbanix,1742.08,1938.91,S0066,2022-02-27
P01185,Electronics Product 1185,Electronics,Accessories,Vertex,203.2,314.15,S0294,2021-07-26
P01186,Home Appliances Product 1186,Home Appliances,Cooling,TechOne,940.51,1198.6,S0002,2023-02-14
P01187,Office Supplies Product 1187,Office Supplies,Printing,Prime,1391.73,1996.85,S0084,2022-05-20
P01188,Accessories Product 1188,Accessories,Bags,Nova,564.81,931.99,S0151,2022-02-12
P01189,Electronics Product 1189,Electronics,Accessories,Urbanix,3029.02,3518.47,S0093,2023-09-30
P01190,Clothing Product 1190,Clothing,Women,Nova,8896.04,12111.47,S0097,2023-06-27
P01191,Office Supplies Product 1191,Office Supplies,Writing,Prime,347.72,465.45,S0039,2022-01-19
P01192,Office Supplies Product 1192,Office Supplies,Printing,ValueMax,298.82,431.81,S0128,2024-06-29
P01193,Home Appliances Product 1193,Home Appliances,Cleaning,Apex,302.35,498.86,S0227,2022-09-20
P01194,Accessories Product 1194,Accessories,Bags,TechOne,5160.93,5980.6,S0177,2022-09-15
P01195,Home Appliances Product 1195,Home Appliances,Cleaning,HomePro,2290.33,3403.07,S0278,2023-05-23
P01196,Electronics Product 1196,Electronics,Mobiles,ValueMax,656.88,1047.91,S0210,2021-09-11
P01197,Furniture Product 1197,Furniture,Home Office,Urbanix,931.81,1244.68,S0237,2023-02-06
P01198,Clothing Product 1198,Clothing,Footwear,ValueMax,394.45,530.35,S0130,2023-11-29
P01199,Furniture Product 1199,Furniture,Storage,Vertex,2010.95,2922.23,S0184,2021-08-23
P01200,Clothing Product 1200,Clothing,Footwear,Prime,570.82,820.71,S0174,2023-10-28
P01201,Clothing Product 1201,Clothing,Women,HomePro,621.51,925.19,S0244,2021-03-12
P01202,Office Supplies Product 1202,Office Supplies,Paper,Urbanix,1486.46,2205.85,S0151,2024-01-07
P01203,Home Appliances Product 1203,Home Appliances,Small Appliances,Urbanix,823.51,994.34,S0122,2021-03-06
P01204,Clothing Product 1204,Clothing,Kids,Vertex,598.62,948.72,S0022,2021-11-16
P01205,Electronics Product 1205,Electronics,Audio,Nova,743.81,1212.76,S0258,2022-10-02
P01206,Electronics Product 1206,Electronics,Mobiles,Apex,1891.07,2658.27,S0131,2024-01-27
P01207,Clothing Product 1207,Clothing,Kids,ValueMax,5475.68,6226.5,S0240,2024-08-04
P01208,Office Supplies Product 1208,Office Supplies,Printing,Vertex,1597.91,2155.04,S0204,2023-05-06
P01209,Furniture Product 1209,Furniture,Desks,Prime,1903.95,2679.51,S0001,2021-08-28
P01210,Office Supplies Product 1210,Office Supplies,Stationery,ValueMax,829.78,982.62,S0196,2022-12-09
P01211,Home Appliances Product 1211,Home Appliances,Kitchen,TechOne,452.92,591.27,S0147,2024-12-07
P01212,Home Appliances Product 1212,Home Appliances,Kitchen,Nova,2009.97,2307.83,S0072,2021-06-14
P01213,Clothing Product 1213,Clothing,Women,Apex,953.13,1424.13,S0080,2024-07-30
P01214,Office Supplies Product 1214,Office Supplies,Writing,Vertex,206.39,289.3,S0192,2022-12-06
P01215,Furniture Product 1215,Furniture,Home Office,Vertex,773.26,864.38,S0026,2021-01-08
P01216,Office Supplies Product 1216,Office Supplies,Stationery,Vertex,767.49,1104.54,S0182,2024-06-21
P01217,Furniture Product 1217,Furniture,Home Office,Apex,529.86,720.26,S0254,2021-02-18
P01218,Clothing Product 1218,Clothing,Kids,Vertex,3582.2,5280.69,S0027,2022-11-06
P01219,Clothing Product 1219,Clothing,Men,Urbanix,1491.37,1938.98,S0003,2021-12-22
P01220,Electronics Product 1220,Electronics,Mobiles,Vertex,3838.03,4737.44,S0019,2023-12-02
P01221,Electronics Product 1221,Electronics,Mobiles,Urbanix,1260.39,1561.66,S0220,2021-04-13
P01222,Electronics Product 1222,Electronics,Accessories,HomePro,1020.33,1301.75,S0255,2021-06-16
P01223,Accessories Product 1223,Accessories,Travel,Prime,342.47,470.35,S0297,2023-08-28
P01224,Clothing Product 1224,Clothing,Footwear,Urbanix,868.54,1214.4,S0009,2025-12-19
P01225,Electronics Product 1225,Electronics,Audio,Apex,910.7,1215.77,S0145,2021-03-14
P01226,Accessories Product 1226,Accessories,Watches,Apex,236.19,305.81,S0015,2023-04-21
P01227,Office Supplies Product 1227,Office Supplies,Paper,Nova,535.32,699.63,S0112,2025-01-04
P01228,Office Supplies Product 1228,Office Supplies,Printing,ValueMax,416.22,868.52,S0093,2022-06-15
P01229,Accessories Product 1229,Accessories,Bags,ValueMax,1464.42,1814.48,S0182,2023-06-19
P01230,Electronics Product 1230,Electronics,Mobiles,Apex,1495.73,1903.46,S0273,2025-03-11
P01231,Electronics Product 1231,Electronics,Laptops,Apex,301.95,670.99,S0242,2024-08-21
P01232,Clothing Product 1232,Clothing,Women,HomePro,1319.27,1917.82,S0020,2022-06-20
P01233,Electronics Product 1233,Electronics,Mobiles,Prime,868.21,1000.24,S0073,2024-10-02
P01234,Clothing Product 1234,Clothing,Men,Urbanix,64.57,100.0,S0083,2024-05-18
P01235,Electronics Product 1235,Electronics,Mobiles,Urbanix,606.77,739.06,S0076,2023-07-14
P01236,Electronics Product 1236,Electronics,Accessories,Vertex,2256.03,3530.04,S0106,2023-03-17
P01237,Electronics Product 1237,Electronics,Audio,TechOne,167.68,223.25,S0183,2025-08-16
P01238,Office Supplies Product 1238,Office Supplies,Printing,Urbanix,1039.56,1343.14,S0222,2025-05-15
P01239,Electronics Product 1239,Electronics,Accessories,Urbanix,3332.94,5856.68,S0282,2025-12-13
P01240,Electronics Product 1240,Electronics,Accessories,ValueMax,377.66,560.86,S0211,2024-05-17
P01241,Home Appliances Product 1241,Home Appliances,Cleaning,Apex,760.87,1202.58,S0090,2022-10-18
P01242,Furniture Product 1242,Furniture,Home Office,Apex,223.62,325.73,S0056,2021-07-20
P01243,Furniture Product 1243,Furniture,Home Office,Vertex,4730.08,6107.71,S0114,2021-08-18
P01244,Electronics Product 1244,Electronics,Accessories,Urbanix,738.46,1104.05,S0240,2025-10-02
P01245,Furniture Product 1245,Furniture,Desks,HomePro,765.78,1257.28,S0298,2022-10-25
P01246,Furniture Product 1246,Furniture,Chairs,Prime,3331.03,4648.86,S0118,2021-07-21
P01247,Clothing Product 1247,Clothing,Kids,Vertex,1278.47,2325.19,S0053,2022-02-12
P01248,Electronics Product 1248,Electronics,Accessories,TechOne,322.42,499.92,S0002,2021-02-08
P01249,Accessories Product 1249,Accessories,Travel,Prime,445.24,628.16,S0024,2023-08-28
P01250,Accessories Product 1250,Accessories,Personal Accessories,HomePro,1387.47,1968.46,S0192,2023-12-15
P01251,Electronics Product 1251,Electronics,Laptops,Urbanix,460.48,642.88,S0177,2022-11-22
P01252,Electronics Product 1252,Electronics,Mobiles,Apex,123.51,144.44,S0193,2024-09-20
P01253,Electronics Product 1253,Electronics,Audio,TechOne,840.83,1137.78,S0008,2023-05-27
P01254,Clothing Product 1254,Clothing,Kids,ValueMax,193.33,273.11,S0132,2025-10-18
P01255,Electronics Product 1255,Electronics,Mobiles,Vertex,4661.44,6041.2,S0055,2024-10-24
P01256,Home Appliances Product 1256,Home Appliances,Cleaning,HomePro,997.04,1432.05,S0101,2021-05-18
P01257,Home Appliances Product 1257,Home Appliances,Kitchen,ValueMax,353.29,485.37,S0187,2022-05-16
P01258,Home Appliances Product 1258,Home Appliances,Cleaning,HomePro,389.44,596.72,S0083,2024-10-08
P01259,Office Supplies Product 1259,Office Supplies,Writing,Vertex,120.39,181.4,S0198,2023-09-08
P01260,Accessories Product 1260,Accessories,Bags,Vertex,285.07,399.66,S0087,2024-10-06
P01261,Electronics Product 1261,electronics,Accessories,Vertex,2873.72,3315.62,S0154,2022-09-04
P01262,Office Supplies Product 1262,Office Supplies,Stationery,Nova,6159.26,11179.79,S0138,2021-03-11
P01263,Furniture Product 1263,Furniture,Storage,TechOne,1846.44,2481.14,S0116,2024-12-03
P01264,Accessories Product 1264,Accessories,Watches,ValueMax,807.82,1094.48,S0038,2024-12-03
P01265,Clothing Product 1265,Clothing,Footwear,Apex,595.41,779.08,S0173,2024-03-13
P01266,Home Appliances Product 1266,Home Appliances,Small Appliances,Apex,359.11,461.08,S0298,2023-01-08
P01267,Electronics Product 1267,Electronics,Audio,TechOne,5418.05,9412.96,S0194,2021-01-16
P01268,Accessories Product 1268,Accessories,Personal Accessories,Prime,587.6,993.59,S0224,2024-08-21
P01269,Office Supplies Product 1269,Office Supplies,Writing,Prime,6823.91,9953.77,S0242,2024-04-19
P01270,Office Supplies Product 1270,Office Supplies,Writing,Apex,3581.39,4834.81,S0012,2024-05-03
P01271,Accessories Product 1271,Accessories,Bags,Urbanix,140.61,210.46,S0238,2021-11-07
P01272,Office Supplies Product 1272,Office Supplies,Paper,Nova,445.52,616.54,S0073,2024-08-27
P01273,Office Supplies Product 1273,Office Supplies,Stationery,Apex,460.38,614.64,S0200,2024-08-15
P01274,Clothing Product 1274,Clothing,Women,TechOne,771.32,1107.91,S0296,2025-04-14
P01275,Electronics Product 1275,Electronics,Audio,Nova,874.57,1129.76,S0269,2023-11-02
P01276,Furniture Product 1276,Furniture,Chairs,Vertex,16923.14,24012.17,S0125,2024-08-28
P01277,Electronics Product 1277,Electronics,Laptops,Urbanix,289.97,408.65,S0252,2023-01-03
P01278,Electronics Product 1278,Electronics,Accessories,TechOne,1010.43,1508.77,S0186,2024-06-25
P01279,Home Appliances Product 1279,Home Appliances,Cleaning,Apex,1760.38,2222.94,S0040,2024-06-20
P01280,Clothing Product 1280,Clothing,Men,Apex,789.54,1198.12,S0072,2024-11-23
P01281,Furniture Product 1281,Furniture,Storage,HomePro,1099.47,1339.78,S0288,2025-04-13
P01282,Office Supplies Product 1282,Office Supplies,Writing,Urbanix,332.31,422.11,S0275,2021-01-06
P01283,Office Supplies Product 1283,Office Supplies,Printing,HomePro,1045.04,1334.84,S0268,2024-11-22
P01284,Clothing Product 1284,Clothing,Footwear,Nova,1675.37,2001.15,S0116,2024-12-17
P01285,Accessories Product 1285,Accessories,Travel,Nova,1046.44,1665.16,S0097,2023-09-23
P01286,Accessories Product 1286,Accessories,Personal Accessories,TechOne,1754.98,2122.35,S0242,2023-08-07
P01287,Office Supplies Product 1287,Office Supplies,Paper,HomePro,3941.85,4927.98,S0007,2024-08-11
P01288,Furniture Product 1288,Furniture,Home Office,Vertex,1851.26,3062.67,S0270,2023-04-11
P01289,Office Supplies Product 1289,Office Supplies,Paper,Prime,1014.27,1288.68,S0182,2023-01-26
P01290,Clothing Product 1290,Clothing,Women,Nova,278.4,371.79,S0190,2025-01-06
P01291,Office Supplies Product 1291,Office Supplies,Printing,HomePro,547.41,658.57,S0132,2024-12-10
P01292,Clothing Product 1292,Clothing,Footwear,TechOne,-20.0,963.38,S0294,2022-01-13
P01293,Office Supplies Product 1293,Office Supplies,Paper,Urbanix,996.67,1544.45,S0225,2025-02-22
P01294,Furniture Product 1294,Furniture,Storage,Urbanix,488.0,743.78,S0017,2022-08-19
P01295,Furniture Product 1295,Furniture,Home Office,Vertex,318.35,470.76,S0158,2021-09-08
P01296,Furniture Product 1296,Furniture,Home Office,Prime,264.28,365.72,S0258,2025-05-23
P01297,Electronics Product 1297,Electronics,Laptops,Urbanix,180.11,230.19,S0023,2022-03-11
P01298,Electronics Product 1298,Electronics,Audio,Vertex,769.89,948.73,S0222,2022-05-08
P01299,Clothing Product 1299,Clothing,Men,Prime,165.88,276.0,S0074,2023-06-17
P01300,Office Supplies Product 1300,Office Supplies,Printing,TechOne,288.35,441.22,S0152,2021-10-31
P01301,Electronics Product 1301,Electronics,Laptops,TechOne,646.9,809.3,S0265,2021-10-19
P01302,Clothing Product 1302,Clothing,Footwear,Urbanix,229.06,315.5,S0148,2022-12-18
P01303,Home Appliances Product 1303,Home Appliances,Kitchen,ValueMax,1333.3,1754.31,S0012,2022-02-02
P01304,Furniture Product 1304,Furniture,Desks,Vertex,2120.27,2515.68,S0007,2021-12-19
P01305,Home Appliances Product 1305,Home Appliances,Kitchen,ValueMax,493.39,692.74,S0222,2025-07-23
P01306,Accessories Product 1306,Accessories,Travel,Urbanix,598.06,775.14,S0280,2023-12-23
P01307,Clothing Product 1307,Clothing,Women,Apex,1695.01,2053.92,S0088,2021-01-26
P01308,Clothing Product 1308,Clothing,Kids,Vertex,515.88,587.62,S0281,2021-07-05
P01309,Electronics Product 1309,Electronics,Laptops,TechOne,486.26,548.59,S0136,2025-01-25
P01310,Accessories Product 1310,Accessories,Watches,Urbanix,3045.72,3970.21,S0018,2022-05-08
P01311,Office Supplies Product 1311,Office Supplies,Printing,TechOne,2145.53,2905.22,S0160,2021-10-06
P01312,Accessories Product 1312,Accessories,Travel,Nova,1790.33,2189.93,S0293,2024-04-29
P01313,Clothing Product 1313,Clothing,Men,Apex,2013.52,3028.19,S0076,2025-03-10
P01314,Electronics Product 1314,Electronics,Mobiles,Vertex,122.36,166.13,S0289,2022-12-29
P01315,Electronics Product 1315,Electronics,Mobiles,ValueMax,3124.03,4646.7,S0196,2024-09-17
P01316,Clothing Product 1316,Clothing,Kids,Prime,1328.99,1776.04,S0119,2023-02-09
P01317,Clothing Product 1317,Clothing,Kids,HomePro,2666.57,3297.3,S0209,2021-07-18
P01318,Electronics Product 1318,Electronics,Laptops,ValueMax,1270.0,1767.35,S0121,2024-12-27
P01319,Home Appliances Product 1319,Home Appliances,Small Appliances,Apex,1079.04,1260.17,S0026,2025-08-05
P01320,Home Appliances Product 1320,Home Appliances,Kitchen,Nova,616.02,911.2,S0262,2025-12-02
P01321,Office Supplies Product 1321,Office Supplies,Paper,Vertex,1426.95,1732.33,S0113,2021-07-02
P01322,Office Supplies Product 1322,Office Supplies,Printing,Vertex,560.7,878.6,S0170,2023-10-29
P01323,Electronics Product 1323,Electronics,Audio,ValueMax,2183.24,2858.22,S0224,2024-02-12
P01324,Home Appliances Product 1324,Home Appliances,Cleaning,ValueMax,153.18,245.58,S0025,2021-05-25
P01325,Furniture Product 1325,Furniture,Home Office,Prime,588.07,698.2,S0217,2025-10-03
P01326,Home Appliances Product 1326,Home Appliances,Cleaning,ValueMax,7398.07,9273.35,S0110,2021-07-07
P01327,Furniture Product 1327,Furniture,Storage,Vertex,443.94,641.62,S0164,2022-05-06
P01328,Clothing Product 1328,Clothing,Men,HomePro,579.36,945.2,S0138,2025-11-03
P01329,Furniture Product 1329,Furniture,Chairs,Prime,279.68,496.46,S0234,2024-05-24
P01330,Electronics Product 1330,Electronics,Mobiles,Vertex,1218.69,1678.95,S0057,2023-06-21
P01331,Home Appliances Product 1331,Home Appliances,Cooling,Urbanix,313.9,574.68,S0033,2024-10-05
P01332,Office Supplies Product 1332,Office Supplies,Printing,Prime,756.48,996.72,S0124,2021-05-29
P01333,Office Supplies Product 1333,Office Supplies,Paper,Urbanix,1739.07,2804.4,S0036,2024-05-18
P01334,Accessories Product 1334,Accessories,Travel,Vertex,491.76,596.64,S0073,2021-05-02
P01335,Accessories Product 1335,Accessories,Personal Accessories,Urbanix,1816.55,2640.41,S0198,2021-11-24
P01336,Home Appliances Product 1336,Home Appliances,Kitchen,Vertex,2621.45,2730.68,S0246,2023-03-30
P01337,Electronics Product 1337,Electronics,Audio,ValueMax,2902.27,3446.22,S0209,2021-10-06
P01338,Clothing Product 1338,Clothing,Kids,Prime,943.74,1381.08,S0096,2024-12-27
P01339,Home Appliances Product 1339,Home Appliances,Cleaning,Nova,26422.16,30679.07,S0245,2022-07-05
P01340,Furniture Product 1340,Furniture,Desks,Apex,2367.6,3444.76,S0122,2025-05-01
P01341,Electronics Product 1341,electronics,Mobiles,ValueMax,1061.73,1660.63,S0055,2021-01-28
P01342,Home Appliances Product 1342,Home Appliances,Cooling,Urbanix,389.89,499.77,S0227,2022-03-10
P01343,Office Supplies Product 1343,Office Supplies,Writing,TechOne,900.49,1089.0,S0156,2022-06-26
P01344,Clothing Product 1344,Clothing,Women,Apex,3884.02,4996.05,S0112,2023-12-24
P01345,Accessories Product 1345,Accessories,Watches,HomePro,5481.61,6631.67,S0199,2023-01-02
P01346,Clothing Product 1346,Clothing,Women,Urbanix,3895.06,5262.73,S0218,2021-10-14
P01347,Office Supplies Product 1347,Office Supplies,Paper,Nova,1894.05,2631.39,S0068,2023-11-09
P01348,Furniture Product 1348,Furniture,Desks,Urbanix,260.03,341.87,S0036,2025-10-15
P01349,Office Supplies Product 1349,Office Supplies,Paper,ValueMax,1098.82,1953.23,S0156,2021-09-01
P01350,Electronics Product 1350,Electronics,Audio,TechOne,278.09,346.77,S0016,2022-04-06
P01351,Home Appliances Product 1351,Home Appliances,Kitchen,TechOne,160.2,271.13,S0192,2023-05-24
P01352,Home Appliances Product 1352,Home Appliances,Cooling,ValueMax,1271.39,1524.22,S0132,2024-08-19
P01353,Furniture Product 1353,Furniture,Chairs,Urbanix,1463.44,2024.9,S0065,2021-09-07
P01354,Furniture Product 1354,furniture,Desks,Urbanix,1811.52,2961.51,S0180,2022-02-26
P01355,Home Appliances Product 1355,Home Appliances,Small Appliances,ValueMax,1216.96,1972.81,S0113,2022-03-06
P01356,Electronics Product 1356,Electronics,Accessories,Apex,1576.44,2041.95,S0117,2024-01-30
P01357,Office Supplies Product 1357,Office Supplies,Writing,Urbanix,302.36,448.28,S0065,2021-05-31
P01358,Office Supplies Product 1358,Office Supplies,Writing,Urbanix,743.19,1080.41,S0203,2024-04-18
P01359,Clothing Product 1359,Clothing,Men,ValueMax,208.43,265.86,S0271,2023-02-16
P01360,Electronics Product 1360,Electronics,Mobiles,Nova,108.19,161.86,S0186,2022-08-23
P01361,Clothing Product 1361,Clothing,Kids,Nova,1368.48,2516.74,S0072,2025-04-23
P01362,Furniture Product 1362,Furniture,Home Office,HomePro,385.85,565.07,S0251,2025-02-03
P01363,Clothing Product 1363,Clothing,Kids,Nova,1933.54,2871.46,S0037,2025-01-05
P01364,Electronics Product 1364,Electronics,Accessories,Vertex,2409.37,3635.22,S0087,2025-06-04
P01365,Office Supplies Product 1365,Office Supplies,Paper,ValueMax,565.93,645.97,S0011,2022-03-03
P01366,Office Supplies Product 1366,office supplies,Stationery,Prime,1481.13,2165.46,S0255,2025-04-10
P01367,Electronics Product 1367,Electronics,Laptops,HomePro,515.22,619.5,S0014,2021-11-18
P01368,Electronics Product 1368,Electronics,Audio,Prime,149.48,189.46,S0164,2022-08-27
P01369,Electronics Product 1369,Electronics,Audio,Nova,697.48,1357.48,S0058,2023-10-11
P01370,Furniture Product 1370,Furniture,Desks,Vertex,566.0,749.35,S0064,2024-09-20
P01371,Electronics Product 1371,Electronics,Accessories,TechOne,621.32,772.77,S0183,2023-11-21
P01372,Accessories Product 1372,Accessories,Personal Accessories,Nova,5318.08,8650.91,S0242,2023-10-19
P01373,Office Supplies Product 1373,Office Supplies,Paper,Apex,215.2,260.92,S0006,2022-11-19
P01374,Home Appliances Product 1374,home appliances,Kitchen,Urbanix,1363.38,1759.79,S0048,2023-12-18
P01375,Accessories Product 1375,Accessories,Personal Accessories,Urbanix,268.51,443.75,S0087,2023-05-18
P01376,Electronics Product 1376,Electronics,Audio,ValueMax,2159.76,2976.01,S0284,2023-05-22
P01377,Clothing Product 1377,Clothing,Men,Apex,1433.18,1617.29,S0018,2023-12-05
P01378,Home Appliances Product 1378,Home Appliances,Cleaning,Apex,1184.73,1753.59,S0054,2024-01-01
P01379,Clothing Product 1379,Clothing,Women,Urbanix,359.02,466.47,S0122,2022-08-26
P01380,Office Supplies Product 1380,Office Supplies,Writing,Prime,321.46,558.07,S0098,2021-09-05
P01381,Office Supplies Product 1381,Office Supplies,Stationery,HomePro,2397.99,3033.06,S0015,2022-07-01
P01382,Electronics Product 1382,Electronics,Accessories,Nova,4405.79,7050.65,S0163,2023-01-17
P01383,Office Supplies Product 1383,Office Supplies,Paper,Vertex,1071.65,1939.89,S0183,2021-10-21
P01384,Accessories Product 1384,Accessories,Watches,Apex,398.7,489.14,S0054,2021-11-21
P01385,Accessories Product 1385,Accessories,Bags,Apex,1261.97,1684.15,S0207,2025-10-02
P01386,Electronics Product 1386,Electronics,Accessories,Nova,9396.87,13596.24,S0018,2022-05-27
P01387,Clothing Product 1387,Clothing,Men,TechOne,1084.45,1329.42,S0220,2024-09-10
P01388,Furniture Product 1388,Furniture,Home Office,Apex,3639.05,5176.67,S0078,2021-08-22
P01389,Accessories Product 1389,Accessories,Watches,Vertex,430.69,572.35,S0068,2025-11-10
P01390,Electronics Product 1390,Electronics,Accessories,TechOne,868.09,1150.54,S0059,2022-01-23
P01391,Accessories Product 1391,Accessories,Bags,ValueMax,1616.8,2229.74,S0261,2022-12-20
P01392,Home Appliances Product 1392,Home Appliances,Kitchen,Prime,1290.63,1785.41,S0151,2024-11-28
P01393,Electronics Product 1393,Electronics,Accessories,Urbanix,397.93,557.63,S0208,2022-01-03
P01394,Electronics Product 1394,Electronics,Accessories,Urbanix,421.87,534.09,S0062,2023-10-01
P01395,Home Appliances Product 1395,Home Appliances,Cooling,Apex,2532.47,3223.95,S0017,2024-12-04
P01396,Electronics Product 1396,Electronics,Laptops,Nova,2930.8,3950.62,S0012,2021-02-13
P01397,Office Supplies Product 1397,Office Supplies,Printing,Prime,3998.29,5443.73,S0133,2021-02-16
P01398,Accessories Product 1398,Accessories,Watches,Nova,5640.2,7288.17,S0098,2024-12-10
P01399,Clothing Product 1399,Clothing,Footwear,Nova,957.76,1372.92,S0231,2022-04-25
P01400,Office Supplies Product 1400,Office Supplies,Printing,Prime,801.26,879.08,S0237,2025-07-18
P01401,Office Supplies Product 1401,Office Supplies,Printing,HomePro,3720.92,4633.5,S0094,2025-08-20
P01402,Electronics Product 1402,Electronics,Audio,ValueMax,1855.79,2448.29,S0131,2025-05-26
P01403,Accessories Product 1403,Accessories,Personal Accessories,Nova,366.43,449.27,S0115,2025-12-25
P01404,Furniture Product 1404,Furniture,Storage,Vertex,242.06,426.85,S0203,2025-02-11
P01405,Electronics Product 1405,Electronics,Laptops,Prime,1428.97,1962.56,S0189,2022-12-01
P01406,Furniture Product 1406,Furniture,Desks,Apex,715.93,1005.06,S0196,2025-12-16
P01407,Accessories Product 1407,Accessories,Personal Accessories,ValueMax,909.63,1168.7,S0017,2022-09-24
P01408,Electronics Product 1408,Electronics,Accessories,HomePro,2565.89,3507.33,S0102,2023-12-07
P01409,Home Appliances Product 1409,Home Appliances,Cooling,Apex,2182.85,2563.46,S0291,2021-01-11
P01410,Clothing Product 1410,Clothing,Kids,Nova,3388.82,4536.68,S0103,2025-10-23
P01411,Home Appliances Product 1411,Home Appliances,Kitchen,Nova,143.25,173.91,S0053,2023-12-17
P01412,Accessories Product 1412,Accessories,Watches,Vertex,1171.53,1546.08,S0060,2025-09-28
P01413,Home Appliances Product 1413,Home Appliances,Cooling,HomePro,2307.55,2403.7,S0009,2022-10-06
P01414,Accessories Product 1414,Accessories,Travel,Urbanix,219.74,260.73,S0235,2022-07-26
P01415,Electronics Product 1415,Electronics,Mobiles,Vertex,363.82,623.4,S0002,2023-08-12
P01416,Home Appliances Product 1416,Home Appliances,Kitchen,HomePro,335.0,517.8,S0179,2025-04-25
P01417,Office Supplies Product 1417,Office Supplies,Paper,TechOne,733.46,1226.32,S0120,2023-09-29
P01418,Office Supplies Product 1418,Office Supplies,Stationery,Prime,3613.3,6111.52,S0029,2024-12-17
P01419,Accessories Product 1419,Accessories,Personal Accessories,ValueMax,6010.33,9069.44,S0266,2022-01-27
P01420,Accessories Product 1420,Accessories,Personal Accessories,HomePro,412.1,531.55,S0223,2024-11-16
P01421,Clothing Product 1421,Clothing,Footwear,HomePro,1693.89,2031.71,S0246,2024-08-29
P01422,Office Supplies Product 1422,Office Supplies,Printing,TechOne,1291.13,2098.28,S0281,2025-06-24
P01423,Office Supplies Product 1423,Office Supplies,Stationery,Vertex,1279.35,1768.17,S0274,2021-04-16
P01424,Office Supplies Product 1424,Office Supplies,Stationery,TechOne,859.48,1788.36,S0211,2022-12-03
P01425,Furniture Product 1425,Furniture,Desks,ValueMax,1246.27,1625.9,S0161,2021-06-11
P01426,Office Supplies Product 1426,Office Supplies,Stationery,ValueMax,3456.01,6487.59,S0210,2023-01-01
P01427,Electronics Product 1427,Electronics,Accessories,Apex,2694.81,3613.9,S0135,2024-10-16
P01428,Electronics Product 1428,Electronics,Laptops,TechOne,247.91,415.68,S0055,2024-03-14
P01429,Home Appliances Product 1429,Home Appliances,Kitchen,ValueMax,1490.06,2659.25,S0116,2024-10-06
P01430,Office Supplies Product 1430,Office Supplies,Printing,TechOne,2437.88,2929.1,S0141,2024-09-08
P01431,Accessories Product 1431,Accessories,Travel,ValueMax,1280.06,1644.26,S0014,2025-12-16
P01432,Clothing Product 1432,Clothing,Men,TechOne,3099.93,3720.08,S0255,2025-05-25
P01433,Electronics Product 1433,Electronics,Mobiles,Prime,1235.4,1448.31,S0273,2023-12-06
P01434,Electronics Product 1434,Electronics,Audio,HomePro,972.63,1466.37,S0126,2025-05-18
P01435,Electronics Product 1435,Electronics,Audio,Prime,1015.55,1354.68,S0149,2021-03-29
P01436,Accessories Product 1436,Accessories,Travel,TechOne,115.58,159.47,S0253,2024-08-09
P01437,Electronics Product 1437,Electronics,Mobiles,TechOne,746.74,1107.3,S0137,2023-08-11
P01438,Office Supplies Product 1438,Office Supplies,Stationery,ValueMax,563.3,615.13,S0207,2025-10-13
P01439,Accessories Product 1439,Accessories,Watches,Apex,220.3,366.36,S0155,2023-07-09
P01440,Accessories Product 1440,Accessories,Personal Accessories,Prime,3851.04,5034.63,S0082,2021-11-22
P01441,Furniture Product 1441,Furniture,Storage,Vertex,1344.59,1986.81,S0239,2024-08-14
P01442,Electronics Product 1442,Electronics,Audio,HomePro,777.96,1164.73,S0058,2025-10-01
P01443,Electronics Product 1443,Electronics,Accessories,Apex,404.47,682.17,S0068,2021-01-30
P01444,Electronics Product 1444,Electronics,Accessories,Apex,1194.88,1613.64,S0208,2021-04-28
P01445,Electronics Product 1445,Electronics,Mobiles,HomePro,3047.72,3234.12,S0213,2024-04-21
P01446,Clothing Product 1446,Clothing,Women,TechOne,380.14,524.85,S0287,2023-10-12
P01447,Accessories Product 1447,Accessories,Personal Accessories,Vertex,847.81,1194.22,S0214,2023-09-29
P01448,Office Supplies Product 1448,Office Supplies,Paper,Prime,2382.57,2858.76,S0008,2021-06-14
P01449,Clothing Product 1449,Clothing,Women,HomePro,123.84,173.14,S0255,2023-11-11
P01450,Electronics Product 1450,Electronics,Laptops,TechOne,867.89,1132.87,S0125,2023-11-03
P01451,Home Appliances Product 1451,Home Appliances,Cleaning,TechOne,675.14,781.16,S0003,2025-03-30
P01452,Clothing Product 1452,Clothing,Kids,TechOne,695.79,1049.69,S0174,2022-12-13
P01453,Home Appliances Product 1453,Home Appliances,Small Appliances,TechOne,571.42,726.65,S0052,2022-09-27
P01454,Accessories Product 1454,Accessories,Travel,ValueMax,1061.21,1377.05,S0125,2021-05-29
P01455,Furniture Product 1455,Furniture,Desks,Apex,6376.87,8214.89,S0142,2024-03-28
P01456,Electronics Product 1456,Electronics,Laptops,Vertex,526.38,867.97,S0023,2022-05-28
P01457,Furniture Product 1457,Furniture,Chairs,Apex,1179.29,1606.46,S0256,2024-08-27
P01458,Office Supplies Product 1458,Office Supplies,Paper,HomePro,6369.13,8820.41,S0154,2025-09-08
P01459,Accessories Product 1459,Accessories,Personal Accessories,Nova,535.91,692.33,S0290,2021-11-14
P01460,Furniture Product 1460,furniture,Home Office,TechOne,5036.85,7366.9,S0140,2023-11-12
P01461,Home Appliances Product 1461,Home Appliances,Small Appliances,Apex,717.89,1206.4,S0179,2024-06-21
P01462,Office Supplies Product 1462,Office Supplies,Stationery,ValueMax,4742.53,7129.33,S0244,2021-02-03
P01463,Electronics Product 1463,Electronics,Audio,Vertex,1680.34,2540.91,S0064,2021-11-23
P01464,Furniture Product 1464,Furniture,Desks,ValueMax,1092.01,1631.39,S0273,2022-12-24
P01465,Clothing Product 1465,Clothing,Men,Prime,975.46,1123.77,S0056,2021-09-08
P01466,Clothing Product 1466,Clothing,Kids,Apex,525.67,642.93,S0299,2022-10-11
P01467,Office Supplies Product 1467,Office Supplies,Stationery,HomePro,971.51,1294.49,S0192,2021-09-26
P01468,Furniture Product 1468,Furniture,Desks,Apex,2362.61,2943.75,S0156,2025-06-25
P01469,Clothing Product 1469,Clothing,Kids,ValueMax,990.67,1184.37,S0064,2023-12-30
P01470,Electronics Product 1470,Electronics,Mobiles,Vertex,801.95,874.33,S0171,2022-08-24
P01471,Accessories Product 1471,Accessories,Personal Accessories,HomePro,807.44,933.83,S0166,2024-11-22
P01472,Electronics Product 1472,Electronics,Mobiles,ValueMax,2446.42,3237.49,S0296,2021-02-03
P01473,Electronics Product 1473,Electronics,Accessories,Vertex,3010.9,4085.66,S0251,2023-12-26
P01474,Office Supplies Product 1474,Office Supplies,Stationery,Urbanix,498.37,615.8,S0145,2024-06-01
P01475,Office Supplies Product 1475,Office Supplies,Stationery,Prime,444.04,614.92,S0117,2025-01-17
P01476,Office Supplies Product 1476,Office Supplies,Writing,HomePro,1356.22,1753.62,S0117,2022-02-10
P01477,Office Supplies Product 1477,Office Supplies,Paper,ValueMax,3432.66,5528.15,S0114,2023-12-16
P01478,Accessories Product 1478,Accessories,Personal Accessories,TechOne,2816.52,3774.67,S0005,2024-11-02
P01479,Office Supplies Product 1479,,Stationery,TechOne,226.62,343.17,S0011,2024-12-26
P01480,Office Supplies Product 1480,Office Supplies,Writing,Prime,653.97,921.5,S0226,2021-11-17
P01481,Office Supplies Product 1481,Office Supplies,Printing,HomePro,411.76,473.18,S0077,2025-11-18
P01482,Electronics Product 1482,Electronics,Laptops,Vertex,678.71,918.34,S0124,2022-05-15
P01483,Clothing Product 1483,Clothing,Women,Prime,5095.69,5969.91,S0210,2022-12-15
P01484,Furniture Product 1484,Furniture,Home Office,Vertex,214.32,289.3,S0183,2021-12-17
P01485,Clothing Product 1485,Clothing,Kids,Nova,191.27,237.75,S0109,2021-10-01
P01486,Electronics Product 1486,Electronics,Laptops,TechOne,362.52,524.02,S0226,2022-04-12
P01487,Accessories Product 1487,Accessories,Bags,TechOne,1382.27,1599.41,S0048,2021-09-05
P01488,Office Supplies Product 1488,Office Supplies,Printing,Apex,1626.37,2232.4,S0142,2024-08-30
P01489,Accessories Product 1489,Accessories,Travel,Nova,1250.32,1858.5,S0032,2023-12-27
P01490,Office Supplies Product 1490,Office Supplies,Paper,Nova,2485.65,3888.44,S0160,2022-12-13
P01491,Electronics Product 1491,Electronics,Mobiles,Nova,165.98,205.82,S0029,2023-09-26
P01492,Home Appliances Product 1492,Home Appliances,Small Appliances,HomePro,2867.71,3937.94,S0283,2024-01-08
P01493,Clothing Product 1493,Clothing,Men,Vertex,624.98,878.29,S0198,2021-12-03
P01494,Home Appliances Product 1494,Home Appliances,Kitchen,Urbanix,1434.66,2493.82,S0074,2022-06-26
P01495,Office Supplies Product 1495,Office Supplies,Printing,TechOne,280.54,319.47,S0184,2025-05-29
P01496,Clothing Product 1496,Clothing,Men,ValueMax,990.23,1205.96,S0105,2021-01-23
P01497,Home Appliances Product 1497,Home Appliances,Small Appliances,TechOne,683.92,1519.82,S0156,2025-10-13
P01498,Clothing Product 1498,Clothing,Women,Urbanix,2886.63,3811.69,S0051,2025-10-26
P01499,Furniture Product 1499,Furniture,Home Office,Apex,225.98,245.87,S0151,2022-04-08
P01500,Clothing Product 1500,Clothing,Men,Vertex,975.45,1237.48,S0033,2022-08-09
P01501,Clothing Product 1501,Clothing,Footwear,TechOne,389.17,405.39,S0046,2022-01-13
P01502,Accessories Product 1502,Accessories,Bags,Nova,1404.31,1989.37,S0176,2023-10-21
P01503,Furniture Product 1503,Furniture,Chairs,HomePro,1694.26,2610.49,S0151,2022-01-26
P01504,Office Supplies Product 1504,Office Supplies,Writing,Apex,3569.63,4347.03,S0089,2024-12-13
P01505,Home Appliances Product 1505,Home Appliances,Cooling,TechOne,546.11,702.78,S0018,2022-12-09
P01506,Office Supplies Product 1506,Office Supplies,Printing,Prime,1933.94,3032.99,S0128,2025-11-01
P01507,Clothing Product 1507,Clothing,Men,Vertex,4235.18,4679.65,S0278,2025-04-07
P01508,Office Supplies Product 1508,Office Supplies,Stationery,TechOne,200.04,232.02,S0213,2023-01-03
P01509,Electronics Product 1509,Electronics,Audio,HomePro,1666.5,2213.7,S0018,2023-12-24
P01510,Home Appliances Product 1510,Home Appliances,Small Appliances,Prime,2519.87,3129.37,S0282,2021-02-14
P01511,Electronics Product 1511,Electronics,Mobiles,Urbanix,703.53,926.44,S0128,2021-05-04
P01512,Electronics Product 1512,Electronics,Accessories,Urbanix,306.21,357.56,S0173,2023-07-13
P01513,Clothing Product 1513,Clothing,Footwear,Prime,2183.15,3081.07,S0001,2023-05-14
P01514,Home Appliances Product 1514,Home Appliances,Small Appliances,Urbanix,269.37,361.61,S0094,2022-12-28
P01515,Accessories Product 1515,Accessories,Personal Accessories,Urbanix,677.77,1003.98,S0236,2021-06-14
P01516,Furniture Product 1516,Furniture,Storage,Urbanix,818.44,1152.8,S0100,2025-03-13
P01517,Electronics Product 1517,Electronics,Audio,Nova,1740.94,2454.34,S0050,2023-01-12
P01518,Accessories Product 1518,Accessories,Personal Accessories,ValueMax,560.87,641.27,S0028,2023-05-08
P01519,Electronics Product 1519,Electronics,Audio,Vertex,411.96,605.16,S0278,2023-01-07
P01520,Electronics Product 1520,Electronics,Audio,Vertex,1010.91,1324.77,S0244,2023-06-27
P01521,Furniture Product 1521,furniture,Desks,Vertex,2451.17,3282.85,S0014,2024-03-29
P01522,Office Supplies Product 1522,Office Supplies,Writing,ValueMax,7389.4,11819.75,S0278,2024-10-26
P01523,Accessories Product 1523,Accessories,Travel,Prime,213.12,265.76,S0247,2023-09-30
P01524,Home Appliances Product 1524,Home Appliances,Small Appliances,Urbanix,978.5,1644.87,S0108,2021-10-30
P01525,Clothing Product 1525,Clothing,Kids,Prime,237.07,404.86,S0197,2025-05-16
P01526,Electronics Product 1526,Electronics,Laptops,Nova,2176.22,3323.88,S0078,2022-06-04
P01527,Furniture Product 1527,Furniture,Storage,Urbanix,388.73,469.44,S0075,2021-01-30
P01528,Office Supplies Product 1528,Office Supplies,Paper,Vertex,579.8,611.2,S0215,2021-03-13
P01529,Electronics Product 1529,Electronics,Laptops,TechOne,414.13,665.68,S0061,2024-11-13
P01530,Furniture Product 1530,Furniture,Chairs,Nova,799.35,1111.96,S0107,2022-12-08
P01531,Furniture Product 1531,Furniture,Storage,Prime,1333.77,1657.85,S0108,2021-02-11
P01532,Electronics Product 1532,Electronics,Accessories,TechOne,1192.5,1946.48,S0046,2025-01-20
P01533,Office Supplies Product 1533,Office Supplies,Writing,TechOne,973.76,1193.1,S0249,2022-07-10
P01534,Clothing Product 1534,Clothing,Women,Apex,245.17,317.41,S0203,2025-11-20
P01535,Electronics Product 1535,Electronics,Laptops,Vertex,1683.34,2484.59,S0259,2025-05-25
P01536,Office Supplies Product 1536,Office Supplies,Writing,Urbanix,957.55,1138.1,S0158,2021-03-29
P01537,Home Appliances Product 1537,Home Appliances,Kitchen,Vertex,2841.22,3834.57,S0053,2024-06-14
P01538,Home Appliances Product 1538,Home Appliances,Small Appliances,HomePro,367.25,591.31,S0084,2024-01-06
P01539,Home Appliances Product 1539,Home Appliances,Small Appliances,Urbanix,171.36,241.73,S0107,2021-11-10
P01540,Office Supplies Product 1540,Office Supplies,Printing,HomePro,702.01,1159.86,S0283,2022-09-19
P01541,Home Appliances Product 1541,Home Appliances,Cleaning,HomePro,2704.19,4385.37,S0072,2023-06-15
P01542,Furniture Product 1542,Furniture,Chairs,ValueMax,1027.87,1409.54,S0208,2021-09-24
P01543,Furniture Product 1543,Furniture,Desks,Urbanix,943.49,982.8,S0037,2024-08-10
P01544,Electronics Product 1544,Electronics,Accessories,ValueMax,422.45,502.57,S0287,2022-05-22
P01545,Office Supplies Product 1545,Office Supplies,Stationery,Prime,4549.1,6959.36,S0194,2025-09-07
P01546,Office Supplies Product 1546,Office Supplies,Printing,HomePro,379.3,428.58,S0130,2025-01-03
P01547,Furniture Product 1547,Furniture,Chairs,HomePro,443.08,580.96,S0104,2024-03-03
P01548,Home Appliances Product 1548,Home Appliances,Kitchen,TechOne,1477.23,2121.99,S0107,2021-08-07
P01549,Furniture Product 1549,Furniture,Chairs,Prime,109.35,187.55,S0068,2021-02-15
P01550,Furniture Product 1550,Furniture,Home Office,TechOne,3380.49,4292.68,S0180,2021-09-24
P01551,Electronics Product 1551,Electronics,Audio,Urbanix,1779.41,2240.09,S0260,2023-07-01
P01552,Office Supplies Product 1552,Office Supplies,Paper,Prime,2168.43,2949.26,S0073,2024-11-26
P01553,Furniture Product 1553,Furniture,Storage,Prime,1457.12,2096.85,S0225,2021-10-07
P01554,Furniture Product 1554,Furniture,Storage,HomePro,761.39,1021.42,S0170,2024-07-14
P01555,Furniture Product 1555,Furniture,Storage,Apex,259.06,414.44,S0233,2021-03-29
P01556,Home Appliances Product 1556,Home Appliances,Cooling,Nova,844.86,1043.15,S0231,2022-04-30
P01557,Accessories Product 1557,Accessories,Bags,TechOne,324.9,452.52,S0012,2023-12-29
P01558,Office Supplies Product 1558,Office Supplies,Paper,TechOne,1337.55,1951.26,S0007,2025-02-20
P01559,Clothing Product 1559,Clothing,Kids,Nova,2070.45,2688.82,S0275,2024-11-18
P01560,Home Appliances Product 1560,Home Appliances,Kitchen,ValueMax,3394.71,5254.74,S0047,2023-08-31
P01561,Accessories Product 1561,Accessories,Watches,HomePro,1244.54,1740.36,S0173,2021-03-07
P01562,Clothing Product 1562,Clothing,Men,Nova,1969.6,3024.96,S0226,2022-06-20
P01563,Accessories Product 1563,Accessories,Travel,Prime,633.5,891.52,S0152,2024-12-01
P01564,Accessories Product 1564,Accessories,Bags,TechOne,514.99,743.82,S0002,2021-05-29
P01565,Home Appliances Product 1565,Home Appliances,Kitchen,Urbanix,1528.62,1927.06,S0004,2024-07-13
P01566,Office Supplies Product 1566,Office Supplies,Writing,ValueMax,646.63,815.34,S0201,2024-07-08
P01567,Electronics Product 1567,Electronics,Laptops,Prime,954.28,1570.68,S0270,2024-10-04
P01568,Electronics Product 1568,Electronics,Mobiles,Vertex,276.74,415.25,S0104,2022-02-01
P01569,Office Supplies Product 1569,Office Supplies,Paper,Urbanix,413.59,496.93,S0164,2022-03-23
P01570,Office Supplies Product 1570,Office Supplies,Stationery,Apex,1612.73,2265.35,S0281,2021-12-29
P01571,Office Supplies Product 1571,Office Supplies,Printing,HomePro,2796.0,2912.5,S0248,2022-12-20
P01572,Clothing Product 1572,Clothing,Kids,ValueMax,352.62,447.83,S0163,2023-08-15
P01573,Office Supplies Product 1573,Office Supplies,Stationery,Vertex,1487.46,2346.53,S0197,2021-08-07
P01574,Home Appliances Product 1574,Home Appliances,Cooling,ValueMax,523.03,704.4,S0289,2023-11-02
P01575,Electronics Product 1575,Electronics,Audio,Apex,876.19,1219.97,S0240,2022-03-12
P01576,Furniture Product 1576,,Storage,Vertex,4751.42,4949.4,S0125,2023-10-23
P01577,Home Appliances Product 1577,Home Appliances,Cooling,ValueMax,2069.77,2690.72,S0208,2022-07-07
P01578,Home Appliances Product 1578,Home Appliances,Small Appliances,Urbanix,1851.58,2659.65,S0099,2025-10-09
P01579,Accessories Product 1579,Accessories,Watches,Apex,5531.95,8093.91,S0277,2022-08-06
P01580,Home Appliances Product 1580,Home Appliances,Cleaning,HomePro,376.2,593.6,S0029,2025-05-10
P01581,Accessories Product 1581,Accessories,Personal Accessories,Nova,336.26,447.74,S0068,2021-11-16
P01582,Furniture Product 1582,Furniture,Home Office,Vertex,435.14,582.86,S0104,2021-06-04
P01583,Office Supplies Product 1583,Office Supplies,Writing,HomePro,803.1,930.36,S0061,2021-12-11
P01584,Furniture Product 1584,Furniture,Chairs,Urbanix,85.49,113.92,S0179,2023-02-05
P01585,Clothing Product 1585,Clothing,Women,Nova,834.93,975.21,S0214,2025-07-04
P01586,Accessories Product 1586,Accessories,Personal Accessories,Nova,636.79,696.11,S0268,2021-11-18
P01587,Furniture Product 1587,Furniture,Chairs,TechOne,2203.31,2627.63,S0151,2024-12-01
P01588,Office Supplies Product 1588,Office Supplies,Printing,Vertex,988.58,1707.01,S0187,2024-06-25
P01589,Furniture Product 1589,Furniture,Home Office,Nova,498.23,658.12,S0180,2022-09-21
P01590,Electronics Product 1590,Electronics,Accessories,Apex,1532.63,2164.7,S0002,2022-09-06
P01591,Electronics Product 1591,Electronics,Laptops,Nova,1932.57,2473.38,S0213,2025-09-26
P01592,Electronics Product 1592,Electronics,Audio,HomePro,505.82,556.42,S0007,2024-07-28
P01593,Accessories Product 1593,Accessories,Personal Accessories,Apex,466.43,732.93,S0165,2022-03-13
P01594,Office Supplies Product 1594,Office Supplies,Writing,HomePro,122.79,129.63,S0300,2025-07-23
P01595,Home Appliances Product 1595,Home Appliances,Small Appliances,Prime,316.7,403.19,S0237,2023-01-13
P01596,Clothing Product 1596,Clothing,Women,TechOne,420.04,571.12,S0152,2021-05-26
P01597,Electronics Product 1597,Electronics,Audio,HomePro,913.65,1292.38,S0096,2025-01-24
P01598,Electronics Product 1598,Electronics,Audio,Prime,374.23,466.24,S0252,2025-05-05
P01599,Home Appliances Product 1599,Home Appliances,Small Appliances,Nova,656.21,718.11,S0258,2023-03-20
P01600,Furniture Product 1600,Furniture,Home Office,Urbanix,285.47,352.39,S0111,2024-07-08
P01601,Accessories Product 1601,Accessories,Watches,Vertex,1146.1,1423.95,S0033,2022-03-05
P01602,Electronics Product 1602,Electronics,Accessories,Nova,1482.88,1836.82,S0175,2025-04-01
P01603,Clothing Product 1603,Clothing,Men,Urbanix,1135.86,1794.43,S0191,2022-11-04
P01604,Home Appliances Product 1604,Home Appliances,Cleaning,Vertex,1034.34,1214.93,S0281,2022-05-03
P01605,Furniture Product 1605,Furniture,Storage,Nova,179.86,256.98,S0268,2023-07-03
P01606,Furniture Product 1606,Furniture,Chairs,Urbanix,461.04,645.56,S0069,2022-05-03
P01607,Accessories Product 1607,Accessories,Watches,Apex,506.23,798.53,S0076,2024-02-07
P01608,Furniture Product 1608,Furniture,Storage,Vertex,595.94,801.74,S0300,2024-09-26
P01609,Office Supplies Product 1609,Office Supplies,Writing,Urbanix,841.88,1293.44,S0099,2023-01-11
P01610,Office Supplies Product 1610,Office Supplies,Stationery,Nova,3730.23,4992.13,S0138,2024-11-30
P01611,Furniture Product 1611,Furniture,Desks,Nova,1855.88,2703.15,S0092,2023-02-27
P01612,Home Appliances Product 1612,Home Appliances,Kitchen,Vertex,393.49,447.0,S0119,2025-11-06
P01613,Home Appliances Product 1613,Home Appliances,Cooling,Prime,2270.28,2364.87,S0170,2022-04-27
P01614,Furniture Product 1614,Furniture,Desks,HomePro,1575.88,2276.47,S0088,2024-07-10
P01615,Home Appliances Product 1615,Home Appliances,Cooling,TechOne,368.12,535.93,S0124,2023-09-05
P01616,Electronics Product 1616,Electronics,Audio,HomePro,500.0,2804.39,S0106,2025-09-18
P01617,Electronics Product 1617,Electronics,Accessories,Apex,799.86,1022.19,S0033,2022-02-05
P01618,Clothing Product 1618,Clothing,Men,ValueMax,170.24,292.99,S0237,2021-12-26
P01619,Accessories Product 1619,Accessories,Travel,Urbanix,1468.01,1891.79,S0268,2025-05-03
P01620,Electronics Product 1620,Electronics,Laptops,TechOne,1025.51,1490.76,S0148,2025-07-03
P01621,Electronics Product 1621,Electronics,Laptops,ValueMax,640.8,955.66,S0062,2024-09-25
P01622,Office Supplies Product 1622,Office Supplies,Stationery,Apex,645.13,1155.89,S0193,2023-05-17
P01623,Home Appliances Product 1623,Home Appliances,Kitchen,TechOne,445.32,584.64,S0161,2023-01-19
P01624,Electronics Product 1624,Electronics,Accessories,Vertex,1756.71,2208.81,S0166,2024-05-01
P01625,Office Supplies Product 1625,Office Supplies,Stationery,ValueMax,1010.89,1148.98,S0179,2024-09-25
P01626,Home Appliances Product 1626,Home Appliances,Cooling,Apex,814.62,1417.32,S0216,2022-05-19
P01627,Furniture Product 1627,Furniture,Desks,Vertex,1179.74,1715.09,S0013,2021-01-13
P01628,Electronics Product 1628,Electronics,Laptops,Nova,258.97,378.23,S0030,2021-05-15
P01629,Electronics Product 1629,Electronics,Mobiles,HomePro,220.81,490.68,S0029,2022-09-21
P01630,Office Supplies Product 1630,Office Supplies,Stationery,Prime,91.83,131.65,S0047,2024-05-29
P01631,Office Supplies Product 1631,Office Supplies,Paper,Urbanix,1815.77,2110.79,S0292,2023-03-15
P01632,Home Appliances Product 1632,Home Appliances,Cooling,Prime,267.64,357.05,S0220,2023-05-08
P01633,Clothing Product 1633,Clothing,Kids,ValueMax,1133.74,1370.11,S0200,2022-04-05
P01634,Clothing Product 1634,Clothing,Women,Prime,1338.31,1739.0,S0210,2024-09-28
P01635,Accessories Product 1635,Accessories,Travel,Nova,1688.17,2191.69,S0011,2024-08-13
P01636,Office Supplies Product 1636,Office Supplies,Writing,Urbanix,283.92,359.98,S0064,2025-10-24
P01637,Office Supplies Product 1637,Office Supplies,Paper,Vertex,977.39,1124.3,S0239,2025-02-15
P01638,Accessories Product 1638,Accessories,Watches,HomePro,3639.32,6376.39,S0139,2022-11-25
P01639,Furniture Product 1639,Furniture,Chairs,TechOne,4665.18,6663.44,S0153,2024-07-10
P01640,Clothing Product 1640,Clothing,Footwear,TechOne,2423.84,3220.85,S0226,2022-10-02
P01641,Home Appliances Product 1641,Home Appliances,Small Appliances,HomePro,1100.24,1681.72,S0023,2025-05-12
P01642,Electronics Product 1642,Electronics,Mobiles,TechOne,299.93,439.21,S0240,2024-01-20
P01643,Office Supplies Product 1643,Office Supplies,Writing,Prime,1729.33,2461.92,S0205,2025-03-04
P01644,Electronics Product 1644,Electronics,Audio,HomePro,677.77,1024.6,S0122,2022-05-29
P01645,Electronics Product 1645,Electronics,Audio,Nova,1506.25,2101.92,S0150,2021-01-28
P01646,Office Supplies Product 1646,office supplies,Stationery,Apex,422.52,637.3,S0023,2021-09-15
P01647,Furniture Product 1647,Furniture,Home Office,Apex,660.86,1009.43,S0062,2023-08-28
P01648,Home Appliances Product 1648,Home Appliances,Small Appliances,Nova,1009.26,1414.07,S0074,2025-10-21
P01649,Accessories Product 1649,Accessories,Travel,Apex,1154.46,1535.11,S0264,2024-02-19
P01650,Home Appliances Product 1650,Home Appliances,Small Appliances,HomePro,1134.36,1966.09,S0034,2025-01-17
P01651,Furniture Product 1651,Furniture,Home Office,Urbanix,523.0,672.42,S0088,2023-05-07
P01652,Furniture Product 1652,Furniture,Storage,Apex,216.37,313.18,S0040,2025-10-16
P01653,Furniture Product 1653,Furniture,Chairs,Urbanix,4195.55,6092.79,S0086,2025-09-14
P01654,Electronics Product 1654,Electronics,Mobiles,Urbanix,11439.39,14462.74,S0004,2022-02-02
P01655,Accessories Product 1655,Accessories,Bags,Vertex,1521.94,1877.13,S0082,2025-04-23
P01656,Office Supplies Product 1656,Office Supplies,Stationery,Urbanix,244.38,319.29,S0218,2021-02-02
P01657,Furniture Product 1657,Furniture,Home Office,TechOne,431.56,553.84,S0231,2023-12-18
P01658,Home Appliances Product 1658,Home Appliances,Small Appliances,ValueMax,1748.64,1996.59,S0114,2023-03-10
P01659,Office Supplies Product 1659,Office Supplies,Writing,HomePro,3648.12,4587.97,S0212,2022-07-04
P01660,Electronics Product 1660,Electronics,Audio,Apex,250.97,356.8,S0186,2025-08-31
P01661,Electronics Product 1661,Electronics,Laptops,Apex,639.43,1059.7,S0271,2024-04-23
P01662,Clothing Product 1662,Clothing,Men,Prime,984.68,1459.73,S0242,2021-09-10
P01663,Home Appliances Product 1663,Home Appliances,Small Appliances,Prime,2734.86,2848.81,S0069,2021-09-12
P01664,Electronics Product 1664,Electronics,Mobiles,Apex,566.69,851.05,S0177,2021-08-02
P01665,Accessories Product 1665,Accessories,Personal Accessories,TechOne,197.4,251.2,S0236,2022-07-09
P01666,Home Appliances Product 1666,Home Appliances,Cleaning,Prime,1529.18,2233.39,S0092,2022-04-28
P01667,Home Appliances Product 1667,Home Appliances,Kitchen,Apex,2702.95,3695.51,S0172,2024-10-28
P01668,Furniture Product 1668,Furniture,Home Office,Prime,827.84,1104.87,S0121,2025-05-14
P01669,Electronics Product 1669,Electronics,Accessories,Urbanix,1332.11,1799.6,S0093,2024-12-05
P01670,Home Appliances Product 1670,Home Appliances,Cooling,Urbanix,546.72,746.64,S0060,2023-06-25
P01671,Furniture Product 1671,furniture,Desks,Nova,306.75,515.07,S0011,2024-06-23
P01672,Clothing Product 1672,Clothing,Kids,Prime,2451.57,3349.29,S0225,2025-09-19
P01673,Home Appliances Product 1673,Home Appliances,Small Appliances,HomePro,1098.68,1767.94,S0246,2021-04-08
P01674,Electronics Product 1674,,Audio,HomePro,1246.26,1959.5,S0196,2025-07-09
P01675,Home Appliances Product 1675,Home Appliances,Cleaning,ValueMax,3574.77,5389.41,S0073,2024-08-13
P01676,Accessories Product 1676,Accessories,Watches,Nova,379.73,417.9,S0006,2022-12-07
P01677,Clothing Product 1677,Clothing,Kids,TechOne,427.23,690.94,S0190,2023-03-30
P01678,Office Supplies Product 1678,Office Supplies,Paper,TechOne,1090.23,1405.31,S0060,2023-03-12
P01679,Home Appliances Product 1679,Home Appliances,Cooling,Prime,449.38,682.5,S0165,2021-10-16
P01680,Office Supplies Product 1680,Office Supplies,Stationery,Urbanix,2172.36,2625.99,S0292,2022-02-25
P01681,Home Appliances Product 1681,Home Appliances,Kitchen,Urbanix,844.21,994.94,S0002,2022-06-23
P01682,Home Appliances Product 1682,Home Appliances,Small Appliances,HomePro,236.77,444.76,S0174,2021-01-11
P01683,Home Appliances Product 1683,Home Appliances,Cleaning,TechOne,1058.2,1281.58,S0299,2023-07-04
P01684,Furniture Product 1684,Furniture,Desks,HomePro,875.61,1422.85,S0101,2023-05-20
P01685,Electronics Product 1685,Electronics,Audio,Apex,2194.46,3055.68,S0245,2022-08-25
P01686,Furniture Product 1686,Furniture,Desks,HomePro,1372.6,1777.95,S0249,2021-11-18
P01687,Office Supplies Product 1687,Office Supplies,Printing,Nova,1397.77,1903.07,S0146,2025-11-05
P01688,Office Supplies Product 1688,Office Supplies,Stationery,Apex,1421.8,1653.04,S0093,2024-05-23
P01689,Clothing Product 1689,Clothing,Footwear,Nova,727.07,994.12,S0205,2023-05-17
P01690,Office Supplies Product 1690,Office Supplies,Stationery,ValueMax,491.5,586.32,S0186,2024-08-11
P01691,Home Appliances Product 1691,Home Appliances,Cleaning,ValueMax,1232.69,1601.85,S0143,2022-11-11
P01692,Accessories Product 1692,Accessories,Personal Accessories,Apex,548.24,860.02,S0058,2022-01-29
P01693,Furniture Product 1693,Furniture,Home Office,Urbanix,4581.34,6502.22,S0224,2024-05-13
P01694,Clothing Product 1694,Clothing,Men,HomePro,4033.53,4592.86,S0064,2024-11-07
P01695,Clothing Product 1695,Clothing,Kids,HomePro,1457.07,2259.54,S0041,2024-04-02
P01696,Office Supplies Product 1696,Office Supplies,Stationery,HomePro,1280.24,1752.05,S0021,2023-10-31
P01697,Electronics Product 1697,Electronics,Laptops,Apex,861.82,1098.96,S0134,2021-01-05
P01698,Home Appliances Product 1698,Home Appliances,Small Appliances,Vertex,222.81,340.0,S0037,2024-03-10
P01699,Accessories Product 1699,Accessories,Personal Accessories,Nova,721.87,966.72,S0101,2024-02-03
P01700,Clothing Product 1700,Clothing,Women,Urbanix,1124.29,1328.06,S0073,2023-01-23
P01701,Accessories Product 1701,Accessories,Personal Accessories,Apex,823.01,1509.5,S0138,2022-03-21
P01702,Accessories Product 1702,Accessories,Watches,Prime,1404.26,1919.1,S0234,2025-11-22
P01703,Furniture Product 1703,Furniture,Desks,Apex,2225.61,3015.16,S0136,2022-11-16
P01704,Clothing Product 1704,Clothing,Women,Urbanix,462.77,600.6,S0168,2022-05-12
P01705,Office Supplies Product 1705,Office Supplies,Paper,ValueMax,370.92,606.07,S0043,2024-07-13
P01706,Accessories Product 1706,Accessories,Travel,Urbanix,4006.43,5120.12,S0034,2023-05-30
P01707,Electronics Product 1707,Electronics,Mobiles,TechOne,2294.62,2594.26,S0293,2023-10-15
P01708,Office Supplies Product 1708,Office Supplies,Paper,Prime,647.74,811.84,S0186,2024-03-29
P01709,Home Appliances Product 1709,Home Appliances,Cooling,Prime,643.91,1078.0,S0005,2022-11-04
P01710,Furniture Product 1710,Furniture,Home Office,Apex,700.38,1082.86,S0170,2021-10-05
P01711,Home Appliances Product 1711,Home Appliances,Cleaning,Urbanix,100.0,1238.49,S0004,2021-11-02
P01712,Office Supplies Product 1712,Office Supplies,Printing,Vertex,1140.99,1925.15,S0024,2025-09-11
P01713,Accessories Product 1713,Accessories,Watches,Prime,9919.56,15139.61,S0113,2023-07-12
P01714,Accessories Product 1714,Accessories,Personal Accessories,TechOne,1097.72,1450.75,S0197,2023-02-01
P01715,Furniture Product 1715,Furniture,Home Office,Vertex,1737.91,2327.79,S0187,2022-08-06
P01716,Home Appliances Product 1716,Home Appliances,Cleaning,Prime,154.89,222.2,S0238,2024-08-09
P01717,Furniture Product 1717,Furniture,Chairs,HomePro,600.87,738.91,S0054,2025-07-25
P01718,Clothing Product 1718,Clothing,Kids,HomePro,2991.6,4100.61,S0058,2024-11-04
P01719,Clothing Product 1719,Clothing,Men,Prime,1254.51,1794.34,S0160,2023-09-03
P01720,Home Appliances Product 1720,Home Appliances,Cleaning,Nova,89.87,100.0,S0261,2023-05-18
P01721,Electronics Product 1721,Electronics,Accessories,Nova,1763.39,2354.54,S0217,2025-04-30
P01722,Furniture Product 1722,Furniture,Desks,Prime,6211.8,8170.14,S0201,2025-04-12
P01723,Clothing Product 1723,Clothing,Kids,TechOne,102.28,163.07,S0029,2022-12-14
P01724,Clothing Product 1724,Clothing,Kids,Nova,5014.21,5483.31,S0264,2025-10-26
P01725,Office Supplies Product 1725,Office Supplies,Stationery,ValueMax,76.82,100.0,S0296,2025-02-19
P01726,Electronics Product 1726,Electronics,Mobiles,HomePro,2385.76,3065.84,S0175,2025-03-25
P01727,Furniture Product 1727,Furniture,Storage,Nova,754.24,1189.67,S0102,2021-04-14
P01728,Home Appliances Product 1728,Home Appliances,Kitchen,Urbanix,84.05,114.45,S0199,2021-08-26
P01729,Electronics Product 1729,Electronics,Mobiles,Vertex,1031.83,1874.72,S0193,2022-06-29
P01730,Office Supplies Product 1730,Office Supplies,Paper,ValueMax,2517.73,3793.02,S0279,2024-10-21
P01731,Accessories Product 1731,Accessories,Travel,Apex,1331.32,1726.69,S0034,2021-05-23
P01732,Electronics Product 1732,Electronics,Laptops,Urbanix,1520.53,2153.62,S0155,2021-06-01
P01733,Home Appliances Product 1733,Home Appliances,Small Appliances,Urbanix,608.54,795.05,S0213,2021-02-27
P01734,Furniture Product 1734,Furniture,Desks,Apex,120.15,186.55,S0105,2021-12-17
P01735,Home Appliances Product 1735,home appliances,Cooling,Nova,2069.07,2396.92,S0253,2025-08-04
P01736,Home Appliances Product 1736,Home Appliances,Cooling,Urbanix,5608.45,6903.82,S0020,2024-08-09
P01737,Accessories Product 1737,Accessories,Watches,Vertex,2541.45,3713.23,S0032,2024-08-01
P01738,Electronics Product 1738,Electronics,Accessories,Apex,99.85,164.38,S0238,2022-06-18
P01739,Office Supplies Product 1739,Office Supplies,Stationery,HomePro,250.66,263.8,S0038,2024-02-15
P01740,Home Appliances Product 1740,Home Appliances,Kitchen,Prime,305.15,514.97,S0126,2024-11-22
P01741,Furniture Product 1741,Furniture,Home Office,Vertex,181.52,243.98,S0085,2023-08-30
P01742,Furniture Product 1742,Furniture,Storage,Urbanix,1151.86,1254.22,S0207,2025-04-12
P01743,Electronics Product 1743,Electronics,Accessories,TechOne,1707.3,1778.44,S0004,2023-11-06
P01744,Accessories Product 1744,Accessories,Watches,Vertex,253.49,287.1,S0108,2022-08-16
P01745,Clothing Product 1745,Clothing,Men,Vertex,1910.63,2610.26,S0296,2024-03-11
P01746,Clothing Product 1746,Clothing,Men,Nova,1612.37,2188.96,S0111,2025-09-18
P01747,Home Appliances Product 1747,Home Appliances,Cleaning,TechOne,462.42,693.62,S0180,2025-02-17
P01748,Office Supplies Product 1748,Office Supplies,Stationery,Nova,792.68,1009.85,S0297,2023-06-29
P01749,Office Supplies Product 1749,Office Supplies,Printing,Apex,143.58,170.76,S0183,2023-12-26
P01750,Office Supplies Product 1750,Office Supplies,Stationery,ValueMax,663.91,860.76,S0227,2025-11-17
P01751,Clothing Product 1751,Clothing,Footwear,HomePro,878.43,1208.89,S0288,2024-09-28
P01752,Electronics Product 1752,Electronics,Laptops,Prime,1004.25,1420.59,S0186,2023-07-07
P01753,Accessories Product 1753,Accessories,Bags,Vertex,1417.84,1752.77,S0250,2022-05-28
P01754,Home Appliances Product 1754,Home Appliances,Cleaning,Nova,980.25,1531.98,S0153,2025-07-12
P01755,Furniture Product 1755,Furniture,Chairs,Vertex,729.76,921.25,S0245,2025-11-18
P01756,Clothing Product 1756,Clothing,Women,ValueMax,1305.21,1597.62,S0193,2021-05-10
P01757,Electronics Product 1757,Electronics,Mobiles,Vertex,2563.34,3268.57,S0102,2021-02-28
P01758,Accessories Product 1758,Accessories,Personal Accessories,Nova,678.98,1090.7,S0168,2021-07-30
P01759,Accessories Product 1759,Accessories,Personal Accessories,TechOne,1225.36,1648.58,S0101,2022-12-07
P01760,Accessories Product 1760,Accessories,Bags,Prime,796.38,996.16,S0120,2021-10-19
P01761,Furniture Product 1761,Furniture,Chairs,Urbanix,400.59,628.49,S0088,2025-05-29
P01762,Electronics Product 1762,Electronics,Laptops,HomePro,1043.96,2024.25,S0148,2025-07-27
P01763,Electronics Product 1763,Electronics,Laptops,Apex,488.33,688.73,S0105,2021-11-26
P01764,Electronics Product 1764,Electronics,Laptops,ValueMax,1071.02,1765.56,S0188,2025-02-22
P01765,Electronics Product 1765,Electronics,Mobiles,Prime,773.21,1234.39,S0111,2021-09-15
P01766,Electronics Product 1766,Electronics,Audio,HomePro,700.04,885.49,S0148,2024-12-07
P01767,Accessories Product 1767,Accessories,Watches,ValueMax,628.64,864.31,S0043,2022-10-29
P01768,Electronics Product 1768,Electronics,Mobiles,Prime,619.62,721.95,S0116,2021-03-15
P01769,Electronics Product 1769,electronics,Mobiles,Urbanix,173.69,231.43,S0107,2023-02-21
P01770,Home Appliances Product 1770,Home Appliances,Cooling,ValueMax,1394.87,1759.83,S0289,2025-02-10
P01771,Clothing Product 1771,Clothing,Women,Vertex,1165.18,1512.66,S0135,2025-08-31
P01772,Home Appliances Product 1772,Home Appliances,Kitchen,Nova,2259.32,2806.65,S0007,2021-08-10
P01773,Clothing Product 1773,Clothing,Women,Apex,535.12,705.3,S0093,2025-03-06
P01774,Accessories Product 1774,Accessories,Bags,ValueMax,5404.82,7986.12,S0219,2022-06-20
P01775,Clothing Product 1775,Clothing,Women,Nova,609.03,820.85,S0050,2023-04-27
P01776,Office Supplies Product 1776,Office Supplies,Printing,TechOne,458.38,500.18,S0049,2021-07-18
P01777,Clothing Product 1777,Clothing,Women,TechOne,357.45,444.25,S0113,2025-11-11
P01778,Office Supplies Product 1778,Office Supplies,Stationery,ValueMax,186.89,211.91,S0108,2024-12-13
P01779,Furniture Product 1779,Furniture,Storage,Prime,3920.56,5556.39,S0145,2024-03-18
P01780,Office Supplies Product 1780,Office Supplies,Stationery,Urbanix,3213.1,4727.46,S0011,2024-08-19
P01781,Electronics Product 1781,Electronics,Laptops,Apex,1541.23,2188.17,S0217,2025-05-14
P01782,Home Appliances Product 1782,Home Appliances,Kitchen,Vertex,396.12,489.8,S0065,2021-09-19
P01783,Furniture Product 1783,Furniture,Home Office,TechOne,5178.31,7341.84,S0214,2022-03-26
P01784,Electronics Product 1784,Electronics,Accessories,HomePro,655.93,844.17,S0170,2021-03-10
P01785,Furniture Product 1785,Furniture,Storage,Prime,773.74,916.95,S0061,2023-06-12
P01786,Home Appliances Product 1786,home appliances,Cooling,Apex,3312.46,5050.97,S0141,2023-06-21
P01787,Furniture Product 1787,Furniture,Storage,HomePro,1503.31,2319.22,S0011,2021-02-24
P01788,Clothing Product 1788,Clothing,Kids,Apex,6885.85,10841.97,S0211,2024-04-22
P01789,Home Appliances Product 1789,Home Appliances,Cooling,TechOne,1216.98,1538.86,S0092,2021-01-17
P01790,Electronics Product 1790,Electronics,Accessories,ValueMax,493.8,806.78,S0116,2024-12-17
P01791,Home Appliances Product 1791,Home Appliances,Cooling,ValueMax,507.25,650.85,S0048,2024-07-11
P01792,Furniture Product 1792,Furniture,Chairs,Apex,125.78,189.25,S0110,2025-01-27
P01793,Electronics Product 1793,Electronics,Mobiles,HomePro,709.39,908.21,S0119,2021-08-04
P01794,Clothing Product 1794,Clothing,Footwear,Urbanix,2836.09,3769.4,S0068,2025-05-08
P01795,Accessories Product 1795,Accessories,Watches,Nova,2096.63,2183.99,S0294,2023-09-27
P01796,Furniture Product 1796,Furniture,Chairs,Prime,930.95,1224.62,S0084,2025-04-25
P01797,Clothing Product 1797,Clothing,Footwear,TechOne,319.86,443.7,S0055,2024-06-24
P01798,Furniture Product 1798,Furniture,Storage,Vertex,1160.83,1505.6,S0165,2024-04-12
P01799,Office Supplies Product 1799,Office Supplies,Writing,Apex,1831.68,3304.0,S0096,2021-02-28
P01800,Clothing Product 1800,Clothing,Women,Vertex,1562.21,1846.04,S0137,2024-06-16
P01801,Clothing Product 1801,Clothing,Men,Prime,1114.84,1417.73,S0218,2023-03-30
P01802,Clothing Product 1802,Clothing,Women,Vertex,443.75,540.84,S0024,2025-03-30
P01803,Electronics Product 1803,Electronics,Mobiles,HomePro,2246.08,2856.23,S0153,2024-06-02
P01804,Clothing Product 1804,Clothing,Footwear,TechOne,62.69,100.0,S0007,2021-05-16
P01805,Clothing Product 1805,Clothing,Women,TechOne,1024.52,1759.74,S0014,2025-06-12
P01806,Clothing Product 1806,Clothing,Men,HomePro,12548.48,15684.04,S0028,2021-04-25
P01807,Electronics Product 1807,Electronics,Mobiles,Vertex,213.03,265.52,S0049,2022-07-01
P01808,Office Supplies Product 1808,Office Supplies,Printing,Apex,797.22,942.66,S0105,2022-01-31
P01809,Office Supplies Product 1809,Office Supplies,Paper,Nova,713.58,1190.54,S0281,2025-11-13
P01810,Electronics Product 1810,Electronics,Mobiles,Urbanix,466.88,755.59,S0272,2021-10-07
P01811,Furniture Product 1811,Furniture,Storage,Apex,2505.27,3382.77,S0031,2025-03-22
P01812,Office Supplies Product 1812,Office Supplies,Writing,HomePro,1673.74,1924.7,S0298,2022-02-10
P01813,Home Appliances Product 1813,,Cleaning,Nova,1202.7,1397.41,S0191,2024-04-02
P01814,Furniture Product 1814,Furniture,Home Office,TechOne,1898.82,2663.38,S0167,2021-06-14
P01815,Home Appliances Product 1815,Home Appliances,Cooling,Prime,823.76,1220.27,S0238,2022-12-17
P01816,Office Supplies Product 1816,Office Supplies,Stationery,ValueMax,27023.38,28852.19,S0146,2024-02-12
P01817,Home Appliances Product 1817,Home Appliances,Cleaning,Apex,1064.0,1396.08,S0080,2024-07-21
P01818,Office Supplies Product 1818,Office Supplies,Printing,Apex,828.84,1458.78,S0159,2025-05-12
P01819,Office Supplies Product 1819,Office Supplies,Paper,HomePro,163.08,216.94,S0218,2025-01-29
P01820,Clothing Product 1820,Clothing,Kids,TechOne,404.92,696.89,S0205,2023-08-05
P01821,Accessories Product 1821,Accessories,Personal Accessories,Vertex,2514.0,3779.91,S0051,2022-07-08
P01822,Office Supplies Product 1822,Office Supplies,Writing,Apex,264.65,315.65,S0282,2022-04-22
P01823,Office Supplies Product 1823,Office Supplies,Printing,Nova,105.33,138.73,S0086,2025-12-17
P01824,Clothing Product 1824,Clothing,Men,Prime,920.72,1239.41,S0246,2024-01-16
P01825,Clothing Product 1825,Clothing,Kids,TechOne,3900.09,4725.94,S0094,2025-07-17
P01826,Electronics Product 1826,Electronics,Audio,TechOne,1035.35,1251.95,S0020,2023-03-03
P01827,Office Supplies Product 1827,Office Supplies,Stationery,Urbanix,496.73,857.44,S0299,2023-06-06
P01828,Office Supplies Product 1828,Office Supplies,Writing,Prime,154.86,187.09,S0177,2025-02-16
P01829,Accessories Product 1829,Accessories,Bags,Apex,1173.52,1886.22,S0065,2024-08-12
P01830,Office Supplies Product 1830,Office Supplies,Paper,Prime,1798.51,2324.71,S0001,2022-01-02
P01831,Office Supplies Product 1831,Office Supplies,Paper,Vertex,147.99,202.02,S0039,2023-08-15
P01832,Accessories Product 1832,Accessories,Bags,Urbanix,2514.45,3731.66,S0051,2022-01-25
P01833,Office Supplies Product 1833,Office Supplies,Printing,Prime,2038.29,2580.59,S0278,2024-10-20
P01834,Electronics Product 1834,Electronics,Laptops,Apex,2506.63,3723.4,S0054,2021-02-24
P01835,Electronics Product 1835,Electronics,Mobiles,ValueMax,2010.24,2150.81,S0049,2025-02-18
P01836,Electronics Product 1836,Electronics,Accessories,Apex,1582.76,2307.13,S0252,2025-08-23
P01837,Electronics Product 1837,Electronics,Accessories,Prime,1939.09,2019.89,S0264,2021-02-12
P01838,Office Supplies Product 1838,Office Supplies,Stationery,HomePro,2152.62,2859.92,S0063,2024-02-25
P01839,Home Appliances Product 1839,Home Appliances,Cleaning,TechOne,125.48,194.67,S0196,2021-05-25
P01840,Clothing Product 1840,Clothing,Kids,Prime,178.61,267.47,S0161,2022-10-20
P01841,Electronics Product 1841,Electronics,Accessories,Prime,494.26,574.83,S0174,2022-09-07
P01842,Clothing Product 1842,Clothing,Footwear,Vertex,892.62,1053.9,S0094,2023-08-07
P01843,Electronics Product 1843,Electronics,Audio,TechOne,1413.26,1769.08,S0226,2025-08-02
P01844,Accessories Product 1844,Accessories,Bags,TechOne,1181.11,1660.31,S0265,2023-04-23
P01845,Electronics Product 1845,Electronics,Accessories,Vertex,3422.21,3667.2,S0218,2022-12-28
P01846,Clothing Product 1846,Clothing,Men,Urbanix,2767.42,3784.13,S0271,2021-06-19
P01847,Furniture Product 1847,Furniture,Chairs,Urbanix,350.5,501.54,S0034,2025-06-08
P01848,Clothing Product 1848,Clothing,Kids,ValueMax,1155.15,1523.33,S0198,2022-07-29
P01849,Office Supplies Product 1849,Office Supplies,Writing,Nova,348.23,514.01,S0300,2023-04-24
P01850,Home Appliances Product 1850,Home Appliances,Kitchen,Vertex,703.45,994.09,S0161,2021-06-18
P01851,Furniture Product 1851,Furniture,Chairs,Urbanix,1298.2,1655.52,S0283,2022-06-12
P01852,Accessories Product 1852,Accessories,Personal Accessories,Apex,92.36,100.0,S0105,2023-10-07
P01853,Office Supplies Product 1853,Office Supplies,Paper,Vertex,9587.02,13377.39,S0269,2025-07-02
P01854,Home Appliances Product 1854,Home Appliances,Cooling,Apex,1744.96,2114.31,S0282,2022-08-24
P01855,Home Appliances Product 1855,Home Appliances,Cleaning,HomePro,521.08,661.41,S0187,2023-10-21
P01856,Accessories Product 1856,Accessories,Personal Accessories,TechOne,5624.29,8245.7,S0212,2025-05-18
P01857,Furniture Product 1857,Furniture,Desks,Nova,498.73,847.8,S0157,2022-10-20
P01858,Furniture Product 1858,Furniture,Desks,Vertex,1005.34,1370.04,S0096,2022-06-23
P01859,Furniture Product 1859,Furniture,Desks,Nova,497.36,737.28,S0161,2021-03-23
P01860,Furniture Product 1860,Furniture,Storage,ValueMax,5474.77,6260.83,S0289,2025-07-16
P01861,Clothing Product 1861,Clothing,Kids,HomePro,762.17,1080.41,S0005,2021-07-22
P01862,Accessories Product 1862,Accessories,Personal Accessories,Apex,1025.59,1393.48,S0062,2022-01-29
P01863,Accessories Product 1863,Accessories,Personal Accessories,TechOne,2427.85,3999.24,S0150,2021-09-12
P01864,Office Supplies Product 1864,Office Supplies,Stationery,Apex,1689.06,2154.29,S0102,2024-07-15
P01865,Clothing Product 1865,Clothing,Footwear,Vertex,857.12,1136.52,S0188,2022-10-28
P01866,Home Appliances Product 1866,Home Appliances,Cooling,Apex,2273.45,3642.65,S0109,2024-07-10
P01867,Accessories Product 1867,Accessories,Personal Accessories,HomePro,11230.38,15192.54,S0198,2024-01-14
P01868,Electronics Product 1868,Electronics,Accessories,Nova,1386.01,1648.28,S0032,2021-01-28
P01869,Office Supplies Product 1869,Office Supplies,Printing,Apex,640.37,1348.62,S0100,2022-07-16
P01870,Home Appliances Product 1870,Home Appliances,Cooling,Prime,1192.49,1423.26,S0208,2021-01-08
P01871,Furniture Product 1871,Furniture,Home Office,Nova,3276.79,4449.32,S0142,2021-04-30
P01872,Office Supplies Product 1872,Office Supplies,Paper,Urbanix,458.29,659.1,S0215,2023-05-14
P01873,Accessories Product 1873,Accessories,Personal Accessories,Prime,638.87,908.47,S0191,2022-04-29
P01874,Accessories Product 1874,Accessories,Watches,Urbanix,193.18,257.92,S0099,2021-06-12
P01875,Accessories Product 1875,Accessories,Personal Accessories,Urbanix,274.92,367.31,S0129,2023-01-16
P01876,Home Appliances Product 1876,Home Appliances,Kitchen,HomePro,538.75,715.0,S0290,2023-04-05
P01877,Furniture Product 1877,Furniture,Home Office,Prime,954.97,1134.72,S0289,2025-12-16
P01878,Furniture Product 1878,Furniture,Chairs,Prime,3624.71,7038.57,S0011,2024-04-22
P01879,Office Supplies Product 1879,Office Supplies,Writing,TechOne,1542.33,2050.97,S0212,2022-12-19
P01880,Clothing Product 1880,Clothing,Men,Nova,50.0,482.03,S0148,2023-05-14
P01881,Office Supplies Product 1881,Office Supplies,Stationery,Urbanix,442.4,579.46,S0001,2021-06-12
P01882,Clothing Product 1882,Clothing,Footwear,Nova,3632.11,4744.9,S0191,2022-12-07
P01883,Office Supplies Product 1883,Office Supplies,Printing,ValueMax,2871.24,3702.22,S0007,2023-11-27
P01884,Home Appliances Product 1884,Home Appliances,Kitchen,Vertex,1092.3,1234.26,S0096,2021-02-08
P01885,Furniture Product 1885,Furniture,Chairs,TechOne,575.13,770.89,S0208,2025-08-06
P01886,Furniture Product 1886,Furniture,Home Office,Vertex,2848.52,3696.01,S0244,2023-07-30
P01887,Electronics Product 1887,Electronics,Accessories,Urbanix,272.36,444.41,S0124,2024-12-06
P01888,Electronics Product 1888,Electronics,Laptops,Apex,1509.0,1775.98,S0243,2022-05-18
P01889,Home Appliances Product 1889,Home Appliances,Cooling,TechOne,9173.89,11646.21,S0252,2025-03-07
P01890,Office Supplies Product 1890,Office Supplies,Paper,Vertex,1208.08,1473.55,S0135,2022-11-01
P01891,Furniture Product 1891,Furniture,Storage,Vertex,323.63,552.51,S0052,2025-08-22
P01892,Home Appliances Product 1892,Home Appliances,Cleaning,ValueMax,1477.72,1808.85,S0198,2023-08-11
P01893,Office Supplies Product 1893,Office Supplies,Stationery,Urbanix,505.33,750.0,S0005,2024-03-07
P01894,Electronics Product 1894,Electronics,Mobiles,Vertex,188.41,297.66,S0268,2022-01-07
P01895,Furniture Product 1895,Furniture,Storage,HomePro,1801.22,2419.01,S0117,2025-12-21
P01896,Electronics Product 1896,Electronics,Accessories,Nova,3184.28,3669.87,S0229,2021-12-18
P01897,Clothing Product 1897,Clothing,Men,TechOne,761.87,879.34,S0221,2021-03-02
P01898,Furniture Product 1898,Furniture,Home Office,ValueMax,529.97,822.91,S0142,2023-03-14
P01899,Electronics Product 1899,Electronics,Audio,TechOne,392.72,458.75,S0292,2025-03-04
P01900,Electronics Product 1900,electronics,Accessories,Urbanix,713.54,1032.92,S0239,2025-08-09
P01901,Clothing Product 1901,Clothing,Footwear,Nova,491.38,683.83,S0266,2025-04-14
P01902,Electronics Product 1902,Electronics,Laptops,Prime,302.26,436.61,S0029,2023-10-07
P01903,Home Appliances Product 1903,Home Appliances,Kitchen,Urbanix,5435.75,7960.49,S0146,2025-07-31
P01904,Electronics Product 1904,Electronics,Accessories,ValueMax,1575.32,1913.27,S0286,2023-06-17
P01905,Clothing Product 1905,Clothing,Men,HomePro,1760.21,2127.01,S0244,2023-05-23
P01906,Office Supplies Product 1906,,Stationery,ValueMax,1911.6,2902.93,S0137,2021-11-26
P01907,Office Supplies Product 1907,Office Supplies,Paper,TechOne,2057.2,2594.41,S0022,2024-12-08
P01908,Electronics Product 1908,Electronics,Accessories,HomePro,762.15,793.91,S0085,2022-07-31
P01909,Home Appliances Product 1909,Home Appliances,Small Appliances,Nova,1048.22,1575.98,S0172,2021-12-23
P01910,Accessories Product 1910,Accessories,Personal Accessories,Nova,764.39,916.94,S0193,2022-11-06
P01911,Electronics Product 1911,Electronics,Laptops,Nova,1271.18,1860.39,S0278,2024-01-06
P01912,Electronics Product 1912,Electronics,Mobiles,Apex,997.6,1688.79,S0028,2022-05-08
P01913,Accessories Product 1913,Accessories,Personal Accessories,Vertex,596.1,818.45,S0119,2022-10-17
P01914,Office Supplies Product 1914,Office Supplies,Stationery,ValueMax,200.22,317.6,S0082,2022-08-26
P01915,Electronics Product 1915,Electronics,Audio,Vertex,992.58,1388.96,S0289,2023-12-25
P01916,Electronics Product 1916,Electronics,Laptops,ValueMax,558.86,978.29,S0050,2024-07-27
P01917,Clothing Product 1917,Clothing,Women,HomePro,151.54,181.22,S0067,2024-05-17
P01918,Clothing Product 1918,Clothing,Men,Nova,1457.02,1993.68,S0090,2021-09-15
P01919,Clothing Product 1919,Clothing,Kids,Nova,2088.0,3150.82,S0032,2022-09-26
P01920,Accessories Product 1920,Accessories,Travel,Prime,11265.18,15039.47,S0194,2024-03-29
P01921,Office Supplies Product 1921,Office Supplies,Stationery,Urbanix,498.89,811.5,S0158,2022-01-30
P01922,Furniture Product 1922,Furniture,Home Office,Urbanix,541.4,700.2,S0168,2021-05-07
P01923,Office Supplies Product 1923,Office Supplies,Writing,Apex,206.98,395.7,S0273,2022-08-11
P01924,Furniture Product 1924,Furniture,Home Office,Vertex,765.49,1478.4,S0130,2024-05-23
P01925,Furniture Product 1925,Furniture,Home Office,Vertex,1030.99,1469.08,S0094,2024-04-26
P01926,Electronics Product 1926,Electronics,Laptops,HomePro,359.73,533.14,S0113,2021-08-25
P01927,Furniture Product 1927,Furniture,Storage,ValueMax,615.37,1007.42,S0241,2024-05-20
P01928,Clothing Product 1928,Clothing,Kids,Urbanix,140.8,165.9,S0159,2021-12-21
P01929,Electronics Product 1929,Electronics,Laptops,ValueMax,2609.79,3030.41,S0051,2024-09-14
P01930,Office Supplies Product 1930,Office Supplies,Paper,Urbanix,335.56,555.24,S0207,2023-10-31
P01931,Clothing Product 1931,Clothing,Footwear,Urbanix,814.4,1159.12,S0224,2021-08-19
P01932,Clothing Product 1932,Clothing,Kids,Nova,216.85,288.12,S0075,2022-10-02
P01933,Home Appliances Product 1933,Home Appliances,Cleaning,Prime,488.57,670.3,S0168,2025-02-02
P01934,Home Appliances Product 1934,Home Appliances,Cleaning,Prime,871.02,907.31,S0170,2023-03-01
P01935,Clothing Product 1935,Clothing,Footwear,HomePro,888.78,1186.53,S0053,2024-06-09
P01936,Electronics Product 1936,Electronics,Mobiles,Vertex,1561.3,1938.77,S0003,2024-09-27
P01937,Office Supplies Product 1937,Office Supplies,Stationery,Vertex,3229.35,5060.15,S0216,2021-02-25
P01938,Clothing Product 1938,Clothing,Kids,Prime,1574.26,2496.86,S0185,2025-08-27
P01939,Furniture Product 1939,Furniture,Home Office,Nova,2111.68,3140.83,S0215,2022-09-05
P01940,Electronics Product 1940,Electronics,Laptops,Vertex,3518.45,5095.85,S0114,2024-12-18
P01941,Furniture Product 1941,Furniture,Desks,HomePro,1866.18,2121.3,S0155,2023-05-02
P01942,Office Supplies Product 1942,Office Supplies,Paper,ValueMax,776.1,1156.75,S0295,2023-11-19
P01943,Office Supplies Product 1943,Office Supplies,Stationery,Apex,2195.83,3291.8,S0068,2022-10-21
P01944,Electronics Product 1944,Electronics,Audio,Vertex,2124.63,3509.0,S0196,2025-04-07
P01945,Home Appliances Product 1945,Home Appliances,Cleaning,ValueMax,1189.4,2295.35,S0040,2021-08-03
P01946,Accessories Product 1946,Accessories,Bags,Apex,251.95,280.18,S0020,2025-06-24
P01947,Electronics Product 1947,Electronics,Mobiles,HomePro,397.72,517.3,S0288,2022-01-14
P01948,Accessories Product 1948,Accessories,Travel,Vertex,733.15,911.62,S0039,2025-05-31
P01949,Electronics Product 1949,Electronics,Accessories,Apex,1865.1,2616.77,S0197,2021-02-14
P01950,Accessories Product 1950,Accessories,Personal Accessories,Nova,855.93,1174.66,S0155,2021-01-26
P01951,Accessories Product 1951,Accessories,Watches,HomePro,2818.04,3740.39,S0243,2021-06-19
P01952,Electronics Product 1952,Electronics,Accessories,Vertex,2804.24,4470.76,S0164,2023-09-27
P01953,Home Appliances Product 1953,Home Appliances,Kitchen,ValueMax,3344.47,3980.84,S0210,2022-05-01
P01954,Accessories Product 1954,Accessories,Personal Accessories,Nova,3341.69,4006.28,S0269,2023-12-28
P01955,Accessories Product 1955,Accessories,Personal Accessories,HomePro,354.13,425.42,S0249,2025-02-05
P01956,Accessories Product 1956,Accessories,Personal Accessories,Vertex,1489.48,1944.41,S0217,2021-02-19
P01957,Office Supplies Product 1957,Office Supplies,Stationery,HomePro,557.45,653.63,S0049,2023-08-20
P01958,Electronics Product 1958,Electronics,Audio,Prime,169.52,230.68,S0051,2024-09-11
P01959,Home Appliances Product 1959,Home Appliances,Cooling,ValueMax,672.04,900.19,S0150,2023-02-14
P01960,Clothing Product 1960,Clothing,Footwear,HomePro,3649.8,4513.44,S0198,2025-08-16
P01961,Clothing Product 1961,Clothing,Men,Urbanix,1222.46,1902.3,S0201,2024-04-23
P01962,Office Supplies Product 1962,Office Supplies,Writing,Nova,6642.83,9026.2,S0237,2021-03-05
P01963,Clothing Product 1963,Clothing,Footwear,Apex,893.62,1432.69,S0032,2023-09-16
P01964,Electronics Product 1964,Electronics,Mobiles,Prime,10399.75,13875.49,S0053,2022-12-02
P01965,Clothing Product 1965,Clothing,Kids,Nova,1049.63,1433.1,S0045,2021-08-29
P01966,Electronics Product 1966,Electronics,Laptops,Apex,964.98,1227.28,S0163,2025-10-01
P01967,Clothing Product 1967,Clothing,Kids,Vertex,243.95,333.85,S0191,2022-02-11
P01968,Home Appliances Product 1968,Home Appliances,Cooling,Vertex,2400.11,3643.28,S0035,2021-06-02
P01969,Office Supplies Product 1969,Office Supplies,Stationery,Nova,560.07,726.29,S0261,2022-02-11
P01970,Office Supplies Product 1970,Office Supplies,Stationery,Urbanix,426.09,628.31,S0092,2025-02-11
P01971,Furniture Product 1971,Furniture,Storage,Vertex,3505.75,4321.28,S0199,2023-12-31
P01972,Accessories Product 1972,Accessories,Bags,Nova,2499.38,3821.12,S0226,2025-02-05
P01973,Clothing Product 1973,Clothing,Women,Prime,2933.23,3722.42,S0011,2023-04-23
P01974,Furniture Product 1974,Furniture,Chairs,Vertex,538.68,835.38,S0260,2021-08-02
P01975,Electronics Product 1975,Electronics,Accessories,Vertex,825.51,1140.36,S0292,2022-12-09
P01976,Electronics Product 1976,Electronics,Audio,Prime,653.19,1130.28,S0288,2021-12-31
P01977,Office Supplies Product 1977,Office Supplies,Printing,Nova,2218.66,2624.37,S0042,2023-10-13
P01978,Accessories Product 1978,Accessories,Bags,ValueMax,4979.56,5673.95,S0118,2022-05-07
P01979,Clothing Product 1979,Clothing,Men,Prime,1372.72,1734.06,S0070,2025-11-06
P01980,Electronics Product 1980,Electronics,Audio,ValueMax,7509.58,8647.0,S0136,2022-11-20
P01981,Home Appliances Product 1981,Home Appliances,Cooling,ValueMax,2555.55,2943.25,S0293,2022-07-28
P01982,Furniture Product 1982,Furniture,Home Office,ValueMax,633.7,948.88,S0229,2025-12-02
P01983,Home Appliances Product 1983,Home Appliances,Small Appliances,Apex,2007.51,2748.44,S0232,2023-08-08
P01984,Furniture Product 1984,Furniture,Home Office,Prime,5140.71,6607.87,S0127,2021-11-08
P01985,Clothing Product 1985,Clothing,Men,HomePro,6804.28,8851.71,S0281,2023-05-27
P01986,Accessories Product 1986,Accessories,Watches,Nova,3105.39,3932.25,S0277,2022-04-10
P01987,Furniture Product 1987,Furniture,Home Office,TechOne,695.59,1231.21,S0242,2024-07-31
P01988,Clothing Product 1988,Clothing,Kids,Urbanix,776.4,966.21,S0245,2023-11-14
P01989,Accessories Product 1989,Accessories,Travel,Nova,1840.69,2134.84,S0196,2024-08-25
P01990,Electronics Product 1990,Electronics,Audio,Vertex,4162.52,6399.99,S0029,2025-09-12
P01991,Electronics Product 1991,electronics,Laptops,Vertex,1391.68,1851.68,S0086,2024-08-23
P01992,Clothing Product 1992,Clothing,Women,Nova,994.65,1890.52,S0231,2022-09-14
P01993,Furniture Product 1993,Furniture,Home Office,HomePro,988.68,1263.29,S0099,2022-01-03
P01994,Electronics Product 1994,Electronics,Audio,Nova,557.97,864.53,S0052,2023-08-25
P01995,Office Supplies Product 1995,Office Supplies,Stationery,TechOne,634.46,1020.39,S0285,2023-03-31
P01996,Home Appliances Product 1996,Home Appliances,Kitchen,Prime,1074.68,1374.03,S0147,2022-07-26
P01997,Furniture Product 1997,Furniture,Home Office,HomePro,5379.68,6688.71,S0259,2025-01-20
P01998,Furniture Product 1998,Furniture,Home Office,Urbanix,619.28,944.22,S0086,2025-07-18
P01999,Home Appliances Product 1999,Home Appliances,Small Appliances,Vertex,850.61,1264.82,S0108,2022-11-28
P02000,Office Supplies Product 2000,Office Supplies,Stationery,Vertex,439.95,505.07,S0103,2024-05-27
