return_id,order_id,product_id,return_date,return_quantity,return_reason,return_status
RET0000001,ORD0020987,P01378,2025-12-26,1,Quality Issue,Processed
RET0000002,ORD0015453,P00400,2026-04-01,2,Customer Changed Mind,Pending
RET0000003,ORD0039542,P01353,2024-02-06,1,Incorrect Size,Approved
RET0000004,ORD0083575,P01523,2026-02-07,1,Wrong Product,Approved
RET0000005,ORD0052778,P01038,2024-02-27,1,Late Delivery,Processed
RET0000006,ORD0098559,P00178,2024-06-23,1,Wrong Product,Approved
RET0000007,ORD0011121,P01395,2026-04-05,1,Customer Changed Mind,Processed
RET0000008,ORD0077800,P01449,2025-09-09,1,Damaged,Processed
RET0000009,ORD0001637,P01379,2025-01-18,2,Damaged,Processed
RET0000010,ORD0028227,P01323,2026-04-19,1,Quality Issue,Approved
RET0000011,ORD0117262,P00517,2025-12-03,1,Wrong Product,Approved
RET0000012,ORD0000871,P00415,2025-11-23,2,Wrong Product,Rejected
RET0000013,ORD0037706,P01707,2024-03-27,3,Incorrect Size,Approved
RET0000014,ORD0097809,P01538,2025-03-28,1,Damaged,Processed
RET0000015,ORD0009445,P01196,2025-11-08,1,Late Delivery,Approved
RET0000016,ORD0083766,P01636,2024-12-28,1,Late Delivery,Approved
RET0000017,ORD0049279,P01428,2025-04-02,3,Wrong Product,Approved
RET0000018,ORD0063191,P00785,2026-07-13,1,Customer Changed Mind,Approved
RET0000019,ORD0113963,P01716,2024-09-11,1,Damaged,Processed
RET0000020,ORD0102505,P01685,2025-11-02,1,Quality Issue,Processed
RET0000021,ORD0115920,P01281,2025-05-28,2,Wrong Product,Rejected
RET0000022,ORD0054869,P01709,2025-09-21,1,Wrong Product,Rejected
RET0000023,ORD0115238,P01765,2025-12-25,1,Customer Changed Mind,Approved
RET0000024,ORD0007438,P01142,2024-12-01,1,Incorrect Size,Approved
RET0000025,ORD0054404,P00104,2025-07-14,1,Quality Issue,Rejected
RET0000026,ORD0015711,P00949,2026-07-17,1,Incorrect Size,Approved
RET0000027,ORD0025668,P01978,2025-11-15,1,Quality Issue,Approved
RET0000028,ORD0050583,P00508,2025-04-12,1,Quality Issue,Approved
RET0000029,ORD0008417,P00267,2026-05-27,1,Customer Changed Mind,Processed
RET0000030,ORD0025446,P01779,2025-09-08,1,Incorrect Size,Approved
RET0000031,ORD0043285,P01754,2026-06-05,2,Late Delivery,Approved
RET0000032,ORD0001048,P00177,2025-12-07,1,Customer Changed Mind,Processed
RET0000033,ORD0027289,P00488,2026-01-10,1,Quality Issue,Processed
RET0000034,ORD0024479,P00307,2026-02-04,1,Late Delivery,Approved
RET0000035,ORD0067645,P01782,2025-09-28,1,Damaged,Processed
RET0000036,ORD0006186,P01904,2025-12-11,1,Customer Changed Mind,Approved
RET0000037,ORD0051353,P00347,2026-04-13,1,Customer Changed Mind,Approved
RET0000038,ORD0069375,P01910,2026-03-14,2,Incorrect Size,Approved
RET0000039,ORD0010238,P01588,2024-08-09,1,Customer Changed Mind,Approved
RET0000040,ORD0043279,P00640,2025-05-12,2,Quality Issue,Approved
RET0000041,ORD0075885,P00916,2025-05-21,1,Customer Changed Mind,Rejected
RET0000042,ORD0112591,P01233,2025-11-04,1,Quality Issue,Approved
RET0000043,ORD0057502,P00226,2025-11-25,2,Damaged,Pending
RET0000044,ORD0079930,P00051,2024-06-17,2,Incorrect Size,Approved
RET0000045,ORD0016290,P00412,2025-04-28,1,Customer Changed Mind,Approved
RET0000046,ORD0075971,P00030,2025-11-02,3,Wrong Product,Processed
RET0000047,ORD0006455,P00420,2025-10-23,1,Wrong Product,Rejected
RET0000048,ORD0105789,P00697,2026-02-26,2,Wrong Product,Approved
RET0000049,ORD0023564,P00728,2024-05-09,1,Customer Changed Mind,Approved
RET0000050,ORD0072885,P01557,2026-06-16,3,Quality Issue,Processed
RET0000051,ORD0008953,P00941,2024-12-02,1,Incorrect Size,Approved
RET0000052,ORD0067311,P01864,2024-06-18,1,Quality Issue,Processed
RET0000053,ORD0022923,P01073,2026-01-12,1,Late Delivery,Processed
RET0000054,ORD0083430,P00423,2025-08-15,3,Customer Changed Mind,Approved
RET0000055,ORD0060762,P01118,2026-06-28,1,Quality Issue,Rejected
RET0000056,ORD0115314,P01040,2026-06-16,2,Incorrect Size,Approved
RET0000057,ORD0016938,P00063,2025-07-08,2,Wrong Product,Rejected
RET0000058,ORD0066686,P00430,2025-12-05,2,Incorrect Size,Pending
RET0000059,ORD0110993,P00125,2026-07-29,1,Customer Changed Mind,Processed
RET0000060,ORD0073256,P00530,2025-12-13,1,Quality Issue,Pending
RET0000061,ORD0016751,P01615,2024-08-15,1,Incorrect Size,Processed
RET0000062,ORD0117237,P00237,2026-07-07,1,Quality Issue,Approved
RET0000063,ORD0050318,P01063,2026-05-15,1,Damaged,Approved
RET0000064,ORD0021940,P00987,2025-06-24,2,Quality Issue,Approved
RET0000065,ORD0018456,P01954,2026-05-11,3,Damaged,Approved
RET0000066,ORD0077257,P00578,2024-12-05,1,Quality Issue,Processed
RET0000067,ORD0058032,P00285,2026-02-08,2,Wrong Product,Processed
RET0000068,ORD0049317,P01551,2026-05-02,1,Quality Issue,Processed
RET0000069,ORD0010588,P01760,2026-06-18,1,Incorrect Size,Approved
RET0000070,ORD0039127,P00342,2025-02-06,1,Wrong Product,Approved
RET0000071,ORD0040135,P01800,2025-07-16,1,Customer Changed Mind,Approved
RET0000072,ORD0108450,P01544,2024-12-19,1,Quality Issue,Pending
RET0000073,ORD0031903,P01619,2026-01-06,2,Customer Changed Mind,Approved
RET0000074,ORD0115245,P00144,2025-03-11,1,Wrong Product,Approved
RET0000075,ORD0080845,P00948,2026-07-13,1,Damaged,Approved
RET0000076,ORD0015151,P01176,2024-02-29,1,Customer Changed Mind,Pending
RET0000077,ORD0015185,P01265,2026-07-10,1,Quality Issue,Approved
RET0000078,ORD0061543,P01255,2025-03-04,1,Late Delivery,Processed
RET0000079,ORD0036778,P01627,2026-05-31,1,Damaged,Approved
RET0000080,ORD0039477,P00954,2025-10-05,1,Customer Changed Mind,Approved
RET0000081,ORD0046086,P01886,2025-09-14,1,Customer Changed Mind,Processed
RET0000082,ORD0119258,P00017,2025-11-13,2,Wrong Product,Processed
RET0000083,ORD0012416,P00247,2026-06-27,1,Quality Issue,Processed
RET0000084,ORD0077724,P00001,2025-02-28,1,Customer Changed Mind,Approved
RET0000085,ORD0110210,P00992,2024-07-29,1,Late Delivery,Pending
RET0000086,ORD0015539,P00239,2025-08-09,1,Incorrect Size,Processed
RET0000087,ORD0115107,P00707,2024-11-24,1,Late Delivery,Pending
RET0000088,ORD0023501,P00001,2024-12-06,1,Quality Issue,Approved
RET0000089,ORD0069105,P01348,2026-01-09,1,Damaged,Approved
RET0000090,ORD0005467,P01387,2025-12-22,2,Wrong Product,Approved
RET0000091,ORD0119472,P00571,2025-06-04,3,Damaged,Processed
RET0000092,ORD0013124,P01789,2026-05-25,2,Quality Issue,Processed
RET0000093,ORD0083224,P00175,2025-12-02,1,Incorrect Size,Processed
RET0000094,ORD0087411,P01119,2024-11-16,1,Wrong Product,Approved
RET0000095,ORD0109921,P01004,2026-01-11,1,Wrong Product,Approved
RET0000096,ORD0073586,P00536,2025-08-07,1,Customer Changed Mind,Approved
RET0000097,ORD0111627,P00355,2024-11-14,1,Quality Issue,Rejected
RET0000098,ORD0038975,P01766,2025-11-21,3,Quality Issue,Approved
RET0000099,ORD0049562,P00788,2026-01-26,1,Quality Issue,Approved
RET0000100,ORD0013409,P01494,2024-05-29,1,Incorrect Size,Approved
RET0000101,ORD0034428,P00159,2025-06-14,1,Wrong Product,Approved
RET0000102,ORD0099731,P00235,2026-03-17,2,Quality Issue,Pending
RET0000103,ORD0101906,P00902,2025-02-14,1,Late Delivery,Approved
RET0000104,ORD0100890,P00212,2025-12-17,1,Customer Changed Mind,Pending
RET0000105,ORD0119389,P00851,2025-04-18,2,Incorrect Size,Processed
RET0000106,ORD0086542,P00785,2025-06-22,2,Damaged,Processed
RET0000107,ORD0024459,P00713,2026-01-20,1,Quality Issue,Approved
RET0000108,ORD0037532,P01970,2024-10-02,1,Quality Issue,Processed
RET0000109,ORD0102576,P00623,2026-07-28,1,Incorrect Size,Processed
RET0000110,ORD0024856,P01745,2026-02-25,1,Late Delivery,Approved
RET0000111,ORD0020712,P01729,2025-02-18,3,Customer Changed Mind,Rejected
RET0000112,ORD0096822,P00856,2025-01-03,3,Quality Issue,Approved
RET0000113,ORD0070879,P00771,2025-05-27,1,Quality Issue,Approved
RET0000114,ORD0037771,P01000,2026-06-09,1,Late Delivery,Approved
RET0000115,ORD0022202,P01783,2026-05-23,1,Quality Issue,Processed
RET0000116,ORD0095490,P00626,2025-03-17,1,Wrong Product,Approved
RET0000117,ORD0021603,P00541,2026-03-30,1,Quality Issue,Approved
RET0000118,ORD0107907,P00211,2026-01-12,1,Incorrect Size,Approved
RET0000119,ORD0008554,P00157,2025-11-11,1,Customer Changed Mind,Approved
RET0000120,ORD0041896,P00865,2026-04-09,1,Customer Changed Mind,Approved
RET0000121,ORD0010911,P01747,2025-10-24,1,Incorrect Size,Rejected
RET0000122,ORD0092965,P00556,2026-07-07,1,Quality Issue,Approved
RET0000123,ORD0058010,P01515,2024-07-26,2,Incorrect Size,Pending
RET0000124,ORD0119278,P00256,2024-12-05,1,Customer Changed Mind,Processed
RET0000125,ORD0075587,P00306,2025-08-26,2,Incorrect Size,Processed
RET0000126,ORD0033798,P00297,2026-07-10,1,Damaged,Pending
RET0000127,ORD0039889,P01756,2026-03-30,1,Late Delivery,Approved
RET0000128,ORD0052251,P00299,2026-03-03,1,Customer Changed Mind,Processed
RET0000129,ORD0030689,P01589,2025-01-08,1,Quality Issue,Approved
RET0000130,ORD0008154,P01270,2026-03-22,1,Incorrect Size,Approved
RET0000131,ORD0057943,P00084,2025-12-21,1,Quality Issue,Approved
RET0000132,ORD0070656,P01381,2026-06-20,1,Quality Issue,Processed
RET0000133,ORD0004193,P00743,2025-06-19,1,Customer Changed Mind,Rejected
RET0000134,ORD0081871,P00945,2025-12-21,1,Late Delivery,Approved
RET0000135,ORD0059434,P01055,2026-05-03,1,Late Delivery,Processed
RET0000136,ORD0027426,P01816,2025-02-26,3,Damaged,Approved
RET0000137,ORD0068265,P00080,2026-06-15,1,Late Delivery,Approved
RET0000138,ORD0092096,P00884,2023-01-01,1,Incorrect Size,Approved
RET0000139,ORD0061920,P00799,2025-08-20,1,Quality Issue,Processed
RET0000140,ORD0075941,P00543,2026-01-18,1,Quality Issue,Processed
RET0000141,ORD0105868,P00390,2024-03-23,1,Customer Changed Mind,Approved
RET0000142,ORD0011122,P00523,2025-06-23,1,Late Delivery,Approved
RET0000143,ORD0016237,P01751,2026-02-21,2,Damaged,Processed
RET0000144,ORD0118512,P01932,2026-04-01,1,Customer Changed Mind,Processed
RET0000145,ORD0096517,P01225,2026-04-28,1,Customer Changed Mind,Approved
RET0000146,ORD0086998,P00418,2026-05-14,1,Wrong Product,Processed
RET0000147,ORD0062508,P00860,2025-10-23,1,Damaged,Processed
RET0000148,ORD0029040,P00834,2025-01-01,1,Quality Issue,Approved
RET0000149,ORD0065219,P01230,2025-06-07,1,Customer Changed Mind,Approved
RET0000150,ORD0036714,P00829,2026-02-22,1,Customer Changed Mind,Pending
RET0000151,ORD0024184,P00691,2026-04-06,3,Wrong Product,Approved
RET0000152,ORD0007663,P01891,2025-10-17,1,Late Delivery,Approved
RET0000153,ORD0107405,P01827,2024-02-25,1,Customer Changed Mind,Rejected
RET0000154,ORD0031681,P01499,2026-06-29,1,Customer Changed Mind,Rejected
RET0000155,ORD0040278,P00732,2025-10-05,3,Quality Issue,Processed
RET0000156,ORD0020398,P01008,2026-07-17,1,Damaged,Processed
RET0000157,ORD0100898,P00542,2026-03-21,1,Incorrect Size,Approved
RET0000158,ORD0100658,P01051,2026-06-06,1,Damaged,Processed
RET0000159,ORD0025408,P01556,2026-05-12,2,Customer Changed Mind,Approved
RET0000160,ORD0057035,P00717,2025-06-05,1,Wrong Product,Rejected
RET0000161,ORD0050146,P00692,2026-03-13,1,Late Delivery,Approved
RET0000162,ORD0090027,P00101,2025-11-27,1,Wrong Product,Approved
RET0000163,ORD0076881,P00204,2026-04-24,1,Incorrect Size,Approved
RET0000164,ORD0045055,P00793,2026-02-04,2,Customer Changed Mind,Processed
RET0000165,ORD0063475,P00062,2024-12-30,1,Quality Issue,Processed
RET0000166,ORD0107153,P01300,2025-02-14,1,Wrong Product,Processed
RET0000167,ORD0060431,P01134,2026-05-03,1,Damaged,Approved
RET0000168,ORD0047056,P01192,2026-01-18,1,Customer Changed Mind,Approved
RET0000169,ORD0035571,P01985,2026-04-04,1,Late Delivery,Processed
RET0000170,ORD0020746,P01239,2026-08-08,2,Customer Changed Mind,Approved
RET0000171,ORD0046095,P00313,2026-03-02,1,Incorrect Size,Processed
RET0000172,ORD0064267,P00947,2025-07-05,1,Quality Issue,Pending
RET0000173,ORD0044969,P00802,2024-10-31,1,Incorrect Size,Processed
RET0000174,ORD0033036,P01283,2025-08-16,1,Wrong Product,Approved
RET0000175,ORD0100746,P01326,2024-07-11,2,Quality Issue,Processed
RET0000176,ORD0094759,P01167,2025-08-15,1,Late Delivery,Pending
RET0000177,ORD0055330,P00305,2025-12-10,1,Quality Issue,Processed
RET0000178,ORD0003484,P00650,2025-06-08,2,Incorrect Size,Processed
RET0000179,ORD0059575,P00895,2025-01-08,1,Quality Issue,Approved
RET0000180,ORD0018402,P01565,2025-02-11,1,Incorrect Size,Processed
RET0000181,ORD0095513,P00460,2026-02-03,2,Quality Issue,Approved
RET0000182,ORD0080625,P01680,2025-06-26,1,Damaged,Processed
RET0000183,ORD0063752,P01830,2025-05-11,1,Quality Issue,Rejected
RET0000184,ORD0061447,P01793,2025-11-01,3,Customer Changed Mind,Rejected
RET0000185,ORD0102554,P01067,2026-04-14,1,Incorrect Size,Approved
RET0000186,ORD0053509,P00359,2024-10-24,1,Quality Issue,Processed
RET0000187,ORD0094685,P01944,2025-12-15,1,Damaged,Approved
RET0000188,ORD0011326,P01329,2023-01-01,1,Damaged,Approved
RET0000189,ORD0077841,P01577,2025-10-22,1,Damaged,Processed
RET0000190,ORD0058964,P01063,2026-06-28,2,Customer Changed Mind,Processed
RET0000191,ORD0043592,P00442,2025-12-30,1,Damaged,Approved
RET0000192,ORD0012280,P00644,2025-09-24,1,Quality Issue,Processed
RET0000193,ORD0061799,P00679,2025-11-24,1,Late Delivery,Processed
RET0000194,ORD0027397,P01767,2026-02-28,1,Incorrect Size,Processed
RET0000195,ORD0082074,P01063,2025-11-28,1,Wrong Product,Processed
RET0000196,ORD0088327,P00923,2026-05-07,1,Late Delivery,Processed
RET0000197,ORD0094397,P00068,2025-07-07,1,Damaged,Approved
RET0000198,ORD0085562,P00742,2025-06-09,1,Incorrect Size,Approved
RET0000199,ORD0016761,P00103,2026-04-06,1,Wrong Product,Processed
RET0000200,ORD0116771,P01388,2025-08-04,2,Damaged,Processed
RET0000201,ORD0118833,P01550,2026-03-15,2,Wrong Product,Approved
RET0000202,ORD0063592,P00006,2025-11-04,1,Quality Issue,Approved
RET0000203,ORD0015652,P01842,2026-01-02,1,Damaged,Pending
RET0000204,ORD0101469,P01384,2025-06-24,1,Quality Issue,Rejected
RET0000205,ORD0046592,P00847,2024-02-18,1,Quality Issue,Processed
RET0000206,ORD0004446,P01160,2025-03-08,1,Quality Issue,Processed
RET0000207,ORD0036281,P00473,2024-06-21,1,Wrong Product,Pending
RET0000208,ORD0086466,P00269,2026-02-10,1,Damaged,Processed
RET0000209,ORD0072260,P00722,2026-04-16,1,Customer Changed Mind,Approved
RET0000210,ORD0110575,P00949,2026-04-22,1,Wrong Product,Processed
RET0000211,ORD0107626,P01879,2024-05-30,1,Quality Issue,Pending
RET0000212,ORD0097842,P01380,2024-10-11,1,Customer Changed Mind,Processed
RET0000213,ORD0060964,P00182,2025-01-16,2,Customer Changed Mind,Approved
RET0000214,ORD0082923,P00019,2025-12-18,1,Damaged,Pending
RET0000215,ORD0060108,P01175,2026-06-15,1,Late Delivery,Processed
RET0000216,ORD0056373,P01428,2025-11-09,2,Wrong Product,Approved
RET0000217,ORD0077251,P00623,2024-09-23,1,Quality Issue,Pending
RET0000218,ORD0098189,P00196,2025-10-29,3,Damaged,Processed
RET0000219,ORD0118833,P01049,2026-02-12,1,Incorrect Size,Processed
RET0000220,ORD0059679,P00714,2025-12-07,1,Quality Issue,Pending
RET0000221,ORD0029689,P01020,2025-06-18,1,Wrong Product,Approved
RET0000222,ORD0049142,P01365,2025-08-27,3,Damaged,Processed
RET0000223,ORD0108152,P00348,2024-10-30,1,Customer Changed Mind,Approved
RET0000224,ORD0096762,P00512,2025-12-07,1,Damaged,Rejected
RET0000225,ORD0098970,P01037,2024-12-12,1,Wrong Product,Rejected
RET0000226,ORD0010130,P01378,2025-01-15,1,Incorrect Size,Processed
RET0000227,ORD0114928,P01971,2024-03-28,1,Quality Issue,Processed
RET0000228,ORD0067328,P01154,2025-02-01,2,Wrong Product,Processed
RET0000229,ORD0004588,P01367,2026-05-16,1,Late Delivery,Approved
RET0000230,ORD0026454,P00424,2024-02-26,1,Wrong Product,Approved
RET0000231,ORD0113474,P00563,2024-10-06,2,Incorrect Size,Approved
RET0000232,ORD0033135,P00441,2025-09-28,1,Damaged,Rejected
RET0000233,ORD0054052,P00142,2025-04-24,1,Quality Issue,Processed
RET0000234,ORD0102306,P01144,2024-06-05,1,Quality Issue,Processed
RET0000235,ORD0083026,P00824,2024-03-09,1,Damaged,Approved
RET0000236,ORD0054534,P00064,2025-10-22,3,Wrong Product,Processed
RET0000237,ORD0106465,P01143,2025-08-27,3,Customer Changed Mind,Approved
RET0000238,ORD0060953,P01539,2026-04-12,2,Incorrect Size,Pending
RET0000239,ORD0083567,P01518,2026-07-21,1,Late Delivery,Rejected
RET0000240,ORD0041569,P00465,2025-09-25,3,Quality Issue,Processed
RET0000241,ORD0048794,P01762,2026-06-30,1,Quality Issue,Processed
RET0000242,ORD0095083,P00052,2025-07-05,1,Quality Issue,Approved
RET0000243,ORD0002311,P00821,2026-07-21,1,Customer Changed Mind,Approved
RET0000244,ORD0016790,P00682,2024-10-04,1,Late Delivery,Processed
RET0000245,ORD0110974,P00170,2026-02-03,1,Quality Issue,Processed
RET0000246,ORD0018155,P01984,2025-04-06,1,Wrong Product,Approved
RET0000247,ORD0000233,P01705,2026-06-29,1,Incorrect Size,Approved
RET0000248,ORD0024131,P01826,2026-04-21,1,Damaged,Processed
RET0000249,ORD0048079,P00483,2025-12-24,1,Wrong Product,Approved
RET0000250,ORD0074786,P01025,2025-10-27,2,Quality Issue,Approved
RET0000251,ORD0116357,P00540,2026-06-01,2,Customer Changed Mind,Processed
RET0000252,ORD0067756,P00005,2026-05-09,1,Damaged,Pending
RET0000253,ORD0014068,P01700,2026-01-02,3,Wrong Product,Approved
RET0000254,ORD0095170,P00311,2025-12-24,1,Late Delivery,Approved
RET0000255,ORD0117292,P00953,2026-02-20,1,Incorrect Size,Approved
RET0000256,ORD0019086,P00587,2024-12-21,1,Damaged,Approved
RET0000257,ORD0023751,P00518,2026-07-18,2,Damaged,Processed
RET0000258,ORD0098216,P01424,2025-02-06,1,Customer Changed Mind,Approved
RET0000259,ORD0043151,P01161,2026-01-20,2,Incorrect Size,Approved
RET0000260,ORD0016377,P00465,2024-07-25,1,Wrong Product,Pending
RET0000261,ORD0054482,P00028,2026-05-01,1,Incorrect Size,Processed
RET0000262,ORD0077945,P01062,2026-04-28,1,Incorrect Size,Approved
RET0000263,ORD0072277,P00320,2025-11-20,1,Wrong Product,Approved
RET0000264,ORD0019330,P01292,2026-07-06,1,Quality Issue,Rejected
RET0000265,ORD0030006,P00146,2025-02-17,1,Quality Issue,Processed
RET0000266,ORD0000604,P01239,2025-11-12,1,Late Delivery,Pending
RET0000267,ORD0065674,P01717,2025-12-21,2,Customer Changed Mind,Approved
RET0000268,ORD0032420,P01855,2026-05-04,1,Quality Issue,Processed
RET0000269,ORD0037801,P01061,2026-05-29,1,Quality Issue,Approved
RET0000270,ORD0064667,P00917,2025-10-23,1,Quality Issue,Approved
RET0000271,ORD0110540,P01252,2025-12-16,1,Incorrect Size,Processed
RET0000272,ORD0025732,P01062,2026-01-07,2,Customer Changed Mind,Processed
RET0000273,ORD0040027,P00233,2026-06-02,1,Quality Issue,Approved
RET0000274,ORD0000946,P00373,2024-09-26,3,Incorrect Size,Approved
RET0000275,ORD0078710,P00451,2025-09-14,2,Wrong Product,Processed
RET0000276,ORD0103302,P01909,2025-02-02,1,Damaged,Approved
RET0000277,ORD0003281,P00269,2025-09-16,1,Customer Changed Mind,Approved
RET0000278,ORD0094399,P01276,2024-11-26,1,Incorrect Size,Approved
RET0000279,ORD0054803,P01161,2025-10-12,1,Wrong Product,Approved
RET0000280,ORD0001840,P00638,2025-12-08,1,Quality Issue,Rejected
RET0000281,ORD0009541,P01831,2026-07-07,2,Damaged,Approved
RET0000282,ORD0050653,P01525,2026-05-25,1,Customer Changed Mind,Processed
RET0000283,ORD0082261,P01805,2025-03-09,1,Quality Issue,Processed
RET0000284,ORD0078280,P00879,2026-01-21,1,Damaged,Approved
RET0000285,ORD0051017,P00183,2024-12-22,1,Incorrect Size,Processed
RET0000286,ORD0016909,P01033,2025-03-21,1,Damaged,Approved
RET0000287,ORD0093714,P01536,2025-06-01,2,Incorrect Size,Rejected
RET0000288,ORD0044172,P00273,2025-12-25,1,Wrong Product,Processed
RET0000289,ORD0025667,P00180,2025-11-24,3,Incorrect Size,Processed
RET0000290,ORD0030658,P00247,2024-05-31,1,Quality Issue,Approved
RET0000291,ORD0070397,P01144,2026-02-07,1,Damaged,Processed
RET0000292,ORD0051719,P01848,2026-01-13,1,Damaged,Processed
RET0000293,ORD0045535,P00676,2025-08-05,3,Damaged,Approved
RET0000294,ORD0098616,P01985,2024-08-31,1,Quality Issue,Approved
RET0000295,ORD0042700,P00052,2026-01-26,1,Quality Issue,Approved
RET0000296,ORD0109244,P00711,2025-07-04,1,Customer Changed Mind,Approved
RET0000297,ORD0032388,P01833,2025-11-28,2,Customer Changed Mind,Approved
RET0000298,ORD0059050,P00648,2026-01-25,1,Quality Issue,Pending
RET0000299,ORD0049443,P01588,2024-06-06,1,Late Delivery,Pending
RET0000300,ORD0061660,P00359,2025-10-02,1,Quality Issue,Approved
RET0000301,ORD0033030,P01981,2026-07-15,2,Customer Changed Mind,Pending
RET0000302,ORD0008584,P01668,2024-01-05,1,Quality Issue,Processed
RET0000303,ORD0027541,P01220,2026-01-23,1,Incorrect Size,Processed
RET0000304,ORD0060097,P00237,2025-08-03,1,Customer Changed Mind,Pending
RET0000305,ORD0082179,P00699,2025-02-24,1,Damaged,Processed
RET0000306,ORD0074329,P01709,2024-10-27,1,Damaged,Processed
RET0000307,ORD0085311,P00565,2025-05-01,2,Late Delivery,Approved
RET0000308,ORD0043578,P00393,2025-05-18,1,Customer Changed Mind,Approved
RET0000309,ORD0059257,P01101,2025-06-25,1,Incorrect Size,Pending
RET0000310,ORD0103527,P01565,2025-11-10,1,Quality Issue,Approved
RET0000311,ORD0111745,P00214,2026-02-21,1,Late Delivery,Approved
RET0000312,ORD0004940,P00540,2024-07-15,3,Quality Issue,Approved
RET0000313,ORD0119844,P01923,2026-04-14,1,Wrong Product,Processed
RET0000314,ORD0008281,P00071,2025-04-11,1,Quality Issue,Approved
RET0000315,ORD0076055,P01004,2025-07-26,1,Damaged,Pending
RET0000316,ORD0059935,P01558,2024-05-17,3,Quality Issue,Approved
RET0000317,ORD0074901,P00181,2026-07-21,1,Incorrect Size,Rejected
RET0000318,ORD0100439,P01397,2026-03-09,1,Quality Issue,Processed
RET0000319,ORD0079506,P01067,2024-06-12,2,Incorrect Size,Processed
RET0000320,ORD0041597,P00534,2025-12-29,3,Customer Changed Mind,Approved
RET0000321,ORD0032995,P00637,2025-03-02,2,Quality Issue,Approved
RET0000322,ORD0050895,P01134,2026-05-15,1,Late Delivery,Rejected
RET0000323,ORD0092650,P01092,2024-10-23,1,Quality Issue,Processed
RET0000324,ORD0088637,P00928,2025-03-29,1,Damaged,Approved
RET0000325,ORD0004663,P00437,2025-03-27,1,Wrong Product,Rejected
RET0000326,ORD0114829,P00243,2026-04-01,1,Late Delivery,Processed
RET0000327,ORD0079853,P00217,2026-05-04,1,Damaged,Approved
RET0000328,ORD0083007,P00511,2025-04-28,1,Quality Issue,Processed
RET0000329,ORD0051280,P01406,2025-12-25,2,Incorrect Size,Processed
RET0000330,ORD0009239,P01598,2025-12-15,1,Incorrect Size,Processed
RET0000331,ORD0033856,P00790,2024-05-19,1,Damaged,Approved
RET0000332,ORD0033303,P01840,2025-11-19,1,Incorrect Size,Approved
RET0000333,ORD0054841,P01416,2025-05-01,1,Damaged,Approved
RET0000334,ORD0065930,P01938,2026-07-22,1,Customer Changed Mind,Approved
RET0000335,ORD0048261,P01766,2025-01-16,1,Incorrect Size,Approved
RET0000336,ORD0091401,P00038,2025-06-20,3,Damaged,Processed
RET0000337,ORD0072393,P01291,2025-06-28,1,Damaged,Processed
RET0000338,ORD0049337,P00454,2025-08-15,1,Damaged,Approved
RET0000339,ORD0055519,P00571,2024-06-16,3,Late Delivery,Processed
RET0000340,ORD0071568,P01409,2025-10-02,3,Quality Issue,Approved
RET0000341,ORD0072815,P00823,2026-04-21,2,Damaged,Approved
RET0000342,ORD0074120,P01205,2026-05-04,1,Damaged,Processed
RET0000343,ORD0108995,P01236,2025-05-04,2,Late Delivery,Rejected
RET0000344,ORD0093608,P00295,2026-05-29,1,Wrong Product,Approved
RET0000345,ORD0038241,P00542,2025-12-16,1,Quality Issue,Rejected
RET0000346,ORD0015176,P00742,2026-03-29,1,Incorrect Size,Rejected
RET0000347,ORD0031557,P01364,2025-11-02,1,Quality Issue,Processed
RET0000348,ORD0033357,P00862,2026-07-13,1,Incorrect Size,Pending
RET0000349,ORD0063540,P00976,2025-11-24,1,Late Delivery,Approved
RET0000350,ORD0042808,P00936,2026-03-25,1,Incorrect Size,Approved
RET0000351,ORD0084229,P00025,2025-10-16,3,Wrong Product,Rejected
RET0000352,ORD0063934,P00947,2026-06-16,1,Damaged,Processed
RET0000353,ORD0003605,P01527,2026-05-16,1,Quality Issue,Approved
RET0000354,ORD0064982,P01684,2026-03-18,2,Damaged,Approved
RET0000355,ORD0062765,P01525,2026-02-08,1,Incorrect Size,Approved
RET0000356,ORD0012551,P00169,2025-06-14,1,Quality Issue,Approved
RET0000357,ORD0073197,P00404,2025-07-24,1,Incorrect Size,Approved
RET0000358,ORD0116830,P01423,2025-03-04,1,Customer Changed Mind,Pending
RET0000359,ORD0089565,P01342,2024-06-12,1,Customer Changed Mind,Approved
RET0000360,ORD0073809,P01796,2025-08-25,3,Quality Issue,Processed
RET0000361,ORD0098038,P00717,2025-12-24,1,Wrong Product,Approved
RET0000362,ORD0093292,P01081,2024-09-28,2,Late Delivery,Approved
RET0000363,ORD0079887,P00001,2026-03-10,1,Quality Issue,Rejected
RET0000364,ORD0016995,P01568,2024-11-05,2,Incorrect Size,Approved
RET0000365,ORD0032635,P00652,2024-02-05,1,Quality Issue,Approved
RET0000366,ORD0009240,P00353,2026-07-04,1,Damaged,Processed
RET0000367,ORD0049877,P01336,2025-11-09,3,Customer Changed Mind,Approved
RET0000368,ORD0115464,P01632,2024-02-16,1,Quality Issue,Approved
RET0000369,ORD0045467,P01279,2026-07-05,2,Damaged,Pending
RET0000370,ORD0036187,P00418,2026-05-04,1,Customer Changed Mind,Approved
RET0000371,ORD0050242,P01433,2026-05-16,1,Wrong Product,Processed
RET0000372,ORD0083890,P01835,2025-04-24,1,Damaged,Approved
RET0000373,ORD0007255,P00025,2025-05-17,1,Late Delivery,Approved
RET0000374,ORD0025855,P01861,2025-04-07,1,Damaged,Approved
RET0000375,ORD0065731,P01396,2026-05-16,1,Quality Issue,Processed
RET0000376,ORD0102355,P00340,2024-02-26,2,Damaged,Approved
RET0000377,ORD0016109,P00606,2026-02-27,2,Quality Issue,Rejected
RET0000378,ORD0098001,P00477,2026-05-08,1,Wrong Product,Processed
RET0000379,ORD0066169,P01040,2024-07-10,1,Incorrect Size,Processed
RET0000380,ORD0109162,P00894,2026-06-23,1,Damaged,Approved
RET0000381,ORD0093041,P00389,2024-10-06,1,Late Delivery,Processed
RET0000382,ORD0029814,P00783,2025-09-25,1,Customer Changed Mind,Processed
RET0000383,ORD0109020,P00716,2026-01-24,2,Wrong Product,Approved
RET0000384,ORD0071936,P00121,2026-02-11,1,Customer Changed Mind,Rejected
RET0000385,ORD0073427,P00096,2024-12-17,1,Incorrect Size,Processed
RET0000386,ORD0091892,P01093,2024-12-16,2,Incorrect Size,Pending
RET0000387,ORD0077647,P00863,2026-07-09,1,Customer Changed Mind,Pending
RET0000388,ORD0052819,P00182,2026-01-07,2,Damaged,Approved
RET0000389,ORD0018398,P01672,2025-03-07,1,Quality Issue,Approved
RET0000390,ORD0005936,P01840,2025-06-05,1,Quality Issue,Processed
RET0000391,ORD0002334,P01376,2024-06-03,2,Wrong Product,Processed
RET0000392,ORD0031855,P01814,2024-01-18,1,Quality Issue,Processed
RET0000393,ORD0020777,P00293,2025-06-25,1,Late Delivery,Approved
RET0000394,ORD0059094,P01023,2025-03-19,1,Quality Issue,Processed
RET0000395,ORD0036463,P01533,2024-05-13,1,Customer Changed Mind,Pending
RET0000396,ORD0009009,P01323,2025-10-23,1,Customer Changed Mind,Pending
RET0000397,ORD0024120,P00536,2026-01-27,3,Wrong Product,Approved
RET0000398,ORD0031865,P01720,2024-04-04,1,Quality Issue,Pending
RET0000399,ORD0001801,P01688,2025-08-20,1,Damaged,Approved
RET0000400,ORD0015412,P00696,2025-11-28,1,Quality Issue,Processed
RET0000401,ORD0031904,P01723,2025-04-08,1,Quality Issue,Approved
RET0000402,ORD0001774,P00371,2026-04-11,1,Quality Issue,Processed
RET0000403,ORD0048439,P00225,2026-01-11,1,Damaged,Approved
RET0000404,ORD0075171,P01275,2024-07-05,1,Wrong Product,Approved
RET0000405,ORD0090738,P01023,2024-06-21,2,Customer Changed Mind,Approved
RET0000406,ORD0057367,P01027,2025-05-01,1,Quality Issue,Pending
RET0000407,ORD0075652,P01344,2024-09-30,1,Incorrect Size,Processed
RET0000408,ORD0063450,P01882,2025-08-31,2,Customer Changed Mind,Processed
RET0000409,ORD0076132,P00596,2025-02-15,2,Incorrect Size,Processed
RET0000410,ORD0013978,P01466,2026-05-29,1,Damaged,Approved
RET0000411,ORD0065543,P00615,2025-02-24,1,Customer Changed Mind,Approved
RET0000412,ORD0011776,P01643,2024-02-25,1,Damaged,Approved
RET0000413,ORD0017945,P00974,2025-11-01,1,Quality Issue,Approved
RET0000414,ORD0096363,P01550,2024-11-22,1,Damaged,Pending
RET0000415,ORD0002697,P00437,2026-01-02,1,Wrong Product,Approved
RET0000416,ORD0001088,P00747,2025-12-09,1,Quality Issue,Processed
RET0000417,ORD0037903,P00623,2025-04-03,2,Late Delivery,Processed
RET0000418,ORD0079977,P00790,2024-05-22,2,Damaged,Rejected
RET0000419,ORD0025865,P01833,2024-12-24,1,Damaged,Approved
RET0000420,ORD0001559,P00587,2025-09-01,1,Late Delivery,Pending
RET0000421,ORD0081379,P00962,2026-04-13,2,Customer Changed Mind,Processed
RET0000422,ORD0072381,P01445,2025-02-20,1,Wrong Product,Processed
RET0000423,ORD0060884,P00600,2026-05-19,3,Quality Issue,Processed
RET0000424,ORD0107941,P01485,2026-05-26,1,Wrong Product,Approved
RET0000425,ORD0014994,P00594,2024-11-24,1,Quality Issue,Processed
RET0000426,ORD0061531,P00726,2025-12-14,1,Customer Changed Mind,Processed
RET0000427,ORD0111932,P00493,2026-05-02,1,Wrong Product,Processed
RET0000428,ORD0022711,P00123,2025-09-06,1,Damaged,Rejected
RET0000429,ORD0108114,P01586,2026-06-08,1,Wrong Product,Processed
RET0000430,ORD0080184,P01738,2026-01-06,1,Damaged,Approved
RET0000431,ORD0061202,P01289,2026-01-05,1,Customer Changed Mind,Approved
RET0000432,ORD0041542,P00704,2025-11-27,2,Incorrect Size,Rejected
RET0000433,ORD0026407,P00428,2025-04-04,1,Incorrect Size,Processed
RET0000434,ORD0048807,P00709,2026-02-13,1,Customer Changed Mind,Rejected
RET0000435,ORD0108741,P00526,2025-06-02,1,Late Delivery,Approved
RET0000436,ORD0032644,P01864,2024-06-13,1,Late Delivery,Processed
RET0000437,ORD0097503,P00645,2025-04-27,2,Quality Issue,Rejected
RET0000438,ORD0057354,P00394,2026-01-14,1,Wrong Product,Processed
RET0000439,ORD0009972,P00439,2024-05-12,1,Wrong Product,Approved
RET0000440,ORD0077009,P01248,2025-11-18,1,Customer Changed Mind,Approved
RET0000441,ORD0112122,P01939,2024-07-11,2,Damaged,Rejected
RET0000442,ORD0012263,P00445,2025-03-23,1,Customer Changed Mind,Processed
RET0000443,ORD0088384,P00707,2024-05-13,1,Incorrect Size,Approved
RET0000444,ORD0094348,P01545,2025-11-07,1,Incorrect Size,Processed
RET0000445,ORD0009186,P01628,2026-06-24,2,Damaged,Approved
RET0000446,ORD0072152,P00191,2026-02-14,1,Customer Changed Mind,Approved
RET0000447,ORD0117106,P01888,2024-11-10,1,Customer Changed Mind,Approved
RET0000448,ORD0058304,P00457,2026-04-16,2,Customer Changed Mind,Approved
RET0000449,ORD0057347,P01116,2026-06-22,1,Late Delivery,Rejected
RET0000450,ORD0041423,P01896,2025-12-13,1,Damaged,Approved
RET0000451,ORD0092389,P00266,2025-11-01,1,Incorrect Size,Processed
RET0000452,ORD0054739,P01053,2026-05-16,1,Incorrect Size,Approved
RET0000453,ORD0095371,P00860,2026-07-17,1,Quality Issue,Approved
RET0000454,ORD0077113,P00158,2026-04-30,1,Quality Issue,Approved
RET0000455,ORD0079333,P00337,2026-06-01,1,Late Delivery,Approved
RET0000456,ORD0046715,P01526,2025-12-31,2,Customer Changed Mind,Processed
RET0000457,ORD0112065,P00065,2026-01-06,1,Damaged,Pending
RET0000458,ORD0043153,P01737,2025-11-07,1,Quality Issue,Processed
RET0000459,ORD0109553,P01992,2024-10-14,1,Damaged,Processed
RET0000460,ORD0076439,P00351,2025-03-26,2,Quality Issue,Rejected
RET0000461,ORD0073568,P01223,2024-03-20,1,Customer Changed Mind,Processed
RET0000462,ORD0034170,P00774,2025-07-27,1,Customer Changed Mind,Processed
RET0000463,ORD0077175,P00033,2025-09-28,3,Customer Changed Mind,Processed
RET0000464,ORD0025956,P00968,2026-07-29,3,Incorrect Size,Approved
RET0000465,ORD0039302,P01425,2026-04-01,2,Wrong Product,Approved
RET0000466,ORD0025980,P01859,2026-04-06,1,Damaged,Processed
RET0000467,ORD0059787,P00216,2026-05-27,1,Damaged,Processed
RET0000468,ORD0118770,P01754,2026-05-15,1,Quality Issue,Approved
RET0000469,ORD0092117,P01180,2025-09-12,1,Incorrect Size,Pending
RET0000470,ORD0119034,P00600,2025-03-20,3,Wrong Product,Approved
RET0000471,ORD0006893,P00040,2024-04-10,1,Incorrect Size,Processed
RET0000472,ORD0093661,P01121,2026-04-14,1,Wrong Product,Pending
RET0000473,ORD0029043,P01693,2025-08-13,1,Quality Issue,Approved
RET0000474,ORD0036628,P00919,2025-07-19,3,Damaged,Pending
RET0000475,ORD0118772,P01210,2026-01-14,1,Customer Changed Mind,Processed
RET0000476,ORD0047095,P01524,2026-04-07,1,Quality Issue,Processed
RET0000477,ORD0038148,P00424,2026-01-18,1,Late Delivery,Pending
RET0000478,ORD0055641,P01569,2026-01-24,1,Wrong Product,Processed
RET0000479,ORD0115184,P00140,2025-05-31,2,Quality Issue,Processed
RET0000480,ORD0118763,P01339,2025-11-21,2,Incorrect Size,Processed
RET0000481,ORD0019305,P01063,2026-07-02,1,Customer Changed Mind,Approved
RET0000482,ORD0027598,P00453,2023-01-01,1,Quality Issue,Approved
RET0000483,ORD0108137,P01039,2026-05-29,1,Quality Issue,Approved
RET0000484,ORD0001472,P00945,2024-07-20,3,Wrong Product,Approved
RET0000485,ORD0032462,P00355,2026-01-24,1,Incorrect Size,Processed
RET0000486,ORD0032942,P00789,2026-04-06,3,Wrong Product,Pending
RET0000487,ORD0030522,P01249,2026-01-31,1,Quality Issue,Pending
RET0000488,ORD0056170,P00343,2026-02-10,1,Damaged,Approved
RET0000489,ORD0040078,P00419,2025-04-17,1,Wrong Product,Processed
RET0000490,ORD0043452,P01535,2026-08-02,1,Late Delivery,Processed
RET0000491,ORD0054243,P00431,2024-01-25,1,Late Delivery,Approved
RET0000492,ORD0073630,P01227,2026-03-03,1,Incorrect Size,Processed
RET0000493,ORD0087587,P00346,2026-06-21,1,Incorrect Size,Approved
RET0000494,ORD0018481,P00615,2025-09-10,1,Damaged,Pending
RET0000495,ORD0052598,P01470,2026-05-11,3,Wrong Product,Approved
RET0000496,ORD0088329,P01334,2026-02-01,1,Customer Changed Mind,Rejected
RET0000497,ORD0059674,P01322,2025-07-23,1,Customer Changed Mind,Rejected
RET0000498,ORD0086791,P01477,2025-03-24,1,Customer Changed Mind,Processed
RET0000499,ORD0009959,P00846,2025-03-07,1,Incorrect Size,Approved
RET0000500,ORD0100053,P01439,2025-12-18,1,Quality Issue,Approved
RET0000501,ORD0023366,P00798,2026-02-02,3,Damaged,Pending
RET0000502,ORD0067622,P00702,2025-04-01,1,Customer Changed Mind,Approved
RET0000503,ORD0119153,P01960,2026-01-21,1,Quality Issue,Approved
RET0000504,ORD0088977,P00119,2025-07-08,1,Customer Changed Mind,Pending
RET0000505,ORD0102145,P01726,2025-07-02,2,Damaged,Processed
RET0000506,ORD0100396,P00104,2026-06-06,1,Customer Changed Mind,Processed
RET0000507,ORD0029210,P01232,2025-09-16,1,Customer Changed Mind,Approved
RET0000508,ORD0023751,P01109,2026-06-12,21,Wrong Product,Processed
RET0000509,ORD0083606,P00817,2025-11-29,1,Quality Issue,Rejected
RET0000510,ORD0013137,P00503,2024-04-25,1,Customer Changed Mind,Approved
RET0000511,ORD0010580,P01666,2024-04-17,1,Quality Issue,Approved
RET0000512,ORD0001682,P00478,2026-02-09,1,Late Delivery,Approved
RET0000513,ORD0059590,P01043,2026-07-01,2,Incorrect Size,Processed
RET0000514,ORD0093846,P01138,2026-04-08,2,Damaged,Approved
RET0000515,ORD0099895,P01488,2024-05-07,1,Damaged,Rejected
RET0000516,ORD0118979,P00326,2026-05-26,1,Customer Changed Mind,Approved
RET0000517,ORD0022021,P01209,2024-03-03,1,Customer Changed Mind,Approved
RET0000518,ORD0054056,P01787,2025-10-23,1,Wrong Product,Pending
RET0000519,ORD0024668,P00064,2025-03-25,1,Quality Issue,Pending
RET0000520,ORD0075271,P01940,2026-01-11,1,Wrong Product,Processed
RET0000521,ORD0051477,P00061,2024-06-22,1,Damaged,Pending
RET0000522,ORD0092610,P01720,2025-02-19,1,Customer Changed Mind,Approved
RET0000523,ORD0092820,P00569,2026-06-02,2,Quality Issue,Approved
RET0000524,ORD0111829,P00982,2026-01-04,2,Incorrect Size,Approved
RET0000525,ORD0084508,P01538,2026-06-04,3,Quality Issue,Approved
RET0000526,ORD0055462,P00675,2025-12-06,1,Late Delivery,Processed
RET0000527,ORD0029754,P00310,2026-02-05,1,Quality Issue,Rejected
RET0000528,ORD0025711,P00533,2026-06-18,1,Quality Issue,Approved
RET0000529,ORD0113660,P01829,2025-02-19,1,Wrong Product,Approved
RET0000530,ORD0085089,P01967,2026-07-16,1,Late Delivery,Pending
RET0000531,ORD0019549,P01508,2025-07-17,3,Quality Issue,Processed
RET0000532,ORD0105324,P00720,2026-01-07,1,Customer Changed Mind,Approved
RET0000533,ORD0067529,P01886,2025-02-12,1,Quality Issue,Approved
RET0000534,ORD0076938,P00158,2025-12-21,2,Customer Changed Mind,Approved
RET0000535,ORD0066864,P00816,2026-07-28,1,Late Delivery,Approved
RET0000536,ORD0052276,P00427,2025-04-12,1,Damaged,Approved
RET0000537,ORD0105696,P00964,2025-06-06,1,Quality Issue,Processed
RET0000538,ORD0024743,P01796,2026-01-02,1,Incorrect Size,Approved
RET0000539,ORD0109162,P00214,2026-06-21,1,Damaged,Processed
RET0000540,ORD0063495,P01793,2025-11-21,1,Customer Changed Mind,Approved
RET0000541,ORD0088282,P01016,2024-02-13,2,Damaged,Approved
RET0000542,ORD0011814,P01596,2026-08-07,2,Damaged,Approved
RET0000543,ORD0082731,P00975,2025-11-25,1,Incorrect Size,Rejected
RET0000544,ORD0065714,P00170,2025-09-05,2,Customer Changed Mind,Processed
RET0000545,ORD0029076,P01976,2025-08-07,1,Customer Changed Mind,Approved
RET0000546,ORD0070973,P00376,2026-01-11,1,Wrong Product,Processed
RET0000547,ORD0112177,P01451,2026-06-01,1,Incorrect Size,Processed
RET0000548,ORD0099739,P01578,2025-12-23,2,Wrong Product,Processed
RET0000549,ORD0093240,P00827,2026-05-01,1,Quality Issue,Processed
RET0000550,ORD0090801,P00105,2025-06-29,1,Wrong Product,Pending
RET0000551,ORD0095646,P01041,2026-03-05,1,Damaged,Approved
RET0000552,ORD0084223,P00284,2024-03-11,1,Quality Issue,Processed
RET0000553,ORD0050336,P01485,2026-02-27,1,Damaged,Processed
RET0000554,ORD0017384,P01343,2026-01-31,1,Quality Issue,Processed
RET0000555,ORD0099294,P00149,2024-03-12,3,Wrong Product,Approved
RET0000556,ORD0117102,P01523,2025-11-26,2,Quality Issue,Processed
RET0000557,ORD0060086,P00879,2024-11-26,1,Quality Issue,Approved
RET0000558,ORD0119322,P01238,2025-11-07,1,Quality Issue,Processed
RET0000559,ORD0074483,P01432,2026-06-12,1,Damaged,Processed
RET0000560,ORD0019363,P00162,2025-08-20,1,Quality Issue,Approved
RET0000561,ORD0055489,P00685,2024-12-06,1,Incorrect Size,Pending
RET0000562,ORD0068653,P00423,2024-10-30,3,Wrong Product,Processed
RET0000563,ORD0108987,P00807,2026-06-26,1,Wrong Product,Processed
RET0000564,ORD0094528,P00949,2024-02-25,3,Quality Issue,Pending
RET0000565,ORD0093534,P00032,2026-07-11,1,Damaged,Rejected
RET0000566,ORD0047910,P00826,2025-04-07,1,Quality Issue,Approved
RET0000567,ORD0085152,P00865,2025-09-26,2,Quality Issue,Processed
RET0000568,ORD0044463,P01689,2025-09-24,1,Damaged,Processed
RET0000569,ORD0097104,P01908,2024-05-28,1,Late Delivery,Processed
RET0000570,ORD0104651,P01663,2025-12-06,2,Late Delivery,Pending
RET0000571,ORD0099449,P00359,2026-04-12,2,Customer Changed Mind,Processed
RET0000572,ORD0103564,P00420,2026-04-10,1,Incorrect Size,Approved
RET0000573,ORD0087989,P01718,2026-04-04,1,Damaged,Approved
RET0000574,ORD0067416,P01961,2026-04-25,1,Customer Changed Mind,Processed
RET0000575,ORD0115708,P00886,2024-04-20,1,Incorrect Size,Approved
RET0000576,ORD0111697,P00167,2025-10-14,1,Wrong Product,Approved
RET0000577,ORD0088464,P01248,2026-04-25,1,Quality Issue,Approved
RET0000578,ORD0021429,P00006,2026-07-02,1,Damaged,Processed
RET0000579,ORD0101148,P00964,2025-05-10,1,Customer Changed Mind,Approved
RET0000580,ORD0083538,P00204,2024-10-12,1,Damaged,Approved
RET0000581,ORD0085627,P00243,2024-12-17,1,Quality Issue,Approved
RET0000582,ORD0102785,P00811,2025-05-07,1,Quality Issue,Approved
RET0000583,ORD0051247,P00500,2026-03-16,1,Incorrect Size,Approved
RET0000584,ORD0118714,P01297,2024-11-20,1,Incorrect Size,Approved
RET0000585,ORD0078144,P00423,2026-04-19,2,Quality Issue,Processed
RET0000586,ORD0028127,P00244,2025-12-04,1,Quality Issue,Approved
RET0000587,ORD0038674,P00286,2026-06-19,2,Late Delivery,Approved
RET0000588,ORD0077061,P00171,2026-07-13,1,Incorrect Size,Processed
RET0000589,ORD0017909,P01814,2025-11-26,1,Quality Issue,Approved
RET0000590,ORD0009483,P00025,2026-07-30,1,Incorrect Size,Approved
RET0000591,ORD0007167,P00351,2025-11-13,2,Wrong Product,Approved
RET0000592,ORD0062821,P01063,2026-01-07,1,Customer Changed Mind,Approved
RET0000593,ORD0079794,P00339,2026-05-06,1,Quality Issue,Processed
RET0000594,ORD0115105,P01588,2026-06-15,1,Wrong Product,Pending
RET0000595,ORD0066936,P01809,2026-04-28,2,Wrong Product,Approved
RET0000596,ORD0049222,P01113,2024-11-23,3,Incorrect Size,Processed
RET0000597,ORD0028500,P00218,2025-08-07,1,Customer Changed Mind,Pending
RET0000598,ORD0010295,P01898,2024-03-13,1,Wrong Product,Processed
RET0000599,ORD0102960,P01927,2026-04-09,3,Customer Changed Mind,Processed
RET0000600,ORD0086958,P01968,2026-04-19,1,Customer Changed Mind,Processed
RET0000601,ORD0050179,P00758,2026-05-03,2,Quality Issue,Processed
RET0000602,ORD0004507,P00686,2025-01-09,1,Incorrect Size,Pending
RET0000603,ORD0002881,P01636,2024-07-10,1,Incorrect Size,Approved
RET0000604,ORD0056476,P01499,2026-02-06,2,Quality Issue,Rejected
RET0000605,ORD0005587,P00943,2025-07-23,3,Quality Issue,Processed
RET0000606,ORD0069165,P00569,2026-05-15,1,Customer Changed Mind,Processed
RET0000607,ORD0034985,P00986,2026-04-07,1,Incorrect Size,Approved
RET0000608,ORD0033086,P01009,2026-02-14,1,Wrong Product,Approved
RET0000609,ORD0049453,P01629,2026-06-30,1,Damaged,Approved
RET0000610,ORD0115550,P01211,2025-04-15,1,Incorrect Size,Pending
RET0000611,ORD0087708,P00457,2025-04-14,3,Incorrect Size,Processed
RET0000612,ORD0027739,P01488,2026-04-21,2,Customer Changed Mind,Rejected
RET0000613,ORD0119168,P00535,2025-11-02,1,Quality Issue,Approved
RET0000614,ORD0091917,P00393,2025-11-17,1,Customer Changed Mind,Approved
RET0000615,ORD0010817,P01191,2025-11-13,1,Customer Changed Mind,Approved
RET0000616,ORD0072800,P00887,2024-02-28,1,Wrong Product,Approved
RET0000617,ORD0070073,P00430,2026-07-08,3,Damaged,Processed
RET0000618,ORD0027696,P00268,2026-05-06,2,Late Delivery,Pending
RET0000619,ORD0004548,P00364,2024-10-11,1,Customer Changed Mind,Rejected
RET0000620,ORD0079963,P01130,2025-12-10,3,Late Delivery,Processed
RET0000621,ORD0044485,P00931,2025-05-20,1,Wrong Product,Approved
RET0000622,ORD0040872,P00528,2026-02-19,2,Incorrect Size,Processed
RET0000623,ORD0071805,P00130,2025-05-03,1,Quality Issue,Processed
RET0000624,ORD0070752,P00711,2026-05-04,2,Incorrect Size,Processed
RET0000625,ORD0111064,P01886,2024-06-30,1,Damaged,Processed
RET0000626,ORD0043185,P01366,2024-04-29,3,Quality Issue,Approved
RET0000627,ORD0040600,P00622,2026-06-03,2,Incorrect Size,Approved
RET0000628,ORD0069404,P00525,2026-01-30,3,Customer Changed Mind,Pending
RET0000629,ORD0011067,P01754,2026-04-14,1,Wrong Product,Processed
RET0000630,ORD0088792,P01815,2025-09-17,1,Wrong Product,Pending
RET0000631,ORD0021510,P00918,2026-04-06,1,Wrong Product,Approved
RET0000632,ORD0010632,P01706,2024-11-04,1,Customer Changed Mind,Processed
RET0000633,ORD0056885,P00812,2026-06-18,1,Customer Changed Mind,Approved
RET0000634,ORD0084874,P01131,2025-12-10,1,Wrong Product,Rejected
RET0000635,ORD0049691,P00053,2026-03-24,2,Quality Issue,Approved
RET0000636,ORD0115539,P01679,2026-01-19,1,Damaged,Processed
RET0000637,ORD0019987,P01275,2025-12-06,1,Customer Changed Mind,Approved
RET0000638,ORD0000167,P01600,2026-02-01,1,Quality Issue,Approved
RET0000639,ORD0086075,P01712,2026-01-11,1,Wrong Product,Approved
RET0000640,ORD0007273,P01877,2024-02-29,1,Wrong Product,Processed
RET0000641,ORD0006302,P01535,2025-04-23,2,Wrong Product,Rejected
RET0000642,ORD0102292,P01619,2025-02-01,2,Damaged,Pending
RET0000643,ORD0032486,P01070,2025-10-10,1,Customer Changed Mind,Processed
RET0000644,ORD0034806,P00080,2026-05-12,2,Damaged,Processed
RET0000645,ORD0066675,P01640,2025-02-01,1,Wrong Product,Processed
RET0000646,ORD0107884,P00043,2026-01-14,1,Incorrect Size,Approved
RET0000647,ORD0037625,P00455,2024-04-04,3,Incorrect Size,Processed
RET0000648,ORD0043542,P00586,2025-11-21,1,Wrong Product,Processed
RET0000649,ORD0102411,P00380,2025-12-13,1,Customer Changed Mind,Processed
RET0000650,ORD0091489,P01800,2025-08-24,1,Customer Changed Mind,Approved
RET0000651,ORD0092247,P01598,2026-06-01,1,Incorrect Size,Approved
RET0000652,ORD0107804,P01002,2025-10-25,1,Quality Issue,Approved
RET0000653,ORD0118365,P00762,2026-03-09,1,Damaged,Pending
RET0000654,ORD0004309,P00522,2026-05-28,1,Damaged,Processed
RET0000655,ORD0034616,P00954,2026-07-19,1,Customer Changed Mind,Processed
RET0000656,ORD0086241,P01881,2026-03-30,1,Incorrect Size,Processed
RET0000657,ORD0071323,P00529,2026-07-10,1,Incorrect Size,Processed
RET0000658,ORD0098652,P00188,2025-03-15,1,Damaged,Approved
RET0000659,ORD0041978,P01219,2026-04-26,1,Late Delivery,Approved
RET0000660,ORD0102960,P01455,2026-04-14,1,Damaged,Processed
RET0000661,ORD0067169,P01266,2025-02-22,1,Quality Issue,Approved
RET0000662,ORD0012612,P00141,2024-07-29,1,Incorrect Size,Approved
RET0000663,ORD0044328,P00879,2026-06-10,3,Customer Changed Mind,Approved
RET0000664,ORD0113122,P01072,2024-09-20,2,Damaged,Approved
RET0000665,ORD0015086,P00874,2026-01-25,1,Late Delivery,Pending
RET0000666,ORD0039014,P00243,2024-03-05,2,Customer Changed Mind,Rejected
RET0000667,ORD0024684,P01756,2025-11-13,1,Quality Issue,Pending
RET0000668,ORD0039645,P00790,2024-05-08,1,Customer Changed Mind,Pending
RET0000669,ORD0049015,P00089,2026-04-05,1,Incorrect Size,Approved
RET0000670,ORD0029210,P01824,2025-08-10,1,Wrong Product,Approved
RET0000671,ORD0028079,P00308,2026-01-28,1,Damaged,Processed
RET0000672,ORD0045731,P01048,2024-01-30,1,Customer Changed Mind,Approved
RET0000673,ORD0079259,P00102,2026-07-06,1,Damaged,Pending
RET0000674,ORD0028741,P00050,2025-05-27,1,Wrong Product,Approved
RET0000675,ORD0103768,P01620,2025-11-08,1,Quality Issue,Processed
RET0000676,ORD0055713,P01816,2024-05-11,1,Damaged,Processed
RET0000677,ORD0105917,P00629,2026-02-23,1,Damaged,Pending
RET0000678,ORD0106605,P01855,2026-06-07,1,Damaged,Processed
RET0000679,ORD0024862,P01806,2024-09-27,1,Damaged,Processed
RET0000680,ORD0025797,P01419,2024-12-24,1,Incorrect Size,Approved
RET0000681,ORD0006763,P00634,2026-05-09,1,Incorrect Size,Processed
RET0000682,ORD0062533,P01759,2025-08-03,1,Damaged,Processed
RET0000683,ORD0102554,P01864,2026-04-25,2,Quality Issue,Processed
RET0000684,ORD0078676,P01889,2024-12-05,2,Quality Issue,Processed
RET0000685,ORD0048693,P00852,2026-06-01,1,Incorrect Size,Approved
RET0000686,ORD0103654,P01244,2026-06-30,1,Customer Changed Mind,Approved
RET0000687,ORD0018543,P01331,2025-12-08,1,Wrong Product,Pending
RET0000688,ORD0058638,P00307,2026-02-08,1,Customer Changed Mind,Approved
RET0000689,ORD0009728,P00102,2024-10-06,1,Incorrect Size,Processed
RET0000690,ORD0101780,P01412,2026-06-06,2,Quality Issue,Processed
RET0000691,ORD0037111,P01000,2026-06-15,1,Customer Changed Mind,Pending
RET0000692,ORD0088928,P00979,2026-04-01,1,Wrong Product,Approved
RET0000693,ORD0023725,P00674,2026-07-01,1,Quality Issue,Approved
RET0000694,ORD0063075,P00160,2025-07-06,1,Incorrect Size,Rejected
RET0000695,ORD0119891,P01073,2026-07-14,1,Customer Changed Mind,Processed
RET0000696,ORD0106200,P01035,2026-03-05,2,Quality Issue,Processed
RET0000697,ORD0024563,P01892,2025-08-11,1,Customer Changed Mind,Approved
RET0000698,ORD0110002,P00500,2025-06-19,1,Customer Changed Mind,Approved
RET0000699,ORD0117170,P01280,2026-02-15,1,Late Delivery,Pending
RET0000700,ORD0089013,P01698,2026-02-16,1,Quality Issue,Processed
RET0000701,ORD0100264,P00329,2026-04-05,1,Incorrect Size,Pending
RET0000702,ORD0050229,P01649,2025-09-03,1,Customer Changed Mind,Pending
RET0000703,ORD0028866,P00288,2025-09-03,3,Customer Changed Mind,Processed
RET0000704,ORD0031803,P01511,2026-03-11,1,Customer Changed Mind,Processed
RET0000705,ORD0045420,P01068,2025-05-05,2,Damaged,Processed
RET0000706,ORD0027654,P00406,2025-06-19,1,Wrong Product,Rejected
RET0000707,ORD0040852,P00968,2026-05-16,1,Damaged,Processed
RET0000708,ORD0032514,P00754,2026-06-28,2,Customer Changed Mind,Approved
RET0000709,ORD0088220,P01419,2025-05-29,2,Damaged,Pending
RET0000710,ORD0078373,P01168,2025-03-26,2,Customer Changed Mind,Processed
RET0000711,ORD0006114,P00712,2026-06-12,1,Quality Issue,Rejected
RET0000712,ORD0051242,P00185,2025-12-26,1,Wrong Product,Approved
RET0000713,ORD0020614,P00532,2024-10-27,1,Quality Issue,Approved
RET0000714,ORD0076793,P01879,2026-07-14,1,Incorrect Size,Processed
RET0000715,ORD0095242,P00061,2024-12-29,1,Late Delivery,Processed
RET0000716,ORD0013383,P00729,2024-08-24,1,Wrong Product,Approved
RET0000717,ORD0003515,P01862,2026-05-21,1,Customer Changed Mind,Approved
RET0000718,ORD0083274,P01978,2026-01-18,1,Quality Issue,Processed
RET0000719,ORD0032309,P01935,2026-03-08,2,Late Delivery,Pending
RET0000720,ORD0075320,P01620,2024-04-25,3,Damaged,Approved
RET0000721,ORD0062397,P00161,2025-02-17,1,Customer Changed Mind,Approved
RET0000722,ORD0058950,P00470,2024-04-22,1,Late Delivery,Approved
RET0000723,ORD0093902,P01288,2026-04-14,3,Wrong Product,Approved
RET0000724,ORD0030697,P01906,2026-07-01,1,Quality Issue,Approved
RET0000725,ORD0025330,P00577,2025-10-20,1,Damaged,Processed
RET0000726,ORD0008597,P01759,2025-09-18,1,Customer Changed Mind,Processed
RET0000727,ORD0095985,P01902,2026-07-28,1,Quality Issue,Approved
RET0000728,ORD0066268,P00222,2024-06-26,1,Wrong Product,Approved
RET0000729,ORD0007289,P00450,2025-07-13,3,Quality Issue,Pending
RET0000730,ORD0035618,P00130,2024-07-17,1,Customer Changed Mind,Approved
RET0000731,ORD0068779,P00515,2026-07-11,1,Customer Changed Mind,Processed
RET0000732,ORD0055208,P00707,2026-07-28,1,Incorrect Size,Approved
RET0000733,ORD0048550,P01468,2026-03-04,2,Customer Changed Mind,Rejected
RET0000734,ORD0090322,P01502,2026-05-19,1,Wrong Product,Processed
RET0000735,ORD0069937,P00226,2025-12-23,2,Incorrect Size,Approved
RET0000736,ORD0060355,P00725,2026-07-04,1,Quality Issue,Processed
RET0000737,ORD0112635,P01346,2025-07-28,1,Quality Issue,Processed
RET0000738,ORD0087975,P01408,2025-12-06,1,Damaged,Approved
RET0000739,ORD0012496,P00797,2026-05-03,1,Damaged,Processed
RET0000740,ORD0023688,P01828,2024-11-21,1,Quality Issue,Approved
RET0000741,ORD0022129,P01309,2025-08-04,1,Wrong Product,Processed
RET0000742,ORD0016766,P01321,2026-08-02,1,Wrong Product,Pending
RET0000743,ORD0075029,P00194,2025-03-17,1,Quality Issue,Approved
RET0000744,ORD0106694,P00659,2024-02-10,2,Wrong Product,Approved
RET0000745,ORD0078446,P01885,2026-06-03,1,Damaged,Approved
RET0000746,ORD0024242,P00817,2024-03-05,1,Damaged,Pending
RET0000747,ORD0103224,P00326,2026-07-04,1,Customer Changed Mind,Approved
RET0000748,ORD0090537,P01211,2026-02-20,1,Quality Issue,Approved
RET0000749,ORD0065443,P00910,2026-04-21,1,Incorrect Size,Processed
RET0000750,ORD0039822,P01753,2025-07-15,1,Damaged,Processed
RET0000751,ORD0078010,P01495,2026-03-24,1,Wrong Product,Processed
RET0000752,ORD0047010,P01401,2025-08-11,1,Late Delivery,Pending
RET0000753,ORD0097553,P00320,2026-01-08,1,Customer Changed Mind,Approved
RET0000754,ORD0017293,P01537,2026-06-30,1,Customer Changed Mind,Processed
RET0000755,ORD0052671,P01063,2026-05-27,1,Incorrect Size,Processed
RET0000756,ORD0084999,P00751,2024-05-20,1,Late Delivery,Approved
RET0000757,ORD0032423,P01740,2025-12-02,1,Customer Changed Mind,Rejected
RET0000758,ORD0028676,P01832,2026-05-04,1,Incorrect Size,Processed
RET0000759,ORD0117028,P01558,2024-12-08,1,Damaged,Approved
RET0000760,ORD0059186,P00484,2025-05-01,1,Incorrect Size,Approved
RET0000761,ORD0112554,P00442,2025-09-15,1,Late Delivery,Approved
RET0000762,ORD0033229,P00035,2026-01-05,1,Late Delivery,Rejected
RET0000763,ORD0037465,P00272,2024-07-09,1,Incorrect Size,Approved
RET0000764,ORD0098213,P00510,2026-04-21,1,Late Delivery,Rejected
RET0000765,ORD0018699,P00366,2024-12-06,1,Customer Changed Mind,Approved
RET0000766,ORD0041167,P01956,2025-11-19,1,Wrong Product,Pending
RET0000767,ORD0042641,P00051,2026-04-08,1,Quality Issue,Rejected
RET0000768,ORD0051491,P00155,2025-12-09,1,Late Delivery,Approved
RET0000769,ORD0081055,P00765,2025-12-12,1,Wrong Product,Approved
RET0000770,ORD0067061,P01048,2025-02-11,1,Quality Issue,Processed
RET0000771,ORD0070382,P00897,2026-04-30,1,Quality Issue,Approved
RET0000772,ORD0106899,P01023,2025-02-26,1,Customer Changed Mind,Approved
RET0000773,ORD0103842,P00759,2024-04-16,1,Damaged,Processed
RET0000774,ORD0001775,P00181,2025-08-29,1,Customer Changed Mind,Rejected
RET0000775,ORD0071836,P01214,2024-04-12,2,Damaged,Processed
RET0000776,ORD0060449,P01994,2026-05-29,1,Damaged,Rejected
RET0000777,ORD0038274,P00979,2026-04-03,1,Customer Changed Mind,Processed
RET0000778,ORD0046688,P01872,2025-11-15,1,Damaged,Processed
RET0000779,ORD0076577,P01684,2025-03-15,2,Wrong Product,Approved
RET0000780,ORD0041653,P00861,2025-11-21,1,Quality Issue,Processed
RET0000781,ORD0026399,P01817,2025-12-18,3,Customer Changed Mind,Processed
RET0000782,ORD0029429,P01693,2026-06-02,3,Incorrect Size,Processed
RET0000783,ORD0023240,P01247,2025-09-04,1,Incorrect Size,Pending
RET0000784,ORD0071542,P00552,2024-11-27,3,Quality Issue,Approved
RET0000785,ORD0028816,P00754,2025-06-25,1,Incorrect Size,Processed
RET0000786,ORD0028871,P01589,2026-02-16,1,Incorrect Size,Processed
RET0000787,ORD0016777,P01262,2025-10-04,3,Customer Changed Mind,Approved
RET0000788,ORD0058497,P01187,2026-01-05,1,Quality Issue,Approved
RET0000789,ORD0000471,P01533,2025-01-19,1,Damaged,Pending
RET0000790,ORD0090168,P00404,2025-11-25,1,Quality Issue,Approved
RET0000791,ORD0109191,P01370,2026-03-24,1,Customer Changed Mind,Processed
RET0000792,ORD0051412,P00222,2024-10-03,1,Damaged,Processed
RET0000793,ORD0025733,P01563,2024-08-12,1,Wrong Product,Rejected
RET0000794,ORD0115161,P00300,2025-05-04,1,Incorrect Size,Processed
RET0000795,ORD0058573,P01364,2025-03-01,1,Customer Changed Mind,Approved
RET0000796,ORD0000501,P01692,2025-11-24,1,Wrong Product,Approved
RET0000797,ORD0015272,P00953,2025-12-26,1,Wrong Product,Processed
RET0000798,ORD0030877,P01429,2025-11-26,1,Customer Changed Mind,Approved
RET0000799,ORD0033519,P01697,2025-07-23,1,Incorrect Size,Processed
RET0000800,ORD0079511,P01414,2025-02-14,1,Quality Issue,Approved
RET0000801,ORD0051207,P00002,2025-10-07,1,Customer Changed Mind,Approved
RET0000802,ORD0027866,P01961,2024-11-06,3,Wrong Product,Pending
RET0000803,ORD0111024,P00953,2026-04-17,3,Damaged,Pending
RET0000804,ORD0036363,P01680,2026-05-20,1,Customer Changed Mind,Processed
RET0000805,ORD0116883,P00364,2026-01-24,1,Quality Issue,Approved
RET0000806,ORD0086683,P00438,2025-07-09,1,Quality Issue,Pending
RET0000807,ORD0117983,P01950,2026-06-17,1,Customer Changed Mind,Processed
RET0000808,ORD0066225,P01787,2025-12-12,1,Quality Issue,Pending
RET0000809,ORD0116458,P01571,2026-05-29,1,Customer Changed Mind,Approved
RET0000810,ORD0055578,P00350,2026-07-27,1,Late Delivery,Approved
RET0000811,ORD0005235,P01026,2025-11-29,1,Late Delivery,Processed
RET0000812,ORD0030568,P01482,2026-05-27,1,Quality Issue,Rejected
RET0000813,ORD0119989,P01322,2026-01-30,1,Late Delivery,Approved
RET0000814,ORD0054894,P01782,2026-04-21,1,Incorrect Size,Approved
RET0000815,ORD0094123,P00696,2025-12-28,1,Customer Changed Mind,Processed
RET0000816,ORD0026867,P00090,2025-10-24,1,Damaged,Pending
RET0000817,ORD0038345,P00656,2026-08-01,1,Wrong Product,Processed
RET0000818,ORD0007151,P00743,2025-06-28,2,Late Delivery,Pending
RET0000819,ORD0093862,P00330,2025-12-07,1,Late Delivery,Processed
RET0000820,ORD0052034,P01066,2025-08-06,1,Late Delivery,Rejected
RET0000821,ORD0034217,P01832,2026-04-18,1,Quality Issue,Processed
RET0000822,ORD0045345,P00610,2025-11-21,1,Wrong Product,Approved
RET0000823,ORD0117774,P00015,2026-01-01,1,Quality Issue,Processed
RET0000824,ORD0087080,P01092,2025-06-07,2,Quality Issue,Processed
RET0000825,ORD0056622,P01101,2025-11-27,2,Customer Changed Mind,Processed
RET0000826,ORD0013434,P00487,2025-11-10,2,Customer Changed Mind,Approved
RET0000827,ORD0045573,P00963,2025-07-11,1,Wrong Product,Processed
RET0000828,ORD0115832,P01145,2026-03-06,1,Customer Changed Mind,Processed
RET0000829,ORD0093513,P00791,2026-06-19,1,Quality Issue,Approved
RET0000830,ORD0104959,P01927,2026-03-18,1,Incorrect Size,Pending
RET0000831,ORD0106782,P01546,2026-02-18,1,Quality Issue,Approved
RET0000832,ORD0046568,P01194,2026-03-11,2,Wrong Product,Approved
RET0000833,ORD0084338,P00482,2025-08-11,1,Quality Issue,Approved
RET0000834,ORD0068883,P01481,2025-03-11,1,Quality Issue,Processed
RET0000835,ORD0046899,P00838,2026-06-16,1,Customer Changed Mind,Approved
RET0000836,ORD0073185,P01290,2026-03-31,2,Quality Issue,Processed
RET0000837,ORD0092482,P01700,2025-02-03,2,Damaged,Processed
RET0000838,ORD0073116,P00082,2025-11-10,1,Damaged,Processed
RET0000839,ORD0089422,P01808,2024-07-03,1,Damaged,Rejected
RET0000840,ORD0005356,P00558,2026-04-28,1,Damaged,Pending
RET0000841,ORD0008664,P01177,2026-05-26,1,Incorrect Size,Approved
RET0000842,ORD0018138,P00078,2026-07-05,2,Customer Changed Mind,Approved
RET0000843,ORD0087012,P01360,2025-08-09,2,Wrong Product,Approved
RET0000844,ORD0085042,P01027,2024-01-30,1,Customer Changed Mind,Processed
RET0000845,ORD0029995,P01435,2026-06-17,1,Customer Changed Mind,Approved
RET0000846,ORD0049344,P01314,2026-05-25,2,Customer Changed Mind,Processed
RET0000847,ORD0095798,P00970,2025-03-28,2,Damaged,Processed
RET0000848,ORD0016460,P00533,2024-11-16,1,Quality Issue,Processed
RET0000849,ORD0045177,P00418,2026-02-10,3,Damaged,Approved
RET0000850,ORD0069884,P01103,2024-04-15,1,Quality Issue,Approved
RET0000851,ORD0037688,P00987,2025-09-03,1,Wrong Product,Approved
RET0000852,ORD0032942,P01686,2026-03-16,1,Quality Issue,Processed
RET0000853,ORD0052073,P00762,2025-08-10,1,Quality Issue,Processed
RET0000854,ORD0103735,P01134,2024-02-27,1,Damaged,Processed
RET0000855,ORD0035910,P00581,2025-10-28,1,Damaged,Processed
RET0000856,ORD0027243,P01066,2025-04-23,1,Incorrect Size,Processed
RET0000857,ORD0016466,P01111,2025-12-06,1,Customer Changed Mind,Approved
RET0000858,ORD0116623,P00537,2025-01-20,1,Quality Issue,Approved
RET0000859,ORD0088976,P01730,2026-03-07,1,Damaged,Approved
RET0000860,ORD0021006,P01894,2024-09-12,1,Wrong Product,Approved
RET0000861,ORD0035880,P01370,2025-11-17,1,Late Delivery,Approved
RET0000862,ORD0026260,P00720,2025-05-01,2,Incorrect Size,Processed
RET0000863,ORD0097795,P00444,2025-03-26,2,Wrong Product,Approved
RET0000864,ORD0066034,P00889,2026-03-17,1,Quality Issue,Approved
RET0000865,ORD0056474,P00404,2025-01-17,1,Quality Issue,Approved
RET0000866,ORD0001855,P00824,2026-02-05,3,Damaged,Approved
RET0000867,ORD0100485,P01282,2026-06-15,1,Wrong Product,Approved
RET0000868,ORD0091768,P00641,2025-03-07,2,Wrong Product,Approved
RET0000869,ORD0094862,P01172,2025-07-17,1,Customer Changed Mind,Approved
RET0000870,ORD0037542,P00612,2026-04-24,1,Quality Issue,Pending
RET0000871,ORD0113630,P01800,2026-05-23,1,Customer Changed Mind,Approved
RET0000872,ORD0034303,P00638,2026-06-25,1,Wrong Product,Approved
RET0000873,ORD0021523,P01299,2025-03-31,1,Quality Issue,Processed
RET0000874,ORD0103654,P01186,2026-06-30,1,Quality Issue,Approved
RET0000875,ORD0105554,P00409,2025-05-12,1,Late Delivery,Processed
RET0000876,ORD0008921,P00522,2025-01-02,3,Late Delivery,Approved
RET0000877,ORD0058909,P00351,2024-06-10,1,Wrong Product,Rejected
RET0000878,ORD0070619,P01589,2025-11-09,1,Quality Issue,Pending
RET0000879,ORD0083030,P01574,2025-05-09,1,Customer Changed Mind,Processed
RET0000880,ORD0060974,P00680,2026-06-15,1,Customer Changed Mind,Approved
RET0000881,ORD0060090,P00777,2025-04-14,1,Damaged,Approved
RET0000882,ORD0050012,P00645,2026-06-12,1,Quality Issue,Approved
RET0000883,ORD0072777,P00899,2025-05-09,1,Quality Issue,Processed
RET0000884,ORD0059763,P00295,2024-05-14,2,Customer Changed Mind,Approved
RET0000885,ORD0108077,P01927,2025-08-22,1,Incorrect Size,Processed
RET0000886,ORD0062630,P00333,2024-05-16,1,Incorrect Size,Approved
RET0000887,ORD0058254,P01341,2025-12-20,1,Damaged,Processed
RET0000888,ORD0109659,P00136,2024-10-20,3,Quality Issue,Approved
RET0000889,ORD0093342,P00119,2024-12-25,1,Customer Changed Mind,Approved
RET0000890,ORD0004623,P01189,2025-09-10,1,Incorrect Size,Processed
RET0000891,ORD0034208,P00281,2025-04-18,1,Wrong Product,Processed
RET0000892,ORD0032771,P01515,2025-01-09,1,Wrong Product,Approved
RET0000893,ORD0060657,P01728,2024-12-12,3,Customer Changed Mind,Approved
RET0000894,ORD0017302,P01564,2025-01-19,1,Wrong Product,Rejected
RET0000895,ORD0040175,P00239,2024-12-19,1,Quality Issue,Processed
RET0000896,ORD0032906,P01471,2025-06-27,1,Customer Changed Mind,Processed
RET0000897,ORD0064644,P01676,2026-07-17,1,Wrong Product,Processed
RET0000898,ORD0075547,P00588,2024-05-23,1,Late Delivery,Processed
RET0000899,ORD0100830,P01386,2025-12-06,1,Incorrect Size,Processed
RET0000900,ORD0053735,P01047,2024-12-31,1,Quality Issue,Approved
RET0000901,ORD0099550,P00634,2025-06-21,1,Customer Changed Mind,Processed
RET0000902,ORD0028558,P01980,2025-04-08,2,Wrong Product,Processed
RET0000903,ORD0013486,P00874,2026-03-15,1,Wrong Product,Approved
RET0000904,ORD0018894,P00545,2024-06-02,2,Incorrect Size,Processed
RET0000905,ORD0116500,P01834,2024-03-06,1,Quality Issue,Approved
RET0000906,ORD0113818,P01014,2025-05-04,1,Late Delivery,Approved
RET0000907,ORD0056139,P00016,2026-03-12,3,Incorrect Size,Processed
RET0000908,ORD0049304,P00312,2026-05-13,1,Damaged,Rejected
RET0000909,ORD0055063,P00128,2024-04-16,1,Quality Issue,Approved
RET0000910,ORD0076301,P01834,2026-02-05,1,Wrong Product,Processed
RET0000911,ORD0038583,P00608,2024-10-08,1,Damaged,Approved
RET0000912,ORD0016060,P00896,2025-02-22,2,Customer Changed Mind,Processed
RET0000913,ORD0026358,P01407,2024-10-29,1,Customer Changed Mind,Approved
RET0000914,ORD0052214,P00522,2025-10-15,1,Incorrect Size,Processed
RET0000915,ORD0103391,P00772,2025-12-04,2,Customer Changed Mind,Approved
RET0000916,ORD0063153,P01444,2026-02-19,3,Quality Issue,Approved
RET0000917,ORD0063587,P00976,2025-05-09,1,Quality Issue,Rejected
RET0000918,ORD0085552,P01899,2026-05-10,1,Quality Issue,Approved
RET0000919,ORD0103734,P01200,2024-11-27,2,Incorrect Size,Approved
RET0000920,ORD0039867,P00491,2026-03-21,1,Customer Changed Mind,Approved
RET0000921,ORD0035530,P01662,2025-10-23,1,Customer Changed Mind,Processed
RET0000922,ORD0026992,P00242,2025-02-26,1,Damaged,Approved
RET0000923,ORD0018072,P01777,2026-06-23,1,Wrong Product,Processed
RET0000924,ORD0094870,P00970,2025-10-13,1,Incorrect Size,Approved
RET0000925,ORD0069206,P00465,2024-11-12,2,Customer Changed Mind,Processed
RET0000926,ORD0083215,P01321,2025-03-16,1,Customer Changed Mind,Rejected
RET0000927,ORD0026688,P00277,2026-07-28,1,quality issue,Approved
RET0000928,ORD0071035,P01354,2026-06-12,1,Customer Changed Mind,Processed
RET0000929,ORD0092928,P01433,2026-03-22,2,Quality Issue,Approved
RET0000930,ORD0117148,P00301,2025-11-25,1,Wrong Product,Approved
RET0000931,ORD0082340,P00152,2024-11-12,1,Quality Issue,Processed
RET0000932,ORD0073361,P01693,2025-10-14,1,Quality Issue,Rejected
RET0000933,ORD0118555,P00600,2026-06-17,1,Quality Issue,Processed
RET0000934,ORD0000431,P00596,2026-05-03,2,Wrong Product,Pending
RET0000935,ORD0055376,P01894,2025-03-14,1,Quality Issue,Approved
RET0000936,ORD0003037,P00306,2025-08-05,2,Damaged,Processed
RET0000937,ORD0001910,P01563,2026-03-28,2,Customer Changed Mind,Approved
RET0000938,ORD0114296,P00403,2024-08-06,1,Quality Issue,Pending
RET0000939,ORD0005750,P00970,2026-07-02,3,Quality Issue,Processed
RET0000940,ORD0056709,P01004,2026-05-03,1,Wrong Product,Approved
RET0000941,ORD0056675,P01271,2025-12-21,3,Incorrect Size,Processed
RET0000942,ORD0112987,P01920,2026-01-24,1,Damaged,Processed
RET0000943,ORD0097873,P01624,2025-10-29,1,Quality Issue,Pending
RET0000944,ORD0044191,P01015,2026-06-27,1,Incorrect Size,Processed
RET0000945,ORD0017976,P01945,2026-04-10,1,Late Delivery,Rejected
RET0000946,ORD0108888,P01686,2025-04-30,1,Quality Issue,Processed
RET0000947,ORD0012775,P00387,2025-04-04,1,Quality Issue,Processed
RET0000948,ORD0079305,P01874,2026-05-07,1,Quality Issue,Processed
RET0000949,ORD0050533,P01244,2025-03-22,2,Quality Issue,Approved
RET0000950,ORD0115777,P01500,2026-02-14,1,Quality Issue,Approved
RET0000951,ORD0059150,P00883,2024-05-06,2,Wrong Product,Pending
RET0000952,ORD0117856,P00933,2025-07-26,2,Quality Issue,Pending
RET0000953,ORD0044491,P00119,2025-06-03,1,Wrong Product,Pending
RET0000954,ORD0069628,P00819,2024-12-20,1,Incorrect Size,Approved
RET0000955,ORD0012904,P01042,2026-05-27,2,Wrong Product,Approved
RET0000956,ORD0098358,P01327,2025-06-20,1,Wrong Product,Rejected
RET0000957,ORD0101373,P00463,2026-02-19,1,Incorrect Size,Approved
RET0000958,ORD0071300,P00841,2026-06-11,1,Wrong Product,Approved
RET0000959,ORD0060866,P00106,2026-05-26,1,Customer Changed Mind,Approved
RET0000960,ORD0061693,P00696,2026-04-12,1,Quality Issue,Rejected
RET0000961,ORD0089424,P00396,2025-05-06,2,Damaged,Processed
RET0000962,ORD0094619,P00485,2026-04-07,3,Damaged,Approved
RET0000963,ORD0063502,P01889,2025-04-23,1,Customer Changed Mind,Processed
RET0000964,ORD0008267,P01218,2026-05-24,1,Wrong Product,Approved
RET0000965,ORD0020156,P00522,2026-02-15,1,Wrong Product,Processed
RET0000966,ORD0099195,P00252,2025-10-12,1,Damaged,Processed
RET0000967,ORD0071259,P01557,2025-12-12,2,Customer Changed Mind,Processed
RET0000968,ORD0106981,P00952,2026-05-26,1,Customer Changed Mind,Approved
RET0000969,ORD0088255,P00652,2025-11-19,1,Damaged,Approved
RET0000970,ORD0104113,P01266,2024-12-01,2,Quality Issue,Approved
RET0000971,ORD0107293,P01683,2025-07-05,1,Quality Issue,Pending
RET0000972,ORD0052102,P00748,2026-01-22,1,Damaged,Approved
RET0000973,ORD0113445,P01161,2026-07-31,1,Customer Changed Mind,Processed
RET0000974,ORD0028615,P00421,2026-05-14,1,Incorrect Size,Approved
RET0000975,ORD0115386,P00695,2026-07-02,1,Quality Issue,Pending
RET0000976,ORD0014590,P00060,2025-03-02,2,Customer Changed Mind,Processed
RET0000977,ORD0082603,P00782,2025-12-18,1,Customer Changed Mind,Approved
RET0000978,ORD0070456,P01385,2026-05-19,1,Wrong Product,Processed
RET0000979,ORD0112043,P00686,2025-06-28,1,Quality Issue,Processed
RET0000980,ORD0060662,P00158,2024-01-18,1,Incorrect Size,Processed
RET0000981,ORD0032512,P01041,2026-07-13,1,Incorrect Size,Pending
RET0000982,ORD0054298,P01483,2026-01-27,1,Wrong Product,Processed
RET0000983,ORD0079585,P00718,2024-08-08,2,Customer Changed Mind,Rejected
RET0000984,ORD0071471,P01118,2026-06-29,1,Damaged,Processed
RET0000985,ORD0094639,P00242,2026-03-15,1,Customer Changed Mind,Approved
RET0000986,ORD0050179,P01286,2026-04-30,1,Customer Changed Mind,Processed
RET0000987,ORD0058079,P01512,2025-10-22,2,Quality Issue,Processed
RET0000988,ORD0086773,P00126,2025-06-05,2,Wrong Product,Approved
RET0000989,ORD0066258,P01104,2025-08-02,1,Incorrect Size,Processed
RET0000990,ORD0003466,P01237,2026-01-11,1,Damaged,Approved
RET0000991,ORD0083894,P00393,2025-12-23,1,Damaged,Approved
RET0000992,ORD0113120,P00749,2026-03-15,1,Incorrect Size,Rejected
RET0000993,ORD0075354,P00688,2026-03-30,1,Quality Issue,Approved
RET0000994,ORD0071439,P00064,2024-02-05,2,Customer Changed Mind,Processed
RET0000995,ORD0000078,P01615,2025-09-29,1,Quality Issue,Approved
RET0000996,ORD0044966,P01867,2026-07-18,1,Wrong Product,Processed
RET0000997,ORD0117381,P00240,2025-11-22,1,Damaged,Pending
RET0000998,ORD0113318,P00413,2026-01-04,2,Customer Changed Mind,Processed
RET0000999,ORD0048412,P01321,2025-07-17,1,Customer Changed Mind,Processed
RET0001000,ORD0105128,P01216,2026-01-07,1,Quality Issue,Approved
RET0001001,ORD0119329,P00820,2025-02-25,1,Wrong Product,Approved
RET0001002,ORD0048662,P00387,2026-07-04,3,Quality Issue,Processed
RET0001003,ORD0045810,P01864,2025-11-14,2,Quality Issue,Processed
RET0001004,ORD0039726,P01807,2025-03-19,1,Damaged,Processed
RET0001005,ORD0088606,P00770,2025-03-07,1,Damaged,Processed
RET0001006,ORD0087402,P00581,2026-02-23,1,Customer Changed Mind,Approved
RET0001007,ORD0083769,P00428,2026-06-01,1,Quality Issue,Approved
RET0001008,ORD0027027,P00470,2025-12-23,1,Quality Issue,Pending
RET0001009,ORD0095417,P01343,2026-06-18,1,Quality Issue,Processed
RET0001010,ORD0066764,P00151,2026-03-23,1,Customer Changed Mind,Processed
RET0001011,ORD0015174,P01080,2026-02-11,3,Wrong Product,Processed
RET0001012,ORD0043114,P00630,2024-01-14,1,Late Delivery,Pending
RET0001013,ORD0071331,P01696,2025-09-08,3,Wrong Product,Rejected
RET0001014,ORD0061899,P00609,2026-02-02,1,Quality Issue,Approved
RET0001015,ORD0100034,P01785,2025-03-26,2,Wrong Product,Rejected
RET0001016,ORD0111800,P01803,2025-11-11,1,Wrong Product,Approved
RET0001017,ORD0000300,P00181,2025-09-07,1,Late Delivery,Approved
RET0001018,ORD0115964,P01446,2024-05-13,1,Customer Changed Mind,Rejected
RET0001019,ORD0068774,P01525,2024-10-03,1,Quality Issue,Approved
RET0001020,ORD0034406,P01938,2025-11-14,1,Customer Changed Mind,Approved
RET0001021,ORD0058288,P00024,2026-02-08,3,Incorrect Size,Processed
RET0001022,ORD0072194,P01339,2026-06-29,1,Incorrect Size,Pending
RET0001023,ORD0024421,P00538,2026-04-26,1,Incorrect Size,Approved
RET0001024,ORD0092439,P00098,2025-05-07,1,Quality Issue,Processed
RET0001025,ORD0087163,P01304,2025-12-04,3,Quality Issue,Processed
RET0001026,ORD0035771,P00206,2025-07-25,1,Quality Issue,Approved
RET0001027,ORD0079028,P00146,2025-03-27,2,Customer Changed Mind,Processed
RET0001028,ORD0025607,P00999,2025-12-14,2,Customer Changed Mind,Processed
RET0001029,ORD0087591,P01725,2024-02-24,1,Quality Issue,Processed
RET0001030,ORD0023273,P00660,2026-01-11,1,Damaged,Processed
RET0001031,ORD0081793,P01924,2024-04-14,1,Damaged,Pending
RET0001032,ORD0063988,P00709,2026-01-05,1,Incorrect Size,Processed
RET0001033,ORD0065774,P00699,2025-03-09,1,Damaged,Approved
RET0001034,ORD0105545,P01913,2026-04-01,1,Late Delivery,Processed
RET0001035,ORD0098000,P00151,2025-11-26,1,Quality Issue,Processed
RET0001036,ORD0009539,P01168,2025-11-03,1,Wrong Product,Approved
RET0001037,ORD0119580,P01375,2025-12-15,1,Incorrect Size,Processed
RET0001038,ORD0039734,P01175,2026-06-29,1,Wrong Product,Processed
RET0001039,ORD0051707,P01895,2024-01-14,1,Incorrect Size,Approved
RET0001040,ORD0033170,P01434,2026-04-07,2,Quality Issue,Approved
RET0001041,ORD0065931,P00203,2025-12-19,1,Wrong Product,Processed
RET0001042,ORD0034415,P00486,2026-06-26,1,Damaged,Approved
RET0001043,ORD0108900,P01914,2026-01-02,1,Customer Changed Mind,Rejected
RET0001044,ORD0020257,P00366,2025-12-11,1,Customer Changed Mind,Approved
RET0001045,ORD0106148,P01819,2025-07-29,1,Wrong Product,Processed
RET0001046,ORD0050157,P00056,2024-08-05,2,Incorrect Size,Processed
RET0001047,ORD0096648,P01911,2025-03-18,1,Wrong Product,Approved
RET0001048,ORD0094300,P00707,2026-04-24,1,Incorrect Size,Processed
RET0001049,ORD0050557,P01262,2025-11-17,2,Damaged,Approved
RET0001050,ORD0080478,P01873,2025-12-01,1,Incorrect Size,Approved
RET0001051,ORD0064625,P01306,2025-01-23,1,Wrong Product,Processed
RET0001052,ORD0043821,P00485,2025-01-25,1,Customer Changed Mind,Approved
RET0001053,ORD0047892,P00240,2025-02-15,2,Late Delivery,Processed
RET0001054,ORD0054758,P00320,2024-12-06,1,Damaged,Processed
RET0001055,ORD0064585,P01072,2025-07-30,3,Quality Issue,Approved
RET0001056,ORD0092751,P01056,2026-05-13,1,Wrong Product,Approved
RET0001057,ORD0052284,P01095,2025-10-20,2,Late Delivery,Rejected
RET0001058,ORD0058875,P00176,2026-01-26,1,Late Delivery,Approved
RET0001059,ORD0051353,P01852,2026-04-21,1,Quality Issue,Processed
RET0001060,ORD0118144,P00035,2026-03-11,1,Damaged,Approved
RET0001061,ORD0112967,P00297,2026-07-12,3,Damaged,Pending
RET0001062,ORD0117956,P01695,2024-08-25,1,Damaged,Approved
RET0001063,ORD0036326,P01287,2024-11-10,2,Customer Changed Mind,Processed
RET0001064,ORD0056561,P00066,2024-11-24,1,Damaged,Processed
RET0001065,ORD0035275,P01261,2025-06-30,2,Incorrect Size,Approved
RET0001066,ORD0045479,P00258,2026-03-28,1,Late Delivery,Processed
RET0001067,ORD0072469,P01303,2026-01-02,1,Quality Issue,Approved
RET0001068,ORD0008295,P01927,2023-01-01,2,Customer Changed Mind,Approved
RET0001069,ORD0117191,P00436,2026-05-04,1,Wrong Product,Approved
RET0001070,ORD0010799,P00383,2026-05-16,1,Late Delivery,Processed
RET0001071,ORD0087807,P01469,2025-11-06,1,Wrong Product,Rejected
RET0001072,ORD0085413,P00995,2026-01-13,1,Customer Changed Mind,Approved
RET0001073,ORD0033716,P00638,2026-02-19,3,Customer Changed Mind,Rejected
RET0001074,ORD0045148,P01482,2026-03-11,1,Late Delivery,Processed
RET0001075,ORD0000796,P01100,2024-11-26,1,Incorrect Size,Approved
RET0001076,ORD0040758,P00744,2025-09-25,3,Wrong Product,Approved
RET0001077,ORD0092274,P00040,2025-06-18,2,Customer Changed Mind,Approved
RET0001078,ORD0055148,P00708,2026-06-14,1,Damaged,Approved
RET0001079,ORD0052769,P01888,2025-12-13,1,Customer Changed Mind,Processed
RET0001080,ORD0030114,P00906,2025-07-31,1,Quality Issue,Processed
RET0001081,ORD0092562,P01472,2026-03-22,3,Wrong Product,Approved
RET0001082,ORD0009277,P00219,2026-02-20,2,Quality Issue,Processed
RET0001083,ORD0002380,P01041,2025-10-18,1,Customer Changed Mind,Approved
RET0001084,ORD0003585,P00853,2026-05-01,1,Damaged,Rejected
RET0001085,ORD0105384,P01891,2026-01-30,3,Incorrect Size,Processed
RET0001086,ORD0023259,P01163,2026-02-27,1,Customer Changed Mind,Approved
RET0001087,ORD0109562,P01787,2025-09-30,1,Quality Issue,Processed
RET0001088,ORD0034594,P00533,2025-11-08,3,Customer Changed Mind,Approved
RET0001089,ORD0091433,P00732,2026-01-28,1,Incorrect Size,Pending
RET0001090,ORD0074188,P01278,2025-03-30,2,Wrong Product,Approved
RET0001091,ORD0115788,P00220,2025-01-31,1,Customer Changed Mind,Rejected
RET0001092,ORD0018635,P01324,2026-04-05,1,Quality Issue,Pending
RET0001093,ORD0004106,P01584,2024-04-27,1,Customer Changed Mind,Processed
RET0001094,ORD0003508,P00306,2026-02-01,1,Customer Changed Mind,Processed
RET0001095,ORD0117408,P01708,2025-11-01,1,Incorrect Size,Processed
RET0001096,ORD0074817,P00498,2025-08-08,1,Late Delivery,Approved
RET0001097,ORD0065366,P01190,2024-10-21,3,Quality Issue,Pending
RET0001098,ORD0095024,P01141,2025-11-06,1,Quality Issue,Approved
RET0001099,ORD0080838,P00678,2026-07-28,1,Quality Issue,Rejected
RET0001100,ORD0004341,P00591,2024-05-27,1,Incorrect Size,Processed
RET0001101,ORD0096070,P01128,2026-07-05,1,Late Delivery,Approved
RET0001102,ORD0109625,P01027,2024-08-29,1,Wrong Product,Approved
RET0001103,ORD0038395,P00781,2024-09-17,1,Damaged,Approved
RET0001104,ORD0030761,P01200,2024-09-01,2,Quality Issue,Approved
RET0001105,ORD0088441,P01286,2026-03-25,1,Quality Issue,Processed
RET0001106,ORD0081737,P01170,2025-03-22,1,Customer Changed Mind,Approved
RET0001107,ORD0079354,P01231,2025-08-31,1,Damaged,Pending
RET0001108,ORD0002408,P00805,2024-11-10,1,Wrong Product,Approved
RET0001109,ORD0039365,P01356,2026-04-05,1,Late Delivery,Processed
RET0001110,ORD0017415,P00943,2025-10-19,1,Incorrect Size,Approved
RET0001111,ORD0102667,P01334,2025-03-23,1,Wrong Product,Approved
RET0001112,ORD0011972,P01290,2024-09-05,1,Quality Issue,Processed
RET0001113,ORD0042564,P00031,2025-10-22,2,Quality Issue,Approved
RET0001114,ORD0102990,P01047,2024-03-09,1,Incorrect Size,Processed
RET0001115,ORD0004743,P00832,2025-12-19,1,Damaged,Processed
RET0001116,ORD0005564,P01589,2024-07-10,1,Incorrect Size,Approved
RET0001117,ORD0021933,P00195,2025-12-23,2,Quality Issue,Approved
RET0001118,ORD0089030,P01954,2025-11-11,1,Quality Issue,Approved
RET0001119,ORD0030864,P00240,2025-12-05,2,Damaged,Approved
RET0001120,ORD0036931,P00270,2026-03-22,1,Late Delivery,Processed
RET0001121,ORD0069740,P00540,2025-01-23,1,Quality Issue,Approved
RET0001122,ORD0069552,P00601,2025-08-15,1,Customer Changed Mind,Approved
RET0001123,ORD0000838,P00410,2026-07-07,1,Customer Changed Mind,Processed
RET0001124,ORD0051523,P00673,2026-05-02,1,Late Delivery,Approved
RET0001125,ORD0037731,P01512,2026-04-09,1,Late Delivery,Pending
RET0001126,ORD0051860,P00607,2025-10-28,1,Damaged,Rejected
RET0001127,ORD0038480,P00298,2026-07-01,3,Customer Changed Mind,Processed
RET0001128,ORD0115728,P00769,2024-12-26,1,Wrong Product,Processed
RET0001129,ORD0065687,P00080,2026-01-15,1,Incorrect Size,Approved
RET0001130,ORD0017713,P01929,2026-06-24,2,Incorrect Size,Approved
RET0001131,ORD0008941,P01245,2024-06-13,1,Wrong Product,Processed
RET0001132,ORD0087382,P00616,2025-04-28,2,Wrong Product,Approved
RET0001133,ORD0029027,P01614,2026-03-16,1,Wrong Product,Approved
RET0001134,ORD0052423,P01819,2024-02-04,1,Customer Changed Mind,Processed
RET0001135,ORD0115075,P01944,2026-04-08,1,Incorrect Size,Processed
RET0001136,ORD0105285,P01281,2024-12-05,1,Late Delivery,Processed
RET0001137,ORD0065190,P01826,2025-01-28,1,Damaged,Approved
RET0001138,ORD0020983,P00629,2026-03-30,3,Damaged,Pending
RET0001139,ORD0065749,P01690,2025-07-13,1,Wrong Product,Approved
RET0001140,ORD0085005,P01061,2026-02-02,1,Incorrect Size,Pending
RET0001141,ORD0096082,P00171,2026-06-30,2,Quality Issue,Approved
RET0001142,ORD0050043,P00792,2024-10-11,2,Late Delivery,Pending
RET0001143,ORD0108000,P00614,2025-05-17,1,Customer Changed Mind,Pending
RET0001144,ORD0080871,P01412,2025-11-10,2,Incorrect Size,Approved
RET0001145,ORD0102620,P00392,2025-07-02,1,Customer Changed Mind,Processed
RET0001146,ORD0101941,P01031,2026-04-28,2,Incorrect Size,Approved
RET0001147,ORD0010163,P00494,2024-12-14,1,Incorrect Size,Approved
RET0001148,ORD0079197,P00692,2025-10-30,1,Customer Changed Mind,Approved
RET0001149,ORD0061843,P01199,2024-07-21,1,Incorrect Size,Processed
RET0001150,ORD0041256,P01810,2026-03-31,3,Wrong Product,Approved
RET0001151,ORD0018060,P00544,2026-01-20,1,Quality Issue,Processed
RET0001152,ORD0040433,P01882,2024-07-10,1,Damaged,Pending
RET0001153,ORD0119418,P00193,2026-06-08,1,Customer Changed Mind,Rejected
RET0001154,ORD0012922,P00865,2026-05-05,1,Wrong Product,Approved
RET0001155,ORD0077031,P00180,2025-04-04,3,Damaged,Processed
RET0001156,ORD0032005,P01008,2025-09-26,1,Damaged,Approved
RET0001157,ORD0039997,P02000,2026-06-07,1,Customer Changed Mind,Approved
RET0001158,ORD0058426,P01070,2026-07-07,1,Quality Issue,Pending
RET0001159,ORD0100599,P01339,2024-02-16,1,Customer Changed Mind,Pending
RET0001160,ORD0033149,P00119,2024-06-04,1,Customer Changed Mind,Approved
RET0001161,ORD0099461,P00465,2026-06-29,1,Incorrect Size,Approved
RET0001162,ORD0007637,P00826,2025-04-06,2,Incorrect Size,Approved
RET0001163,ORD0006776,P00242,2024-12-27,1,Damaged,Approved
RET0001164,ORD0083661,P01349,2025-03-28,1,Customer Changed Mind,Approved
RET0001165,ORD0092002,P00333,2026-06-04,1,Quality Issue,Approved
RET0001166,ORD0007568,P01498,2025-09-10,1,Quality Issue,Approved
RET0001167,ORD0072537,P00915,2025-12-01,1,Customer Changed Mind,Approved
RET0001168,ORD0050906,P01049,2025-07-21,1,Quality Issue,Rejected
RET0001169,ORD0027149,P00440,2026-07-10,1,Damaged,Processed
RET0001170,ORD0072225,P00357,2025-08-29,1,Customer Changed Mind,Processed
RET0001171,ORD0035074,P00152,2024-12-14,2,Quality Issue,Approved
RET0001172,ORD0055387,P01881,2025-11-06,1,Quality Issue,Rejected
RET0001173,ORD0006438,P01938,2024-11-17,1,Incorrect Size,Approved
RET0001174,ORD0062977,P00697,2024-09-23,2,Damaged,Rejected
RET0001175,ORD0059795,P01559,2024-10-16,1,Wrong Product,Approved
RET0001176,ORD0063172,P01147,2024-06-11,1,Damaged,Pending
RET0001177,ORD0015762,P01915,2026-07-13,1,Wrong Product,Approved
RET0001178,ORD0116625,P00700,2024-04-14,2,Damaged,Processed
RET0001179,ORD0077017,P01059,2025-06-23,2,Late Delivery,Approved
RET0001180,ORD0092240,P01370,2025-12-02,1,Late Delivery,Processed
RET0001181,ORD0011861,P01916,2026-05-15,3,Quality Issue,Processed
RET0001182,ORD0084563,P01583,2026-02-26,3,Customer Changed Mind,Approved
RET0001183,ORD0059198,P00202,2026-01-07,1,Damaged,Processed
RET0001184,ORD0102298,P00779,2025-12-17,2,Quality Issue,Approved
RET0001185,ORD0029457,P01479,2025-04-28,1,Damaged,Processed
RET0001186,ORD0043121,P01639,2025-08-04,1,Incorrect Size,Approved
RET0001187,ORD0060349,P00242,2026-01-03,3,Damaged,Processed
RET0001188,ORD0048256,P00179,2024-07-15,1,Late Delivery,Rejected
RET0001189,ORD0095032,P01049,2025-10-29,1,Incorrect Size,Approved
RET0001190,ORD0095493,P01675,2024-05-21,1,Late Delivery,Processed
RET0001191,ORD0102592,P01343,2026-05-17,1,Quality Issue,Pending
RET0001192,ORD0118765,P00044,2026-06-13,1,Quality Issue,Processed
RET0001193,ORD0105997,P01346,2026-07-02,1,Damaged,Approved
RET0001194,ORD0058273,P00556,2025-09-23,1,Quality Issue,Approved
RET0001195,ORD0061227,P00572,2024-08-13,3,Incorrect Size,Approved
RET0001196,ORD0051514,P01165,2026-02-27,1,Incorrect Size,Approved
RET0001197,ORD0097596,P00224,2026-07-17,1,quality issue,Approved
RET0001198,ORD0061711,P00339,2026-06-20,1,Customer Changed Mind,Processed
RET0001199,ORD0008105,P01182,2025-11-20,1,Quality Issue,Processed
RET0001200,ORD0099600,P00795,2026-01-19,2,Late Delivery,Processed
RET0001201,ORD0075787,P01205,2024-05-12,1,Wrong Product,Approved
RET0001202,ORD0055971,P01045,2026-03-29,1,Wrong Product,Approved
RET0001203,ORD0080890,P00470,2026-06-23,1,Wrong Product,Processed
RET0001204,ORD0009015,P00246,2026-07-16,1,Customer Changed Mind,Processed
RET0001205,ORD0012981,P00255,2024-08-14,1,Wrong Product,Pending
RET0001206,ORD0085313,P00442,2025-11-17,1,Damaged,Processed
RET0001207,ORD0008811,P00498,2026-02-07,1,Damaged,Approved
RET0001208,ORD0099573,P00483,2025-11-15,1,Incorrect Size,Processed
RET0001209,ORD0108359,P00163,2026-05-27,1,Damaged,Processed
RET0001210,ORD0100899,P01196,2025-12-31,2,Damaged,Approved
RET0001211,ORD0086570,P00065,2026-08-04,1,Customer Changed Mind,Processed
RET0001212,ORD0028952,P00691,2025-02-18,1,Wrong Product,Approved
RET0001213,ORD0003309,P00569,2025-08-05,1,Incorrect Size,Approved
RET0001214,ORD0075962,P00864,2026-06-13,1,Incorrect Size,Approved
RET0001215,ORD0113864,P01274,2025-03-07,1,Customer Changed Mind,Processed
RET0001216,ORD0028164,P01534,2026-06-09,1,Customer Changed Mind,Processed
RET0001217,ORD0081693,P00658,2025-02-01,1,Customer Changed Mind,Approved
RET0001218,ORD0046422,P00740,2025-02-13,1,Damaged,Processed
RET0001219,ORD0016241,P01312,2025-05-31,1,Wrong Product,Processed
RET0001220,ORD0102728,P01613,2026-06-21,1,Damaged,Approved
RET0001221,ORD0031417,P00491,2026-07-19,1,Damaged,Approved
RET0001222,ORD0016756,P00752,2025-05-01,1,Late Delivery,Approved
RET0001223,ORD0051398,P00412,2025-07-06,1,Damaged,Approved
RET0001224,ORD0061140,P00434,2025-12-05,1,Damaged,Pending
RET0001225,ORD0110419,P01642,2024-10-04,1,Customer Changed Mind,Processed
RET0001226,ORD0109766,P01650,2026-06-23,1,Customer Changed Mind,Approved
RET0001227,ORD0064235,P00965,2025-03-02,2,Damaged,Processed
RET0001228,ORD0112880,P00879,2024-11-08,2,Damaged,Approved
RET0001229,ORD0080096,P01779,2026-03-17,3,Wrong Product,Approved
RET0001230,ORD0065721,P00383,2025-03-30,1,Wrong Product,Approved
RET0001231,ORD0023722,P01964,2026-07-04,1,Quality Issue,Approved
RET0001232,ORD0060544,P01808,2025-03-18,2,Incorrect Size,Approved
RET0001233,ORD0065132,P00466,2025-05-03,1,Customer Changed Mind,Approved
RET0001234,ORD0077788,P00601,2025-05-07,1,Customer Changed Mind,Approved
RET0001235,ORD0107812,P01814,2025-03-25,2,Quality Issue,Approved
RET0001236,ORD0056528,P01323,2025-12-15,3,Quality Issue,Processed
RET0001237,ORD0101261,P01948,2026-07-07,1,Wrong Product,Approved
RET0001238,ORD0016287,P00159,2025-03-08,2,Damaged,Processed
RET0001239,ORD0033565,P00455,2026-02-13,1,Customer Changed Mind,Approved
RET0001240,ORD0003878,P00968,2026-06-27,1,Late Delivery,Pending
RET0001241,ORD0111584,P01267,2026-07-28,1,Damaged,Approved
RET0001242,ORD0034794,P00183,2025-12-03,2,Wrong Product,Processed
RET0001243,ORD0053252,P01838,2025-12-09,1,Customer Changed Mind,Approved
RET0001244,ORD0061560,P00258,2025-03-23,1,Wrong Product,Approved
RET0001245,ORD0117740,P01791,2026-03-10,1,Customer Changed Mind,Processed
RET0001246,ORD0077003,P00518,2024-11-05,2,Quality Issue,Processed
RET0001247,ORD0001186,P00908,2026-01-19,1,Late Delivery,Pending
RET0001248,ORD0071583,P01537,2026-07-24,2,Wrong Product,Processed
RET0001249,ORD0049655,P01885,2025-03-30,1,Damaged,Approved
RET0001250,ORD0084857,P00019,2025-08-11,1,Quality Issue,Processed
RET0001251,ORD0059358,P01236,2026-06-11,1,quality issue,Approved
RET0001252,ORD0042528,P01965,2026-03-04,1,Damaged,Processed
RET0001253,ORD0019147,P00179,2025-10-30,2,Wrong Product,Rejected
RET0001254,ORD0001410,P01609,2025-11-11,1,Quality Issue,Approved
RET0001255,ORD0100036,P00019,2025-03-20,1,Quality Issue,Processed
RET0001256,ORD0101466,P01653,2026-07-01,1,Incorrect Size,Approved
RET0001257,ORD0004250,P01591,2026-01-24,1,Quality Issue,Approved
RET0001258,ORD0061776,P00819,2025-08-16,1,Customer Changed Mind,Pending
RET0001259,ORD0104353,P00106,2025-03-22,1,Customer Changed Mind,Approved
RET0001260,ORD0000293,P01040,2026-05-19,1,Wrong Product,Approved
RET0001261,ORD0051627,P01587,2025-09-27,2,Quality Issue,Processed
RET0001262,ORD0043527,P00589,2026-03-16,1,Quality Issue,Approved
RET0001263,ORD0015877,P00741,2026-04-19,1,Damaged,Approved
RET0001264,ORD0046562,P01343,2025-05-30,1,Incorrect Size,Approved
RET0001265,ORD0075746,P00042,2026-08-03,1,Customer Changed Mind,Processed
RET0001266,ORD0038540,P00781,2025-12-29,1,Damaged,Approved
RET0001267,ORD0081162,P00168,2026-05-18,2,Customer Changed Mind,Processed
RET0001268,ORD0068614,P01484,2025-01-29,1,Incorrect Size,Approved
RET0001269,ORD0038670,P01153,2025-10-05,1,Incorrect Size,Pending
RET0001270,ORD0080596,P00813,2026-06-25,1,Customer Changed Mind,Approved
RET0001271,ORD0036850,P01760,2024-08-31,1,Incorrect Size,Approved
RET0001272,ORD0014756,P01992,2026-01-19,1,Incorrect Size,Pending
RET0001273,ORD0069818,P01286,2026-01-31,1,Quality Issue,Rejected
RET0001274,ORD0100991,P01022,2024-12-18,1,Incorrect Size,Approved
RET0001275,ORD0068459,P00464,2026-07-26,1,Customer Changed Mind,Approved
RET0001276,ORD0116985,P00304,2024-03-20,1,Quality Issue,Rejected
RET0001277,ORD0040502,P00893,2025-12-07,1,Late Delivery,Approved
RET0001278,ORD0020862,P01192,2026-01-03,1,Quality Issue,Approved
RET0001279,ORD0037244,P00834,2025-01-28,1,Wrong Product,Processed
RET0001280,ORD0100778,P01748,2025-08-05,1,Quality Issue,Processed
RET0001281,ORD0078002,P01396,2026-06-06,2,Incorrect Size,Processed
RET0001282,ORD0020414,P01632,2026-05-28,1,Customer Changed Mind,Processed
RET0001283,ORD0079279,P00882,2026-07-05,1,Incorrect Size,Pending
RET0001284,ORD0065997,P01248,2024-08-04,1,Customer Changed Mind,Approved
RET0001285,ORD0056290,P00679,2025-03-05,1,Wrong Product,Processed
RET0001286,ORD0109342,P01929,2026-04-22,1,Damaged,Approved
RET0001287,ORD0065571,P00333,2025-09-04,1,Quality Issue,Processed
RET0001288,ORD0066078,P01429,2025-08-11,1,Late Delivery,Processed
RET0001289,ORD0041671,P00838,2025-07-14,1,Customer Changed Mind,Approved
RET0001290,ORD0035101,P00519,2026-02-09,2,Quality Issue,Processed
RET0001291,ORD0058027,P00408,2025-04-29,1,Customer Changed Mind,Rejected
RET0001292,ORD0023432,P01587,2024-04-23,1,Customer Changed Mind,Approved
RET0001293,ORD0038519,P01346,2026-04-24,2,Incorrect Size,Approved
RET0001294,ORD0002718,P01282,2026-06-29,1,Quality Issue,Approved
RET0001295,ORD0004538,P01765,2026-03-17,1,Quality Issue,Processed
RET0001296,ORD0104582,P00402,2025-06-19,1,Quality Issue,Processed
RET0001297,ORD0013707,P00599,2024-03-07,3,Incorrect Size,Approved
RET0001298,ORD0061482,P00783,2026-06-01,1,Wrong Product,Approved
RET0001299,ORD0003835,P00065,2024-11-26,2,Wrong Product,Processed
RET0001300,ORD0104061,P01576,2025-12-10,1,Damaged,Approved
RET0001301,ORD0045938,P00752,2025-08-24,1,Late Delivery,Approved
RET0001302,ORD0038573,P01452,2025-12-31,1,Quality Issue,Approved
RET0001303,ORD0090529,P01212,2026-07-18,2,Quality Issue,Processed
RET0001304,ORD0103142,P01143,2025-07-12,2,Customer Changed Mind,Pending
RET0001305,ORD0069023,P00426,2025-04-06,1,Damaged,Processed
RET0001306,ORD0016118,P00800,2026-07-04,1,Quality Issue,Approved
RET0001307,ORD0093076,P01525,2024-12-16,1,Incorrect Size,Rejected
RET0001308,ORD0096975,P01444,2026-03-04,1,Wrong Product,Approved
RET0001309,ORD0078568,P01105,2025-02-01,3,Wrong Product,Pending
RET0001310,ORD0052814,P00228,2026-05-11,1,Wrong Product,Approved
RET0001311,ORD0058901,P01446,2025-08-09,2,Customer Changed Mind,Rejected
RET0001312,ORD0081739,P01921,2025-07-15,2,Wrong Product,Rejected
RET0001313,ORD0012182,P00936,2026-01-02,1,Customer Changed Mind,Rejected
RET0001314,ORD0022430,P01246,2026-01-27,1,Quality Issue,Approved
RET0001315,ORD0018482,P01362,2024-12-10,1,Customer Changed Mind,Rejected
RET0001316,ORD0043763,P00376,2026-05-12,1,Customer Changed Mind,Processed
RET0001317,ORD0096168,P00896,2025-11-13,2,Damaged,Approved
RET0001318,ORD0086770,P00092,2025-09-20,1,Incorrect Size,Processed
RET0001319,ORD0039782,P00656,2025-08-14,1,Customer Changed Mind,Processed
RET0001320,ORD0021930,P01021,2025-10-12,1,Customer Changed Mind,Pending
RET0001321,ORD0060953,P01938,2026-04-17,1,Damaged,Processed
RET0001322,ORD0105532,P01743,2024-05-08,1,Quality Issue,Approved
RET0001323,ORD0034259,P01475,2026-02-13,2,Incorrect Size,Processed
RET0001324,ORD0094417,P01364,2025-12-21,3,Damaged,Approved
RET0001325,ORD0103224,P01370,2026-07-13,1,Damaged,Approved
RET0001326,ORD0065825,P00841,2025-01-15,1,Damaged,Processed
RET0001327,ORD0061400,P00465,2026-01-04,1,Quality Issue,Processed
RET0001328,ORD0039095,P01770,2024-12-23,1,Incorrect Size,Processed
RET0001329,ORD0041100,P01428,2025-10-10,1,Customer Changed Mind,Processed
RET0001330,ORD0021893,P00166,2025-04-02,1,Customer Changed Mind,Approved
RET0001331,ORD0042872,P00818,2026-01-08,1,Quality Issue,Processed
RET0001332,ORD0052765,P00912,2025-08-30,1,Quality Issue,Approved
RET0001333,ORD0028417,P01600,2025-10-18,1,Wrong Product,Pending
RET0001334,ORD0009409,P00382,2025-10-18,1,Damaged,Pending
RET0001335,ORD0003054,P00867,2026-01-02,1,Customer Changed Mind,Rejected
RET0001336,ORD0081086,P00572,2026-03-01,2,Quality Issue,Rejected
RET0001337,ORD0032193,P00911,2026-01-02,1,Quality Issue,Processed
RET0001338,ORD0056596,P01765,2026-03-16,1,Quality Issue,Processed
RET0001339,ORD0110425,P00899,2025-05-20,2,Quality Issue,Processed
RET0001340,ORD0007971,P01719,2025-09-26,1,Wrong Product,Approved
RET0001341,ORD0026140,P00183,2026-01-30,1,Customer Changed Mind,Rejected
RET0001342,ORD0067761,P01916,2024-12-25,2,Damaged,Approved
RET0001343,ORD0059287,P01811,2026-03-25,1,Incorrect Size,Rejected
RET0001344,ORD0103746,P00656,2026-01-20,3,Quality Issue,Processed
RET0001345,ORD0099352,P00347,2026-05-23,2,Wrong Product,Rejected
RET0001346,ORD0010877,P00356,2024-08-31,1,Damaged,Processed
RET0001347,ORD0047583,P00002,2026-02-20,1,Quality Issue,Processed
RET0001348,ORD0108979,P01948,2026-04-10,1,Quality Issue,Pending
RET0001349,ORD0099128,P00279,2025-11-26,1,Quality Issue,Approved
RET0001350,ORD0023460,P00005,2026-04-08,1,Wrong Product,Approved
RET0001351,ORD0070764,P01238,2025-01-20,1,Incorrect Size,Approved
RET0001352,ORD0064431,P01883,2025-12-28,2,Quality Issue,Processed
RET0001353,ORD0093771,P00665,2026-02-01,1,Quality Issue,Processed
RET0001354,ORD0016655,P00333,2024-04-04,1,Quality Issue,Processed
RET0001355,ORD0082772,P00149,2025-10-09,3,Incorrect Size,Approved
RET0001356,ORD0093320,P01638,2026-03-30,1,Incorrect Size,Approved
RET0001357,ORD0050823,P01714,2026-05-28,1,Quality Issue,Rejected
RET0001358,ORD0113757,P00092,2025-11-29,2,Customer Changed Mind,Processed
RET0001359,ORD0001453,P00890,2026-03-09,2,Customer Changed Mind,Approved
RET0001360,ORD0038275,P01276,2026-06-11,1,Quality Issue,Approved
RET0001361,ORD0036470,P00485,2026-05-24,1,Quality Issue,Approved
RET0001362,ORD0092633,P00101,2024-07-27,1,Damaged,Processed
RET0001363,ORD0010074,P01870,2026-01-27,1,Damaged,Processed
RET0001364,ORD0011398,P00136,2025-11-08,1,Incorrect Size,Processed
RET0001365,ORD0011980,P00408,2026-04-20,1,Incorrect Size,Processed
RET0001366,ORD0101517,P00319,2026-02-07,1,Incorrect Size,Rejected
RET0001367,ORD0086282,P01335,2026-07-20,2,Customer Changed Mind,Approved
RET0001368,ORD0022504,P01141,2025-11-12,1,Quality Issue,Approved
RET0001369,ORD0007566,P01740,2026-03-11,1,Quality Issue,Approved
RET0001370,ORD0056877,P00706,2025-03-05,1,Customer Changed Mind,Pending
RET0001371,ORD0034206,P01893,2024-12-22,1,Damaged,Processed
RET0001372,ORD0051117,P01751,2024-12-05,2,Incorrect Size,Processed
RET0001373,ORD0072203,P01760,2025-06-17,1,Damaged,Processed
RET0001374,ORD0091986,P01677,2025-08-10,3,Quality Issue,Approved
RET0001375,ORD0063934,P00550,2026-06-02,1,Quality Issue,Approved
RET0001376,ORD0062152,P01439,2025-02-20,1,Quality Issue,Processed
RET0001377,ORD0109607,P00052,2025-07-10,1,Wrong Product,Pending
RET0001378,ORD0094336,P01484,2026-03-02,1,Quality Issue,Approved
RET0001379,ORD0109193,P00586,2025-08-08,1,Wrong Product,Approved
RET0001380,ORD0013717,P00956,2025-09-20,1,Quality Issue,Rejected
RET0001381,ORD0008429,P00905,2026-06-06,1,Wrong Product,Processed
RET0001382,ORD0037575,P00418,2024-12-14,1,Quality Issue,Processed
RET0001383,ORD0070216,P01443,2025-11-12,1,Quality Issue,Approved
RET0001384,ORD0055217,P01732,2024-11-01,2,Wrong Product,Approved
RET0001385,ORD0002974,P01475,2026-05-04,2,Wrong Product,Approved
RET0001386,ORD0024133,P01927,2026-04-12,1,Quality Issue,Approved
RET0001387,ORD0007318,P00788,2026-06-11,1,Damaged,Processed
RET0001388,ORD0107856,P00975,2026-01-06,1,Wrong Product,Processed
RET0001389,ORD0005603,P01232,2026-04-19,1,Customer Changed Mind,Rejected
RET0001390,ORD0039290,P01086,2026-02-24,3,Incorrect Size,Approved
RET0001391,ORD0084085,P00910,2026-01-07,1,Late Delivery,Approved
RET0001392,ORD0010007,P01894,2025-01-27,1,Customer Changed Mind,Processed
RET0001393,ORD0116945,P00712,2025-06-16,1,Incorrect Size,Approved
RET0001394,ORD0101823,P00647,2026-05-12,1,Customer Changed Mind,Approved
RET0001395,ORD0029973,P00512,2024-07-23,1,Customer Changed Mind,Approved
RET0001396,ORD0052229,P01741,2026-03-11,1,Customer Changed Mind,Approved
RET0001397,ORD0037393,P00838,2025-01-07,2,Customer Changed Mind,Approved
RET0001398,ORD0055654,P00601,2024-05-06,2,Customer Changed Mind,Approved
RET0001399,ORD0110273,P01711,2026-03-03,1,Quality Issue,Rejected
RET0001400,ORD0015955,P00459,2025-02-09,1,Damaged,Approved
RET0001401,ORD0003089,P00362,2025-05-22,2,Quality Issue,Processed
RET0001402,ORD0015575,P01846,2025-05-04,1,Wrong Product,Processed
RET0001403,ORD0056153,P00937,2025-05-21,1,Customer Changed Mind,Processed
RET0001404,ORD0100820,P00397,2025-11-25,1,Damaged,Processed
RET0001405,ORD0058225,P01798,2026-04-06,1,Late Delivery,Approved
RET0001406,ORD0111961,P00217,2025-11-02,1,Quality Issue,Approved
RET0001407,ORD0088513,P00827,2026-01-31,2,Customer Changed Mind,Processed
RET0001408,ORD0043296,P01990,2026-02-19,1,Damaged,Pending
RET0001409,ORD0113065,P00082,2024-01-27,1,Wrong Product,Approved
RET0001410,ORD0001181,P00299,2025-12-04,1,Quality Issue,Approved
RET0001411,ORD0057055,P00925,2026-04-26,3,Wrong Product,Pending
RET0001412,ORD0027849,P00328,2026-05-15,1,Quality Issue,Processed
RET0001413,ORD0057586,P00568,2026-04-05,1,Customer Changed Mind,Processed
RET0001414,ORD0063893,P00793,2024-12-11,1,Wrong Product,Processed
RET0001415,ORD0067769,P01881,2026-01-06,1,Quality Issue,Rejected
RET0001416,ORD0085271,P01314,2024-05-28,1,Customer Changed Mind,Processed
RET0001417,ORD0084302,P00118,2024-09-07,1,Damaged,Processed
RET0001418,ORD0072638,P01775,2024-03-24,2,Incorrect Size,Processed
RET0001419,ORD0041287,P01180,2025-11-30,1,Damaged,Approved
RET0001420,ORD0054269,P01542,2026-01-10,1,Customer Changed Mind,Pending
RET0001421,ORD0050758,P00668,2024-06-22,1,Customer Changed Mind,Pending
RET0001422,ORD0015621,P00156,2026-04-11,1,Customer Changed Mind,Processed
RET0001423,ORD0010619,P01701,2026-06-12,3,Quality Issue,Approved
RET0001424,ORD0004460,P00960,2026-01-15,1,Damaged,Processed
RET0001425,ORD0049321,P01379,2025-06-28,3,Incorrect Size,Approved
RET0001426,ORD0016072,P00834,2025-02-18,1,Quality Issue,Processed
RET0001427,ORD0073606,P01946,2025-05-14,1,Incorrect Size,Approved
RET0001428,ORD0003550,P00567,2026-02-25,1,Quality Issue,Processed
RET0001429,ORD0074778,P01999,2025-10-13,3,Incorrect Size,Pending
RET0001430,ORD0098158,P01935,2025-11-27,1,Quality Issue,Approved
RET0001431,ORD0022309,P01938,2026-06-05,1,Customer Changed Mind,Processed
RET0001432,ORD0018794,P01835,2026-07-08,1,Customer Changed Mind,Rejected
RET0001433,ORD0011065,P00508,2024-08-15,2,Quality Issue,Approved
RET0001434,ORD0012070,P01342,2025-09-22,1,Customer Changed Mind,Approved
RET0001435,ORD0032288,P00449,2025-12-11,1,Quality Issue,Approved
RET0001436,ORD0004023,P00430,2024-12-01,1,Damaged,Rejected
RET0001437,ORD0003924,P01401,2026-04-29,1,Quality Issue,Processed
RET0001438,ORD0055594,P01559,2026-07-11,1,Wrong Product,Approved
RET0001439,ORD0077791,P00104,2026-06-29,1,Incorrect Size,Approved
RET0001440,ORD0074408,P01322,2025-07-11,1,Damaged,Approved
RET0001441,ORD0012399,P01660,2024-05-11,1,Damaged,Approved
RET0001442,ORD0111658,P01260,2026-07-11,1,Quality Issue,Processed
RET0001443,ORD0037950,P00405,2026-04-27,1,Quality Issue,Approved
RET0001444,ORD0016695,P01733,2026-02-24,1,Quality Issue,Processed
RET0001445,ORD0062460,P00489,2026-01-08,2,Incorrect Size,Processed
RET0001446,ORD0048772,P00232,2024-01-04,1,Wrong Product,Rejected
RET0001447,ORD0056682,P00750,2024-11-11,1,Quality Issue,Approved
RET0001448,ORD0021016,P00908,2024-12-02,1,Customer Changed Mind,Processed
RET0001449,ORD0095991,P00318,2025-12-12,2,Late Delivery,Processed
RET0001450,ORD0064984,P00358,2025-07-29,2,Customer Changed Mind,Processed
RET0001451,ORD0082396,P01295,2025-01-08,1,Damaged,Approved
RET0001452,ORD0066570,P01275,2025-11-22,1,Late Delivery,Approved
RET0001453,ORD0083092,P00497,2025-12-29,2,Quality Issue,Processed
RET0001454,ORD0080752,P01450,2025-02-18,2,Wrong Product,Processed
RET0001455,ORD0075128,P00987,2026-03-01,1,Incorrect Size,Pending
RET0001456,ORD0020320,P01458,2024-07-11,1,Late Delivery,Rejected
RET0001457,ORD0069657,P01481,2026-05-03,1,Wrong Product,Processed
RET0001458,ORD0036649,P00043,2026-03-27,1,Quality Issue,Pending
RET0001459,ORD0112334,P01830,2026-01-31,1,Wrong Product,Processed
RET0001460,ORD0109801,P01351,2026-07-14,1,Damaged,Approved
RET0001461,ORD0016474,P00768,2026-05-24,2,Quality Issue,Approved
RET0001462,ORD0038080,P00846,2026-01-17,1,Damaged,Processed
RET0001463,ORD0111351,P00975,2025-12-06,1,Damaged,Approved
RET0001464,ORD0040331,P01173,2025-08-15,1,Quality Issue,Pending
RET0001465,ORD0089366,P01227,2024-03-17,1,Damaged,Approved
RET0001466,ORD0114494,P00186,2026-03-09,1,Quality Issue,Approved
RET0001467,ORD0022080,P01530,2026-01-26,1,Quality Issue,Processed
RET0001468,ORD0058517,P00970,2024-05-18,1,Damaged,Rejected
RET0001469,ORD0026719,P00690,2026-03-13,1,Late Delivery,Rejected
RET0001470,ORD0007555,P00335,2025-11-06,1,Damaged,Approved
RET0001471,ORD0039657,P00212,2026-01-27,1,Quality Issue,Approved
RET0001472,ORD0098363,P00884,2026-04-14,3,Damaged,Processed
RET0001473,ORD0055904,P01971,2025-04-01,1,Incorrect Size,Pending
RET0001474,ORD0001680,P01308,2025-05-13,2,Wrong Product,Approved
RET0001475,ORD0008455,P00824,2024-07-27,1,Quality Issue,Processed
RET0001476,ORD0034937,P01161,2026-07-27,2,Damaged,Approved
RET0001477,ORD0081480,P01957,2025-03-23,2,Wrong Product,Processed
RET0001478,ORD0018609,P00100,2026-06-24,1,Customer Changed Mind,Approved
RET0001479,ORD0009345,P00262,2025-09-12,1,Late Delivery,Pending
RET0001480,ORD0000531,P01312,2025-11-06,3,Incorrect Size,Approved
RET0001481,ORD0005073,P01466,2025-03-20,1,Damaged,Processed
RET0001482,ORD0022811,P00178,2026-04-13,2,Damaged,Processed
RET0001483,ORD0066180,P01262,2025-02-28,2,Customer Changed Mind,Approved
RET0001484,ORD0032084,P00111,2026-04-18,2,Customer Changed Mind,Approved
RET0001485,ORD0036200,P01925,2025-12-04,1,Incorrect Size,Processed
RET0001486,ORD0094822,P00373,2024-05-29,1,Incorrect Size,Processed
RET0001487,ORD0118934,P00976,2025-04-13,2,Incorrect Size,Processed
RET0001488,ORD0010350,P00548,2026-02-03,2,Damaged,Processed
RET0001489,ORD0094155,P00042,2026-07-31,1,Customer Changed Mind,Approved
RET0001490,ORD0032334,P01770,2025-02-28,1,Quality Issue,Pending
RET0001491,ORD0004364,P00268,2026-07-15,1,Customer Changed Mind,Approved
RET0001492,ORD0078985,P00014,2025-05-23,1,Quality Issue,Processed
RET0001493,ORD0057316,P01741,2026-02-06,3,Wrong Product,Pending
RET0001494,ORD0110998,P01705,2025-06-11,1,Customer Changed Mind,Pending
RET0001495,ORD0031739,P01239,2026-07-12,1,Incorrect Size,Approved
RET0001496,ORD0048465,P01679,2025-04-09,1,Wrong Product,Approved
RET0001497,ORD0064776,P00588,2026-06-21,1,Incorrect Size,Processed
RET0001498,ORD0059949,P00603,2026-05-24,2,Customer Changed Mind,Approved
RET0001499,ORD0113681,P00278,2026-01-08,1,Damaged,Processed
RET0001500,ORD0014348,P01879,2026-03-24,1,Wrong Product,Processed
RET0001501,ORD0055395,P00714,2026-04-28,1,Wrong Product,Approved
RET0001502,ORD0035400,P01931,2025-03-30,1,Late Delivery,Approved
RET0001503,ORD0102881,P01084,2026-03-25,1,Damaged,Processed
RET0001504,ORD0071741,P00802,2025-01-24,1,Quality Issue,Processed
RET0001505,ORD0093889,P00682,2024-12-20,1,Incorrect Size,Approved
RET0001506,ORD0033000,P00493,2026-07-19,1,Customer Changed Mind,Approved
RET0001507,ORD0040451,P00088,2025-01-10,2,Damaged,Approved
RET0001508,ORD0034746,P01925,2025-05-14,1,Customer Changed Mind,Processed
RET0001509,ORD0065133,P01712,2026-05-06,1,Quality Issue,Processed
RET0001510,ORD0103175,P00301,2026-04-26,2,Quality Issue,Rejected
RET0001511,ORD0013565,P00550,2025-09-23,1,Damaged,Pending
RET0001512,ORD0015554,P01585,2025-10-06,1,Late Delivery,Processed
RET0001513,ORD0035175,P01056,2025-12-26,1,Customer Changed Mind,Rejected
RET0001514,ORD0092112,P01234,2024-11-06,1,Customer Changed Mind,Approved
RET0001515,ORD0107549,P00639,2025-08-16,1,Damaged,Processed
RET0001516,ORD0083501,P01541,2026-06-01,1,Incorrect Size,Processed
RET0001517,ORD0065908,P00932,2025-09-14,2,Wrong Product,Processed
RET0001518,ORD0110746,P01478,2025-06-23,1,Wrong Product,Processed
RET0001519,ORD0105085,P00485,2025-11-04,3,Damaged,Approved
RET0001520,ORD0076971,P01327,2025-05-19,1,Late Delivery,Rejected
RET0001521,ORD0037754,P00215,2026-02-26,2,Customer Changed Mind,Rejected
RET0001522,ORD0083976,P00771,2026-07-05,2,Wrong Product,Pending
RET0001523,ORD0041574,P00111,2026-01-22,1,Customer Changed Mind,Approved
RET0001524,ORD0028437,P01501,2026-07-14,2,Quality Issue,Pending
RET0001525,ORD0033376,P01328,2025-12-04,1,Wrong Product,Processed
RET0001526,ORD0028320,P01651,2024-12-06,1,Incorrect Size,Processed
RET0001527,ORD0111699,P01141,2025-11-14,1,Customer Changed Mind,Approved
RET0001528,ORD0052558,P01318,2025-06-07,1,Wrong Product,Rejected
RET0001529,ORD0015621,P01923,2026-04-21,2,Incorrect Size,Processed
RET0001530,ORD0001792,P01160,2024-11-15,1,Quality Issue,Processed
RET0001531,ORD0019293,P00080,2025-07-30,1,Customer Changed Mind,Pending
RET0001532,ORD0060245,P01300,2026-02-11,2,Incorrect Size,Approved
RET0001533,ORD0011768,P01496,2025-11-24,1,Late Delivery,Processed
RET0001534,ORD0042876,P01183,2026-06-25,1,Customer Changed Mind,Approved
RET0001535,ORD0060704,P00706,2025-01-18,1,Incorrect Size,Approved
RET0001536,ORD0015545,P00598,2026-01-05,2,Quality Issue,Approved
RET0001537,ORD0013242,P00275,2024-11-11,2,Wrong Product,Approved
RET0001538,ORD0027869,P00688,2026-05-29,1,Quality Issue,Approved
RET0001539,ORD0051468,P01523,2026-06-24,1,Customer Changed Mind,Approved
RET0001540,ORD0019722,P01533,2025-12-27,1,Damaged,Approved
RET0001541,ORD0056706,P00143,2026-02-25,2,Incorrect Size,Processed
RET0001542,ORD0040531,P00487,2025-08-03,1,Late Delivery,Approved
RET0001543,ORD0075907,P00733,2025-03-13,1,Quality Issue,Approved
RET0001544,ORD0034618,P00385,2025-02-11,3,Quality Issue,Approved
RET0001545,ORD0022808,P01509,2026-03-18,1,Late Delivery,Approved
RET0001546,ORD0054614,P00193,2024-05-27,1,Wrong Product,Approved
RET0001547,ORD0079270,P00320,2024-10-05,1,Incorrect Size,Pending
RET0001548,ORD0114884,P01085,2026-01-14,1,Quality Issue,Processed
RET0001549,ORD0094604,P00617,2026-01-12,1,Quality Issue,Approved
RET0001550,ORD0092308,P00369,2025-12-09,1,Customer Changed Mind,Processed
RET0001551,ORD0016339,P01514,2025-05-06,1,Wrong Product,Approved
RET0001552,ORD0022010,P01061,2026-03-07,3,Damaged,Processed
RET0001553,ORD0081442,P01109,2025-03-21,1,Customer Changed Mind,Pending
RET0001554,ORD0033829,P01581,2025-09-16,1,Wrong Product,Approved
RET0001555,ORD0088987,P00748,2026-06-24,3,Quality Issue,Approved
RET0001556,ORD0003940,P01541,2024-04-06,1,Incorrect Size,Processed
RET0001557,ORD0095097,P00101,2025-11-09,2,Customer Changed Mind,Approved
RET0001558,ORD0063169,P00930,2025-10-18,1,Customer Changed Mind,Approved
RET0001559,ORD0032137,P01726,2025-08-22,1,Quality Issue,Processed
RET0001560,ORD0119757,P00615,2025-10-10,1,Damaged,Processed
RET0001561,ORD0038750,P01878,2026-04-20,1,Incorrect Size,Approved
RET0001562,ORD0008838,P00154,2025-11-08,2,Customer Changed Mind,Processed
RET0001563,ORD0119866,P01620,2025-12-21,1,Damaged,Approved
RET0001564,ORD0095820,P01431,2026-06-06,1,Wrong Product,Approved
RET0001565,ORD0001513,P00980,2025-09-05,1,Incorrect Size,Processed
RET0001566,ORD0071579,P00336,2025-08-31,1,Wrong Product,Processed
RET0001567,ORD0041540,P01358,2026-06-26,1,Quality Issue,Processed
RET0001568,ORD0029762,P01002,2024-05-25,1,Damaged,Processed
RET0001569,ORD0087570,P01575,2025-11-02,2,Wrong Product,Processed
RET0001570,ORD0099836,P01538,2025-10-23,1,Incorrect Size,Rejected
RET0001571,ORD0017197,P01503,2025-07-07,1,Damaged,Processed
RET0001572,ORD0078857,P01576,2026-06-23,1,Damaged,Approved
RET0001573,ORD0069155,P00773,2025-12-18,1,Late Delivery,Processed
RET0001574,ORD0114165,P00841,2025-12-16,1,Incorrect Size,Approved
RET0001575,ORD0092607,P00857,2025-12-15,1,Customer Changed Mind,Processed
RET0001576,ORD0113625,P01362,2026-05-01,1,Damaged,Approved
RET0001577,ORD0082108,P01327,2026-06-22,2,Incorrect Size,Processed
RET0001578,ORD0020433,P01971,2025-09-11,1,Quality Issue,Processed
RET0001579,ORD0041189,P01768,2026-04-23,1,Incorrect Size,Processed
RET0001580,ORD0073464,P00524,2024-06-04,1,Quality Issue,Approved
RET0001581,ORD0011209,P01732,2026-01-07,1,Quality Issue,Approved
RET0001582,ORD0114866,P01322,2025-12-26,1,Customer Changed Mind,Processed
RET0001583,ORD0012916,P00842,2026-05-30,1,Customer Changed Mind,Pending
RET0001584,ORD0024813,P00495,2026-05-10,1,Quality Issue,Approved
RET0001585,ORD0007406,P01526,2024-01-25,1,Quality Issue,Approved
RET0001586,ORD0027364,P01333,2026-03-13,1,Incorrect Size,Approved
RET0001587,ORD0000431,P00613,2026-06-01,1,Late Delivery,Processed
RET0001588,ORD0010095,P01306,2026-02-20,1,Wrong Product,Approved
RET0001589,ORD0048830,P00172,2026-06-02,3,Customer Changed Mind,Rejected
RET0001590,ORD0099382,P00894,2025-04-19,1,Quality Issue,Processed
RET0001591,ORD0108694,P01931,2026-05-20,3,Customer Changed Mind,Approved
RET0001592,ORD0061508,P00891,2025-11-30,1,Quality Issue,Approved
RET0001593,ORD0076066,P01877,2024-09-03,1,Quality Issue,Approved
RET0001594,ORD0086855,P00764,2025-12-08,1,Damaged,Processed
RET0001595,ORD0107302,P01575,2024-06-19,1,Late Delivery,Approved
RET0001596,ORD0095217,P01534,2024-05-23,1,Quality Issue,Approved
RET0001597,ORD0108013,P00937,2025-07-16,1,Incorrect Size,Processed
RET0001598,ORD0036327,P00192,2025-07-19,1,Customer Changed Mind,Approved
RET0001599,ORD0089187,P01052,2024-12-07,1,Late Delivery,Processed
RET0001600,ORD0062924,P00085,2026-02-01,1,Customer Changed Mind,Rejected
RET0001601,ORD0109107,P01178,2026-01-30,1,Late Delivery,Approved
RET0001602,ORD0118613,P01918,2025-10-15,1,Damaged,Approved
RET0001603,ORD0018105,P00493,2024-08-07,2,Incorrect Size,Rejected
RET0001604,ORD0066192,P00102,2026-03-12,1,Incorrect Size,Approved
RET0001605,ORD0011056,P01917,2025-12-02,2,Late Delivery,Approved
RET0001606,ORD0067798,P00987,2025-12-22,1,Late Delivery,Processed
RET0001607,ORD0065023,P00172,2026-07-24,3,Damaged,Processed
RET0001608,ORD0030102,P01834,2025-11-01,1,Quality Issue,Pending
RET0001609,ORD0045433,P01160,2026-02-10,3,Customer Changed Mind,Approved
RET0001610,ORD0089012,P01339,2025-09-07,1,Quality Issue,Approved
RET0001611,ORD0075902,P01797,2025-12-27,2,Damaged,Approved
RET0001612,ORD0025370,P01710,2026-06-11,3,Quality Issue,Approved
RET0001613,ORD0081967,P00016,2024-11-09,1,Wrong Product,Processed
RET0001614,ORD0057049,P00762,2025-11-23,2,Quality Issue,Approved
RET0001615,ORD0064850,P01237,2025-02-09,1,Quality Issue,Approved
RET0001616,ORD0028739,P00348,2026-03-15,1,Wrong Product,Approved
RET0001617,ORD0003135,P01391,2025-11-20,1,Customer Changed Mind,Approved
RET0001618,ORD0071240,P01854,2026-07-22,1,Incorrect Size,Approved
RET0001619,ORD0022835,P00671,2026-06-29,1,Quality Issue,Processed
RET0001620,ORD0034111,P00670,2024-07-17,1,Damaged,Approved
RET0001621,ORD0033798,P00716,2026-07-04,1,Customer Changed Mind,Processed
RET0001622,ORD0067403,P00463,2025-12-26,3,Customer Changed Mind,Approved
RET0001623,ORD0028655,P00513,2025-11-28,1,Quality Issue,Approved
RET0001624,ORD0016950,P00264,2024-08-02,3,Quality Issue,Pending
RET0001625,ORD0101161,P00720,2025-12-15,1,Damaged,Pending
RET0001626,ORD0017155,P00312,2026-06-30,2,Quality Issue,Approved
RET0001627,ORD0085131,P01187,2026-07-07,1,Quality Issue,Approved
RET0001628,ORD0110003,P01703,2026-03-22,1,Quality Issue,Rejected
RET0001629,ORD0009489,P00893,2026-06-26,1,Damaged,Processed
RET0001630,ORD0116047,P01706,2025-08-06,1,Customer Changed Mind,Approved
RET0001631,ORD0006837,P01746,2024-03-22,1,Customer Changed Mind,Approved
RET0001632,ORD0003061,P01046,2025-07-26,2,Wrong Product,Approved
RET0001633,ORD0020391,P00369,2025-06-20,1,Customer Changed Mind,Processed
RET0001634,ORD0096790,P01498,2026-05-07,2,Damaged,Processed
RET0001635,ORD0057632,P01677,2026-04-16,1,Damaged,Approved
RET0001636,ORD0095516,P00694,2024-03-15,1,Quality Issue,Approved
RET0001637,ORD0030156,P01045,2025-07-28,1,Wrong Product,Approved
RET0001638,ORD0088986,P00538,2024-11-08,3,Quality Issue,Processed
RET0001639,ORD0109726,P01666,2025-07-28,1,Damaged,Rejected
RET0001640,ORD0073243,P00296,2025-05-27,2,Late Delivery,Processed
RET0001641,ORD0059451,P01095,2026-02-23,2,Customer Changed Mind,Processed
RET0001642,ORD0004352,P00444,2024-03-20,1,Quality Issue,Approved
RET0001643,ORD0000523,P00076,2024-07-06,1,Quality Issue,Processed
RET0001644,ORD0081740,P00708,2025-12-06,3,Customer Changed Mind,Approved
RET0001645,ORD0042690,P01247,2025-08-07,2,Quality Issue,Approved
RET0001646,ORD0086448,P01418,2024-03-06,2,Wrong Product,Processed
RET0001647,ORD0101508,P01043,2026-06-07,1,Quality Issue,Rejected
RET0001648,ORD0015065,P01784,2025-05-03,3,Damaged,Approved
RET0001649,ORD0004720,P01371,2024-06-23,3,Customer Changed Mind,Approved
RET0001650,ORD0039949,P01678,2024-11-26,1,Wrong Product,Rejected
RET0001651,ORD0079398,P01542,2026-03-13,1,Incorrect Size,Processed
RET0001652,ORD0056061,P01160,2026-08-03,1,Customer Changed Mind,Processed
RET0001653,ORD0115308,P01694,2025-08-03,1,Quality Issue,Approved
RET0001654,ORD0065508,P01169,2025-08-07,1,Customer Changed Mind,Rejected
RET0001655,ORD0083264,P01692,2024-05-14,1,Wrong Product,Approved
RET0001656,ORD0020410,P01158,2024-12-27,1,Wrong Product,Approved
RET0001657,ORD0078690,P00985,2025-08-04,1,Incorrect Size,Approved
RET0001658,ORD0077126,P01574,2026-04-19,1,Quality Issue,Approved
RET0001659,ORD0115540,P01577,2025-12-20,1,Damaged,Processed
RET0001660,ORD0034880,P01307,2025-10-10,1,Quality Issue,Processed
RET0001661,ORD0070830,P00414,2026-05-01,1,Customer Changed Mind,Approved
RET0001662,ORD0094004,P00192,2024-04-04,1,Damaged,Pending
RET0001663,ORD0009037,P00638,2026-04-25,1,Late Delivery,Processed
RET0001664,ORD0063380,P01553,2024-11-23,1,Damaged,Processed
RET0001665,ORD0022075,P01202,2025-11-04,1,Wrong Product,Approved
RET0001666,ORD0007879,P00065,2026-06-05,1,Quality Issue,Approved
RET0001667,ORD0011320,P01076,2024-09-21,1,Wrong Product,Processed
RET0001668,ORD0027159,P00988,2026-01-27,1,Incorrect Size,Processed
RET0001669,ORD0080887,P01458,2026-01-03,1,Quality Issue,Approved
RET0001670,ORD0007656,P00780,2025-12-06,1,Incorrect Size,Processed
RET0001671,ORD0070438,P01705,2026-06-13,1,Quality Issue,Approved
RET0001672,ORD0009163,P00899,2025-10-05,1,Incorrect Size,Approved
RET0001673,ORD0083743,P00538,2026-05-27,1,Customer Changed Mind,Approved
RET0001674,ORD0006486,P00444,2026-04-21,1,Late Delivery,Approved
RET0001675,ORD0016768,P00128,2025-11-02,1,Late Delivery,Approved
RET0001676,ORD0110521,P00094,2025-08-04,1,Incorrect Size,Rejected
RET0001677,ORD0112965,P01296,2025-02-18,2,Damaged,Processed
RET0001678,ORD0014204,P01820,2025-11-23,1,Late Delivery,Approved
RET0001679,ORD0115053,P01560,2025-01-15,1,Quality Issue,Approved
RET0001680,ORD0090957,P00261,2026-08-10,3,Customer Changed Mind,Processed
RET0001681,ORD0036622,P00107,2025-08-22,1,Incorrect Size,Approved
RET0001682,ORD0054633,P01933,2025-02-08,1,Customer Changed Mind,Processed
RET0001683,ORD0107258,P00762,2026-02-09,1,Wrong Product,Processed
RET0001684,ORD0091711,P01852,2025-02-14,1,Quality Issue,Rejected
RET0001685,ORD0006743,P01359,2024-03-26,1,Customer Changed Mind,Approved
RET0001686,ORD0099872,P01937,2024-12-19,1,Damaged,Pending
RET0001687,ORD0008284,P01373,2025-05-08,1,Damaged,Processed
RET0001688,ORD0005473,P00842,2026-05-17,1,Wrong Product,Processed
RET0001689,ORD0038891,P01631,2024-11-02,3,Quality Issue,Pending
RET0001690,ORD0056665,P00839,2025-04-30,1,Incorrect Size,Approved
RET0001691,ORD0021790,P00613,2026-05-25,1,Late Delivery,Approved
RET0001692,ORD0046372,P00354,2026-03-15,1,Damaged,Processed
RET0001693,ORD0014591,P01707,2026-05-11,2,Late Delivery,Processed
RET0001694,ORD0094589,P01440,2025-12-31,1,Incorrect Size,Rejected
RET0001695,ORD0041453,P00321,2026-04-09,1,Quality Issue,Processed
RET0001696,ORD0035310,P00041,2026-01-15,1,Wrong Product,Processed
RET0001697,ORD0070173,P01245,2025-11-11,2,Damaged,Approved
RET0001698,ORD0019400,P01824,2025-01-18,1,Incorrect Size,Approved
RET0001699,ORD0000103,P01612,2024-10-29,1,Incorrect Size,Processed
RET0001700,ORD0039468,P01275,2024-08-10,1,Damaged,Approved
RET0001701,ORD0021520,P01614,2026-04-07,1,Quality Issue,Approved
RET0001702,ORD0034749,P01011,2026-01-06,1,Damaged,Processed
RET0001703,ORD0100545,P01831,2025-08-05,2,Damaged,Processed
RET0001704,ORD0017378,P00686,2026-01-26,1,Quality Issue,Processed
RET0001705,ORD0083382,P01335,2026-05-04,1,Late Delivery,Approved
RET0001706,ORD0007977,P00207,2026-01-27,1,Customer Changed Mind,Approved
RET0001707,ORD0086117,P01421,2026-03-20,1,Incorrect Size,Processed
RET0001708,ORD0003958,P00314,2026-05-20,2,Incorrect Size,Rejected
RET0001709,ORD0074946,P01075,2025-02-01,1,Damaged,Approved
RET0001710,ORD0047566,P00422,2026-04-02,1,Quality Issue,Processed
RET0001711,ORD0096938,P01422,2025-12-01,1,Quality Issue,Processed
RET0001712,ORD0031807,P00908,2026-06-05,1,Late Delivery,Processed
RET0001713,ORD0007541,P00505,2026-05-20,1,Incorrect Size,Processed
RET0001714,ORD0008318,P00203,2026-02-23,1,Quality Issue,Approved
RET0001715,ORD0116698,P00106,2024-12-16,2,Damaged,Processed
RET0001716,ORD0054676,P01135,2025-11-17,1,Wrong Product,Approved
RET0001717,ORD0020309,P00717,2026-05-10,1,Quality Issue,Approved
RET0001718,ORD0069789,P00644,2025-11-08,1,Incorrect Size,Approved
RET0001719,ORD0035606,P01392,2026-04-01,1,Damaged,Approved
RET0001720,ORD0001868,P00699,2024-08-20,2,Damaged,Processed
RET0001721,ORD0044115,P00040,2025-11-22,1,Quality Issue,Rejected
RET0001722,ORD0004531,P00806,2025-12-24,1,Damaged,Approved
RET0001723,ORD0091035,P01788,2026-03-14,2,Damaged,Approved
RET0001724,ORD0008408,P01663,2025-11-30,3,Incorrect Size,Pending
RET0001725,ORD0006733,P00395,2026-03-12,2,Quality Issue,Approved
RET0001726,ORD0065913,P00851,2026-07-04,1,Incorrect Size,Approved
RET0001727,ORD0098823,P01833,2026-07-03,2,Quality Issue,Rejected
RET0001728,ORD0066909,P00688,2026-06-26,1,Customer Changed Mind,Pending
RET0001729,ORD0117818,P00964,2025-12-04,1,Incorrect Size,Processed
RET0001730,ORD0059324,P01918,2024-09-10,2,Wrong Product,Approved
RET0001731,ORD0084519,P00689,2025-06-07,2,Wrong Product,Processed
RET0001732,ORD0032150,P00271,2026-04-04,1,Incorrect Size,Rejected
RET0001733,ORD0118300,P00098,2024-05-09,1,Quality Issue,Rejected
RET0001734,ORD0081088,P00379,2024-08-06,1,Incorrect Size,Approved
RET0001735,ORD0011585,P00399,2026-03-20,1,Damaged,Rejected
RET0001736,ORD0063276,P00582,2026-06-22,1,Incorrect Size,Processed
RET0001737,ORD0105521,P01138,2025-10-24,1,Quality Issue,Approved
RET0001738,ORD0027433,P00405,2025-02-26,1,Quality Issue,Approved
RET0001739,ORD0050028,P00858,2026-06-27,2,Incorrect Size,Approved
RET0001740,ORD0014670,P00084,2024-08-16,2,Customer Changed Mind,Pending
RET0001741,ORD0110571,P01289,2026-07-21,2,Quality Issue,Approved
RET0001742,ORD0085901,P01850,2025-04-27,2,Quality Issue,Processed
RET0001743,ORD0080693,P01370,2025-05-25,1,Quality Issue,Approved
RET0001744,ORD0073201,P01653,2025-11-01,1,Incorrect Size,Processed
RET0001745,ORD0015187,P01707,2024-03-13,1,Quality Issue,Processed
RET0001746,ORD0029670,P01350,2026-05-09,1,Damaged,Pending
RET0001747,ORD0063512,P01618,2026-05-04,1,Wrong Product,Processed
RET0001748,ORD0032291,P01618,2024-04-24,1,Incorrect Size,Processed
RET0001749,ORD0022602,P01202,2025-08-26,1,Incorrect Size,Processed
RET0001750,ORD0080053,P00149,2026-02-12,1,Incorrect Size,Processed
RET0001751,ORD0022301,P01716,2026-02-04,1,Damaged,Pending
RET0001752,ORD0007400,P00918,2025-12-17,1,Customer Changed Mind,Processed
RET0001753,ORD0053273,P00399,2025-12-21,1,Quality Issue,Rejected
RET0001754,ORD0092697,P00490,2025-04-19,1,Quality Issue,Approved
RET0001755,ORD0038845,P01024,2026-05-25,1,Damaged,Processed
RET0001756,ORD0094061,P00207,2025-04-05,1,Quality Issue,Pending
RET0001757,ORD0038977,P01487,2025-01-29,1,Damaged,Rejected
RET0001758,ORD0107574,P00436,2025-10-27,1,Customer Changed Mind,Processed
RET0001759,ORD0117406,P00351,2026-01-12,1,Wrong Product,Approved
RET0001760,ORD0076287,P00379,2026-07-15,2,Damaged,Processed
RET0001761,ORD0031998,P01355,2026-05-27,1,Damaged,Approved
RET0001762,ORD0116903,P00687,2025-08-15,1,Incorrect Size,Pending
RET0001763,ORD0031737,P00689,2025-01-22,1,Quality Issue,Approved
RET0001764,ORD0095095,P01218,2025-07-07,1,Incorrect Size,Approved
RET0001765,ORD0078887,P00818,2024-07-25,1,Customer Changed Mind,Processed
RET0001766,ORD0089361,P00940,2026-01-25,2,Customer Changed Mind,Approved
RET0001767,ORD0018744,P00372,2026-05-30,1,Customer Changed Mind,Approved
RET0001768,ORD0017802,P01952,2026-02-15,1,Quality Issue,Approved
RET0001769,ORD0074169,P01044,2026-07-17,1,Customer Changed Mind,Pending
RET0001770,ORD0055763,P01786,2025-06-05,1,Quality Issue,Processed
RET0001771,ORD0052931,P00252,2025-07-10,3,Quality Issue,Pending
RET0001772,ORD0000559,P00047,2025-08-04,1,Incorrect Size,Approved
RET0001773,ORD0076909,P00221,2024-10-07,1,Wrong Product,Approved
RET0001774,ORD0069832,P00046,2025-03-31,2,Late Delivery,Approved
RET0001775,ORD0083339,P01603,2025-07-13,1,Wrong Product,Approved
RET0001776,ORD0044031,P01449,2024-06-21,1,Damaged,Approved
RET0001777,ORD0029928,P00805,2025-12-30,1,Quality Issue,Approved
RET0001778,ORD0079795,P01416,2026-08-05,1,Late Delivery,Approved
RET0001779,ORD0035441,P00647,2026-03-30,1,Quality Issue,Processed
RET0001780,ORD0033000,P01104,2026-07-14,2,Damaged,Approved
RET0001781,ORD0109881,P01154,2025-10-15,3,Incorrect Size,Processed
RET0001782,ORD0002747,P01020,2024-08-28,1,Incorrect Size,Approved
RET0001783,ORD0021860,P01204,2026-06-05,2,Customer Changed Mind,Processed
RET0001784,ORD0119844,P00147,2026-05-07,1,Incorrect Size,Processed
RET0001785,ORD0075784,P00131,2025-12-29,1,Wrong Product,Processed
RET0001786,ORD0083272,P00259,2025-05-21,1,Quality Issue,Rejected
RET0001787,ORD0038876,P00517,2024-03-13,2,Incorrect Size,Approved
RET0001788,ORD0067951,P00125,2025-08-03,1,Quality Issue,Approved
RET0001789,ORD0079219,P01267,2026-06-17,1,Quality Issue,Rejected
RET0001790,ORD0007083,P00825,2026-01-12,1,Customer Changed Mind,Pending
RET0001791,ORD0075144,P01713,2025-05-16,1,Quality Issue,Processed
RET0001792,ORD0034103,P01544,2026-05-12,2,Quality Issue,Processed
RET0001793,ORD0089176,P00239,2024-07-16,1,Damaged,Processed
RET0001794,ORD0082736,P01193,2026-06-11,1,Damaged,Pending
RET0001795,ORD0112444,P01459,2026-01-07,2,Quality Issue,Approved
RET0001796,ORD0006431,P01587,2025-01-28,1,Quality Issue,Approved
RET0001797,ORD0022895,P01547,2025-02-17,1,Late Delivery,Rejected
RET0001798,ORD0025986,P01604,2026-05-21,3,Incorrect Size,Processed
RET0001799,ORD0111722,P01688,2024-03-25,2,Quality Issue,Approved
RET0001800,ORD0109972,P00153,2026-05-18,1,Customer Changed Mind,Approved
RET0001801,ORD0019957,P00021,2024-03-16,1,Customer Changed Mind,Processed
RET0001802,ORD0018652,P00172,2025-12-18,1,Quality Issue,Processed
RET0001803,ORD0030221,P01961,2025-07-14,1,Quality Issue,Processed
RET0001804,ORD0072594,P01183,2026-06-05,1,Late Delivery,Approved
RET0001805,ORD0045746,P01229,2025-05-11,1,Late Delivery,Approved
RET0001806,ORD0037709,P00507,2026-04-24,1,Quality Issue,Processed
RET0001807,ORD0009857,P01240,2025-10-04,1,Quality Issue,Approved
RET0001808,ORD0031069,P00539,2024-11-12,1,Incorrect Size,Processed
RET0001809,ORD0005627,P01582,2025-12-10,2,Damaged,Processed
RET0001810,ORD0105649,P01089,2025-02-11,1,Quality Issue,Approved
RET0001811,ORD0054626,P00908,2024-06-14,1,Late Delivery,Processed
RET0001812,ORD0015234,P00145,2025-05-17,1,Damaged,Approved
RET0001813,ORD0113045,P00313,2025-05-25,1,Quality Issue,Processed
RET0001814,ORD0045745,P01459,2025-06-24,1,Quality Issue,Processed
RET0001815,ORD0099690,P01482,2025-12-12,3,Late Delivery,Processed
RET0001816,ORD0020869,P01828,2024-11-05,3,Quality Issue,Rejected
RET0001817,ORD0107322,P00880,2025-11-30,3,Customer Changed Mind,Approved
RET0001818,ORD0019931,P01229,2026-07-11,1,Wrong Product,Processed
RET0001819,ORD0102485,P01682,2025-02-22,2,Customer Changed Mind,Approved
RET0001820,ORD0045795,P01696,2025-09-10,2,Customer Changed Mind,Pending
RET0001821,ORD0107680,P00466,2025-03-19,1,Quality Issue,Approved
RET0001822,ORD0093733,P01203,2025-09-24,1,Incorrect Size,Processed
RET0001823,ORD0064137,P01606,2025-02-11,1,Quality Issue,Approved
RET0001824,ORD0087399,P01003,2024-07-06,1,Wrong Product,Approved
RET0001825,ORD0053224,P00092,2025-11-24,1,Customer Changed Mind,Approved
RET0001826,ORD0054522,P01046,2026-04-21,1,Damaged,Approved
RET0001827,ORD0024096,P00513,2026-05-19,1,Quality Issue,Approved
RET0001828,ORD0108980,P01314,2026-05-10,1,Wrong Product,Approved
RET0001829,ORD0037121,P00232,2026-01-31,2,Late Delivery,Processed
RET0001830,ORD0063271,P00518,2026-06-28,2,Quality Issue,Approved
RET0001831,ORD0089209,P00340,2026-02-12,3,Quality Issue,Approved
RET0001832,ORD0096074,P01275,2026-06-18,1,Wrong Product,Pending
RET0001833,ORD0091548,P00731,2024-01-11,1,Customer Changed Mind,Processed
RET0001834,ORD0035533,P01952,2026-04-01,1,Quality Issue,Approved
RET0001835,ORD0077285,P01149,2026-07-12,3,Late Delivery,Approved
RET0001836,ORD0029309,P00538,2025-04-30,1,Damaged,Processed
RET0001837,ORD0013472,P00106,2025-12-11,1,Incorrect Size,Processed
RET0001838,ORD0026400,P01077,2025-02-02,1,Late Delivery,Rejected
RET0001839,ORD0026059,P00610,2026-04-17,1,Customer Changed Mind,Processed
RET0001840,ORD0028005,P01666,2026-06-28,1,Wrong Product,Pending
RET0001841,ORD0031348,P00477,2026-01-09,1,Customer Changed Mind,Processed
RET0001842,ORD0090644,P01894,2025-01-04,1,Customer Changed Mind,Pending
RET0001843,ORD0071418,P00385,2026-06-18,1,Wrong Product,Processed
RET0001844,ORD0010319,P01591,2026-07-16,2,Late Delivery,Processed
RET0001845,ORD0071662,P00159,2024-07-07,1,Customer Changed Mind,Processed
RET0001846,ORD0000843,P00398,2025-04-30,2,Incorrect Size,Processed
RET0001847,ORD0039584,P01021,2025-12-19,1,Incorrect Size,Approved
RET0001848,ORD0077100,P00858,2024-06-06,2,Wrong Product,Approved
RET0001849,ORD0106239,P01660,2026-05-22,1,Damaged,Approved
RET0001850,ORD0001342,P00975,2026-02-05,1,Quality Issue,Approved
RET0001851,ORD0101840,P01509,2024-05-19,3,Incorrect Size,Rejected
RET0001852,ORD0011375,P01093,2024-03-10,1,Incorrect Size,Processed
RET0001853,ORD0084801,P01250,2026-06-11,1,Damaged,Approved
RET0001854,ORD0063240,P00912,2026-07-08,3,Wrong Product,Approved
RET0001855,ORD0095681,P00456,2026-03-17,1,Damaged,Approved
RET0001856,ORD0008168,P01560,2026-06-10,1,Quality Issue,Processed
RET0001857,ORD0113003,P01783,2025-10-09,3,Quality Issue,Pending
RET0001858,ORD0062314,P01136,2026-06-27,1,Late Delivery,Approved
RET0001859,ORD0001884,P00406,2025-12-12,1,Late Delivery,Approved
RET0001860,ORD0037173,P00006,2026-04-14,1,Wrong Product,Pending
RET0001861,ORD0052620,P01734,2026-03-29,2,Quality Issue,Processed
RET0001862,ORD0007775,P00092,2025-10-27,2,Damaged,Rejected
RET0001863,ORD0085775,P00469,2025-06-21,1,Quality Issue,Approved
RET0001864,ORD0016819,P01492,2026-04-21,1,Quality Issue,Approved
RET0001865,ORD0021328,P00332,2025-12-24,1,Quality Issue,Processed
RET0001866,ORD0076350,P01772,2026-05-17,1,Customer Changed Mind,Approved
RET0001867,ORD0048085,P00825,2025-10-01,1,Quality Issue,Rejected
RET0001868,ORD0107093,P01003,2026-03-08,1,Quality Issue,Processed
RET0001869,ORD0052339,P00068,2025-10-16,1,Damaged,Approved
RET0001870,ORD0008391,P00527,2025-11-02,1,Wrong Product,Processed
RET0001871,ORD0043835,P01519,2026-06-07,1,Quality Issue,Processed
RET0001872,ORD0037512,P01506,2024-08-14,1,Wrong Product,Pending
RET0001873,ORD0103426,P00407,2025-02-18,1,Damaged,Approved
RET0001874,ORD0100575,P01454,2025-06-13,1,Damaged,Processed
RET0001875,ORD0028691,P00808,2025-10-12,1,Damaged,Approved
RET0001876,ORD0016328,P01767,2025-08-31,1,Customer Changed Mind,Rejected
RET0001877,ORD0051847,P01883,2024-04-22,1,Quality Issue,Processed
RET0001878,ORD0094100,P01836,2025-07-27,3,Wrong Product,Approved
RET0001879,ORD0070137,P00944,2025-03-07,1,Quality Issue,Processed
RET0001880,ORD0027045,P01292,2025-10-21,1,Wrong Product,Processed
RET0001881,ORD0031661,P00463,2024-01-31,1,Customer Changed Mind,Processed
RET0001882,ORD0059177,P00408,2025-06-06,3,Wrong Product,Approved
RET0001883,ORD0025322,P01818,2026-03-28,1,Quality Issue,Processed
RET0001884,ORD0098973,P00859,2026-04-15,1,Incorrect Size,Processed
RET0001885,ORD0017834,P00510,2024-05-31,1,Customer Changed Mind,Approved
RET0001886,ORD0023208,P00387,2026-02-16,1,Damaged,Approved
RET0001887,ORD0072427,P00020,2025-08-04,1,Wrong Product,Rejected
RET0001888,ORD0054142,P01952,2025-08-19,3,Damaged,Processed
RET0001889,ORD0058172,P00764,2025-11-01,1,Incorrect Size,Approved
RET0001890,ORD0101366,P00988,2025-08-01,1,Damaged,Rejected
RET0001891,ORD0072128,P01148,2026-07-25,1,Incorrect Size,Approved
RET0001892,ORD0071281,P01924,2025-09-05,1,Quality Issue,Processed
RET0001893,ORD0091797,P00220,2026-01-19,2,Late Delivery,Processed
RET0001894,ORD0002988,P00479,2025-06-02,3,Incorrect Size,Approved
RET0001895,ORD0076047,P01970,2024-03-08,1,Damaged,Pending
RET0001896,ORD0096773,P00841,2026-07-15,1,Quality Issue,Processed
RET0001897,ORD0011502,P00662,2025-05-02,1,Damaged,Approved
RET0001898,ORD0057278,P01945,2026-02-10,1,Incorrect Size,Pending
RET0001899,ORD0103885,P01114,2025-07-09,1,Late Delivery,Pending
RET0001900,ORD0024274,P00477,2025-02-20,1,Damaged,Processed
RET0001901,ORD0029200,P00810,2026-01-25,1,Incorrect Size,Approved
RET0001902,ORD0092560,P01049,2024-10-07,1,Damaged,Approved
RET0001903,ORD0107662,P01704,2026-01-07,1,Damaged,Processed
RET0001904,ORD0079790,P01102,2025-11-08,2,Quality Issue,Pending
RET0001905,ORD0075355,P01784,2025-10-25,3,Customer Changed Mind,Approved
RET0001906,ORD0036934,P00532,2026-02-15,3,Incorrect Size,Approved
RET0001907,ORD0054111,P00600,2024-10-07,1,Quality Issue,Approved
RET0001908,ORD0020648,P00828,2025-12-15,1,Quality Issue,Approved
RET0001909,ORD0114343,P01058,2026-01-09,1,Wrong Product,Processed
RET0001910,ORD0024737,P01747,2025-12-05,2,Damaged,Approved
RET0001911,ORD0087891,P01761,2024-07-09,1,Incorrect Size,Processed
RET0001912,ORD0045617,P01185,2026-07-03,1,Damaged,Processed
RET0001913,ORD0052505,P01739,2026-06-24,1,Late Delivery,Approved
RET0001914,ORD0052211,P00169,2026-04-30,1,Wrong Product,Rejected
RET0001915,ORD0089673,P00059,2025-02-07,1,Wrong Product,Approved
RET0001916,ORD0078896,P01706,2024-12-13,1,Quality Issue,Approved
RET0001917,ORD0108356,P01982,2026-04-01,1,Quality Issue,Processed
RET0001918,ORD0027678,P01196,2026-06-14,2,Quality Issue,Processed
RET0001919,ORD0044521,P00743,2026-05-11,1,Incorrect Size,Approved
RET0001920,ORD0105211,P00254,2026-07-14,1,Wrong Product,Pending
RET0001921,ORD0074565,P00890,2026-05-15,1,Customer Changed Mind,Approved
RET0001922,ORD0067652,P00533,2026-04-19,1,Damaged,Approved
RET0001923,ORD0021603,P01292,2026-03-28,2,Quality Issue,Processed
RET0001924,ORD0035443,P01304,2026-05-21,2,Customer Changed Mind,Pending
RET0001925,ORD0000598,P01685,2025-08-26,2,Late Delivery,Processed
RET0001926,ORD0106818,P01552,2024-05-19,1,Damaged,Approved
RET0001927,ORD0072493,P00430,2024-08-26,1,Quality Issue,Approved
RET0001928,ORD0084132,P01794,2026-01-26,3,Quality Issue,Approved
RET0001929,ORD0082777,P00033,2025-07-23,2,Incorrect Size,Processed
RET0001930,ORD0015199,P01594,2024-06-23,1,Damaged,Processed
RET0001931,ORD0115525,P01870,2026-03-06,1,Incorrect Size,Approved
RET0001932,ORD0017631,P00610,2025-06-30,2,Wrong Product,Processed
RET0001933,ORD0027015,P01300,2025-12-19,1,Customer Changed Mind,Processed
RET0001934,ORD0044862,P00949,2026-04-03,1,Wrong Product,Approved
RET0001935,ORD0029794,P01245,2025-10-25,2,Wrong Product,Approved
RET0001936,ORD0043678,P00331,2026-01-31,1,Late Delivery,Processed
RET0001937,ORD0007628,P00229,2026-04-10,1,Wrong Product,Approved
RET0001938,ORD0044317,P01036,2026-06-26,1,Customer Changed Mind,Approved
RET0001939,ORD0092653,P01407,2026-02-07,1,Quality Issue,Approved
RET0001940,ORD0055077,P01933,2025-04-10,1,Incorrect Size,Processed
RET0001941,ORD0044319,P01839,2025-09-09,1,Quality Issue,Processed
RET0001942,ORD0075143,P01783,2025-11-03,1,Quality Issue,Processed
RET0001943,ORD0070716,P01984,2026-03-26,1,Damaged,Approved
RET0001944,ORD0000544,P00744,2026-07-09,3,Quality Issue,Processed
RET0001945,ORD0100785,P00392,2026-06-14,1,Damaged,Approved
RET0001946,ORD0099684,P01539,2024-02-18,1,Wrong Product,Processed
RET0001947,ORD0031319,P00159,2025-03-25,1,Damaged,Pending
RET0001948,ORD0045676,P00229,2025-04-17,1,Quality Issue,Processed
RET0001949,ORD0016637,P00459,2026-07-17,1,Customer Changed Mind,Approved
RET0001950,ORD0048689,P01093,2025-08-16,1,Quality Issue,Processed
RET0001951,ORD0036889,P01645,2025-09-28,1,Customer Changed Mind,Approved
RET0001952,ORD0020550,P01965,2026-07-02,1,Customer Changed Mind,Approved
RET0001953,ORD0066913,P01858,2025-07-10,1,Customer Changed Mind,Pending
RET0001954,ORD0013327,P00730,2026-04-29,1,Damaged,Approved
RET0001955,ORD0055679,P01696,2026-05-13,1,Customer Changed Mind,Approved
RET0001956,ORD0069540,P01091,2025-12-15,1,Quality Issue,Processed
RET0001957,ORD0087054,P01696,2025-06-03,1,Late Delivery,Processed
RET0001958,ORD0041112,P01718,2024-06-09,3,Damaged,Processed
RET0001959,ORD0046114,P01598,2025-10-29,2,Quality Issue,Approved
RET0001960,ORD0046735,P01744,2026-05-24,1,Customer Changed Mind,Processed
RET0001961,ORD0027536,P00635,2024-11-13,2,Damaged,Approved
RET0001962,ORD0051153,P00786,2025-07-16,1,Damaged,Pending
RET0001963,ORD0038296,P01280,2026-06-05,1,Customer Changed Mind,Approved
RET0001964,ORD0068313,P01097,2025-12-21,1,Customer Changed Mind,Approved
RET0001965,ORD0010792,P01111,2026-01-11,1,Quality Issue,Processed
RET0001966,ORD0029217,P00545,2026-03-15,1,Wrong Product,Approved
RET0001967,ORD0111181,P01863,2025-08-31,1,Quality Issue,Processed
RET0001968,ORD0090250,P00465,2026-03-13,1,Wrong Product,Approved
RET0001969,ORD0083152,P01668,2025-03-30,1,Quality Issue,Approved
RET0001970,ORD0102712,P01046,2024-11-07,1,Quality Issue,Approved
RET0001971,ORD0032704,P00550,2025-10-24,1,Customer Changed Mind,Approved
RET0001972,ORD0062018,P01409,2026-04-23,1,Damaged,Approved
RET0001973,ORD0081888,P00173,2026-06-20,1,Late Delivery,Approved
RET0001974,ORD0052683,P01774,2025-05-16,1,Incorrect Size,Approved
RET0001975,ORD0089397,P00655,2025-01-24,2,Incorrect Size,Processed
RET0001976,ORD0119408,P00853,2026-04-10,1,Wrong Product,Processed
RET0001977,ORD0104249,P00541,2025-08-18,1,Quality Issue,Approved
RET0001978,ORD0037284,P01020,2026-06-08,1,Customer Changed Mind,Approved
RET0001979,ORD0034408,P00574,2025-08-14,1,Damaged,Approved
RET0001980,ORD0030284,P00058,2024-03-02,2,Quality Issue,Approved
RET0001981,ORD0088081,P01753,2025-09-12,1,Late Delivery,Processed
RET0001982,ORD0088934,P01953,2024-10-18,1,Late Delivery,Approved
RET0001983,ORD0009384,P00860,2026-05-20,2,Quality Issue,Pending
RET0001984,ORD0038942,P00065,2024-10-07,1,Customer Changed Mind,Processed
RET0001985,ORD0013092,P01859,2025-10-28,1,Quality Issue,Approved
RET0001986,ORD0062687,P01274,2025-12-04,2,Customer Changed Mind,Approved
RET0001987,ORD0069244,P01339,2026-01-03,1,Damaged,Approved
RET0001988,ORD0077054,P01409,2024-04-02,2,Customer Changed Mind,Approved
RET0001989,ORD0090853,P01158,2026-05-28,2,Incorrect Size,Processed
RET0001990,ORD0046521,P00735,2025-12-14,1,Customer Changed Mind,Approved
RET0001991,ORD0009975,P01484,2025-09-12,2,Damaged,Approved
RET0001992,ORD0118851,P00860,2025-11-29,1,Quality Issue,Approved
RET0001993,ORD0087458,P00192,2024-06-23,1,Incorrect Size,Processed
RET0001994,ORD0032953,P01928,2025-10-11,1,Incorrect Size,Approved
RET0001995,ORD0028757,P00033,2026-01-28,3,Late Delivery,Pending
RET0001996,ORD0054883,P01954,2025-06-13,2,Customer Changed Mind,Approved
RET0001997,ORD0069735,P01453,2026-07-01,1,Quality Issue,Approved
RET0001998,ORD0075119,P00258,2025-01-08,1,Quality Issue,Approved
RET0001999,ORD0097296,P01415,2026-01-01,1,Incorrect Size,Processed
RET0002000,ORD0072690,P00531,2025-05-16,1,Quality Issue,Approved
RET0002001,ORD0011571,P00125,2026-01-24,1,Customer Changed Mind,Processed
RET0002002,ORD0088327,P01508,2026-05-19,1,Damaged,Approved
RET0002003,ORD0114850,P00255,2025-12-02,1,Late Delivery,Approved
RET0002004,ORD0100226,P01775,2024-04-23,1,Damaged,Approved
RET0002005,ORD0024684,P01480,2025-12-16,1,Damaged,Processed
RET0002006,ORD0015679,P00263,2025-12-18,1,Customer Changed Mind,Processed
RET0002007,ORD0076825,P00309,2026-06-13,1,Quality Issue,Processed
RET0002008,ORD0119548,P01609,2025-08-11,3,Incorrect Size,Pending
RET0002009,ORD0055536,P01950,2025-10-05,3,Quality Issue,Approved
RET0002010,ORD0005896,P00686,2025-12-23,1,Incorrect Size,Rejected
RET0002011,ORD0066046,P01711,2026-07-31,1,Quality Issue,Approved
RET0002012,ORD0101669,P01413,2025-04-14,1,Quality Issue,Approved
RET0002013,ORD0064444,P01023,2026-05-01,2,Damaged,Processed
RET0002014,ORD0107144,P00696,2026-02-04,2,Quality Issue,Approved
RET0002015,ORD0036366,P01876,2025-01-01,1,Damaged,Approved
RET0002016,ORD0016511,P01830,2024-10-26,1,Damaged,Processed
RET0002017,ORD0096449,P00710,2026-02-03,1,Damaged,Approved
RET0002018,ORD0108854,P01453,2026-01-17,1,Quality Issue,Approved
RET0002019,ORD0092799,P00815,2025-09-27,1,Quality Issue,Processed
RET0002020,ORD0070974,P01019,2025-06-15,1,Incorrect Size,Approved
RET0002021,ORD0071648,P01908,2026-03-06,1,Incorrect Size,Approved
RET0002022,ORD0024182,P00546,2025-07-09,1,Incorrect Size,Approved
RET0002023,ORD0018862,P00658,2024-07-03,1,Damaged,Pending
RET0002024,ORD0109268,P01405,2026-01-07,1,Incorrect Size,Pending
RET0002025,ORD0064439,P01293,2024-08-25,2,Incorrect Size,Processed
RET0002026,ORD0113017,P01405,2026-05-24,1,Incorrect Size,Approved
RET0002027,ORD0007196,P01039,2026-06-02,1,Damaged,Approved
RET0002028,ORD0058418,P00628,2024-12-14,2,Damaged,Approved
RET0002029,ORD0028331,P00545,2024-10-02,1,Incorrect Size,Processed
RET0002030,ORD0087452,P01208,2026-06-21,2,Wrong Product,Processed
RET0002031,ORD0007856,P01903,2026-01-16,1,Customer Changed Mind,Processed
RET0002032,ORD0022574,P00075,2024-12-02,1,Customer Changed Mind,Approved
RET0002033,ORD0071182,P00380,2025-10-21,2,Damaged,Rejected
RET0002034,ORD0084233,P01995,2025-12-25,1,Damaged,Approved
RET0002035,ORD0099461,P00237,2026-06-09,2,Incorrect Size,Approved
RET0002036,ORD0087255,P00382,2024-07-17,1,Incorrect Size,Processed
RET0002037,ORD0032664,P01901,2025-03-08,2,Incorrect Size,Processed
RET0002038,ORD0097365,P00128,2026-06-19,1,Wrong Product,Rejected
RET0002039,ORD0072042,P00473,2026-02-19,1,Wrong Product,Approved
RET0002040,ORD0020486,P00891,2026-05-17,1,Customer Changed Mind,Pending
RET0002041,ORD0102600,P01352,2025-07-02,1,Customer Changed Mind,Approved
RET0002042,ORD0071844,P00075,2026-03-06,2,Damaged,Approved
RET0002043,ORD0117656,P00521,2025-11-02,2,Quality Issue,Approved
RET0002044,ORD0025618,P01216,2026-07-01,1,Incorrect Size,Approved
RET0002045,ORD0083297,P00733,2026-04-21,1,Late Delivery,Rejected
RET0002046,ORD0079764,P00437,2025-04-20,1,Customer Changed Mind,Approved
RET0002047,ORD0076699,P01456,2026-07-25,1,Customer Changed Mind,Approved
RET0002048,ORD0022786,P00452,2025-08-24,1,Damaged,Approved
RET0002049,ORD0096184,P01007,2025-01-11,2,Wrong Product,Processed
RET0002050,ORD0046982,P00554,2024-01-09,1,Late Delivery,Pending
RET0002051,ORD0059368,P00106,2026-07-02,2,Customer Changed Mind,Processed
RET0002052,ORD0119377,P01705,2026-01-15,1,Late Delivery,Approved
RET0002053,ORD0109162,P00350,2026-07-11,1,Incorrect Size,Approved
RET0002054,ORD0030657,P01667,2026-02-02,1,Wrong Product,Approved
RET0002055,ORD0015122,P01457,2025-06-16,1,Damaged,Pending
RET0002056,ORD0029776,P00709,2025-04-04,1,Damaged,Approved
RET0002057,ORD0076359,P00331,2026-05-31,1,Damaged,Pending
RET0002058,ORD0023466,P00978,2026-01-29,1,Late Delivery,Processed
RET0002059,ORD0055106,P01572,2026-05-29,1,Quality Issue,Processed
RET0002060,ORD0029984,P00633,2025-09-22,2,Incorrect Size,Processed
RET0002061,ORD0021497,P01106,2025-08-01,3,Quality Issue,Approved
RET0002062,ORD0118182,P01586,2025-01-28,2,Customer Changed Mind,Approved
RET0002063,ORD0067320,P01830,2025-11-30,1,Damaged,Approved
RET0002064,ORD0018696,P00683,2026-01-08,1,Customer Changed Mind,Approved
RET0002065,ORD0033294,P00066,2024-11-22,1,Customer Changed Mind,Processed
RET0002066,ORD0118499,P01209,2025-11-06,1,Incorrect Size,Approved
RET0002067,ORD0037648,P00970,2026-03-13,1,Customer Changed Mind,Rejected
RET0002068,ORD0039715,P01469,2025-08-12,1,Wrong Product,Rejected
RET0002069,ORD0063760,P01904,2025-08-01,1,Wrong Product,Approved
RET0002070,ORD0108748,P00202,2025-05-28,1,Damaged,Approved
RET0002071,ORD0030192,P01454,2024-06-05,1,Incorrect Size,Approved
RET0002072,ORD0013380,P00869,2026-03-17,2,Damaged,Approved
RET0002073,ORD0069515,P01939,2026-06-28,1,Damaged,Processed
RET0002074,ORD0087189,P00209,2025-08-10,1,Wrong Product,Processed
RET0002075,ORD0011900,P00020,2026-06-19,1,Quality Issue,Processed
RET0002076,ORD0106881,P00973,2026-01-28,1,Late Delivery,Approved
RET0002077,ORD0113755,P00753,2026-07-12,2,Quality Issue,Rejected
RET0002078,ORD0076937,P01295,2024-06-22,1,Customer Changed Mind,Processed
RET0002079,ORD0093563,P00600,2026-03-26,1,Damaged,Pending
RET0002080,ORD0017234,P00459,2025-12-26,1,Incorrect Size,Processed
RET0002081,ORD0107197,P01523,2026-04-17,1,Wrong Product,Processed
RET0002082,ORD0079884,P00187,2025-11-06,1,Damaged,Approved
RET0002083,ORD0029138,P00396,2026-04-02,2,Late Delivery,Rejected
RET0002084,ORD0038180,P00832,2024-04-11,2,Damaged,Approved
RET0002085,ORD0001389,P00490,2026-04-08,2,Damaged,Approved
RET0002086,ORD0061555,P01673,2024-02-17,1,Quality Issue,Approved
RET0002087,ORD0018472,P00486,2026-01-02,1,Customer Changed Mind,Approved
RET0002088,ORD0080763,P01666,2025-12-26,1,Wrong Product,Approved
RET0002089,ORD0039489,P01050,2026-01-24,1,Customer Changed Mind,Approved
RET0002090,ORD0023058,P01418,2025-03-24,2,Quality Issue,Processed
RET0002091,ORD0060790,P00387,2025-09-22,1,Damaged,Processed
RET0002092,ORD0093383,P00689,2025-05-22,3,Damaged,Pending
RET0002093,ORD0107125,P00125,2025-10-25,2,Quality Issue,Processed
RET0002094,ORD0055040,P00344,2025-10-21,1,Quality Issue,Approved
RET0002095,ORD0017405,P01068,2024-10-15,1,Incorrect Size,Processed
RET0002096,ORD0022034,P00314,2025-02-16,1,Customer Changed Mind,Processed
RET0002097,ORD0091149,P00519,2026-01-14,1,Damaged,Approved
RET0002098,ORD0011035,P01396,2026-03-28,1,Late Delivery,Pending
RET0002099,ORD0018058,P00895,2025-02-13,2,Quality Issue,Pending
RET0002100,ORD0109120,P00520,2025-07-31,1,Damaged,Approved
RET0002101,ORD0102642,P01195,2026-05-03,1,Late Delivery,Rejected
RET0002102,ORD0076236,P00900,2024-08-02,1,Wrong Product,Approved
RET0002103,ORD0112388,P00597,2025-12-15,3,Incorrect Size,Pending
RET0002104,ORD0002455,P01644,2025-09-11,1,Incorrect Size,Processed
RET0002105,ORD0093703,P00679,2026-02-07,1,Customer Changed Mind,Approved
RET0002106,ORD0063239,P00963,2025-01-23,2,Incorrect Size,Processed
RET0002107,ORD0038105,P00996,2026-05-17,1,Incorrect Size,Processed
RET0002108,ORD0014789,P00829,2025-04-17,1,Damaged,Approved
RET0002109,ORD0049130,P01488,2026-06-01,1,Customer Changed Mind,Processed
RET0002110,ORD0087357,P01175,2024-04-28,1,Quality Issue,Processed
RET0002111,ORD0033313,P00639,2026-01-29,1,Damaged,Processed
RET0002112,ORD0077902,P00634,2026-01-11,1,Customer Changed Mind,Processed
RET0002113,ORD0019842,P00474,2026-08-02,1,Wrong Product,Approved
RET0002114,ORD0118197,P00641,2026-03-22,3,Incorrect Size,Approved
RET0002115,ORD0095676,P01188,2025-11-10,1,Customer Changed Mind,Processed
RET0002116,ORD0015449,P00652,2026-05-11,3,Quality Issue,Approved
RET0002117,ORD0026158,P01203,2026-06-05,1,Customer Changed Mind,Approved
RET0002118,ORD0097835,P01816,2025-03-05,1,Damaged,Pending
RET0002119,ORD0115764,P00936,2025-11-25,2,Incorrect Size,Processed
RET0002120,ORD0018316,P00708,2025-11-02,1,Damaged,Processed
RET0002121,ORD0001319,P01229,2025-11-24,2,Damaged,Processed
RET0002122,ORD0077043,P00648,2026-06-29,2,Customer Changed Mind,Rejected
RET0002123,ORD0028747,P00538,2026-06-16,1,Quality Issue,Rejected
RET0002124,ORD0107245,P00095,2025-08-11,1,Customer Changed Mind,Approved
RET0002125,ORD0010144,P01135,2024-06-01,1,Damaged,Approved
RET0002126,ORD0083534,P00849,2025-08-16,2,Customer Changed Mind,Approved
RET0002127,ORD0037786,P01045,2025-08-15,3,Wrong Product,Approved
RET0002128,ORD0086576,P01204,2026-07-18,1,Damaged,Approved
RET0002129,ORD0055442,P00401,2025-11-01,1,Late Delivery,Processed
RET0002130,ORD0092391,P01524,2024-04-30,2,Damaged,Processed
RET0002131,ORD0078243,P00489,2026-05-19,1,Wrong Product,Pending
RET0002132,ORD0108509,P00442,2026-05-02,1,Quality Issue,Approved
RET0002133,ORD0103427,P01269,2026-06-22,1,Quality Issue,Approved
RET0002134,ORD0084261,P00390,2024-05-21,1,Wrong Product,Approved
RET0002135,ORD0066090,P00653,2025-04-28,1,Customer Changed Mind,Approved
RET0002136,ORD0107126,P00215,2025-07-07,1,Wrong Product,Approved
RET0002137,ORD0024414,P01438,2025-08-20,2,Incorrect Size,Pending
RET0002138,ORD0067761,P00808,2024-12-16,1,Wrong Product,Approved
RET0002139,ORD0118255,P00193,2025-03-27,1,Wrong Product,Processed
RET0002140,ORD0060403,P00178,2024-08-24,1,Customer Changed Mind,Approved
RET0002141,ORD0081840,P00710,2024-07-08,2,Wrong Product,Processed
RET0002142,ORD0040184,P00222,2024-12-31,1,Damaged,Rejected
RET0002143,ORD0042835,P00386,2025-08-04,1,Damaged,Pending
RET0002144,ORD0055811,P00419,2026-01-08,1,Quality Issue,Approved
RET0002145,ORD0069071,P00017,2025-01-10,1,Quality Issue,Pending
RET0002146,ORD0048372,P01060,2025-07-29,1,Quality Issue,Approved
RET0002147,ORD0080251,P00902,2024-04-10,1,Quality Issue,Processed
RET0002148,ORD0029996,P00809,2025-11-18,1,Customer Changed Mind,Approved
RET0002149,ORD0069262,P00463,2025-11-25,1,Incorrect Size,Processed
RET0002150,ORD0019915,P01415,2024-08-12,1,Quality Issue,Processed
RET0002151,ORD0007120,P00140,2025-10-03,2,Quality Issue,Rejected
RET0002152,ORD0070937,P00297,2025-11-10,1,Quality Issue,Rejected
RET0002153,ORD0079118,P01078,2026-03-19,2,Customer Changed Mind,Approved
RET0002154,ORD0014272,P00170,2026-01-11,1,Wrong Product,Rejected
RET0002155,ORD0018956,P01817,2026-01-08,2,Customer Changed Mind,Approved
RET0002156,ORD0102483,P00741,2024-04-19,2,Damaged,Approved
RET0002157,ORD0000884,P00404,2025-04-10,2,Customer Changed Mind,Approved
RET0002158,ORD0065122,P01167,2026-06-02,1,Damaged,Approved
RET0002159,ORD0117303,P00310,2026-05-16,1,Damaged,Approved
RET0002160,ORD0091336,P01782,2025-08-09,1,Incorrect Size,Processed
RET0002161,ORD0083208,P01189,2026-07-05,1,Quality Issue,Approved
RET0002162,ORD0032642,P01152,2026-03-24,2,Late Delivery,Processed
RET0002163,ORD0004047,P00520,2024-09-20,1,Customer Changed Mind,Approved
RET0002164,ORD0102905,P01584,2025-12-15,1,Late Delivery,Processed
RET0002165,ORD0100283,P00536,2026-05-03,1,Incorrect Size,Approved
RET0002166,ORD0029989,P01033,2026-07-05,1,Quality Issue,Approved
RET0002167,ORD0028681,P00926,2026-03-06,2,Quality Issue,Processed
RET0002168,ORD0096564,P01021,2026-07-12,2,Customer Changed Mind,Pending
RET0002169,ORD0018226,P00620,2025-12-19,1,Customer Changed Mind,Pending
RET0002170,ORD0038796,P00277,2025-09-06,3,Quality Issue,Approved
RET0002171,ORD0053618,P01969,2025-08-03,1,Incorrect Size,Pending
RET0002172,ORD0013981,P01077,2025-08-12,1,Customer Changed Mind,Processed
RET0002173,ORD0079051,P01745,2026-07-08,2,Customer Changed Mind,Rejected
RET0002174,ORD0017938,P00318,2025-09-13,1,Customer Changed Mind,Approved
RET0002175,ORD0062645,P01909,2024-12-31,1,Customer Changed Mind,Approved
RET0002176,ORD0060677,P01721,2024-11-10,1,Incorrect Size,Approved
RET0002177,ORD0017568,P00555,2025-05-04,1,Quality Issue,Processed
RET0002178,ORD0102342,P01944,2025-03-06,1,Customer Changed Mind,Approved
RET0002179,ORD0082670,P01180,2026-05-20,1,Customer Changed Mind,Approved
RET0002180,ORD0071959,P00757,2026-07-13,2,Customer Changed Mind,Processed
RET0002181,ORD0066648,P01085,2024-04-26,1,Damaged,Pending
RET0002182,ORD0046160,P01540,2026-03-14,1,Late Delivery,Processed
RET0002183,ORD0108308,P00165,2025-07-26,1,Quality Issue,Processed
RET0002184,ORD0047879,P00224,2026-01-14,1,Quality Issue,Approved
RET0002185,ORD0006840,P00229,2026-04-28,1,Wrong Product,Pending
RET0002186,ORD0069646,P00223,2025-10-07,1,Quality Issue,Approved
RET0002187,ORD0113590,P00058,2025-12-25,1,Quality Issue,Approved
RET0002188,ORD0035198,P00032,2025-12-03,1,Wrong Product,Approved
RET0002189,ORD0076171,P00242,2026-01-21,1,Quality Issue,Approved
RET0002190,ORD0078269,P00617,2026-06-08,1,Quality Issue,Processed
RET0002191,ORD0044498,P00535,2026-07-16,1,Incorrect Size,Processed
RET0002192,ORD0056699,P01600,2026-03-15,22,Damaged,Approved
RET0002193,ORD0117053,P00171,2024-07-10,2,Wrong Product,Approved
RET0002194,ORD0050214,P00244,2025-09-28,1,Customer Changed Mind,Approved
RET0002195,ORD0017575,P01945,2025-07-29,1,Damaged,Approved
RET0002196,ORD0036133,P01113,2025-11-16,1,Customer Changed Mind,Rejected
RET0002197,ORD0109311,P01184,2025-11-12,1,Quality Issue,Processed
RET0002198,ORD0051388,P00889,2024-04-02,1,Damaged,Approved
RET0002199,ORD0045053,P01989,2025-01-11,1,Customer Changed Mind,Approved
RET0002200,ORD0014682,P00559,2025-12-28,1,Incorrect Size,Processed
RET0002201,ORD0049362,P01668,2025-10-02,1,Late Delivery,Processed
RET0002202,ORD0066045,P00873,2025-07-25,1,Customer Changed Mind,Pending
RET0002203,ORD0073192,P01163,2026-03-07,1,Late Delivery,Approved
RET0002204,ORD0101917,P01222,2025-12-28,1,Wrong Product,Processed
RET0002205,ORD0023983,P00581,2025-04-04,1,Damaged,Approved
RET0002206,ORD0047402,P01695,2026-03-19,2,Quality Issue,Processed
RET0002207,ORD0114375,P00912,2026-01-19,1,Customer Changed Mind,Approved
RET0002208,ORD0046011,P01153,2025-01-15,1,Wrong Product,Processed
RET0002209,ORD0010456,P00870,2025-12-13,3,Damaged,Approved
RET0002210,ORD0086065,P01589,2026-06-09,1,Incorrect Size,Processed
RET0002211,ORD0115818,P01607,2024-05-30,1,Damaged,Approved
RET0002212,ORD0063920,P01707,2025-10-08,1,Quality Issue,Rejected
RET0002213,ORD0071690,P00803,2025-08-24,2,Customer Changed Mind,Approved
RET0002214,ORD0075800,P01090,2025-03-14,3,Quality Issue,Processed
RET0002215,ORD0072563,P00415,2024-01-23,1,Wrong Product,Approved
RET0002216,ORD0066861,P00789,2024-07-04,1,Damaged,Processed
RET0002217,ORD0115177,P01523,2024-12-19,3,Late Delivery,Processed
RET0002218,ORD0103671,P01618,2025-01-13,1,Quality Issue,Approved
RET0002219,ORD0017253,P00327,2026-07-25,1,Wrong Product,Approved
RET0002220,ORD0022727,P00126,2024-09-04,1,Customer Changed Mind,Approved
RET0002221,ORD0014983,P00767,2026-05-24,1,Customer Changed Mind,Approved
RET0002222,ORD0083010,P01236,2026-05-04,1,Wrong Product,Processed
RET0002223,ORD0012809,P01534,2026-05-26,1,Late Delivery,Approved
RET0002224,ORD0046720,P00837,2025-03-31,2,Damaged,Approved
RET0002225,ORD0110488,P01525,2026-01-30,1,Late Delivery,Approved
RET0002226,ORD0057899,P00887,2025-10-19,1,Damaged,Approved
RET0002227,ORD0002826,P01286,2025-12-22,1,Customer Changed Mind,Approved
RET0002228,ORD0048113,P01268,2026-04-18,2,Customer Changed Mind,Processed
RET0002229,ORD0026090,P01399,2025-05-17,1,Customer Changed Mind,Approved
RET0002230,ORD0038885,P01071,2026-05-03,1,Customer Changed Mind,Pending
RET0002231,ORD0064433,P01528,2025-12-20,1,Incorrect Size,Processed
RET0002232,ORD0055200,P00001,2024-06-19,2,Customer Changed Mind,Approved
RET0002233,ORD0038672,P00482,2026-07-26,1,Quality Issue,Rejected
RET0002234,ORD0036323,P01446,2024-04-24,1,Wrong Product,Processed
RET0002235,ORD0064579,P01071,2025-03-21,1,Customer Changed Mind,Processed
RET0002236,ORD0036990,P01641,2026-04-22,1,Damaged,Approved
RET0002237,ORD0011024,P00106,2025-12-15,2,Customer Changed Mind,Processed
RET0002238,ORD0022858,P00004,2026-02-04,3,Quality Issue,Approved
RET0002239,ORD0019065,P01637,2025-01-18,2,Incorrect Size,Processed
RET0002240,ORD0014741,P00274,2025-08-26,2,Late Delivery,Approved
RET0002241,ORD0000121,P01185,2025-07-28,2,Quality Issue,Approved
RET0002242,ORD0063093,P00044,2025-12-07,1,Wrong Product,Processed
RET0002243,ORD0062161,P01581,2024-07-14,1,Damaged,Approved
RET0002244,ORD0038829,P01127,2026-05-08,1,Quality Issue,Approved
RET0002245,ORD0047130,P00343,2023-01-01,1,Damaged,Processed
RET0002246,ORD0016979,P01726,2026-04-15,1,Damaged,Approved
RET0002247,ORD0032271,P01076,2026-05-19,2,Incorrect Size,Approved
RET0002248,ORD0014128,P00455,2025-08-07,1,Incorrect Size,Approved
RET0002249,ORD0025501,P00170,2026-07-23,1,Quality Issue,Pending
RET0002250,ORD0103343,P00865,2025-07-14,1,Customer Changed Mind,Processed
RET0002251,ORD0014020,P01387,2026-02-13,1,Incorrect Size,Processed
RET0002252,ORD0108250,P00568,2025-06-08,1,Wrong Product,Rejected
RET0002253,ORD0029338,P00023,2025-03-08,2,Customer Changed Mind,Processed
RET0002254,ORD0050918,P01072,2026-06-21,1,Customer Changed Mind,Processed
RET0002255,ORD0002365,P01909,2025-10-23,1,Incorrect Size,Processed
RET0002256,ORD0001959,P00099,2026-02-28,2,Incorrect Size,Rejected
RET0002257,ORD0053820,P00823,2024-07-20,1,Quality Issue,Processed
RET0002258,ORD0104509,P01491,2026-03-29,1,Damaged,Approved
RET0002259,ORD0073026,P01681,2025-12-29,1,Customer Changed Mind,Approved
RET0002260,ORD0088098,P01702,2024-09-16,1,Wrong Product,Approved
RET0002261,ORD0004259,P00459,2026-06-10,1,Incorrect Size,Processed
RET0002262,ORD0026401,P00446,2026-01-14,2,Damaged,Pending
RET0002263,ORD0109270,P00532,2025-11-04,1,Damaged,Processed
RET0002264,ORD0035271,P00264,2024-03-08,1,Quality Issue,Processed
RET0002265,ORD0065402,P00100,2026-05-31,3,Customer Changed Mind,Processed
RET0002266,ORD0076481,P01143,2026-06-11,1,Incorrect Size,Rejected
RET0002267,ORD0048244,P00764,2025-08-29,2,Damaged,Processed
RET0002268,ORD0098998,P01347,2025-12-28,1,Quality Issue,Approved
RET0002269,ORD0014625,P01255,2026-06-26,3,Damaged,Processed
RET0002270,ORD0098076,P01929,2024-07-02,1,Damaged,Approved
RET0002271,ORD0048752,P01517,2024-08-22,1,Customer Changed Mind,Approved
RET0002272,ORD0048757,P00167,2026-06-14,1,Wrong Product,Approved
RET0002273,ORD0012318,P00962,2025-05-08,1,Quality Issue,Approved
RET0002274,ORD0061504,P00046,2024-10-24,2,Damaged,Approved
RET0002275,ORD0037354,P01219,2025-11-07,1,Damaged,Approved
RET0002276,ORD0025266,P01119,2025-12-13,1,Quality Issue,Pending
RET0002277,ORD0119299,P00606,2025-03-25,3,Wrong Product,Approved
RET0002278,ORD0080302,P01651,2026-05-16,1,Quality Issue,Processed
RET0002279,ORD0048696,P01703,2026-05-04,2,Quality Issue,Approved
RET0002280,ORD0115066,P00035,2024-12-07,1,Damaged,Pending
RET0002281,ORD0053843,P01511,2024-12-15,3,Quality Issue,Processed
RET0002282,ORD0000786,P00741,2024-12-31,3,Wrong Product,Rejected
RET0002283,ORD0087818,P01554,2025-11-25,1,Customer Changed Mind,Processed
RET0002284,ORD0023485,P00037,2025-02-17,1,Damaged,Processed
RET0002285,ORD0050735,P01304,2026-04-12,1,Incorrect Size,Approved
RET0002286,ORD0112413,P00971,2025-03-27,1,Late Delivery,Approved
RET0002287,ORD0077624,P00218,2025-02-05,1,Late Delivery,Processed
RET0002288,ORD0054509,P01259,2025-08-14,1,Incorrect Size,Approved
RET0002289,ORD0110311,P00892,2025-08-16,3,Customer Changed Mind,Approved
RET0002290,ORD0032161,P00953,2026-04-06,2,Incorrect Size,Rejected
RET0002291,ORD0089030,P01453,2025-11-13,1,Quality Issue,Approved
RET0002292,ORD0062996,P01043,2024-06-14,3,Incorrect Size,Processed
RET0002293,ORD0037731,P00672,2026-03-21,1,Incorrect Size,Approved
RET0002294,ORD0048389,P01450,2025-07-24,1,Incorrect Size,Approved
RET0002295,ORD0095761,P00442,2026-02-08,1,Damaged,Approved
RET0002296,ORD0036678,P01741,2024-09-01,1,Quality Issue,Processed
RET0002297,ORD0050697,P00249,2026-03-28,1,Quality Issue,Processed
RET0002298,ORD0032584,P01867,2025-12-17,1,Quality Issue,Rejected
RET0002299,ORD0044641,P00424,2026-04-07,2,Wrong Product,Approved
RET0002300,ORD0073210,P01004,2025-12-15,1,Incorrect Size,Approved
RET0002301,ORD0044210,P01239,2025-12-23,1,Wrong Product,Rejected
RET0002302,ORD0084436,P00655,2024-09-08,3,Customer Changed Mind,Approved
RET0002303,ORD0090154,P00982,2024-10-01,2,Late Delivery,Approved
RET0002304,ORD0008924,P00504,2024-12-23,1,Damaged,Approved
RET0002305,ORD0007610,P00559,2026-04-08,1,Quality Issue,Processed
RET0002306,ORD0069031,P01327,2026-07-13,2,Damaged,Approved
RET0002307,ORD0027341,P01196,2025-11-02,1,Quality Issue,Approved
RET0002308,ORD0103988,P00044,2025-01-30,1,Incorrect Size,Pending
RET0002309,ORD0069077,P00004,2026-05-17,1,Customer Changed Mind,Pending
RET0002310,ORD0043524,P00454,2026-06-29,1,Quality Issue,Processed
RET0002311,ORD0024642,P01459,2026-03-29,1,Damaged,Processed
RET0002312,ORD0089082,P01079,2026-07-27,1,Incorrect Size,Pending
RET0002313,ORD0028852,P00385,2026-06-25,1,Incorrect Size,Processed
RET0002314,ORD0089110,P01841,2026-07-14,1,Damaged,Processed
RET0002315,ORD0051504,P01450,2026-05-29,1,Quality Issue,Approved
RET0002316,ORD0063923,P01256,2026-04-10,1,Late Delivery,Approved
RET0002317,ORD0050899,P00205,2024-04-01,1,Late Delivery,Rejected
RET0002318,ORD0044705,P01600,2026-05-06,2,Quality Issue,Processed
RET0002319,ORD0092435,P00732,2026-07-16,1,Customer Changed Mind,Approved
RET0002320,ORD0022320,P00415,2025-08-06,1,Quality Issue,Processed
RET0002321,ORD0005421,P00952,2024-12-18,2,Wrong Product,Processed
RET0002322,ORD0071840,P00498,2026-06-08,2,Customer Changed Mind,Approved
RET0002323,ORD0043653,P01963,2026-07-27,1,Incorrect Size,Processed
RET0002324,ORD0061426,P00872,2024-04-04,2,Damaged,Approved
RET0002325,ORD0031791,P01991,2025-09-28,1,Quality Issue,Processed
RET0002326,ORD0058123,P00717,2025-07-09,1,Wrong Product,Pending
RET0002327,ORD0076328,P00694,2025-10-02,1,Incorrect Size,Rejected
RET0002328,ORD0111970,P00403,2026-06-12,1,Late Delivery,Rejected
RET0002329,ORD0075562,P01548,2026-04-14,1,Customer Changed Mind,Processed
RET0002330,ORD0041476,P00178,2025-03-12,2,Wrong Product,Approved
RET0002331,ORD0080293,P00062,2025-11-17,2,Customer Changed Mind,Processed
RET0002332,ORD0089077,P01429,2025-11-13,2,Incorrect Size,Approved
RET0002333,ORD0097091,P00520,2025-11-15,1,Late Delivery,Processed
RET0002334,ORD0023770,P01896,2026-04-21,1,Customer Changed Mind,Processed
RET0002335,ORD0054439,P01631,2025-01-10,1,Quality Issue,Processed
RET0002336,ORD0064244,P00151,2025-05-01,1,Customer Changed Mind,Approved
RET0002337,ORD0053056,P00169,2026-03-18,1,Customer Changed Mind,Approved
RET0002338,ORD0101037,P00071,2025-04-02,1,Customer Changed Mind,Approved
RET0002339,ORD0026118,P01474,2024-11-03,1,Damaged,Approved
RET0002340,ORD0015284,P00847,2026-01-08,1,Quality Issue,Approved
RET0002341,ORD0119593,P01646,2025-05-14,1,Incorrect Size,Approved
RET0002342,ORD0061342,P01933,2026-07-14,1,Incorrect Size,Rejected
RET0002343,ORD0095480,P00974,2025-08-29,1,Incorrect Size,Approved
RET0002344,ORD0097597,P00236,2026-05-17,2,Customer Changed Mind,Rejected
RET0002345,ORD0025879,P01684,2025-08-06,1,Wrong Product,Approved
RET0002346,ORD0028834,P00631,2024-06-01,1,Quality Issue,Rejected
RET0002347,ORD0054704,P00629,2024-09-30,1,Incorrect Size,Processed
RET0002348,ORD0006758,P01265,2026-03-29,1,Quality Issue,Pending
RET0002349,ORD0118314,P01139,2025-09-29,2,Customer Changed Mind,Rejected
RET0002350,ORD0109086,P01645,2025-02-07,1,Quality Issue,Processed
RET0002351,ORD0115178,P01297,2024-05-22,2,Quality Issue,Approved
RET0002352,ORD0114400,P00865,2025-11-29,1,Incorrect Size,Processed
RET0002353,ORD0112280,P00562,2024-01-31,1,Quality Issue,Approved
RET0002354,ORD0103115,P00191,2024-06-02,2,Customer Changed Mind,Rejected
RET0002355,ORD0006427,P01152,2024-06-07,1,Wrong Product,Rejected
RET0002356,ORD0071658,P01917,2024-12-04,1,Customer Changed Mind,Approved
RET0002357,ORD0079755,P01686,2025-09-22,3,Customer Changed Mind,Processed
RET0002358,ORD0079263,P01262,2025-11-07,2,Incorrect Size,Approved
RET0002359,ORD0033836,P01639,2025-04-01,3,Late Delivery,Processed
RET0002360,ORD0088474,P01848,2026-07-27,1,Customer Changed Mind,Processed
RET0002361,ORD0108439,P01459,2025-03-03,2,Customer Changed Mind,Processed
RET0002362,ORD0012840,P00737,2026-07-18,2,Quality Issue,Rejected
RET0002363,ORD0051100,P01284,2025-07-19,1,Late Delivery,Approved
RET0002364,ORD0029950,P01259,2026-07-31,1,Damaged,Processed
RET0002365,ORD0070147,P00104,2026-05-22,1,Incorrect Size,Processed
RET0002366,ORD0090069,P01848,2025-12-21,1,Customer Changed Mind,Approved
RET0002367,ORD0033226,P00169,2025-01-05,1,Customer Changed Mind,Approved
RET0002368,ORD0061273,P00631,2025-12-09,1,Wrong Product,Approved
RET0002369,ORD0065632,P00351,2024-03-03,1,Late Delivery,Processed
RET0002370,ORD0056002,P01257,2026-02-27,1,Quality Issue,Rejected
RET0002371,ORD0003317,P01993,2025-11-10,1,Incorrect Size,Approved
RET0002372,ORD0052209,P00723,2026-03-10,1,Damaged,Approved
RET0002373,ORD0004701,P01165,2026-07-07,1,Incorrect Size,Approved
RET0002374,ORD0049199,P00233,2025-12-19,1,Quality Issue,Approved
RET0002375,ORD0081466,P01658,2025-05-23,2,Wrong Product,Approved
RET0002376,ORD0024461,P00567,2025-09-21,1,Wrong Product,Processed
RET0002377,ORD0102523,P00933,2024-04-08,1,Wrong Product,Approved
RET0002378,ORD0023640,P01922,2026-02-09,1,Incorrect Size,Rejected
RET0002379,ORD0005338,P01498,2025-10-18,1,Wrong Product,Approved
RET0002380,ORD0118333,P01099,2024-04-01,1,Customer Changed Mind,Processed
RET0002381,ORD0019518,P01902,2024-07-11,1,Quality Issue,Approved
RET0002382,ORD0106071,P01501,2025-10-13,2,Incorrect Size,Approved
RET0002383,ORD0021582,P00400,2026-01-07,1,Quality Issue,Approved
RET0002384,ORD0093683,P00232,2026-07-17,1,Quality Issue,Processed
RET0002385,ORD0085885,P00510,2024-06-19,2,Wrong Product,Pending
RET0002386,ORD0067126,P00837,2026-05-08,1,Incorrect Size,Approved
RET0002387,ORD0038664,P01646,2025-06-17,2,Wrong Product,Processed
RET0002388,ORD0075202,P00828,2025-10-27,1,Damaged,Processed
RET0002389,ORD0028798,P01726,2024-11-27,1,Incorrect Size,Approved
RET0002390,ORD0032629,P01798,2026-01-12,1,Wrong Product,Processed
RET0002391,ORD0014093,P00909,2026-05-31,1,Damaged,Approved
RET0002392,ORD0071433,P00292,2025-08-26,3,Quality Issue,Rejected
RET0002393,ORD0070055,P01115,2026-06-26,1,Customer Changed Mind,Processed
RET0002394,ORD0053062,P00597,2026-06-06,1,Damaged,Approved
RET0002395,ORD0007278,P00715,2025-09-28,1,Quality Issue,Processed
RET0002396,ORD0071567,P01726,2025-12-13,1,Quality Issue,Approved
RET0002397,ORD0057924,P00009,2024-10-27,1,Quality Issue,Processed
RET0002398,ORD0001130,P00331,2026-06-25,1,Damaged,Processed
RET0002399,ORD0117280,P01665,2024-11-25,1,Late Delivery,Processed
RET0002400,ORD0039603,P01577,2026-06-18,2,Quality Issue,Approved
RET0002401,ORD0090523,P00386,2026-04-20,1,Damaged,Approved
RET0002402,ORD0088501,P01487,2024-12-10,2,Wrong Product,Processed
RET0002403,ORD0079807,P00778,2025-07-22,1,Damaged,Processed
RET0002404,ORD0062767,P00798,2026-05-31,1,Late Delivery,Processed
RET0002405,ORD0041502,P00657,2025-10-13,1,Wrong Product,Approved
RET0002406,ORD0099924,P01649,2026-04-06,2,Quality Issue,Processed
RET0002407,ORD0073700,P01684,2025-09-20,1,Incorrect Size,Processed
RET0002408,ORD0062058,P00467,2025-12-14,1,Wrong Product,Processed
RET0002409,ORD0068122,P01441,2026-02-28,1,Quality Issue,Approved
RET0002410,ORD0009656,P01490,2026-01-19,1,Wrong Product,Approved
RET0002411,ORD0099523,P01373,2025-09-23,2,Damaged,Approved
RET0002412,ORD0094975,P00652,2026-07-20,2,Quality Issue,Processed
RET0002413,ORD0116121,P00558,2026-05-31,1,Customer Changed Mind,Processed
RET0002414,ORD0026360,P00518,2026-01-20,3,Incorrect Size,Rejected
RET0002415,ORD0086924,P00973,2026-06-05,1,Late Delivery,Approved
RET0002416,ORD0054014,P01517,2026-06-26,1,Damaged,Processed
RET0002417,ORD0008889,P00348,2025-12-05,1,Customer Changed Mind,Rejected
RET0002418,ORD0083368,P01397,2025-05-04,2,Wrong Product,Approved
RET0002419,ORD0098240,P00337,2025-11-25,2,Incorrect Size,Approved
RET0002420,ORD0063364,P01286,2025-05-09,2,Quality Issue,Approved
RET0002421,ORD0045272,P01894,2026-05-23,1,Customer Changed Mind,Processed
RET0002422,ORD0053394,P00879,2026-01-29,2,Late Delivery,Approved
RET0002423,ORD0109836,P00091,2024-05-12,1,Quality Issue,Approved
RET0002424,ORD0067980,P01514,2026-04-17,2,Quality Issue,Processed
RET0002425,ORD0063388,P00244,2025-03-31,1,Damaged,Processed
RET0002426,ORD0083821,P01496,2026-01-15,1,Damaged,Rejected
RET0002427,ORD0080676,P00633,2025-09-13,3,Damaged,Processed
RET0002428,ORD0028078,P01888,2024-04-18,1,Customer Changed Mind,Rejected
RET0002429,ORD0081298,P01036,2024-04-10,1,Customer Changed Mind,Processed
RET0002430,ORD0089523,P00994,2025-08-15,1,Damaged,Rejected
RET0002431,ORD0025501,P00797,2026-06-27,1,Customer Changed Mind,Approved
RET0002432,ORD0036974,P01706,2026-02-27,1,Customer Changed Mind,Rejected
RET0002433,ORD0041298,P00552,2026-05-24,2,Damaged,Rejected
RET0002434,ORD0025955,P01813,2024-12-02,1,Incorrect Size,Processed
RET0002435,ORD0074964,P00804,2026-06-18,1,Quality Issue,Approved
RET0002436,ORD0010930,P00962,2024-12-24,1,Customer Changed Mind,Approved
RET0002437,ORD0012219,P00264,2026-07-03,1,Late Delivery,Approved
RET0002438,ORD0092517,P01816,2025-03-06,1,Customer Changed Mind,Approved
RET0002439,ORD0013868,P01041,2026-02-04,1,Incorrect Size,Approved
RET0002440,ORD0055977,P00771,2024-04-28,1,Late Delivery,Approved
RET0002441,ORD0015973,P01644,2025-11-13,1,Customer Changed Mind,Approved
RET0002442,ORD0062056,P01755,2026-04-28,1,Incorrect Size,Rejected
RET0002443,ORD0030532,P00355,2026-07-21,1,Incorrect Size,Processed
RET0002444,ORD0011999,P01978,2026-01-29,1,Quality Issue,Rejected
RET0002445,ORD0060436,P00475,2026-07-03,1,Wrong Product,Approved
RET0002446,ORD0065195,P01714,2024-09-16,1,Damaged,Approved
RET0002447,ORD0076220,P00203,2026-02-19,1,Quality Issue,Approved
RET0002448,ORD0077076,P00474,2026-05-02,1,Customer Changed Mind,Rejected
RET0002449,ORD0041677,P00295,2026-06-09,1,Quality Issue,Approved
RET0002450,ORD0070837,P01108,2024-09-25,1,Quality Issue,Processed
RET0002451,ORD0088626,P00268,2026-01-09,1,Wrong Product,Approved
RET0002452,ORD0025818,P00337,2025-12-14,1,Wrong Product,Approved
RET0002453,ORD0005798,P01147,2026-05-12,1,Customer Changed Mind,Approved
RET0002454,ORD0018153,P00638,2024-03-22,1,Wrong Product,Approved
RET0002455,ORD0104228,P00330,2025-10-12,1,Quality Issue,Approved
RET0002456,ORD0025761,P01609,2025-09-12,1,Quality Issue,Rejected
RET0002457,ORD0093978,P01973,2025-12-01,1,Customer Changed Mind,Approved
RET0002458,ORD0035268,P00482,2025-07-11,1,Quality Issue,Approved
RET0002459,ORD0019071,P00288,2025-03-31,1,Late Delivery,Approved
RET0002460,ORD0033435,P00704,2024-11-03,1,Quality Issue,Pending
RET0002461,ORD0116446,P01898,2025-12-13,1,Wrong Product,Processed
RET0002462,ORD0095981,P00869,2025-08-26,1,Quality Issue,Processed
RET0002463,ORD0098895,P00681,2024-02-27,1,Quality Issue,Processed
RET0002464,ORD0006588,P01310,2026-06-22,1,Wrong Product,Rejected
RET0002465,ORD0079347,P01963,2025-11-19,1,Late Delivery,Approved
RET0002466,ORD0010493,P00463,2026-06-10,1,Incorrect Size,Processed
RET0002467,ORD0052371,P00710,2026-02-23,1,Wrong Product,Processed
RET0002468,ORD0059452,P00451,2025-03-14,2,Quality Issue,Approved
RET0002469,ORD0111007,P00614,2026-02-06,2,Incorrect Size,Approved
RET0002470,ORD0069522,P00733,2025-02-08,1,Incorrect Size,Processed
RET0002471,ORD0008566,P01172,2025-01-13,1,Customer Changed Mind,Approved
RET0002472,ORD0003141,P01825,2024-11-01,1,Quality Issue,Approved
RET0002473,ORD0037152,P00014,2025-04-26,2,Incorrect Size,Approved
RET0002474,ORD0069084,P01961,2024-10-15,2,Late Delivery,Approved
RET0002475,ORD0011887,P01897,2026-06-26,1,Damaged,Processed
RET0002476,ORD0119400,P00966,2024-12-31,1,Damaged,Processed
RET0002477,ORD0107968,P00784,2026-02-01,1,Quality Issue,Processed
RET0002478,ORD0088286,P01486,2026-02-22,1,Customer Changed Mind,Approved
RET0002479,ORD0076700,P01256,2024-06-16,1,Wrong Product,Approved
RET0002480,ORD0051361,P01043,2025-11-16,1,Customer Changed Mind,Processed
RET0002481,ORD0061749,P01340,2025-12-21,1,Quality Issue,Rejected
RET0002482,ORD0066644,P00023,2026-06-26,1,Customer Changed Mind,Approved
RET0002483,ORD0079219,P00286,2026-06-23,1,Incorrect Size,Processed
RET0002484,ORD0061817,P01453,2025-01-02,2,Quality Issue,Rejected
RET0002485,ORD0082072,P01946,2024-11-24,1,Incorrect Size,Processed
RET0002486,ORD0059814,P01160,2025-04-28,1,Incorrect Size,Approved
RET0002487,ORD0102164,P00978,2026-06-19,1,Wrong Product,Approved
RET0002488,ORD0106442,P01553,2025-10-18,2,Quality Issue,Processed
RET0002489,ORD0093748,P01901,2025-04-02,2,Damaged,Processed
RET0002490,ORD0047718,P00319,2025-11-25,1,Incorrect Size,Processed
RET0002491,ORD0103601,P00502,2026-03-04,2,Wrong Product,Processed
RET0002492,ORD0066669,P00115,2026-01-17,1,Quality Issue,Approved
RET0002493,ORD0009545,P00154,2025-07-18,2,Incorrect Size,Processed
RET0002494,ORD0012829,P00781,2025-12-23,1,Damaged,Processed
RET0002495,ORD0098449,P00554,2026-05-24,1,Incorrect Size,Pending
RET0002496,ORD0062624,P00765,2025-04-01,1,Damaged,Processed
RET0002497,ORD0085077,P01368,2026-07-05,1,Customer Changed Mind,Approved
RET0002498,ORD0004124,P00100,2025-01-23,1,Customer Changed Mind,Processed
RET0002499,ORD0026515,P01239,2026-04-24,1,Customer Changed Mind,Processed
RET0002500,ORD0111153,P00906,2024-06-09,3,Quality Issue,Approved
RET0002501,ORD0003865,P00598,2026-05-22,2,Incorrect Size,Processed
RET0002502,ORD0116353,P00579,2024-07-16,1,Customer Changed Mind,Approved
RET0002503,ORD0117650,P01777,2024-07-08,1,Late Delivery,Approved
RET0002504,ORD0090603,P00898,2025-11-24,2,Incorrect Size,Processed
RET0002505,ORD0021913,P01803,2025-03-09,1,Quality Issue,Approved
RET0002506,ORD0091029,P01618,2024-12-17,3,quality issue,Processed
RET0002507,ORD0024288,P01978,2025-08-29,1,Incorrect Size,Processed
RET0002508,ORD0020802,P01837,2026-07-10,1,Damaged,Processed
RET0002509,ORD0092022,P01680,2025-12-28,1,Quality Issue,Processed
RET0002510,ORD0055760,P00077,2026-03-26,1,Late Delivery,Processed
RET0002511,ORD0042366,P00036,2026-05-08,1,Quality Issue,Approved
RET0002512,ORD0101146,P00612,2025-10-03,1,Damaged,Pending
RET0002513,ORD0089905,P01470,2025-12-23,1,Wrong Product,Approved
RET0002514,ORD0025107,P01602,2026-02-15,1,Quality Issue,Processed
RET0002515,ORD0020593,P01910,2025-06-06,1,Damaged,Processed
RET0002516,ORD0062748,P00917,2026-05-16,1,Customer Changed Mind,Approved
RET0002517,ORD0118647,P00801,2026-05-16,3,Quality Issue,Processed
RET0002518,ORD0035548,P00570,2025-12-29,1,Quality Issue,Approved
RET0002519,ORD0010991,P00515,2025-08-19,1,Wrong Product,Approved
RET0002520,ORD0116337,P01638,2026-04-13,1,Customer Changed Mind,Approved
RET0002521,ORD0067626,P00620,2024-02-07,2,Incorrect Size,Approved
RET0002522,ORD0011008,P00333,2025-09-14,2,Customer Changed Mind,Pending
RET0002523,ORD0083071,P00165,2026-07-24,1,Damaged,Processed
RET0002524,ORD0030214,P00324,2025-05-26,1,Wrong Product,Approved
RET0002525,ORD0062294,P01179,2025-08-14,1,Customer Changed Mind,Processed
RET0002526,ORD0006791,P00742,2024-12-19,1,Incorrect Size,Processed
RET0002527,ORD0021333,P00070,2026-07-03,1,Customer Changed Mind,Processed
RET0002528,ORD0093991,P01555,2025-01-31,1,Damaged,Processed
RET0002529,ORD0054135,P01543,2025-09-02,1,Late Delivery,Approved
RET0002530,ORD0069814,P01554,2025-04-27,2,Damaged,Approved
RET0002531,ORD0032004,P00410,2026-04-27,2,Wrong Product,Processed
RET0002532,ORD0064937,P01861,2026-07-06,1,Incorrect Size,Processed
RET0002533,ORD0039293,P00749,2025-06-08,1,Quality Issue,Processed
RET0002534,ORD0003983,P01580,2025-07-21,1,Damaged,Approved
RET0002535,ORD0065252,P00695,2025-02-03,1,Customer Changed Mind,Processed
RET0002536,ORD0023264,P00378,2024-12-07,1,Wrong Product,Approved
RET0002537,ORD0035183,P00187,2025-11-23,1,Damaged,Processed
RET0002538,ORD0083181,P00290,2026-06-15,1,Quality Issue,Approved
RET0002539,ORD0000332,P00629,2024-09-06,1,Late Delivery,Processed
RET0002540,ORD0105597,P01300,2025-12-29,2,Quality Issue,Pending
RET0002541,ORD0104895,P01631,2025-06-28,1,Incorrect Size,Approved
RET0002542,ORD0060890,P00931,2025-02-23,1,Wrong Product,Processed
RET0002543,ORD0046244,P00496,2026-02-27,1,Incorrect Size,Processed
RET0002544,ORD0018827,P01291,2025-07-27,1,Late Delivery,Approved
RET0002545,ORD0016140,P00019,2026-06-04,1,Wrong Product,Approved
RET0002546,ORD0036246,P01415,2025-08-02,1,Incorrect Size,Processed
RET0002547,ORD0092249,P01117,2024-12-06,3,Damaged,Approved
RET0002548,ORD0099139,P00788,2025-02-17,1,Late Delivery,Approved
RET0002549,ORD0087087,P00506,2026-04-06,2,Quality Issue,Rejected
RET0002550,ORD0029925,P01926,2026-01-20,1,Wrong Product,Processed
RET0002551,ORD0019797,P01155,2025-11-22,1,Incorrect Size,Processed
RET0002552,ORD0050393,P00828,2026-08-10,1,Wrong Product,Processed
RET0002553,ORD0048294,P00772,2024-12-24,1,Incorrect Size,Processed
RET0002554,ORD0078446,P01978,2026-05-25,2,Damaged,Processed
RET0002555,ORD0041753,P00743,2026-04-29,1,Damaged,Approved
RET0002556,ORD0029605,P01391,2024-12-25,1,Customer Changed Mind,Approved
RET0002557,ORD0094950,P01712,2025-06-03,3,Incorrect Size,Processed
RET0002558,ORD0108441,P01563,2024-10-14,1,Damaged,Pending
RET0002559,ORD0060255,P01835,2025-07-12,1,Incorrect Size,Approved
RET0002560,ORD0060786,P00850,2024-06-15,1,Wrong Product,Pending
RET0002561,ORD0065429,P00172,2026-03-18,1,Customer Changed Mind,Processed
RET0002562,ORD0049725,P01287,2026-07-06,1,Customer Changed Mind,Processed
RET0002563,ORD0001421,P01523,2025-10-19,1,Damaged,Approved
RET0002564,ORD0047539,P00328,2025-11-28,23,Incorrect Size,Approved
RET0002565,ORD0116481,P01924,2026-04-12,1,Customer Changed Mind,Processed
RET0002566,ORD0061879,P00907,2026-04-13,1,Quality Issue,Approved
RET0002567,ORD0059198,P01392,2025-12-12,3,Late Delivery,Approved
RET0002568,ORD0039162,P01416,2026-01-08,1,Late Delivery,Approved
RET0002569,ORD0026645,P00456,2026-02-19,1,Quality Issue,Pending
RET0002570,ORD0113027,P01313,2025-09-08,3,Incorrect Size,Approved
RET0002571,ORD0101132,P00704,2024-07-17,1,Quality Issue,Processed
RET0002572,ORD0003493,P01151,2026-03-07,1,Late Delivery,Approved
RET0002573,ORD0016468,P00533,2026-06-28,3,Quality Issue,Approved
RET0002574,ORD0097293,P01775,2026-07-02,1,Quality Issue,Approved
RET0002575,ORD0029392,P01281,2026-07-02,2,Customer Changed Mind,Processed
RET0002576,ORD0035427,P01697,2025-06-03,1,Quality Issue,Processed
RET0002577,ORD0029116,P01269,2026-04-22,1,Customer Changed Mind,Approved
RET0002578,ORD0008719,P01413,2025-05-28,1,Quality Issue,Processed
RET0002579,ORD0114247,P00869,2025-12-28,1,Incorrect Size,Approved
RET0002580,ORD0094225,P00304,2026-04-29,1,Incorrect Size,Processed
RET0002581,ORD0075591,P01947,2026-07-24,1,Quality Issue,Approved
RET0002582,ORD0065657,P01350,2025-08-16,1,Quality Issue,Rejected
RET0002583,ORD0020073,P01018,2024-12-16,1,Quality Issue,Pending
RET0002584,ORD0041430,P01282,2026-03-14,1,Wrong Product,Processed
RET0002585,ORD0027061,P01736,2025-12-30,1,Customer Changed Mind,Approved
RET0002586,ORD0036630,P00133,2026-06-01,2,Wrong Product,Processed
RET0002587,ORD0104867,P00855,2025-05-12,1,Damaged,Processed
RET0002588,ORD0059729,P01073,2024-03-11,1,Incorrect Size,Processed
RET0002589,ORD0055139,P01934,2025-12-10,2,Incorrect Size,Approved
RET0002590,ORD0002547,P01348,2026-06-02,1,Late Delivery,Approved
RET0002591,ORD0117911,P00508,2025-05-19,1,Wrong Product,Approved
RET0002592,ORD0065782,P00196,2025-11-09,3,Quality Issue,Processed
RET0002593,ORD0095549,P01093,2025-12-31,1,Customer Changed Mind,Approved
RET0002594,ORD0085899,P00807,2026-05-19,1,Quality Issue,Processed
RET0002595,ORD0045600,P00591,2026-04-21,1,Incorrect Size,Approved
RET0002596,ORD0002902,P00239,2026-05-04,1,Customer Changed Mind,Approved
RET0002597,ORD0062674,P00351,2024-06-22,1,Wrong Product,Approved
RET0002598,ORD0079154,P00536,2026-05-20,1,Wrong Product,Pending
RET0002599,ORD0080971,P00610,2025-12-04,1,Damaged,Processed
RET0002600,ORD0100138,P00280,2026-06-28,1,Customer Changed Mind,Processed
RET0002601,ORD0102327,P01508,2025-07-03,1,Damaged,Processed
RET0002602,ORD0110038,P00295,2024-04-23,1,Damaged,Processed
RET0002603,ORD0046235,P00271,2026-03-29,1,Wrong Product,Approved
RET0002604,ORD0110940,P00335,2025-09-09,1,Damaged,Processed
RET0002605,ORD0003770,P00618,2025-09-20,1,Quality Issue,Approved
RET0002606,ORD0063908,P01810,2025-04-18,1,Damaged,Processed
RET0002607,ORD0096414,P00492,2026-06-16,1,Incorrect Size,Approved
RET0002608,ORD0094236,P01889,2025-09-05,1,Wrong Product,Pending
RET0002609,ORD0019545,P01617,2024-06-29,1,Damaged,Processed
RET0002610,ORD0021057,P00620,2026-03-07,2,Damaged,Approved
RET0002611,ORD0102798,P01291,2025-12-20,3,Quality Issue,Processed
RET0002612,ORD0058381,P00989,2024-11-23,1,Wrong Product,Approved
RET0002613,ORD0116041,P00582,2024-10-11,2,Late Delivery,Approved
RET0002614,ORD0027668,P00196,2026-06-06,1,Damaged,Rejected
RET0002615,ORD0102899,P01757,2026-03-26,1,Incorrect Size,Processed
RET0002616,ORD0007194,P00035,2025-04-03,2,Damaged,Processed
RET0002617,ORD0044818,P01367,2026-01-25,1,Customer Changed Mind,Approved
RET0002618,ORD0045704,P01689,2025-11-24,2,Incorrect Size,Approved
RET0002619,ORD0111535,P00789,2026-07-25,2,Wrong Product,Approved
RET0002620,ORD0019558,P00813,2026-03-29,3,Wrong Product,Processed
RET0002621,ORD0060138,P00015,2026-03-13,1,Quality Issue,Processed
RET0002622,ORD0057209,P00752,2025-09-13,2,Wrong Product,Approved
RET0002623,ORD0030026,P01064,2026-07-23,3,Damaged,Approved
RET0002624,ORD0020125,P00061,2025-12-20,1,Customer Changed Mind,Approved
RET0002625,ORD0078943,P01102,2025-05-08,2,Damaged,Approved
RET0002626,ORD0087290,P01814,2024-10-20,1,Incorrect Size,Approved
RET0002627,ORD0028100,P00247,2026-05-17,3,Quality Issue,Approved
RET0002628,ORD0042326,P01936,2024-10-08,2,Quality Issue,Approved
RET0002629,ORD0086920,P01888,2025-12-01,1,Wrong Product,Approved
RET0002630,ORD0092164,P00735,2025-02-03,1,Quality Issue,Approved
RET0002631,ORD0033584,P01290,2024-05-20,1,Quality Issue,Processed
RET0002632,ORD0078209,P00016,2026-04-04,2,Damaged,Processed
RET0002633,ORD0068549,P01976,2026-07-22,1,Incorrect Size,Approved
RET0002634,ORD0010231,P01905,2025-05-14,1,Late Delivery,Approved
RET0002635,ORD0018081,P00358,2026-04-26,1,Quality Issue,Processed
RET0002636,ORD0032136,P01024,2025-10-02,1,Wrong Product,Approved
RET0002637,ORD0100380,P01155,2026-01-01,2,Damaged,Approved
RET0002638,ORD0068575,P01893,2026-01-04,1,Quality Issue,Approved
RET0002639,ORD0094188,P01605,2025-11-01,1,Quality Issue,Approved
RET0002640,ORD0076917,P01813,2026-06-21,3,Customer Changed Mind,Processed
RET0002641,ORD0040141,P00707,2026-02-09,1,Damaged,Rejected
RET0002642,ORD0007825,P01698,2026-06-29,1,Quality Issue,Approved
RET0002643,ORD0087680,P01598,2025-12-02,1,Wrong Product,Approved
RET0002644,ORD0081696,P01606,2026-05-13,2,Customer Changed Mind,Pending
RET0002645,ORD0096211,P00290,2026-06-11,2,Quality Issue,Processed
RET0002646,ORD0092205,P00532,2026-04-04,3,Damaged,Pending
RET0002647,ORD0055585,P00326,2025-07-31,2,Damaged,Processed
RET0002648,ORD0014384,P01022,2024-05-26,1,Damaged,Approved
RET0002649,ORD0058978,P00754,2025-03-07,1,Incorrect Size,Approved
RET0002650,ORD0026669,P00750,2024-05-23,1,Customer Changed Mind,Approved
RET0002651,ORD0068466,P01774,2025-04-23,2,Quality Issue,Processed
RET0002652,ORD0036427,P01121,2025-02-07,1,Incorrect Size,Approved
RET0002653,ORD0055559,P00722,2026-04-15,1,Quality Issue,Processed
RET0002654,ORD0058612,P01301,2026-02-26,1,Late Delivery,Processed
RET0002655,ORD0046883,P00309,2026-04-30,3,Late Delivery,Processed
RET0002656,ORD0033573,P00491,2026-01-12,1,Customer Changed Mind,Processed
RET0002657,ORD0052648,P01493,2025-12-28,2,Quality Issue,Approved
RET0002658,ORD0066677,P00738,2026-04-07,1,Incorrect Size,Approved
RET0002659,ORD0072287,P00200,2026-05-30,1,Quality Issue,Processed
RET0002660,ORD0035561,P01222,2025-06-13,1,Customer Changed Mind,Processed
RET0002661,ORD0055023,P01679,2025-11-30,1,Customer Changed Mind,Processed
RET0002662,ORD0045800,P00239,2025-03-19,1,Incorrect Size,Processed
RET0002663,ORD0067604,P01491,2026-01-27,1,Damaged,Processed
RET0002664,ORD0086924,P01940,2026-05-31,1,Incorrect Size,Approved
RET0002665,ORD0008306,P00316,2024-05-19,1,Wrong Product,Approved
RET0002666,ORD0071483,P01402,2025-04-06,1,Quality Issue,Rejected
RET0002667,ORD0105203,P01586,2025-11-02,1,Quality Issue,Processed
RET0002668,ORD0045978,P01510,2024-04-12,3,Customer Changed Mind,Processed
RET0002669,ORD0094805,P00127,2026-03-05,1,Wrong Product,Approved
RET0002670,ORD0066225,P00671,2025-12-15,1,Incorrect Size,Processed
RET0002671,ORD0057887,P00154,2026-04-04,1,Customer Changed Mind,Approved
RET0002672,ORD0021529,P00706,2025-12-12,1,Customer Changed Mind,Approved
RET0002673,ORD0028982,P01296,2026-01-10,1,Late Delivery,Approved
RET0002674,ORD0066522,P00604,2025-01-26,1,Customer Changed Mind,Processed
RET0002675,ORD0046338,P00619,2024-11-13,1,Quality Issue,Approved
RET0002676,ORD0107268,P00011,2026-01-06,1,Damaged,Approved
RET0002677,ORD0046639,P00919,2025-08-08,1,Customer Changed Mind,Approved
RET0002678,ORD0081102,P00649,2026-06-06,2,Incorrect Size,Approved
RET0002679,ORD0098925,P00635,2026-02-22,2,Damaged,Processed
RET0002680,ORD0037085,P01257,2025-08-14,1,Customer Changed Mind,Processed
RET0002681,ORD0026590,P00951,2026-04-21,1,Quality Issue,Processed
RET0002682,ORD0089708,P01165,2026-05-24,1,Incorrect Size,Approved
RET0002683,ORD0012546,P01207,2025-12-04,1,Quality Issue,Processed
RET0002684,ORD0063234,P01955,2026-05-10,1,Quality Issue,Approved
RET0002685,ORD0066521,P00473,2026-03-23,3,Wrong Product,Processed
RET0002686,ORD0048172,P01378,2025-12-06,1,Customer Changed Mind,Rejected
RET0002687,ORD0046384,P01972,2026-05-05,1,Incorrect Size,Approved
RET0002688,ORD0024585,P00486,2025-04-19,1,Incorrect Size,Pending
RET0002689,ORD0109004,P00162,2025-12-31,1,Late Delivery,Approved
RET0002690,ORD0107105,P00200,2025-12-20,1,Customer Changed Mind,Processed
RET0002691,ORD0053326,P00402,2026-01-26,1,Customer Changed Mind,Processed
RET0002692,ORD0007982,P01933,2026-04-25,1,Damaged,Processed
RET0002693,ORD0087573,P01002,2026-07-25,1,Incorrect Size,Processed
RET0002694,ORD0046274,P00640,2025-01-17,2,Quality Issue,Approved
RET0002695,ORD0095780,P00725,2025-02-18,1,Customer Changed Mind,Processed
RET0002696,ORD0027549,P00108,2025-03-03,1,Wrong Product,Processed
RET0002697,ORD0119365,P00921,2025-10-13,1,Customer Changed Mind,Processed
RET0002698,ORD0020862,P01286,2026-01-07,1,Damaged,Approved
RET0002699,ORD0116816,P00618,2026-08-10,3,Quality Issue,Approved
RET0002700,ORD0007963,P01825,2025-11-09,1,Late Delivery,Pending
RET0002701,ORD0099595,P01796,2025-05-12,1,Wrong Product,Approved
RET0002702,ORD0020022,P01030,2026-03-09,1,Quality Issue,Approved
RET0002703,ORD0078164,P01439,2026-03-06,2,Incorrect Size,Approved
RET0002704,ORD0000599,P01954,2026-07-22,1,Damaged,Processed
RET0002705,ORD0093980,P01169,2026-04-01,1,Customer Changed Mind,Processed
RET0002706,ORD0108486,P01402,2025-04-01,1,Customer Changed Mind,Pending
RET0002707,ORD0085802,P00947,2026-07-30,1,Damaged,Processed
RET0002708,ORD0039907,P01184,2023-01-01,1,Late Delivery,Approved
RET0002709,ORD0103638,P01316,2024-01-29,2,Quality Issue,Approved
RET0002710,ORD0097494,P01275,2024-05-06,2,Damaged,Approved
RET0002711,ORD0034293,P01546,2025-08-15,2,Damaged,Processed
RET0002712,ORD0031165,P00944,2024-03-20,1,Incorrect Size,Pending
RET0002713,ORD0101464,P01971,2025-02-17,3,Customer Changed Mind,Approved
RET0002714,ORD0033772,P01943,2026-06-29,1,Quality Issue,Approved
RET0002715,ORD0067628,P01103,2026-04-26,2,Quality Issue,Processed
RET0002716,ORD0116688,P00673,2026-01-11,1,Incorrect Size,Processed
RET0002717,ORD0089418,P00093,2024-05-25,1,Quality Issue,Processed
RET0002718,ORD0097214,P01148,2025-06-21,1,Incorrect Size,Approved
RET0002719,ORD0084291,P01719,2026-02-19,2,Quality Issue,Approved
RET0002720,ORD0083888,P01493,2025-03-08,1,quality issue,Processed
RET0002721,ORD0023354,P01415,2024-02-09,1,Customer Changed Mind,Approved
RET0002722,ORD0044424,P00397,2026-06-17,3,Customer Changed Mind,Processed
RET0002723,ORD0096844,P01623,2026-08-02,1,Customer Changed Mind,Approved
RET0002724,ORD0029382,P01539,2026-04-17,1,Damaged,Processed
RET0002725,ORD0024658,P01585,2025-12-22,1,Customer Changed Mind,Pending
RET0002726,ORD0072413,P01320,2026-03-20,1,Customer Changed Mind,Processed
RET0002727,ORD0054695,P00024,2026-05-02,1,Damaged,Approved
RET0002728,ORD0028441,P01970,2025-12-07,1,Wrong Product,Pending
RET0002729,ORD0050454,P00186,2025-03-17,1,Quality Issue,Approved
RET0002730,ORD0021740,P01026,2026-05-28,2,Late Delivery,Processed
RET0002731,ORD0061310,P00670,2025-04-27,1,Quality Issue,Approved
RET0002732,ORD0082211,P01627,2026-02-15,1,Late Delivery,Rejected
RET0002733,ORD0074181,P00606,2025-02-04,1,Incorrect Size,Approved
RET0002734,ORD0063979,P01191,2024-09-12,1,Quality Issue,Approved
RET0002735,ORD0104385,P00467,2025-08-03,1,Damaged,Pending
RET0002736,ORD0098071,P00991,2026-06-18,1,Incorrect Size,Processed
RET0002737,ORD0058484,P00104,2025-06-11,2,Damaged,Approved
RET0002738,ORD0069308,P00960,2026-05-24,2,Quality Issue,Approved
RET0002739,ORD0009748,P01273,2026-04-11,1,Quality Issue,Approved
RET0002740,ORD0116869,P00315,2025-11-16,1,Customer Changed Mind,Approved
RET0002741,ORD0028417,P00233,2025-11-06,1,Quality Issue,Processed
RET0002742,ORD0078722,P00049,2026-03-02,1,Customer Changed Mind,Processed
RET0002743,ORD0033980,P00318,2026-01-10,1,Damaged,Pending
RET0002744,ORD0007108,P01349,2025-07-02,1,Damaged,Processed
RET0002745,ORD0040303,P01643,2025-11-28,1,Damaged,Pending
RET0002746,ORD0040641,P00662,2026-06-15,1,Damaged,Processed
RET0002747,ORD0065924,P00642,2026-05-05,1,Quality Issue,Approved
RET0002748,ORD0084011,P01827,2026-07-15,1,quality issue,Processed
RET0002749,ORD0049729,P00369,2026-07-09,2,Customer Changed Mind,Approved
RET0002750,ORD0017618,P01811,2024-10-16,1,Quality Issue,Approved
RET0002751,ORD0067195,P01878,2025-01-27,2,Damaged,Rejected
RET0002752,ORD0105890,P00063,2025-03-18,2,Wrong Product,Processed
RET0002753,ORD0109613,P00397,2024-04-29,3,Quality Issue,Approved
RET0002754,ORD0068780,P01573,2024-06-25,3,Incorrect Size,Approved
RET0002755,ORD0026896,P01792,2025-09-21,1,Customer Changed Mind,Approved
RET0002756,ORD0041302,P01097,2025-05-16,1,Damaged,Processed
RET0002757,ORD0112896,P00615,2025-11-20,2,Quality Issue,Approved
RET0002758,ORD0106924,P00158,2024-11-26,2,Incorrect Size,Rejected
RET0002759,ORD0103151,P01883,2026-03-04,1,Customer Changed Mind,Processed
RET0002760,ORD0041303,P01235,2026-04-01,1,Wrong Product,Approved
RET0002761,ORD0106069,P01569,2025-07-08,1,Damaged,Processed
RET0002762,ORD0119246,P00051,2025-11-29,1,Quality Issue,Rejected
RET0002763,ORD0096880,P01961,2026-07-04,1,Incorrect Size,Processed
RET0002764,ORD0065655,P01968,2025-03-20,1,Quality Issue,Processed
RET0002765,ORD0101249,P00100,2025-05-21,3,Customer Changed Mind,Approved
RET0002766,ORD0044284,P00558,2026-03-01,1,Quality Issue,Processed
RET0002767,ORD0023248,P01748,2026-03-20,1,Incorrect Size,Processed
RET0002768,ORD0035340,P01918,2024-04-21,2,Customer Changed Mind,Pending
RET0002769,ORD0058224,P00319,2025-12-29,1,Quality Issue,Approved
RET0002770,ORD0015992,P00819,2026-06-28,1,Customer Changed Mind,Processed
RET0002771,ORD0031930,P01432,2026-07-03,1,Customer Changed Mind,Approved
RET0002772,ORD0010224,P00870,2025-11-07,1,Quality Issue,Approved
RET0002773,ORD0090953,P01606,2025-07-13,1,Customer Changed Mind,Approved
RET0002774,ORD0036700,P01784,2025-10-22,1,Incorrect Size,Approved
RET0002775,ORD0058056,P00011,2026-01-11,1,Late Delivery,Processed
RET0002776,ORD0119234,P01733,2026-01-12,1,Customer Changed Mind,Approved
RET0002777,ORD0096433,P01389,2025-04-24,1,Customer Changed Mind,Processed
RET0002778,ORD0108368,P01259,2025-03-29,2,Late Delivery,Processed
RET0002779,ORD0104272,P00991,2025-08-06,2,Customer Changed Mind,Approved
RET0002780,ORD0035668,P01636,2025-09-04,3,Quality Issue,Processed
RET0002781,ORD0041333,P00816,2024-11-10,1,Customer Changed Mind,Approved
RET0002782,ORD0006153,P00477,2025-01-02,1,Customer Changed Mind,Approved
RET0002783,ORD0078349,P01743,2026-04-06,1,Quality Issue,Pending
RET0002784,ORD0092579,P01086,2026-01-12,1,Damaged,Approved
RET0002785,ORD0027380,P01680,2025-11-17,2,Quality Issue,Approved
RET0002786,ORD0094595,P01125,2024-06-14,1,Late Delivery,Processed
RET0002787,ORD0072312,P01598,2026-06-18,3,Customer Changed Mind,Approved
RET0002788,ORD0054456,P00771,2026-06-10,1,Quality Issue,Approved
RET0002789,ORD0017018,P01702,2025-03-23,1,Quality Issue,Processed
RET0002790,ORD0012055,P01694,2026-04-18,1,Incorrect Size,Processed
RET0002791,ORD0003713,P00924,2026-07-22,1,Customer Changed Mind,Processed
RET0002792,ORD0057793,P00194,2025-01-02,2,Customer Changed Mind,Rejected
RET0002793,ORD0088668,P01186,2026-05-20,1,Quality Issue,Approved
RET0002794,ORD0083024,P01232,2024-11-21,1,Quality Issue,Approved
RET0002795,ORD0053818,P01291,2025-06-24,1,Quality Issue,Approved
RET0002796,ORD0061495,P01524,2026-01-05,1,Late Delivery,Approved
RET0002797,ORD0078506,P01644,2025-12-22,3,Quality Issue,Pending
RET0002798,ORD0098463,P00581,2026-07-23,3,Wrong Product,Processed
RET0002799,ORD0048423,P01899,2026-07-21,1,Late Delivery,Approved
RET0002800,ORD0051366,P00682,2025-04-30,1,Damaged,Approved
RET0002801,ORD0111879,P00995,2026-02-04,1,Customer Changed Mind,Approved
RET0002802,ORD0066877,P01293,2026-04-20,2,Quality Issue,Processed
RET0002803,ORD0110885,P00294,2025-09-01,1,Customer Changed Mind,Approved
RET0002804,ORD0110218,P01133,2024-10-03,2,Customer Changed Mind,Pending
RET0002805,ORD0047917,P01226,2025-07-20,1,Incorrect Size,Approved
RET0002806,ORD0043562,P01780,2025-02-02,1,Quality Issue,Approved
RET0002807,ORD0010515,P01616,2026-04-17,2,Late Delivery,Pending
RET0002808,ORD0058435,P00315,2024-07-06,1,Incorrect Size,Rejected
RET0002809,ORD0107421,P00486,2026-06-18,1,Customer Changed Mind,Approved
RET0002810,ORD0086261,P00539,2024-08-02,1,Quality Issue,Processed
RET0002811,ORD0034806,P01446,2026-04-26,1,Damaged,Rejected
RET0002812,ORD0096322,P01132,2025-09-21,1,Wrong Product,Processed
RET0002813,ORD0014721,P00053,2026-03-26,1,Customer Changed Mind,Processed
RET0002814,ORD0101519,P00131,2025-05-12,1,Damaged,Processed
RET0002815,ORD0076779,P00531,2026-05-10,1,Late Delivery,Pending
RET0002816,ORD0091829,P00221,2025-12-17,1,Wrong Product,Processed
RET0002817,ORD0105035,P00051,2025-08-16,2,Quality Issue,Approved
RET0002818,ORD0075014,P01815,2024-03-07,3,Wrong Product,Approved
RET0002819,ORD0090364,P01787,2026-07-17,3,Damaged,Processed
RET0002820,ORD0100553,P01656,2024-10-18,1,Incorrect Size,Processed
RET0002821,ORD0047368,P00764,2026-05-21,1,Quality Issue,Approved
RET0002822,ORD0010330,P01906,2026-04-15,1,Incorrect Size,Processed
RET0002823,ORD0053140,P01875,2024-03-04,1,Customer Changed Mind,Approved
RET0002824,ORD0023573,P00438,2025-12-06,2,Damaged,Pending
RET0002825,ORD0019573,P00365,2026-02-13,1,Late Delivery,Approved
RET0002826,ORD0024117,P01682,2024-05-03,1,Late Delivery,Processed
RET0002827,ORD0039365,P01958,2026-04-24,1,Damaged,Processed
RET0002828,ORD0101997,P00191,2025-08-14,1,Incorrect Size,Approved
RET0002829,ORD0052449,P00288,2025-12-08,1,Quality Issue,Approved
RET0002830,ORD0070914,P00161,2024-03-30,2,Quality Issue,Approved
RET0002831,ORD0000463,P01358,2026-06-17,1,Customer Changed Mind,Processed
RET0002832,ORD0041515,P01409,2025-02-06,1,Quality Issue,Processed
RET0002833,ORD0022899,P01540,2024-05-03,1,Wrong Product,Approved
RET0002834,ORD0084976,P00860,2025-12-04,1,Incorrect Size,Processed
RET0002835,ORD0009099,P01910,2025-07-09,1,Customer Changed Mind,Pending
RET0002836,ORD0041764,P01666,2024-09-21,2,Damaged,Approved
RET0002837,ORD0098444,P00199,2026-03-27,1,Damaged,Rejected
RET0002838,ORD0033806,P00772,2024-08-21,1,Quality Issue,Approved
RET0002839,ORD0003051,P01515,2026-03-21,1,Incorrect Size,Approved
RET0002840,ORD0044805,P01525,2026-07-07,1,Incorrect Size,Processed
RET0002841,ORD0108984,P01824,2025-02-27,1,Quality Issue,Approved
RET0002842,ORD0016309,P00514,2026-06-09,1,Incorrect Size,Rejected
RET0002843,ORD0119705,P00356,2024-06-21,1,Quality Issue,Processed
RET0002844,ORD0109337,P00787,2025-04-13,2,Customer Changed Mind,Processed
RET0002845,ORD0101066,P01079,2026-06-03,2,Quality Issue,Processed
RET0002846,ORD0094320,P01815,2026-07-31,1,Damaged,Processed
RET0002847,ORD0081994,P00176,2026-05-13,2,Wrong Product,Processed
RET0002848,ORD0030802,P01656,2025-12-24,1,Customer Changed Mind,Processed
RET0002849,ORD0073013,P00721,2026-04-05,1,Wrong Product,Rejected
RET0002850,ORD0018711,P00688,2025-04-16,1,Incorrect Size,Processed
RET0002851,ORD0064208,P00768,2026-01-10,1,Incorrect Size,Approved
RET0002852,ORD0043561,P00919,2026-04-25,3,Customer Changed Mind,Approved
RET0002853,ORD0097345,P01428,2025-12-12,1,Quality Issue,Approved
RET0002854,ORD0056052,P00241,2026-06-21,1,Customer Changed Mind,Approved
RET0002855,ORD0119182,P01342,2026-03-18,1,Damaged,Approved
RET0002856,ORD0075378,P01457,2026-04-02,1,Customer Changed Mind,Approved
RET0002857,ORD0119699,P00380,2026-03-09,1,Wrong Product,Approved
RET0002858,ORD0077530,P00602,2026-02-23,1,Customer Changed Mind,Rejected
RET0002859,ORD0001847,P00022,2024-11-24,1,Wrong Product,Processed
RET0002860,ORD0044388,P00249,2026-06-28,1,Damaged,Approved
RET0002861,ORD0117188,P00222,2025-08-03,1,Wrong Product,Pending
RET0002862,ORD0009516,P01468,2026-06-06,1,Incorrect Size,Pending
RET0002863,ORD0077085,P00560,2025-07-17,2,Damaged,Rejected
RET0002864,ORD0054029,P00890,2025-11-12,1,Customer Changed Mind,Approved
RET0002865,ORD0011838,P00345,2026-05-24,1,Late Delivery,Approved
RET0002866,ORD0085453,P01766,2025-10-07,1,Customer Changed Mind,Approved
RET0002867,ORD0004885,P01934,2026-03-04,2,Late Delivery,Processed
RET0002868,ORD0056163,P01748,2025-05-20,1,Damaged,Processed
RET0002869,ORD0046617,P01998,2024-12-11,1,Quality Issue,Processed
RET0002870,ORD0038072,P01923,2026-01-03,21,Late Delivery,Processed
RET0002871,ORD0071152,P01366,2025-03-13,3,Quality Issue,Pending
RET0002872,ORD0079641,P00936,2025-11-28,1,Late Delivery,Processed
RET0002873,ORD0060829,P01530,2026-07-07,1,Customer Changed Mind,Rejected
RET0002874,ORD0029248,P00997,2024-12-08,1,Customer Changed Mind,Processed
RET0002875,ORD0087902,P01391,2026-05-20,1,Wrong Product,Approved
RET0002876,ORD0013712,P01766,2025-07-25,1,Late Delivery,Processed
RET0002877,ORD0079820,P00767,2026-05-01,1,Damaged,Approved
RET0002878,ORD0072464,P00400,2026-04-15,1,Customer Changed Mind,Approved
RET0002879,ORD0072765,P01913,2024-12-31,1,Quality Issue,Pending
RET0002880,ORD0096073,P00134,2025-11-04,3,Damaged,Approved
RET0002881,ORD0003633,P00202,2025-07-18,1,Damaged,Approved
RET0002882,ORD0102686,P00557,2024-08-22,1,Quality Issue,Pending
RET0002883,ORD0054650,P00314,2026-04-28,2,Customer Changed Mind,Approved
RET0002884,ORD0030084,P00748,2025-11-05,1,Quality Issue,Approved
RET0002885,ORD0030891,P00714,2025-12-15,1,Incorrect Size,Approved
RET0002886,ORD0028072,P01216,2025-08-16,2,Incorrect Size,Processed
RET0002887,ORD0002935,P00070,2025-09-19,1,Customer Changed Mind,Approved
RET0002888,ORD0116828,P01041,2024-08-08,1,Wrong Product,Approved
RET0002889,ORD0081547,P01255,2026-03-08,2,Quality Issue,Processed
RET0002890,ORD0064645,P01643,2025-11-08,1,Quality Issue,Approved
RET0002891,ORD0033607,P00449,2026-03-14,1,Quality Issue,Processed
RET0002892,ORD0038397,P01065,2025-08-20,1,Customer Changed Mind,Approved
RET0002893,ORD0111837,P01914,2025-05-07,1,Damaged,Processed
RET0002894,ORD0089276,P00115,2026-05-02,1,Wrong Product,Processed
RET0002895,ORD0075803,P01396,2026-05-07,1,Damaged,Approved
RET0002896,ORD0012935,P01303,2026-06-30,1,Damaged,Approved
RET0002897,ORD0058843,P00851,2026-05-12,1,Incorrect Size,Approved
RET0002898,ORD0028567,P01273,2026-04-28,1,Damaged,Approved
RET0002899,ORD0064001,P00184,2026-06-06,1,Quality Issue,Approved
RET0002900,ORD0064800,P00534,2024-04-30,1,Incorrect Size,Processed
RET0002901,ORD0034658,P00655,2026-04-04,1,Customer Changed Mind,Approved
RET0002902,ORD0110368,P01124,2026-07-02,1,Late Delivery,Approved
RET0002903,ORD0037685,P01535,2025-05-22,1,Quality Issue,Approved
RET0002904,ORD0072526,P01784,2024-02-02,1,Customer Changed Mind,Processed
RET0002905,ORD0119561,P00264,2026-06-16,1,Customer Changed Mind,Approved
RET0002906,ORD0052350,P01936,2026-04-06,3,Quality Issue,Processed
RET0002907,ORD0114152,P00287,2026-01-09,1,Quality Issue,Processed
RET0002908,ORD0005548,P00388,2025-08-25,1,Quality Issue,Approved
RET0002909,ORD0044176,P01510,2026-03-10,1,Incorrect Size,Approved
RET0002910,ORD0104400,P00946,2025-09-27,1,Customer Changed Mind,Approved
RET0002911,ORD0062150,P01449,2024-02-07,1,Quality Issue,Processed
RET0002912,ORD0016294,P00558,2025-09-24,3,Quality Issue,Approved
RET0002913,ORD0029439,P00172,2026-07-18,3,Quality Issue,Approved
RET0002914,ORD0097797,P00372,2025-11-25,1,Quality Issue,Pending
RET0002915,ORD0039980,P01401,2026-01-22,1,Quality Issue,Processed
RET0002916,ORD0061196,P01270,2025-12-24,1,Incorrect Size,Approved
RET0002917,ORD0051474,P01466,2025-03-29,3,Customer Changed Mind,Rejected
RET0002918,ORD0000001,P00969,2025-12-28,2,Quality Issue,Approved
RET0002919,ORD0059747,P00091,2025-12-01,1,Wrong Product,Approved
RET0002920,ORD0037283,P01243,2025-03-31,1,Quality Issue,Approved
RET0002921,ORD0060049,P01001,2026-01-27,1,Quality Issue,Pending
RET0002922,ORD0095046,P00727,2026-01-14,3,Quality Issue,Approved
RET0002923,ORD0001453,P00211,2026-02-21,1,Customer Changed Mind,Processed
RET0002924,ORD0038861,P00510,2026-04-08,1,Late Delivery,Processed
RET0002925,ORD0044407,P00937,2026-02-04,1,Customer Changed Mind,Processed
RET0002926,ORD0016934,P00304,2025-05-27,3,Damaged,Approved
RET0002927,ORD0092023,P00314,2025-04-27,1,Wrong Product,Approved
RET0002928,ORD0020574,P00504,2025-12-23,1,Incorrect Size,Processed
RET0002929,ORD0068999,P01147,2026-07-09,2,Customer Changed Mind,Approved
RET0002930,ORD0119382,P01891,2025-04-06,2,Incorrect Size,Processed
RET0002931,ORD0112790,P00852,2025-12-22,3,Wrong Product,Approved
RET0002932,ORD0004155,P00821,2025-06-27,1,Quality Issue,Processed
RET0002933,ORD0001925,P01026,2024-09-22,1,Late Delivery,Processed
RET0002934,ORD0062051,P00764,2025-02-19,1,Quality Issue,Processed
RET0002935,ORD0081299,P01022,2024-07-09,1,Quality Issue,Processed
RET0002936,ORD0060549,P01996,2026-03-22,1,Quality Issue,Approved
RET0002937,ORD0075274,P00265,2026-07-01,1,Incorrect Size,Approved
RET0002938,ORD0072643,P01025,2024-07-28,2,Late Delivery,Approved
RET0002939,ORD0073071,P00954,2026-07-16,1,Damaged,Processed
RET0002940,ORD0119649,P00266,2025-04-27,1,Wrong Product,Approved
RET0002941,ORD0074381,P01511,2025-11-16,2,Quality Issue,Approved
RET0002942,ORD0030046,P01612,2026-07-08,2,Customer Changed Mind,Approved
RET0002943,ORD0097654,P00408,2026-01-19,1,Late Delivery,Approved
RET0002944,ORD0111531,P00255,2025-12-26,1,Quality Issue,Processed
RET0002945,ORD0106187,P00802,2026-01-06,1,Customer Changed Mind,Processed
RET0002946,ORD0005894,P01637,2026-01-31,2,Quality Issue,Approved
RET0002947,ORD0107485,P01628,2026-06-11,2,Quality Issue,Approved
RET0002948,ORD0113350,P00393,2025-10-05,1,Quality Issue,Processed
RET0002949,ORD0017829,P00311,2025-04-13,2,Quality Issue,Processed
RET0002950,ORD0051171,P00574,2025-07-27,1,Incorrect Size,Rejected
RET0002951,ORD0107352,P01238,2026-05-21,2,Quality Issue,Processed
RET0002952,ORD0034409,P01253,2026-03-03,2,Incorrect Size,Processed
RET0002953,ORD0073784,P00980,2025-10-30,2,Damaged,Rejected
RET0002954,ORD0090863,P01933,2026-06-14,2,Quality Issue,Rejected
RET0002955,ORD0043332,P00952,2026-01-17,1,Quality Issue,Processed
RET0002956,ORD0095194,P00706,2026-06-12,1,Customer Changed Mind,Processed
RET0002957,ORD0066334,P00705,2025-11-03,3,Wrong Product,Processed
RET0002958,ORD0046908,P00841,2026-02-24,1,Late Delivery,Approved
RET0002959,ORD0019279,P00524,2025-05-22,1,Customer Changed Mind,Approved
RET0002960,ORD0041387,P00993,2026-07-15,2,Incorrect Size,Pending
RET0002961,ORD0025376,P00436,2025-04-04,1,Customer Changed Mind,Processed
RET0002962,ORD0117151,P00179,2026-07-15,1,Wrong Product,Approved
RET0002963,ORD0064643,P01976,2026-04-23,1,Late Delivery,Approved
RET0002964,ORD0107650,P00010,2026-06-19,1,Customer Changed Mind,Approved
RET0002965,ORD0026715,P00017,2025-08-15,3,Damaged,Approved
RET0002966,ORD0002457,P01690,2025-07-30,1,Late Delivery,Processed
RET0002967,ORD0017219,P01647,2024-05-05,1,Late Delivery,Processed
RET0002968,ORD0042402,P00779,2026-05-14,1,Wrong Product,Processed
RET0002969,ORD0098550,P01954,2026-01-21,2,Quality Issue,Approved
RET0002970,ORD0037388,P00336,2025-03-03,3,Late Delivery,Approved
RET0002971,ORD0027416,P01797,2026-03-30,1,Quality Issue,Approved
RET0002972,ORD0082659,P01218,2025-12-20,1,Customer Changed Mind,Approved
RET0002973,ORD0011455,P01792,2025-11-22,1,Wrong Product,Processed
RET0002974,ORD0029946,P00066,2025-12-27,1,Incorrect Size,Approved
RET0002975,ORD0014166,P01319,2025-01-14,1,Late Delivery,Pending
RET0002976,ORD0102627,P00784,2025-05-27,1,Damaged,Processed
RET0002977,ORD0049469,P01175,2026-05-10,3,Quality Issue,Approved
RET0002978,ORD0080348,P00971,2025-08-18,1,Wrong Product,Approved
RET0002979,ORD0054545,P00307,2025-11-28,2,Quality Issue,Approved
RET0002980,ORD0103620,P00329,2024-08-14,1,Quality Issue,Approved
RET0002981,ORD0075658,P01757,2026-07-04,1,Incorrect Size,Pending
RET0002982,ORD0091941,P01661,2025-02-15,1,Incorrect Size,Processed
RET0002983,ORD0062730,P00413,2025-08-25,3,Wrong Product,Processed
RET0002984,ORD0006687,P01262,2026-06-07,2,Quality Issue,Processed
RET0002985,ORD0110319,P00233,2025-12-21,1,Customer Changed Mind,Rejected
RET0002986,ORD0077615,P00359,2024-09-30,1,Quality Issue,Rejected
RET0002987,ORD0110710,P00949,2025-05-19,1,Quality Issue,Approved
RET0002988,ORD0070591,P01166,2024-06-29,1,Damaged,Approved
RET0002989,ORD0006357,P01089,2024-11-19,1,Damaged,Approved
RET0002990,ORD0099572,P00728,2026-02-12,1,Damaged,Approved
RET0002991,ORD0032667,P01998,2025-11-24,1,Damaged,Processed
RET0002992,ORD0084340,P00336,2024-08-15,1,Wrong Product,Approved
RET0002993,ORD0097683,P01028,2026-07-09,1,Incorrect Size,Processed
RET0002994,ORD0058635,P01898,2026-06-13,2,Late Delivery,Approved
RET0002995,ORD0111943,P00228,2026-06-25,1,Quality Issue,Processed
RET0002996,ORD0090995,P01718,2025-09-29,1,Incorrect Size,Approved
RET0002997,ORD0080404,P00296,2025-06-23,1,Quality Issue,Approved
RET0002998,ORD0073926,P00103,2025-12-17,1,Customer Changed Mind,Rejected
RET0002999,ORD0003989,P00742,2026-07-30,1,Incorrect Size,Approved
RET0003000,ORD0023316,P00362,2025-04-10,1,Quality Issue,Processed
RET0003001,ORD0058785,P01478,2025-09-16,1,Quality Issue,Rejected
RET0003002,ORD0079878,P00395,2024-12-23,1,Incorrect Size,Approved
RET0003003,ORD0096543,P01777,2024-11-29,2,Quality Issue,Approved
RET0003004,ORD0087947,P00345,2026-03-30,3,Late Delivery,Approved
RET0003005,ORD0024988,P00010,2026-01-13,1,Incorrect Size,Approved
RET0003006,ORD0075685,P00371,2025-08-19,1,Customer Changed Mind,Pending
RET0003007,ORD0118044,P00523,2025-10-26,3,Quality Issue,Processed
RET0003008,ORD0116765,P00609,2024-11-04,1,Damaged,Approved
RET0003009,ORD0061518,P00517,2026-05-26,2,Damaged,Processed
RET0003010,ORD0076407,P00657,2026-05-11,1,Late Delivery,Pending
RET0003011,ORD0104008,P01298,2024-10-29,1,Damaged,Approved
RET0003012,ORD0118271,P00234,2025-01-03,2,Incorrect Size,Approved
RET0003013,ORD0108729,P01598,2025-12-08,1,Damaged,Processed
RET0003014,ORD0113782,P00873,2026-01-24,2,Quality Issue,Processed
RET0003015,ORD0006064,P01662,2025-01-14,1,Wrong Product,Approved
RET0003016,ORD0022661,P01426,2025-11-27,1,Incorrect Size,Processed
RET0003017,ORD0047379,P00299,2025-01-11,1,Customer Changed Mind,Approved
RET0003018,ORD0022031,P00149,2025-12-17,2,Damaged,Processed
RET0003019,ORD0112950,P00397,2026-03-17,2,Damaged,Processed
RET0003020,ORD0106075,P00293,2026-07-18,1,Late Delivery,Approved
RET0003021,ORD0071734,P00717,2026-05-04,3,Incorrect Size,Processed
RET0003022,ORD0108754,P01659,2026-01-22,2,Incorrect Size,Approved
RET0003023,ORD0013158,P00187,2025-03-07,1,Customer Changed Mind,Processed
RET0003024,ORD0067538,P00503,2026-03-04,1,Customer Changed Mind,Processed
RET0003025,ORD0094569,P01026,2026-02-11,1,Damaged,Approved
RET0003026,ORD0094426,P00788,2026-04-12,1,Late Delivery,Approved
RET0003027,ORD0090994,P00922,2025-12-01,2,Quality Issue,Approved
RET0003028,ORD0098542,P00072,2026-03-05,1,Wrong Product,Processed
RET0003029,ORD0045131,P01463,2025-08-18,1,Quality Issue,Processed
RET0003030,ORD0100725,P00878,2026-05-26,2,Incorrect Size,Approved
RET0003031,ORD0096108,P00509,2024-01-27,2,Damaged,Pending
RET0003032,ORD0004364,P01822,2026-07-17,1,Wrong Product,Processed
RET0003033,ORD0039836,P00362,2026-07-02,2,Wrong Product,Approved
RET0003034,ORD0026634,P01638,2026-06-05,1,Damaged,Approved
RET0003035,ORD0012539,P01111,2026-03-02,1,Damaged,Processed
RET0003036,ORD0111251,P01004,2024-12-03,1,Quality Issue,Approved
RET0003037,ORD0027678,P00006,2026-05-05,1,Damaged,Pending
RET0003038,ORD0116090,P00807,2026-07-15,1,Quality Issue,Processed
RET0003039,ORD0059535,P00530,2024-12-31,2,Incorrect Size,Approved
RET0003040,ORD0044935,P01355,2026-01-15,3,Incorrect Size,Approved
RET0003041,ORD0111186,P00539,2025-12-04,1,Quality Issue,Approved
RET0003042,ORD0108191,P01800,2026-01-12,1,Wrong Product,Processed
RET0003043,ORD0043977,P01083,2026-01-17,1,Damaged,Approved
RET0003044,ORD0018973,P00893,2024-05-02,1,Wrong Product,Rejected
RET0003045,ORD0022729,P00511,2024-09-06,2,Incorrect Size,Processed
RET0003046,ORD0044264,P01569,2025-08-11,1,Incorrect Size,Rejected
RET0003047,ORD0016909,P01805,2025-03-08,2,Customer Changed Mind,Approved
RET0003048,ORD0092213,P00968,2025-05-05,1,Customer Changed Mind,Approved
RET0003049,ORD0006001,P01668,2025-03-30,2,Late Delivery,Processed
RET0003050,ORD0118016,P00958,2025-10-12,3,Wrong Product,Approved
RET0003051,ORD0043362,P00518,2026-07-01,2,Incorrect Size,Approved
RET0003052,ORD0031203,P00207,2026-04-07,1,Wrong Product,Pending
RET0003053,ORD0061252,P01439,2024-12-26,2,Customer Changed Mind,Processed
RET0003054,ORD0043573,P00984,2026-03-31,1,Customer Changed Mind,Rejected
RET0003055,ORD0085189,P01721,2026-06-30,2,Damaged,Approved
RET0003056,ORD0004226,P01317,2026-02-28,3,Customer Changed Mind,Processed
RET0003057,ORD0101750,P00723,2026-02-12,1,Incorrect Size,Approved
RET0003058,ORD0118526,P01894,2026-01-04,1,Damaged,Approved
RET0003059,ORD0052613,P00039,2024-09-16,1,Quality Issue,Approved
RET0003060,ORD0085651,P00848,2025-03-16,1,Customer Changed Mind,Rejected
RET0003061,ORD0039879,P01875,2026-05-04,2,Wrong Product,Approved
RET0003062,ORD0034911,P01616,2024-11-24,1,Damaged,Processed
RET0003063,ORD0069708,P01174,2026-05-22,1,Wrong Product,Rejected
RET0003064,ORD0113171,P01962,2025-12-29,1,Damaged,Processed
RET0003065,ORD0069955,P00080,2024-12-08,1,Customer Changed Mind,Approved
RET0003066,ORD0044742,P00585,2025-07-10,1,Quality Issue,Processed
RET0003067,ORD0097514,P01178,2024-08-19,1,Quality Issue,Processed
RET0003068,ORD0105884,P01507,2025-08-24,1,Incorrect Size,Approved
RET0003069,ORD0086458,P00778,2024-05-28,1,Customer Changed Mind,Approved
RET0003070,ORD0001750,P01533,2025-03-07,1,Quality Issue,Processed
RET0003071,ORD0026169,P00049,2026-02-04,1,Quality Issue,Processed
RET0003072,ORD0021454,P00867,2025-04-19,2,Wrong Product,Pending
RET0003073,ORD0069829,P00129,2026-02-07,1,Customer Changed Mind,Approved
RET0003074,ORD0046970,P00756,2026-07-18,2,Late Delivery,Approved
RET0003075,ORD0010708,P00357,2025-05-27,1,Quality Issue,Approved
RET0003076,ORD0039023,P00111,2026-04-07,1,Customer Changed Mind,Pending
RET0003077,ORD0079962,P01347,2025-03-16,1,Wrong Product,Rejected
RET0003078,ORD0065367,P00380,2025-08-02,1,Incorrect Size,Pending
RET0003079,ORD0102771,P00278,2026-05-15,1,Damaged,Processed
RET0003080,ORD0115018,P00335,2026-01-20,2,Incorrect Size,Approved
RET0003081,ORD0062173,P00476,2025-11-19,1,Quality Issue,Processed
RET0003082,ORD0099514,P00533,2026-06-07,2,Incorrect Size,Approved
RET0003083,ORD0032205,P00886,2025-09-17,1,Quality Issue,Approved
RET0003084,ORD0012403,P00007,2025-10-14,1,Wrong Product,Approved
RET0003085,ORD0011993,P00815,2026-03-01,1,Quality Issue,Approved
RET0003086,ORD0091626,P00412,2025-03-03,1,Quality Issue,Approved
RET0003087,ORD0071462,P01829,2025-12-16,2,Quality Issue,Pending
RET0003088,ORD0002950,P01816,2026-03-10,1,Wrong Product,Processed
RET0003089,ORD0063356,P01295,2026-01-25,1,Wrong Product,Processed
RET0003090,ORD0111513,P01113,2025-11-29,2,Customer Changed Mind,Approved
RET0003091,ORD0073657,P00346,2025-02-11,1,Customer Changed Mind,Processed
RET0003092,ORD0094104,P01875,2025-12-03,1,Late Delivery,Approved
RET0003093,ORD0093118,P01719,2025-07-15,1,Incorrect Size,Approved
RET0003094,ORD0033668,P01650,2025-11-22,1,Quality Issue,Approved
RET0003095,ORD0075597,P00023,2024-11-27,1,Quality Issue,Approved
RET0003096,ORD0022281,P01237,2025-12-09,2,Wrong Product,Rejected
RET0003097,ORD0084830,P01981,2025-02-19,1,Customer Changed Mind,Rejected
RET0003098,ORD0073252,P01372,2025-12-11,1,Customer Changed Mind,Approved
RET0003099,ORD0077455,P01865,2024-11-27,1,Wrong Product,Processed
RET0003100,ORD0040676,P01143,2026-03-02,1,Damaged,Approved
RET0003101,ORD0068999,P00326,2026-08-05,1,Customer Changed Mind,Approved
RET0003102,ORD0089174,P01339,2026-06-06,1,Wrong Product,Processed
RET0003103,ORD0068727,P01516,2026-04-14,1,Late Delivery,Processed
RET0003104,ORD0100213,P00713,2026-03-11,1,Damaged,Processed
RET0003105,ORD0047656,P00244,2025-06-03,3,Wrong Product,Approved
RET0003106,ORD0056867,P01538,2026-01-07,1,Damaged,Processed
RET0003107,ORD0005839,P00828,2025-03-19,21,Quality Issue,Approved
RET0003108,ORD0006926,P01373,2024-08-02,1,Late Delivery,Approved
RET0003109,ORD0067333,P00900,2025-09-09,1,Customer Changed Mind,Approved
RET0003110,ORD0098790,P01193,2024-09-18,1,Damaged,Approved
RET0003111,ORD0056798,P00738,2025-07-27,1,Incorrect Size,Approved
RET0003112,ORD0039795,P01397,2026-04-07,1,Quality Issue,Approved
RET0003113,ORD0063599,P00099,2025-11-28,2,Quality Issue,Processed
RET0003114,ORD0081428,P01832,2026-04-30,3,Late Delivery,Approved
RET0003115,ORD0023880,P01442,2026-07-03,1,Quality Issue,Approved
RET0003116,ORD0000762,P01644,2024-07-15,3,Incorrect Size,Pending
RET0003117,ORD0018951,P00336,2026-04-09,1,Customer Changed Mind,Rejected
RET0003118,ORD0058799,P00942,2024-08-09,1,Quality Issue,Approved
RET0003119,ORD0117553,P01637,2025-06-12,1,Wrong Product,Approved
RET0003120,ORD0044760,P00959,2024-05-09,2,Quality Issue,Approved
RET0003121,ORD0089096,P00822,2025-10-27,2,Customer Changed Mind,Pending
RET0003122,ORD0079118,P01635,2026-03-19,1,Damaged,Approved
RET0003123,ORD0051539,P01634,2024-02-05,2,Incorrect Size,Approved
RET0003124,ORD0048657,P00339,2026-04-07,3,Incorrect Size,Processed
RET0003125,ORD0078264,P00542,2026-03-23,1,Wrong Product,Processed
RET0003126,ORD0022433,P00656,2026-04-23,2,Incorrect Size,Approved
RET0003127,ORD0069267,P00520,2025-03-20,1,Customer Changed Mind,Approved
RET0003128,ORD0007051,P01156,2026-06-28,2,Customer Changed Mind,Approved
RET0003129,ORD0112753,P01858,2026-03-23,1,Incorrect Size,Approved
RET0003130,ORD0022429,P01939,2025-08-14,1,Customer Changed Mind,Approved
RET0003131,ORD0082147,P00276,2026-02-09,1,Customer Changed Mind,Processed
RET0003132,ORD0108584,P00610,2025-03-20,1,Quality Issue,Processed
RET0003133,ORD0038035,P00384,2026-01-13,2,Damaged,Processed
RET0003134,ORD0055262,P00900,2026-06-24,1,Customer Changed Mind,Processed
RET0003135,ORD0069107,P01107,2026-02-14,1,Customer Changed Mind,Processed
RET0003136,ORD0103532,P01733,2025-11-10,1,Quality Issue,Approved
RET0003137,ORD0084632,P01640,2026-04-17,2,Damaged,Processed
RET0003138,ORD0105022,P00750,2025-10-08,1,Wrong Product,Approved
RET0003139,ORD0097624,P00610,2026-08-06,1,Quality Issue,Approved
RET0003140,ORD0007042,P00966,2024-08-26,1,Damaged,Approved
RET0003141,ORD0089250,P01092,2026-04-15,3,Customer Changed Mind,Processed
RET0003142,ORD0030890,P01966,2025-11-15,1,Quality Issue,Processed
RET0003143,ORD0119004,P00038,2026-06-26,1,Quality Issue,Approved
RET0003144,ORD0099711,P01302,2025-05-15,1,Damaged,Approved
RET0003145,ORD0081522,P00287,2026-05-15,1,Incorrect Size,Processed
RET0003146,ORD0006624,P00877,2025-03-02,1,Quality Issue,Approved
RET0003147,ORD0008146,P00601,2025-07-04,2,Customer Changed Mind,Approved
RET0003148,ORD0012581,P01244,2024-07-11,2,Quality Issue,Processed
RET0003149,ORD0085507,P00362,2024-12-14,1,Quality Issue,Processed
RET0003150,ORD0109433,P00776,2024-08-05,1,Quality Issue,Approved
RET0003151,ORD0106016,P00473,2026-06-22,1,Late Delivery,Approved
RET0003152,ORD0018084,P00820,2025-11-10,1,Quality Issue,Pending
RET0003153,ORD0011487,P00879,2026-06-22,3,Incorrect Size,Approved
RET0003154,ORD0098776,P01288,2025-06-24,3,Late Delivery,Rejected
RET0003155,ORD0090201,P00091,2025-10-06,2,Quality Issue,Processed
RET0003156,ORD0088523,P01973,2025-07-12,1,Quality Issue,Rejected
RET0003157,ORD0023346,P00016,2026-04-27,1,Incorrect Size,Approved
RET0003158,ORD0011651,P00909,2025-02-19,2,Incorrect Size,Approved
RET0003159,ORD0014676,P00645,2024-04-21,1,Wrong Product,Approved
RET0003160,ORD0089925,P01383,2026-03-22,1,Damaged,Approved
RET0003161,ORD0109744,P01034,2024-09-25,1,Quality Issue,Approved
RET0003162,ORD0100260,P01111,2024-11-19,1,Customer Changed Mind,Approved
RET0003163,ORD0008007,P00385,2025-06-02,1,Late Delivery,Approved
RET0003164,ORD0016218,P00732,2025-02-09,1,Quality Issue,Processed
RET0003165,ORD0062224,P00486,2026-03-18,2,Incorrect Size,Approved
RET0003166,ORD0115083,P01370,2026-06-19,1,Customer Changed Mind,Approved
RET0003167,ORD0027906,P00024,2024-04-22,1,Quality Issue,Approved
RET0003168,ORD0045930,P01594,2025-11-28,1,Wrong Product,Processed
RET0003169,ORD0012734,P00756,2026-03-13,1,Late Delivery,Approved
RET0003170,ORD0041064,P01239,2024-06-02,1,Damaged,Processed
RET0003171,ORD0119745,P00949,2024-05-25,2,Late Delivery,Approved
RET0003172,ORD0108196,P01593,2025-03-03,2,Late Delivery,Processed
RET0003173,ORD0063371,P01838,2025-11-15,2,Quality Issue,Processed
RET0003174,ORD0023224,P01481,2025-12-21,2,Quality Issue,Processed
RET0003175,ORD0049174,P00889,2025-06-10,1,Customer Changed Mind,Processed
RET0003176,ORD0058920,P01169,2025-06-05,1,Damaged,Pending
RET0003177,ORD0114841,P00833,2025-01-04,1,Damaged,Approved
RET0003178,ORD0107019,P00804,2024-11-14,1,Incorrect Size,Approved
RET0003179,ORD0080331,P01410,2026-06-06,21,Incorrect Size,Pending
RET0003180,ORD0063612,P00867,2026-04-25,1,Customer Changed Mind,Rejected
RET0003181,ORD0109810,P01470,2025-07-16,1,Wrong Product,Processed
RET0003182,ORD0062987,P01028,2025-11-21,2,Customer Changed Mind,Approved
RET0003183,ORD0119461,P00087,2026-07-24,1,Quality Issue,Approved
RET0003184,ORD0102774,P01228,2026-03-28,1,Customer Changed Mind,Rejected
RET0003185,ORD0035113,P00243,2024-04-14,1,Damaged,Processed
RET0003186,ORD0087954,P00748,2025-02-03,1,Customer Changed Mind,Approved
RET0003187,ORD0065520,P00155,2024-07-31,1,Wrong Product,Approved
RET0003188,ORD0062118,P01829,2025-01-02,1,Customer Changed Mind,Processed
RET0003189,ORD0029182,P00781,2025-12-06,2,Damaged,Processed
RET0003190,ORD0024017,P01056,2026-01-29,3,Quality Issue,Pending
RET0003191,ORD0119069,P00520,2026-06-13,1,quality issue,Approved
RET0003192,ORD0045948,P00317,2025-08-30,1,Wrong Product,Approved
RET0003193,ORD0105120,P01743,2024-02-16,1,Late Delivery,Approved
RET0003194,ORD0055213,P00623,2025-10-30,1,Customer Changed Mind,Processed
RET0003195,ORD0088761,P00423,2026-06-05,2,Quality Issue,Approved
RET0003196,ORD0081526,P01729,2026-07-10,3,Incorrect Size,Approved
RET0003197,ORD0093399,P00066,2026-04-28,1,Damaged,Approved
RET0003198,ORD0026147,P01444,2024-05-08,1,Incorrect Size,Approved
RET0003199,ORD0070348,P01913,2026-02-21,2,Quality Issue,Processed
RET0003200,ORD0072175,P00462,2025-12-08,1,Quality Issue,Approved
RET0003201,ORD0065451,P01006,2026-05-07,1,Customer Changed Mind,Approved
RET0003202,ORD0046074,P00999,2026-06-29,1,Customer Changed Mind,Processed
RET0003203,ORD0014686,P01877,2026-04-20,2,Damaged,Approved
RET0003204,ORD0059436,P00851,2026-03-19,1,Incorrect Size,Processed
RET0003205,ORD0022319,P00455,2024-11-25,1,Quality Issue,Rejected
RET0003206,ORD0046719,P01735,2026-05-28,1,Customer Changed Mind,Processed
RET0003207,ORD0030378,P00448,2026-04-03,1,Late Delivery,Processed
RET0003208,ORD0114436,P01511,2025-12-17,1,Damaged,Rejected
RET0003209,ORD0116832,P00812,2026-04-17,1,Wrong Product,Pending
RET0003210,ORD0023246,P00099,2026-04-21,1,Quality Issue,Processed
RET0003211,ORD0070208,P01723,2026-03-27,1,Late Delivery,Approved
RET0003212,ORD0036147,P00102,2025-11-21,1,Quality Issue,Processed
RET0003213,ORD0001293,P00463,2025-06-22,1,Quality Issue,Processed
RET0003214,ORD0066152,P00658,2026-06-12,1,Quality Issue,Approved
RET0003215,ORD0042315,P01955,2026-05-16,1,Quality Issue,Approved
RET0003216,ORD0099567,P00879,2025-08-03,1,Damaged,Processed
RET0003217,ORD0089124,P00437,2024-09-14,1,Quality Issue,Approved
RET0003218,ORD0040460,P01675,2025-12-05,2,Quality Issue,Rejected
RET0003219,ORD0069852,P00319,2026-06-26,1,Wrong Product,Pending
RET0003220,ORD0100132,P01452,2024-06-25,1,Wrong Product,Approved
RET0003221,ORD0008522,P01422,2025-01-11,1,Wrong Product,Approved
RET0003222,ORD0012656,P01843,2025-04-14,1,Wrong Product,Pending
RET0003223,ORD0088193,P00186,2024-06-18,1,Late Delivery,Approved
RET0003224,ORD0039566,P00193,2024-08-02,1,Damaged,Processed
RET0003225,ORD0005347,P01093,2025-11-09,1,Quality Issue,Approved
RET0003226,ORD0031797,P01279,2024-02-09,1,Damaged,Approved
RET0003227,ORD0116355,P00246,2025-10-19,1,Damaged,Approved
RET0003228,ORD0020906,P00824,2024-03-27,1,Customer Changed Mind,Approved
RET0003229,ORD0089861,P01039,2026-01-07,1,Wrong Product,Pending
RET0003230,ORD0034885,P00888,2025-11-21,1,Incorrect Size,Approved
RET0003231,ORD0005633,P01911,2025-01-20,1,Customer Changed Mind,Approved
RET0003232,ORD0013503,P00920,2025-06-14,2,Wrong Product,Processed
RET0003233,ORD0001021,P00082,2026-04-20,1,Wrong Product,Pending
RET0003234,ORD0067262,P01273,2024-06-02,2,Customer Changed Mind,Approved
RET0003235,ORD0118321,P01438,2025-03-18,1,Quality Issue,Processed
RET0003236,ORD0051513,P01131,2026-05-14,1,Quality Issue,Approved
RET0003237,ORD0119033,P01416,2025-11-30,2,Customer Changed Mind,Processed
RET0003238,ORD0011598,P01557,2025-03-10,1,Quality Issue,Processed
RET0003239,ORD0099951,P00206,2024-12-12,1,Customer Changed Mind,Rejected
RET0003240,ORD0113971,P00055,2025-11-07,1,Incorrect Size,Processed
RET0003241,ORD0081797,P01814,2024-05-03,1,Late Delivery,Pending
RET0003242,ORD0053339,P01805,2025-11-24,1,Wrong Product,Approved
RET0003243,ORD0015858,P01278,2024-04-28,1,Quality Issue,Processed
RET0003244,ORD0067714,P00691,2024-02-08,1,Quality Issue,Processed
RET0003245,ORD0071036,P01529,2024-09-11,1,Customer Changed Mind,Approved
RET0003246,ORD0025041,P01982,2024-06-16,2,Incorrect Size,Pending
RET0003247,ORD0102737,P01304,2026-03-17,2,Incorrect Size,Processed
RET0003248,ORD0095079,P00669,2026-06-21,1,Wrong Product,Rejected
RET0003249,ORD0017729,P01729,2026-08-04,1,Quality Issue,Approved
RET0003250,ORD0004815,P01233,2025-01-22,2,Quality Issue,Rejected
RET0003251,ORD0043006,P01798,2024-05-07,1,Late Delivery,Approved
RET0003252,ORD0101918,P01003,2025-05-27,1,Late Delivery,Pending
RET0003253,ORD0029585,P00293,2026-03-27,2,Incorrect Size,Approved
RET0003254,ORD0090301,P00203,2026-07-16,1,Quality Issue,Processed
RET0003255,ORD0036073,P00787,2026-03-28,1,Late Delivery,Approved
RET0003256,ORD0082063,P00232,2026-04-29,1,Damaged,Processed
RET0003257,ORD0038578,P01903,2024-04-02,1,Customer Changed Mind,Approved
RET0003258,ORD0050490,P00868,2026-03-22,1,Incorrect Size,Rejected
RET0003259,ORD0054563,P01254,2025-01-08,1,Quality Issue,Rejected
RET0003260,ORD0031232,P01419,2026-03-16,2,Damaged,Approved
RET0003261,ORD0061500,P01304,2026-05-14,2,Incorrect Size,Processed
RET0003262,ORD0041255,P00442,2026-06-22,1,Quality Issue,Processed
RET0003263,ORD0043206,P01420,2026-04-27,3,Late Delivery,Approved
RET0003264,ORD0007303,P01843,2026-04-07,1,Damaged,Approved
RET0003265,ORD0049392,P01641,2026-06-10,1,Late Delivery,Approved
RET0003266,ORD0097587,P01396,2026-06-25,1,Damaged,Approved
RET0003267,ORD0031050,P00302,2025-12-14,1,Customer Changed Mind,Processed
RET0003268,ORD0089994,P00106,2025-04-07,1,Quality Issue,Processed
RET0003269,ORD0080761,P00316,2026-06-18,1,Incorrect Size,Approved
RET0003270,ORD0108274,P00796,2025-12-09,2,Customer Changed Mind,Pending
RET0003271,ORD0078399,P00303,2026-06-02,1,Incorrect Size,Approved
RET0003272,ORD0013334,P00268,2024-11-12,1,Incorrect Size,Rejected
RET0003273,ORD0104438,P01599,2024-10-05,2,Damaged,Processed
RET0003274,ORD0011653,P00183,2025-06-05,1,Wrong Product,Processed
RET0003275,ORD0056395,P01661,2024-12-12,1,Quality Issue,Processed
RET0003276,ORD0034309,P00528,2026-03-24,1,Quality Issue,Approved
RET0003277,ORD0006176,P00771,2026-07-06,1,Customer Changed Mind,Rejected
RET0003278,ORD0111393,P01761,2026-08-01,1,Quality Issue,Processed
RET0003279,ORD0097982,P00994,2024-11-22,1,Quality Issue,Rejected
RET0003280,ORD0067450,P00819,2026-04-08,2,Quality Issue,Approved
RET0003281,ORD0017749,P01719,2025-05-17,2,Quality Issue,Processed
RET0003282,ORD0047295,P00919,2025-04-08,2,Damaged,Approved
RET0003283,ORD0116601,P00427,2026-03-11,1,Damaged,Processed
RET0003284,ORD0104785,P00622,2024-11-25,2,Damaged,Processed
RET0003285,ORD0059084,P01091,2026-04-26,1,Incorrect Size,Approved
RET0003286,ORD0003299,P01169,2025-03-30,1,Incorrect Size,Approved
RET0003287,ORD0057711,P00010,2024-04-17,1,Quality Issue,Approved
RET0003288,ORD0104463,P01608,2025-12-30,1,Damaged,Approved
RET0003289,ORD0093809,P00727,2025-01-10,2,Late Delivery,Approved
RET0003290,ORD0033641,P01236,2025-01-04,1,Wrong Product,Approved
RET0003291,ORD0050279,P01247,2024-03-25,1,Customer Changed Mind,Approved
RET0003292,ORD0090551,P01124,2025-11-15,1,Wrong Product,Processed
RET0003293,ORD0064685,P00914,2026-07-18,1,Quality Issue,Processed
RET0003294,ORD0055520,P01440,2026-07-18,1,Damaged,Approved
RET0003295,ORD0027690,P01305,2025-03-29,3,Quality Issue,Approved
RET0003296,ORD0086651,P01807,2025-12-04,21,Incorrect Size,Processed
RET0003297,ORD0100621,P01973,2025-03-28,1,Quality Issue,Approved
RET0003298,ORD0064185,P00605,2024-11-15,1,Damaged,Approved
RET0003299,ORD0006712,P01179,2026-03-21,1,Incorrect Size,Approved
RET0003300,ORD0104680,P00265,2026-04-28,2,Quality Issue,Pending
RET0003301,ORD0002786,P01980,2025-11-02,1,Customer Changed Mind,Approved
RET0003302,ORD0035543,P00157,2025-09-05,1,Quality Issue,Pending
RET0003303,ORD0010555,P00601,2025-12-21,2,Incorrect Size,Approved
RET0003304,ORD0008949,P01930,2025-02-21,2,Customer Changed Mind,Approved
RET0003305,ORD0098550,P01952,2025-12-15,1,Late Delivery,Approved
RET0003306,ORD0083426,P01262,2026-01-21,1,Customer Changed Mind,Processed
RET0003307,ORD0101668,P01044,2026-02-06,1,Damaged,Processed
RET0003308,ORD0116793,P01260,2024-03-06,1,Quality Issue,Processed
RET0003309,ORD0007905,P01596,2026-06-20,1,Damaged,Pending
RET0003310,ORD0000186,P01430,2025-09-27,1,Customer Changed Mind,Processed
RET0003311,ORD0085335,P01149,2025-11-21,1,Customer Changed Mind,Approved
RET0003312,ORD0000947,P01047,2025-10-29,2,Wrong Product,Processed
RET0003313,ORD0033999,P00570,2026-04-02,3,Customer Changed Mind,Approved
RET0003314,ORD0111834,P01159,2026-07-21,1,Quality Issue,Processed
RET0003315,ORD0085828,P00123,2024-01-17,1,Customer Changed Mind,Rejected
RET0003316,ORD0060988,P01920,2026-06-25,1,Wrong Product,Approved
RET0003317,ORD0008212,P01551,2026-07-17,1,Incorrect Size,Approved
RET0003318,ORD0082230,P00667,2025-06-29,1,Incorrect Size,Processed
RET0003319,ORD0020125,P01790,2025-12-08,1,Customer Changed Mind,Approved
RET0003320,ORD0038350,P01282,2025-12-29,1,Customer Changed Mind,Approved
RET0003321,ORD0008212,P01938,2026-07-16,2,Damaged,Processed
RET0003322,ORD0077043,P01666,2026-07-12,1,Damaged,Approved
RET0003323,ORD0066927,P01826,2026-01-18,1,Customer Changed Mind,Approved
RET0003324,ORD0065523,P01332,2025-03-04,1,Incorrect Size,Processed
RET0003325,ORD0043575,P00670,2025-11-14,1,Quality Issue,Approved
RET0003326,ORD0098194,P01193,2025-12-10,1,Customer Changed Mind,Approved
RET0003327,ORD0102330,P01502,2024-01-17,2,Incorrect Size,Pending
RET0003328,ORD0024874,P01598,2025-03-07,1,Customer Changed Mind,Approved
RET0003329,ORD0081343,P00368,2026-06-24,1,Wrong Product,Approved
RET0003330,ORD0011362,P01668,2025-03-27,1,Customer Changed Mind,Rejected
RET0003331,ORD0050554,P00733,2024-03-15,1,Wrong Product,Approved
RET0003332,ORD0086790,P00785,2025-12-15,1,Incorrect Size,Pending
RET0003333,ORD0016409,P01068,2025-12-28,1,Customer Changed Mind,Processed
RET0003334,ORD0036261,P01003,2025-12-13,1,Quality Issue,Processed
RET0003335,ORD0097538,P01635,2026-05-31,3,Customer Changed Mind,Approved
RET0003336,ORD0036909,P01713,2024-11-29,1,Incorrect Size,Approved
RET0003337,ORD0044416,P01364,2025-09-10,1,Quality Issue,Processed
RET0003338,ORD0018342,P00269,2025-12-10,1,Customer Changed Mind,Approved
RET0003339,ORD0068468,P01481,2025-06-27,1,Damaged,Processed
RET0003340,ORD0098162,P01471,2025-12-29,1,Incorrect Size,Processed
RET0003341,ORD0058795,P00090,2024-08-27,1,Late Delivery,Processed
RET0003342,ORD0049621,P01149,2024-03-01,1,Wrong Product,Approved
RET0003343,ORD0067649,P00041,2025-01-07,1,Incorrect Size,Processed
RET0003344,ORD0015796,P00861,2025-11-14,1,Damaged,Processed
RET0003345,ORD0023377,P01521,2026-03-18,1,Customer Changed Mind,Approved
RET0003346,ORD0014516,P00751,2025-07-29,1,Late Delivery,Rejected
RET0003347,ORD0024683,P01692,2025-02-02,2,Customer Changed Mind,Approved
RET0003348,ORD0039116,P01395,2026-02-11,1,Customer Changed Mind,Pending
RET0003349,ORD0116274,P01566,2024-02-15,1,Wrong Product,Approved
RET0003350,ORD0046865,P00643,2026-04-18,1,Damaged,Approved
RET0003351,ORD0030996,P01792,2025-04-10,1,Damaged,Processed
RET0003352,ORD0034602,P00691,2026-07-07,1,Damaged,Approved
RET0003353,ORD0009521,P01157,2026-05-08,1,Incorrect Size,Approved
RET0003354,ORD0087970,P00695,2025-12-30,2,Late Delivery,Approved
RET0003355,ORD0047584,P01363,2025-07-16,1,Customer Changed Mind,Processed
RET0003356,ORD0003123,P00572,2024-11-25,1,Customer Changed Mind,Approved
RET0003357,ORD0007976,P00090,2026-04-03,1,Quality Issue,Processed
RET0003358,ORD0112392,P00176,2026-05-03,2,Damaged,Processed
RET0003359,ORD0118937,P00675,2024-06-03,1,Wrong Product,Processed
RET0003360,ORD0099440,P01860,2024-08-08,1,Quality Issue,Approved
RET0003361,ORD0108386,P01052,2025-11-30,1,Customer Changed Mind,Approved
RET0003362,ORD0072651,P00307,2026-06-27,1,Quality Issue,Pending
RET0003363,ORD0058595,P01983,2026-05-19,1,Incorrect Size,Processed
RET0003364,ORD0097275,P00053,2025-05-01,1,Quality Issue,Pending
RET0003365,ORD0090129,P01443,2026-03-13,3,Wrong Product,Processed
RET0003366,ORD0012008,P01406,2026-04-02,1,Damaged,Processed
RET0003367,ORD0020607,P00788,2025-02-25,1,Damaged,Pending
RET0003368,ORD0032433,P01430,2025-08-20,1,Quality Issue,Approved
RET0003369,ORD0033940,P00451,2026-06-11,2,Incorrect Size,Rejected
RET0003370,ORD0017492,P00895,2025-11-13,2,Incorrect Size,Approved
RET0003371,ORD0041524,P01933,2024-06-21,1,Wrong Product,Approved
RET0003372,ORD0089903,P01713,2026-02-01,1,Incorrect Size,Processed
RET0003373,ORD0021312,P01358,2026-04-13,1,Late Delivery,Approved
RET0003374,ORD0000368,P00147,2025-10-15,1,Quality Issue,Approved
RET0003375,ORD0045359,P00385,2026-02-17,1,Late Delivery,Processed
RET0003376,ORD0046245,P01597,2026-01-28,1,Damaged,Processed
RET0003377,ORD0009348,P00723,2026-01-28,1,Damaged,Rejected
RET0003378,ORD0097535,P00664,2025-09-07,1,Incorrect Size,Approved
RET0003379,ORD0117355,P01732,2025-12-23,2,Customer Changed Mind,Approved
RET0003380,ORD0072928,P00162,2025-09-16,1,Customer Changed Mind,Processed
RET0003381,ORD0105858,P01579,2026-07-24,1,Customer Changed Mind,Processed
RET0003382,ORD0074703,P00515,2024-07-02,1,Customer Changed Mind,Processed
RET0003383,ORD0070619,P00932,2025-11-10,1,Incorrect Size,Approved
RET0003384,ORD0034580,P00498,2025-09-03,1,Damaged,Approved
RET0003385,ORD0050897,P01759,2025-10-14,1,Damaged,Pending
RET0003386,ORD0118630,P01667,2025-10-07,1,Quality Issue,Approved
RET0003387,ORD0061559,P01130,2025-10-13,3,Late Delivery,Processed
RET0003388,ORD0092796,P00004,2026-01-03,1,Damaged,Approved
RET0003389,ORD0038337,P01224,2026-01-13,2,Damaged,Approved
RET0003390,ORD0010950,P01577,2024-08-10,1,Wrong Product,Rejected
RET0003391,ORD0051469,P00680,2024-11-25,2,Wrong Product,Approved
RET0003392,ORD0102821,P01843,2024-05-20,2,Damaged,Approved
RET0003393,ORD0057402,P01167,2026-03-30,1,Wrong Product,Processed
RET0003394,ORD0028344,P00641,2025-11-20,1,Quality Issue,Approved
RET0003395,ORD0055691,P00112,2024-12-07,1,Incorrect Size,Approved
RET0003396,ORD0024931,P00118,2026-07-05,2,Incorrect Size,Processed
RET0003397,ORD0089243,P00834,2026-04-22,1,Customer Changed Mind,Approved
RET0003398,ORD0036986,P00335,2025-12-19,2,Customer Changed Mind,Processed
RET0003399,ORD0111932,P01637,2026-03-28,2,Incorrect Size,Approved
RET0003400,ORD0116550,P00212,2025-12-22,1,Quality Issue,Approved
RET0003401,ORD0118777,P00238,2025-11-21,1,Late Delivery,Approved
RET0003402,ORD0112710,P01007,2025-07-03,2,Wrong Product,Rejected
RET0003403,ORD0000585,P01264,2026-04-21,3,Customer Changed Mind,Approved
RET0003404,ORD0105978,P00795,2025-06-03,3,Late Delivery,Pending
RET0003405,ORD0005135,P00574,2026-03-22,1,Late Delivery,Approved
RET0003406,ORD0072815,P01504,2026-04-18,1,Damaged,Approved
RET0003407,ORD0085931,P01336,2026-01-13,1,Incorrect Size,Processed
RET0003408,ORD0008649,P00480,2025-03-16,1,Late Delivery,Approved
RET0003409,ORD0004675,P01911,2025-10-15,1,Quality Issue,Processed
RET0003410,ORD0081878,P00702,2026-07-06,3,Wrong Product,Rejected
RET0003411,ORD0035355,P00127,2025-02-14,1,Quality Issue,Rejected
RET0003412,ORD0071588,P01920,2026-05-20,1,Quality Issue,Processed
RET0003413,ORD0036347,P00189,2024-02-09,1,Damaged,Processed
RET0003414,ORD0025366,P00531,2025-08-25,1,Quality Issue,Approved
RET0003415,ORD0072082,P00096,2025-09-01,1,Quality Issue,Processed
RET0003416,ORD0069256,P01400,2025-10-23,1,Incorrect Size,Approved
RET0003417,ORD0083537,P00074,2026-05-07,1,Wrong Product,Approved
RET0003418,ORD0019504,P01763,2026-07-24,3,Incorrect Size,Processed
RET0003419,ORD0118785,P00211,2024-09-22,1,Customer Changed Mind,Approved
RET0003420,ORD0022883,P00845,2024-12-07,2,quality issue,Processed
RET0003421,ORD0034532,P00655,2024-11-27,1,Damaged,Approved
RET0003422,ORD0032487,P00792,2025-11-20,1,Wrong Product,Approved
RET0003423,ORD0023592,P01769,2025-10-14,1,Wrong Product,Processed
RET0003424,ORD0009888,P01700,2025-12-27,1,Customer Changed Mind,Processed
RET0003425,ORD0090167,P01309,2024-09-24,1,Quality Issue,Pending
RET0003426,ORD0083907,P01296,2026-03-28,1,Wrong Product,Approved
RET0003427,ORD0104698,P00096,2026-07-17,2,Incorrect Size,Approved
RET0003428,ORD0058438,P01390,2025-05-18,1,Damaged,Approved
RET0003429,ORD0011076,P00442,2024-11-09,1,Quality Issue,Approved
RET0003430,ORD0081597,P00542,2026-02-07,1,Incorrect Size,Approved
RET0003431,ORD0024146,P00798,2025-10-24,1,Incorrect Size,Processed
RET0003432,ORD0036560,P01250,2026-02-13,2,Quality Issue,Approved
RET0003433,ORD0083019,P01475,2025-11-09,2,Quality Issue,Pending
RET0003434,ORD0083121,P00950,2025-11-19,1,Damaged,Processed
RET0003435,ORD0039981,P01130,2025-09-10,1,Damaged,Processed
RET0003436,ORD0105759,P01063,2026-07-04,1,Customer Changed Mind,Approved
RET0003437,ORD0022171,P00575,2026-05-18,3,Damaged,Approved
RET0003438,ORD0002411,P00309,2025-10-29,1,Customer Changed Mind,Approved
RET0003439,ORD0049606,P00502,2025-01-01,1,Wrong Product,Processed
RET0003440,ORD0057684,P00071,2025-12-10,1,Incorrect Size,Processed
RET0003441,ORD0076491,P01010,2026-01-20,1,Incorrect Size,Approved
RET0003442,ORD0088553,P01694,2025-09-25,1,Quality Issue,Approved
RET0003443,ORD0101455,P00972,2025-10-06,1,Quality Issue,Pending
RET0003444,ORD0018424,P00732,2024-12-26,1,Damaged,Approved
RET0003445,ORD0025573,P01633,2024-06-11,2,Damaged,Approved
RET0003446,ORD0083631,P01519,2025-05-19,2,Quality Issue,Approved
RET0003447,ORD0065623,P00363,2025-07-09,2,Quality Issue,Approved
RET0003448,ORD0011752,P01481,2024-05-30,1,Customer Changed Mind,Approved
RET0003449,ORD0004299,P00271,2025-05-10,1,Customer Changed Mind,Processed
RET0003450,ORD0005350,P01268,2024-09-01,1,Customer Changed Mind,Processed
RET0003451,ORD0102473,P01746,2025-04-28,1,Wrong Product,Processed
RET0003452,ORD0061953,P00978,2026-05-23,2,Customer Changed Mind,Approved
RET0003453,ORD0099454,P00470,2026-02-12,1,Customer Changed Mind,Approved
RET0003454,ORD0069760,P00241,2025-06-06,1,Quality Issue,Processed
RET0003455,ORD0089037,P00039,2025-08-15,1,Incorrect Size,Approved
RET0003456,ORD0052694,P01960,2026-01-22,3,Late Delivery,Approved
RET0003457,ORD0072298,P00964,2026-04-27,2,Quality Issue,Approved
RET0003458,ORD0109313,P01129,2024-08-01,3,Quality Issue,Processed
RET0003459,ORD0074250,P01229,2024-09-01,1,Damaged,Approved
RET0003460,ORD0070640,P00574,2026-08-09,1,Quality Issue,Rejected
RET0003461,ORD0102513,P00829,2026-03-05,1,Customer Changed Mind,Approved
RET0003462,ORD0098436,P00798,2026-06-24,1,Late Delivery,Pending
RET0003463,ORD0085349,P00871,2025-07-23,1,Damaged,Approved
RET0003464,ORD0009611,P01580,2026-05-24,1,Incorrect Size,Processed
RET0003465,ORD0059926,P00597,2026-07-13,1,Incorrect Size,Approved
RET0003466,ORD0003512,P01636,2025-11-07,2,Damaged,Rejected
RET0003467,ORD0088675,P00769,2025-01-22,1,Wrong Product,Approved
RET0003468,ORD0083097,P00891,2026-03-25,1,Wrong Product,Rejected
RET0003469,ORD0015021,P00709,2026-02-22,1,Quality Issue,Processed
RET0003470,ORD0003548,P00423,2026-08-04,2,Quality Issue,Processed
RET0003471,ORD0066318,P01519,2026-02-16,1,Wrong Product,Approved
RET0003472,ORD0052400,P00729,2024-02-25,2,Quality Issue,Approved
RET0003473,ORD0010994,P01293,2024-08-01,1,Customer Changed Mind,Pending
RET0003474,ORD0002211,P00124,2026-07-23,1,Customer Changed Mind,Pending
RET0003475,ORD0054146,P00997,2025-01-16,1,Customer Changed Mind,Approved
RET0003476,ORD0094486,P00384,2026-07-17,1,Late Delivery,Approved
RET0003477,ORD0116414,P01435,2026-05-01,2,Customer Changed Mind,Approved
RET0003478,ORD0063596,P00504,2026-01-19,1,Wrong Product,Approved
RET0003479,ORD0082380,P01521,2025-12-09,1,Customer Changed Mind,Approved
RET0003480,ORD0116855,P01920,2026-04-06,1,Incorrect Size,Rejected
RET0003481,ORD0050675,P00528,2026-01-12,1,Late Delivery,Approved
RET0003482,ORD0083882,P01654,2025-05-23,1,Incorrect Size,Rejected
RET0003483,ORD0007004,P00921,2025-05-29,1,Late Delivery,Pending
RET0003484,ORD0041486,P00198,2025-11-25,2,Quality Issue,Approved
RET0003485,ORD0093670,P00805,2026-04-11,1,Wrong Product,Approved
RET0003486,ORD0107535,P01478,2025-07-23,1,Quality Issue,Processed
RET0003487,ORD0107303,P00562,2026-07-15,1,Wrong Product,Approved
RET0003488,ORD0014591,P01263,2026-05-20,1,Damaged,Processed
RET0003489,ORD0061620,P01621,2025-10-04,2,Damaged,Processed
RET0003490,ORD0035397,P00203,2026-03-17,1,Damaged,Approved
RET0003491,ORD0113976,P00587,2026-08-02,1,Incorrect Size,Rejected
RET0003492,ORD0031362,P00168,2025-12-07,2,Incorrect Size,Approved
RET0003493,ORD0069370,P00338,2024-08-16,1,Quality Issue,Approved
RET0003494,ORD0034261,P00492,2026-04-27,1,Damaged,Pending
RET0003495,ORD0044697,P00082,2026-07-10,1,Incorrect Size,Approved
RET0003496,ORD0001968,P01301,2026-02-19,1,Quality Issue,Approved
RET0003497,ORD0091086,P00777,2024-02-26,1,Customer Changed Mind,Approved
RET0003498,ORD0117715,P00406,2025-07-04,1,Late Delivery,Approved
RET0003499,ORD0063029,P01712,2026-06-17,1,Quality Issue,Approved
RET0003500,ORD0081756,P01693,2025-09-04,1,Damaged,Processed
RET0003501,ORD0040760,P01461,2025-06-29,1,Late Delivery,Approved
RET0003502,ORD0119389,P00901,2025-05-05,1,Quality Issue,Processed
RET0003503,ORD0045811,P00605,2025-04-02,2,Wrong Product,Approved
RET0003504,ORD0038941,P01905,2026-05-28,1,Customer Changed Mind,Approved
RET0003505,ORD0074035,P00616,2026-01-22,1,Late Delivery,Pending
RET0003506,ORD0036313,P01016,2026-05-10,1,quality issue,Processed
RET0003507,ORD0030913,P01150,2025-12-04,1,Incorrect Size,Processed
RET0003508,ORD0082183,P00740,2024-08-04,1,Incorrect Size,Approved
RET0003509,ORD0023256,P00068,2025-11-19,1,Quality Issue,Processed
RET0003510,ORD0022181,P00562,2026-06-02,1,Quality Issue,Rejected
RET0003511,ORD0045532,P01119,2025-03-09,1,Quality Issue,Rejected
RET0003512,ORD0078400,P01400,2024-12-01,2,Late Delivery,Processed
RET0003513,ORD0030057,P00233,2026-06-03,1,Damaged,Approved
RET0003514,ORD0064163,P00224,2025-11-25,1,Quality Issue,Approved
RET0003515,ORD0043529,P01387,2025-11-27,1,Quality Issue,Approved
RET0003516,ORD0055407,P00124,2025-08-16,1,Late Delivery,Approved
RET0003517,ORD0007236,P01747,2026-01-10,2,Incorrect Size,Approved
RET0003518,ORD0098659,P00503,2026-01-07,1,Quality Issue,Approved
RET0003519,ORD0035094,P00171,2025-11-17,1,Customer Changed Mind,Approved
RET0003520,ORD0055232,P00642,2025-12-31,1,Damaged,Processed
RET0003521,ORD0063429,P01749,2025-07-20,1,Damaged,Processed
RET0003522,ORD0102534,P01700,2026-06-26,2,Customer Changed Mind,Processed
RET0003523,ORD0043467,P01623,2025-08-12,1,Customer Changed Mind,Approved
RET0003524,ORD0110754,P01430,2025-07-14,1,Damaged,Processed
RET0003525,ORD0037829,P00036,2025-07-20,1,Wrong Product,Pending
RET0003526,ORD0100372,P01104,2025-09-13,1,Wrong Product,Approved
RET0003527,ORD0016180,P01819,2026-05-14,2,Quality Issue,Rejected
RET0003528,ORD0057682,P00449,2026-02-13,1,Quality Issue,Approved
RET0003529,ORD0103330,P01362,2025-07-24,1,Customer Changed Mind,Processed
RET0003530,ORD0047492,P00922,2025-12-23,1,Wrong Product,Processed
RET0003531,ORD0088351,P01455,2026-01-08,1,Damaged,Processed
RET0003532,ORD0104817,P00818,2025-04-21,1,Damaged,Rejected
RET0003533,ORD0112101,P00956,2025-08-18,1,Customer Changed Mind,Approved
RET0003534,ORD0094345,P01267,2025-05-11,1,Damaged,Processed
RET0003535,ORD0011135,P01072,2025-12-11,1,Customer Changed Mind,Rejected
RET0003536,ORD0052649,P01107,2026-06-11,1,Incorrect Size,Processed
RET0003537,ORD0077360,P00991,2025-04-13,2,Late Delivery,Approved
RET0003538,ORD0069485,P01228,2025-11-23,1,Quality Issue,Approved
RET0003539,ORD0039996,P01400,2026-04-02,2,Damaged,Rejected
RET0003540,ORD0012175,P00281,2026-05-29,1,Wrong Product,Processed
RET0003541,ORD0077146,P01949,2025-05-19,3,Incorrect Size,Pending
RET0003542,ORD0013874,P00838,2026-04-29,2,Customer Changed Mind,Approved
RET0003543,ORD0004584,P00511,2026-07-23,2,Quality Issue,Processed
RET0003544,ORD0069819,P01084,2026-04-23,1,Incorrect Size,Processed
RET0003545,ORD0007994,P01540,2026-02-28,1,Late Delivery,Rejected
RET0003546,ORD0072326,P00537,2026-01-10,2,Customer Changed Mind,Processed
RET0003547,ORD0083246,P01795,2025-07-08,2,Late Delivery,Approved
RET0003548,ORD0056461,P01312,2026-06-26,1,Damaged,Processed
RET0003549,ORD0029919,P01822,2025-06-26,1,Damaged,Processed
RET0003550,ORD0101333,P01786,2025-09-10,1,Damaged,Approved
RET0003551,ORD0105962,P00534,2025-11-06,1,Incorrect Size,Approved
RET0003552,ORD0065060,P00297,2026-03-20,1,Quality Issue,Rejected
RET0003553,ORD0022415,P00183,2024-09-03,1,Wrong Product,Approved
RET0003554,ORD0036373,P01985,2025-12-05,1,Wrong Product,Approved
RET0003555,ORD0049161,P00130,2024-07-04,1,Quality Issue,Processed
RET0003556,ORD0087033,P01685,2024-12-17,1,Incorrect Size,Pending
RET0003557,ORD0053472,P00341,2025-08-07,1,Wrong Product,Processed
RET0003558,ORD0080566,P00155,2025-12-30,1,Customer Changed Mind,Approved
RET0003559,ORD0041914,P01986,2026-06-04,1,Incorrect Size,Approved
RET0003560,ORD0038544,P01266,2025-11-29,1,Incorrect Size,Approved
RET0003561,ORD0037192,P00010,2026-05-27,1,Incorrect Size,Approved
RET0003562,ORD0040640,P00266,2026-02-02,1,Wrong Product,Processed
RET0003563,ORD0111838,P00059,2026-05-23,1,Damaged,Approved
RET0003564,ORD0077287,P00387,2025-11-10,3,Customer Changed Mind,Approved
RET0003565,ORD0109701,P01120,2026-07-24,2,Wrong Product,Rejected
RET0003566,ORD0069033,P00849,2024-06-27,1,Incorrect Size,Approved
RET0003567,ORD0013578,P01718,2026-07-10,1,Damaged,Approved
RET0003568,ORD0105955,P01862,2024-12-29,1,Quality Issue,Approved
RET0003569,ORD0010434,P00121,2025-04-08,1,Incorrect Size,Approved
RET0003570,ORD0108695,P00492,2024-08-02,1,Incorrect Size,Approved
RET0003571,ORD0108856,P00898,2025-12-28,1,Quality Issue,Pending
RET0003572,ORD0091000,P01954,2026-03-03,1,Incorrect Size,Rejected
RET0003573,ORD0057002,P00771,2026-05-14,1,Damaged,Processed
RET0003574,ORD0030373,P01660,2025-02-05,1,Customer Changed Mind,Processed
RET0003575,ORD0102913,P00584,2026-05-17,2,Damaged,Approved
RET0003576,ORD0037163,P01014,2025-10-28,1,Incorrect Size,Rejected
RET0003577,ORD0053822,P00907,2025-01-11,1,Incorrect Size,Approved
RET0003578,ORD0090196,P00438,2025-04-30,1,Damaged,Approved
RET0003579,ORD0118026,P01234,2026-04-02,1,Damaged,Approved
RET0003580,ORD0085152,P00930,2025-09-29,1,Customer Changed Mind,Processed
RET0003581,ORD0012369,P00897,2025-06-24,1,Wrong Product,Approved
RET0003582,ORD0084134,P00989,2025-10-15,1,Incorrect Size,Approved
RET0003583,ORD0018495,P01500,2024-12-04,1,Damaged,Approved
RET0003584,ORD0055655,P00001,2026-03-27,1,Quality Issue,Approved
RET0003585,ORD0052286,P00715,2025-11-16,1,Late Delivery,Approved
RET0003586,ORD0058029,P00137,2025-06-20,1,Customer Changed Mind,Processed
RET0003587,ORD0084746,P01822,2024-12-20,1,Damaged,Approved
RET0003588,ORD0039378,P00001,2026-03-24,1,Incorrect Size,Processed
RET0003589,ORD0069405,P01311,2026-01-11,3,Quality Issue,Approved
RET0003590,ORD0014329,P01885,2026-06-09,1,Customer Changed Mind,Approved
RET0003591,ORD0038197,P01795,2025-08-23,2,Customer Changed Mind,Processed
RET0003592,ORD0030786,P01961,2026-05-17,1,Incorrect Size,Processed
RET0003593,ORD0021928,P00750,2024-08-26,1,Quality Issue,Approved
RET0003594,ORD0030551,P00443,2025-01-09,2,Quality Issue,Processed
RET0003595,ORD0105552,P01811,2026-02-11,1,Quality Issue,Processed
RET0003596,ORD0030840,P01511,2026-07-02,1,Incorrect Size,Approved
RET0003597,ORD0110577,P00119,2025-07-28,3,Wrong Product,Processed
RET0003598,ORD0047214,P01709,2025-07-21,1,Quality Issue,Approved
RET0003599,ORD0014117,P01696,2026-02-23,1,Customer Changed Mind,Rejected
RET0003600,ORD0044728,P01320,2026-06-28,2,Quality Issue,Approved
RET0003601,ORD0078241,P01737,2025-09-10,1,Incorrect Size,Pending
RET0003602,ORD0008300,P01770,2024-12-03,1,Incorrect Size,Processed
RET0003603,ORD0030532,P00438,2026-07-14,1,Late Delivery,Processed
RET0003604,ORD0034863,P00338,2024-03-22,1,Late Delivery,Approved
RET0003605,ORD0060500,P00122,2024-04-29,2,Incorrect Size,Processed
RET0003606,ORD0060100,P01044,2026-04-18,1,Incorrect Size,Approved
RET0003607,ORD0008038,P01729,2025-03-27,1,Quality Issue,Approved
RET0003608,ORD0001440,P01937,2026-07-03,2,Damaged,Approved
RET0003609,ORD0096354,P00019,2025-08-16,1,Customer Changed Mind,Processed
RET0003610,ORD0021322,P01894,2025-02-15,1,Incorrect Size,Processed
RET0003611,ORD0070644,P00849,2025-04-21,1,Quality Issue,Pending
RET0003612,ORD0039773,P00337,2026-02-01,3,Quality Issue,Approved
RET0003613,ORD0007021,P01280,2026-06-28,1,Quality Issue,Rejected
RET0003614,ORD0030734,P00972,2024-10-16,1,Customer Changed Mind,Rejected
RET0003615,ORD0085099,P00892,2025-04-09,1,Customer Changed Mind,Rejected
RET0003616,ORD0045235,P01467,2026-05-31,3,Quality Issue,Processed
RET0003617,ORD0066573,P00877,2024-06-28,1,Wrong Product,Approved
RET0003618,ORD0041697,P01800,2026-01-23,1,Quality Issue,Rejected
RET0003619,ORD0013726,P01288,2026-07-10,2,Quality Issue,Processed
RET0003620,ORD0110963,P01827,2025-07-31,1,Incorrect Size,Processed
RET0003621,ORD0109723,P00112,2025-06-11,1,Customer Changed Mind,Approved
RET0003622,ORD0118075,P00286,2026-07-02,1,Quality Issue,Approved
RET0003623,ORD0031110,P00906,2024-04-06,1,Damaged,Approved
RET0003624,ORD0037416,P01530,2025-11-22,3,Damaged,Processed
RET0003625,ORD0069019,P00487,2026-01-09,1,Customer Changed Mind,Approved
RET0003626,ORD0035871,P01509,2026-05-27,1,Damaged,Rejected
RET0003627,ORD0096646,P01725,2025-10-21,1,Incorrect Size,Approved
RET0003628,ORD0026793,P00563,2025-06-21,1,Incorrect Size,Approved
RET0003629,ORD0020108,P01975,2025-11-10,2,Damaged,Approved
RET0003630,ORD0065916,P01307,2026-04-18,1,Incorrect Size,Approved
RET0003631,ORD0062205,P00008,2026-03-18,1,Late Delivery,Approved
RET0003632,ORD0109389,P00951,2026-07-28,1,Quality Issue,Processed
RET0003633,ORD0016837,P00913,2025-05-12,1,Incorrect Size,Pending
RET0003634,ORD0019637,P01598,2025-11-10,1,Late Delivery,Approved
RET0003635,ORD0099000,P00855,2023-01-01,1,Damaged,Approved
RET0003636,ORD0068299,P01870,2026-06-18,1,Damaged,Processed
RET0003637,ORD0114209,P00917,2026-02-13,3,Customer Changed Mind,Approved
RET0003638,ORD0058722,P01682,2025-06-15,1,Incorrect Size,Processed
RET0003639,ORD0092673,P00714,2024-06-15,1,Late Delivery,Processed
RET0003640,ORD0000905,P01894,2026-06-26,1,Customer Changed Mind,Rejected
RET0003641,ORD0114468,P00737,2026-03-23,2,Damaged,Approved
RET0003642,ORD0079041,P01319,2026-06-13,2,Incorrect Size,Pending
RET0003643,ORD0030326,P01430,2024-09-27,3,Customer Changed Mind,Pending
RET0003644,ORD0113909,P01999,2026-08-04,1,Quality Issue,Approved
RET0003645,ORD0097311,P00205,2025-04-14,1,Quality Issue,Processed
RET0003646,ORD0057126,P01170,2026-05-02,1,Wrong Product,Approved
RET0003647,ORD0048842,P01163,2025-02-27,1,Damaged,Approved
RET0003648,ORD0065102,P00287,2025-11-17,3,Customer Changed Mind,Pending
RET0003649,ORD0066794,P01494,2025-10-24,1,Customer Changed Mind,Approved
RET0003650,ORD0071881,P01274,2026-01-12,1,Quality Issue,Approved
RET0003651,ORD0041545,P00804,2024-03-20,1,Quality Issue,Approved
RET0003652,ORD0090546,P01818,2026-01-02,1,Wrong Product,Processed
RET0003653,ORD0017969,P01480,2024-11-02,1,Late Delivery,Rejected
RET0003654,ORD0005930,P01102,2024-03-03,1,Damaged,Processed
RET0003655,ORD0059394,P01313,2026-07-22,1,Wrong Product,Processed
RET0003656,ORD0044212,P01990,2025-04-09,1,Quality Issue,Approved
RET0003657,ORD0030402,P01372,2026-01-05,1,Quality Issue,Processed
RET0003658,ORD0055303,P01529,2025-11-07,1,Quality Issue,Approved
RET0003659,ORD0049374,P00937,2026-04-08,1,Damaged,Approved
RET0003660,ORD0006214,P00172,2025-07-11,1,Late Delivery,Processed
RET0003661,ORD0059372,P01175,2025-11-23,2,Customer Changed Mind,Pending
RET0003662,ORD0087426,P00547,2026-02-26,2,Incorrect Size,Processed
RET0003663,ORD0038746,P01845,2025-12-10,1,Quality Issue,Processed
RET0003664,ORD0089398,P01907,2025-12-05,1,Incorrect Size,Approved
RET0003665,ORD0050326,P01176,2025-11-11,1,Damaged,Approved
RET0003666,ORD0108219,P01037,2024-11-07,1,Customer Changed Mind,Processed
RET0003667,ORD0105471,P01375,2025-07-27,1,Quality Issue,Processed
RET0003668,ORD0101640,P01896,2024-05-25,1,Customer Changed Mind,Processed
RET0003669,ORD0031950,P01148,2026-06-02,1,Quality Issue,Processed
RET0003670,ORD0021840,P01555,2026-07-12,2,Late Delivery,Approved
RET0003671,ORD0103766,P01606,2025-05-18,3,Incorrect Size,Approved
RET0003672,ORD0005762,P01691,2026-05-06,3,Wrong Product,Approved
RET0003673,ORD0050223,P00535,2025-12-03,1,Incorrect Size,Processed
RET0003674,ORD0100414,P01221,2026-06-05,1,Customer Changed Mind,Pending
RET0003675,ORD0046367,P00869,2026-06-23,1,Customer Changed Mind,Processed
RET0003676,ORD0114660,P01226,2025-10-31,1,Late Delivery,Processed
RET0003677,ORD0031329,P00368,2025-11-15,1,Wrong Product,Processed
RET0003678,ORD0054688,P00306,2025-02-14,1,Incorrect Size,Approved
RET0003679,ORD0052978,P01948,2025-09-22,1,Incorrect Size,Approved
RET0003680,ORD0077842,P01139,2025-10-26,2,Incorrect Size,Approved
RET0003681,ORD0005051,P01311,2024-09-24,1,Incorrect Size,Pending
RET0003682,ORD0100557,P00400,2026-06-22,1,Quality Issue,Approved
RET0003683,ORD0048939,P00105,2026-01-22,1,Customer Changed Mind,Processed
RET0003684,ORD0115557,P00458,2025-08-08,1,Incorrect Size,Approved
RET0003685,ORD0032608,P00925,2026-05-07,1,Damaged,Processed
RET0003686,ORD0088802,P01287,2025-01-02,2,Incorrect Size,Approved
RET0003687,ORD0011628,P01068,2026-06-11,1,Customer Changed Mind,Pending
RET0003688,ORD0041096,P01250,2025-04-04,1,Quality Issue,Approved
RET0003689,ORD0101145,P01124,2026-07-08,2,Customer Changed Mind,Pending
RET0003690,ORD0061359,P00517,2025-03-29,1,Customer Changed Mind,Processed
RET0003691,ORD0071200,P01618,2026-06-21,2,Damaged,Approved
RET0003692,ORD0094835,P01828,2026-05-12,1,Customer Changed Mind,Processed
RET0003693,ORD0094422,P01968,2026-06-11,1,Customer Changed Mind,Processed
RET0003694,ORD0118523,P00860,2026-07-21,3,Wrong Product,Approved
RET0003695,ORD0090967,P01896,2026-02-01,1,Wrong Product,Processed
RET0003696,ORD0078970,P00730,2024-09-24,1,Quality Issue,Processed
RET0003697,ORD0004038,P01078,2026-02-13,1,Customer Changed Mind,Processed
RET0003698,ORD0015849,P01317,2026-08-01,1,Incorrect Size,Processed
RET0003699,ORD0077506,P01247,2026-06-09,1,Damaged,Processed
RET0003700,ORD0032689,P00124,2025-11-22,1,Late Delivery,Approved
RET0003701,ORD0011048,P01215,2025-03-17,1,Damaged,Approved
RET0003702,ORD0004287,P00937,2026-04-23,1,Late Delivery,Approved
RET0003703,ORD0090958,P01208,2026-03-03,1,Late Delivery,Processed
RET0003704,ORD0052657,P00027,2025-03-31,2,Quality Issue,Approved
RET0003705,ORD0117418,P01976,2025-05-24,1,Customer Changed Mind,Approved
RET0003706,ORD0109480,P00715,2025-08-16,1,Late Delivery,Processed
RET0003707,ORD0011179,P00177,2026-05-15,1,Wrong Product,Approved
RET0003708,ORD0058264,P01887,2026-02-09,1,Customer Changed Mind,Approved
RET0003709,ORD0109716,P00398,2024-06-06,1,Customer Changed Mind,Rejected
RET0003710,ORD0008096,P01926,2026-02-17,2,Quality Issue,Processed
RET0003711,ORD0036486,P00781,2026-06-15,1,Customer Changed Mind,Processed
RET0003712,ORD0090294,P00495,2024-11-27,1,Quality Issue,Approved
RET0003713,ORD0095276,P00346,2025-09-07,1,Customer Changed Mind,Processed
RET0003714,ORD0084345,P00391,2025-05-22,1,Wrong Product,Pending
RET0003715,ORD0090577,P00091,2026-04-05,1,Wrong Product,Approved
RET0003716,ORD0014488,P00226,2026-01-12,1,Damaged,Approved
RET0003717,ORD0051325,P00452,2024-04-13,1,Late Delivery,Approved
RET0003718,ORD0020099,P00326,2024-05-22,1,Incorrect Size,Rejected
RET0003719,ORD0105703,P00126,2025-03-04,1,Quality Issue,Approved
RET0003720,ORD0056659,P01988,2025-01-15,2,Customer Changed Mind,Processed
RET0003721,ORD0099739,P00213,2025-12-22,1,Wrong Product,Processed
RET0003722,ORD0086612,P00278,2026-04-24,3,Incorrect Size,Pending
RET0003723,ORD0090350,P00985,2026-07-03,2,Damaged,Approved
RET0003724,ORD0008089,P01606,2025-03-31,2,Customer Changed Mind,Processed
RET0003725,ORD0091412,P00556,2025-03-20,1,Incorrect Size,Pending
RET0003726,ORD0003928,P00218,2026-01-29,1,Customer Changed Mind,Approved
RET0003727,ORD0037198,P01890,2026-06-30,1,Damaged,Processed
RET0003728,ORD0110220,P00016,2025-12-04,1,Wrong Product,Approved
RET0003729,ORD0062841,P01840,2024-04-24,1,Quality Issue,Approved
RET0003730,ORD0094388,P00992,2026-01-30,3,Damaged,Approved
RET0003731,ORD0059590,P00349,2026-06-25,1,Quality Issue,Approved
RET0003732,ORD0005360,P01947,2026-01-06,1,Customer Changed Mind,Approved
RET0003733,ORD0109646,P01622,2026-05-16,2,Customer Changed Mind,Processed
RET0003734,ORD0041473,P00937,2025-01-05,1,Wrong Product,Approved
RET0003735,ORD0117029,P01948,2026-07-13,1,Quality Issue,Approved
RET0003736,ORD0070873,P00422,2024-12-31,1,Customer Changed Mind,Processed
RET0003737,ORD0089383,P01686,2026-04-14,1,Quality Issue,Pending
RET0003738,ORD0034479,P00442,2026-02-18,2,Customer Changed Mind,Approved
RET0003739,ORD0023905,P00477,2026-05-23,1,Damaged,Approved
RET0003740,ORD0026710,P01099,2025-12-24,1,Customer Changed Mind,Approved
RET0003741,ORD0002965,P00411,2024-09-27,1,Late Delivery,Rejected
RET0003742,ORD0071423,P00281,2026-07-07,1,Customer Changed Mind,Rejected
RET0003743,ORD0010662,P00884,2025-11-01,1,Quality Issue,Approved
RET0003744,ORD0038658,P00072,2024-05-16,2,Incorrect Size,Approved
RET0003745,ORD0038772,P00308,2026-07-20,2,Quality Issue,Processed
RET0003746,ORD0040357,P00821,2025-03-26,1,Quality Issue,Processed
RET0003747,ORD0040030,P00794,2025-12-12,2,Late Delivery,Approved
RET0003748,ORD0115761,P00642,2025-06-24,2,Quality Issue,Approved
RET0003749,ORD0045483,P00395,2024-11-22,1,Wrong Product,Approved
RET0003750,ORD0049442,P00147,2026-07-14,1,Quality Issue,Processed
RET0003751,ORD0044710,P01926,2025-01-18,1,Incorrect Size,Pending
RET0003752,ORD0107726,P00834,2025-11-16,1,Wrong Product,Approved
RET0003753,ORD0022785,P00983,2024-12-13,1,Incorrect Size,Pending
RET0003754,ORD0032273,P00101,2026-01-26,1,Incorrect Size,Approved
RET0003755,ORD0033023,P00212,2025-02-02,2,Customer Changed Mind,Processed
RET0003756,ORD0041605,P00167,2026-06-24,2,Incorrect Size,Rejected
RET0003757,ORD0003869,P01815,2025-08-08,1,Damaged,Processed
RET0003758,ORD0097430,P00467,2024-02-11,1,Damaged,Approved
RET0003759,ORD0032393,P01913,2026-01-27,1,Customer Changed Mind,Approved
RET0003760,ORD0039657,P00803,2026-01-01,1,Late Delivery,Processed
RET0003761,ORD0028408,P00191,2026-04-07,1,Customer Changed Mind,Processed
RET0003762,ORD0089712,P00831,2026-06-04,1,Incorrect Size,Approved
RET0003763,ORD0012884,P00865,2026-03-26,1,Wrong Product,Processed
RET0003764,ORD0111592,P00020,2025-05-29,1,Wrong Product,Approved
RET0003765,ORD0004685,P00569,2026-07-17,1,Quality Issue,Approved
RET0003766,ORD0030582,P00645,2025-05-02,1,Damaged,Processed
RET0003767,ORD0031266,P01951,2025-12-18,1,Quality Issue,Approved
RET0003768,ORD0071532,P01990,2025-02-23,1,Customer Changed Mind,Approved
RET0003769,ORD0109571,P01298,2026-07-24,2,Incorrect Size,Approved
RET0003770,ORD0008742,P01329,2025-10-02,1,Quality Issue,Pending
RET0003771,ORD0001665,P00434,2026-04-10,1,Damaged,Approved
RET0003772,ORD0041067,P01216,2024-02-26,1,Damaged,Approved
RET0003773,ORD0072473,P00253,2026-03-10,1,Damaged,Approved
RET0003774,ORD0053141,P01601,2025-11-18,3,Incorrect Size,Approved
RET0003775,ORD0021015,P00035,2026-03-29,1,Quality Issue,Approved
RET0003776,ORD0092384,P00623,2025-12-20,2,Customer Changed Mind,Approved
RET0003777,ORD0063023,P00591,2024-02-14,22,Wrong Product,Approved
RET0003778,ORD0097548,P00180,2026-07-20,3,Incorrect Size,Processed
RET0003779,ORD0061349,P01393,2026-02-07,1,Wrong Product,Approved
RET0003780,ORD0013309,P00024,2024-06-10,1,Quality Issue,Approved
RET0003781,ORD0019302,P00931,2026-04-27,2,Quality Issue,Processed
RET0003782,ORD0062269,P00648,2025-12-29,1,Wrong Product,Approved
RET0003783,ORD0040344,P00868,2025-07-25,1,Late Delivery,Approved
RET0003784,ORD0057791,P00132,2026-03-03,1,Wrong Product,Pending
RET0003785,ORD0117288,P00442,2025-06-01,2,Customer Changed Mind,Processed
RET0003786,ORD0119506,P00374,2024-11-08,2,Incorrect Size,Processed
RET0003787,ORD0084291,P01633,2026-03-01,1,Quality Issue,Processed
RET0003788,ORD0049171,P00443,2025-11-29,1,Incorrect Size,Pending
RET0003789,ORD0083914,P01801,2025-03-14,1,Late Delivery,Approved
RET0003790,ORD0017897,P01289,2026-05-20,1,Wrong Product,Approved
RET0003791,ORD0071699,P01675,2024-08-25,1,Quality Issue,Processed
RET0003792,ORD0026756,P00252,2026-01-29,3,Late Delivery,Approved
RET0003793,ORD0110649,P00119,2026-05-31,1,Wrong Product,Processed
RET0003794,ORD0107032,P00642,2025-01-11,1,Customer Changed Mind,Approved
RET0003795,ORD0095369,P00096,2026-06-20,1,Quality Issue,Approved
RET0003796,ORD0035110,P00918,2025-08-25,1,Quality Issue,Processed
RET0003797,ORD0015544,P00016,2025-06-17,1,Wrong Product,Processed
RET0003798,ORD0040637,P00487,2025-06-03,1,Incorrect Size,Processed
RET0003799,ORD0088279,P00656,2026-06-30,1,Customer Changed Mind,Approved
RET0003800,ORD0080121,P00734,2025-11-26,1,Wrong Product,Approved
RET0003801,ORD0028202,P00301,2024-05-27,3,Wrong Product,Processed
RET0003802,ORD0112539,P01832,2024-07-23,1,Quality Issue,Approved
RET0003803,ORD0014723,P00726,2025-11-02,3,Customer Changed Mind,Processed
RET0003804,ORD0065390,P01773,2026-07-25,1,Customer Changed Mind,Processed
RET0003805,ORD0058497,P01467,2026-01-27,1,Wrong Product,Approved
RET0003806,ORD0066695,P00373,2026-06-18,1,Quality Issue,Approved
RET0003807,ORD0004610,P00438,2026-06-29,1,Quality Issue,Processed
RET0003808,ORD0087567,P00373,2026-06-30,1,Customer Changed Mind,Approved
RET0003809,ORD0040489,P00746,2025-03-11,1,Incorrect Size,Approved
RET0003810,ORD0050748,P01211,2026-04-30,1,Damaged,Pending
RET0003811,ORD0106286,P00373,2026-03-08,3,Damaged,Approved
RET0003812,ORD0004992,P01753,2026-03-18,1,Quality Issue,Processed
RET0003813,ORD0025311,P00461,2026-06-14,1,Quality Issue,Approved
RET0003814,ORD0031425,P01371,2025-12-06,1,Wrong Product,Approved
RET0003815,ORD0067573,P00973,2024-08-28,2,Late Delivery,Processed
RET0003816,ORD0006657,P00965,2025-08-01,1,Customer Changed Mind,Approved
RET0003817,ORD0100708,P00480,2025-06-23,1,Late Delivery,Processed
RET0003818,ORD0012009,P00235,2025-12-15,2,Quality Issue,Approved
RET0003819,ORD0042663,P00212,2025-11-17,1,Incorrect Size,Processed
RET0003820,ORD0077155,P01024,2026-05-23,1,Customer Changed Mind,Processed
RET0003821,ORD0055187,P00866,2025-12-13,1,Quality Issue,Processed
RET0003822,ORD0054460,P00058,2025-12-13,1,Late Delivery,Approved
RET0003823,ORD0084675,P01510,2024-09-15,1,Customer Changed Mind,Approved
RET0003824,ORD0035912,P00351,2026-06-29,2,Wrong Product,Approved
RET0003825,ORD0041233,P00695,2026-05-06,1,Incorrect Size,Pending
RET0003826,ORD0047334,P01959,2026-04-24,1,Wrong Product,Processed
RET0003827,ORD0041957,P01762,2024-03-13,1,Quality Issue,Processed
RET0003828,ORD0059878,P00418,2023-01-01,1,Damaged,Approved
RET0003829,ORD0031138,P01335,2026-06-12,1,Quality Issue,Approved
RET0003830,ORD0044033,P00968,2026-06-12,1,Wrong Product,Approved
RET0003831,ORD0079706,P01028,2025-02-05,1,Incorrect Size,Approved
RET0003832,ORD0059930,P00545,2025-08-06,1,Quality Issue,Approved
RET0003833,ORD0021418,P00768,2026-01-13,3,Damaged,Approved
RET0003834,ORD0054694,P00785,2024-08-13,1,Quality Issue,Approved
RET0003835,ORD0080321,P00342,2024-09-08,1,Quality Issue,Processed
RET0003836,ORD0084404,P00133,2026-03-17,1,Customer Changed Mind,Approved
RET0003837,ORD0023674,P00468,2026-06-26,1,Wrong Product,Approved
RET0003838,ORD0066542,P01152,2025-03-04,1,Quality Issue,Processed
RET0003839,ORD0046288,P00552,2025-10-02,1,Quality Issue,Processed
RET0003840,ORD0047670,P00880,2026-03-20,1,Customer Changed Mind,Approved
RET0003841,ORD0003663,P00566,2026-04-09,1,Incorrect Size,Processed
RET0003842,ORD0023626,P01374,2026-04-12,1,Wrong Product,Processed
RET0003843,ORD0035671,P01523,2024-12-08,1,Damaged,Processed
RET0003844,ORD0083515,P01425,2026-05-23,1,Quality Issue,Rejected
RET0003845,ORD0022023,P00676,2026-05-01,2,Damaged,Approved
RET0003846,ORD0026824,P00071,2025-12-30,1,Wrong Product,Processed
RET0003847,ORD0115368,P01629,2025-05-17,2,Late Delivery,Approved
RET0003848,ORD0107705,P00939,2024-08-16,1,Wrong Product,Approved
RET0003849,ORD0062745,P00337,2026-03-04,1,Wrong Product,Approved
RET0003850,ORD0038925,P01673,2026-03-14,3,Quality Issue,Approved
RET0003851,ORD0046068,P01049,2025-02-18,3,Late Delivery,Approved
RET0003852,ORD0101899,P01304,2025-02-07,1,Incorrect Size,Processed
RET0003853,ORD0101058,P00575,2026-02-09,1,Quality Issue,Approved
RET0003854,ORD0048898,P00190,2025-08-12,1,Customer Changed Mind,Approved
RET0003855,ORD0033052,P00788,2025-06-02,1,Wrong Product,Approved
RET0003856,ORD0015324,P01578,2024-04-02,2,Quality Issue,Approved
RET0003857,ORD0053023,P01673,2025-12-05,1,Wrong Product,Approved
RET0003858,ORD0019359,P01143,2026-01-07,1,Wrong Product,Approved
RET0003859,ORD0101524,P01825,2026-05-06,1,Incorrect Size,Processed
RET0003860,ORD0085798,P01614,2025-09-08,2,Quality Issue,Pending
RET0003861,ORD0059655,P01427,2026-06-25,1,Quality Issue,Approved
RET0003862,ORD0104032,P00998,2024-09-26,1,Damaged,Approved
RET0003863,ORD0030595,P01828,2025-09-09,1,Damaged,Rejected
RET0003864,ORD0115076,P01452,2024-10-15,1,Customer Changed Mind,Processed
RET0003865,ORD0114746,P00080,2025-09-06,1,Quality Issue,Pending
RET0003866,ORD0116628,P01744,2026-01-19,1,Customer Changed Mind,Processed
RET0003867,ORD0059411,P01003,2025-06-01,1,Damaged,Processed
RET0003868,ORD0086307,P00362,2025-06-23,2,Wrong Product,Approved
RET0003869,ORD0109900,P00527,2025-08-02,1,Quality Issue,Approved
RET0003870,ORD0000995,P00604,2026-05-19,1,Quality Issue,Processed
RET0003871,ORD0050091,P00230,2025-06-17,1,Damaged,Processed
RET0003872,ORD0064774,P01816,2025-08-06,1,Damaged,Processed
RET0003873,ORD0010775,P00755,2024-06-22,1,Wrong Product,Pending
RET0003874,ORD0005475,P00086,2025-11-09,1,Damaged,Approved
RET0003875,ORD0059603,P00385,2025-09-17,1,Late Delivery,Approved
RET0003876,ORD0093234,P00266,2025-11-17,2,Damaged,Rejected
RET0003877,ORD0031429,P00838,2026-03-17,1,Quality Issue,Rejected
RET0003878,ORD0116438,P01365,2025-08-04,1,Quality Issue,Processed
RET0003879,ORD0111729,P00468,2025-12-15,2,Incorrect Size,Processed
RET0003880,ORD0085800,P00733,2025-09-27,1,Incorrect Size,Pending
RET0003881,ORD0006187,P00970,2025-11-30,1,Wrong Product,Approved
RET0003882,ORD0024557,P00310,2024-06-06,1,Damaged,Approved
RET0003883,ORD0015567,P01207,2025-11-17,1,Customer Changed Mind,Approved
RET0003884,ORD0002186,P01670,2024-07-07,1,Quality Issue,Approved
RET0003885,ORD0056198,P00402,2025-11-01,1,Damaged,Processed
RET0003886,ORD0034453,P01667,2024-02-09,1,Customer Changed Mind,Approved
RET0003887,ORD0119726,P01836,2026-02-28,1,Wrong Product,Processed
RET0003888,ORD0017930,P00870,2025-12-03,1,Wrong Product,Approved
RET0003889,ORD0056788,P00586,2026-06-10,1,Quality Issue,Processed
RET0003890,ORD0000383,P00389,2025-12-09,1,Quality Issue,Approved
RET0003891,ORD0038327,P00088,2025-07-12,1,Late Delivery,Processed
RET0003892,ORD0060593,P01645,2026-05-10,2,Incorrect Size,Approved
RET0003893,ORD0099623,P00553,2026-08-04,1,Damaged,Approved
RET0003894,ORD0012237,P01742,2025-11-07,1,Damaged,Approved
RET0003895,ORD0053554,P00015,2026-07-17,1,Customer Changed Mind,Processed
RET0003896,ORD0009261,P01666,2026-06-17,1,Quality Issue,Processed
RET0003897,ORD0001901,P01073,2025-08-01,1,Quality Issue,Pending
RET0003898,ORD0022448,P00916,2026-03-18,1,Damaged,Rejected
RET0003899,ORD0118857,P00830,2025-04-26,2,Incorrect Size,Approved
RET0003900,ORD0010916,P01220,2026-06-16,2,Customer Changed Mind,Approved
RET0003901,ORD0039746,P00867,2024-04-13,1,Customer Changed Mind,Approved
RET0003902,ORD0093825,P01411,2025-04-26,1,Quality Issue,Approved
RET0003903,ORD0017389,P01410,2025-07-22,1,Incorrect Size,Approved
RET0003904,ORD0063407,P01913,2025-09-28,2,Quality Issue,Rejected
RET0003905,ORD0064689,P01506,2025-12-28,1,Incorrect Size,Pending
RET0003906,ORD0113434,P01247,2025-04-01,1,Wrong Product,Approved
RET0003907,ORD0052637,P01398,2025-10-01,1,Quality Issue,Processed
RET0003908,ORD0043300,P00938,2025-06-04,1,Quality Issue,Rejected
RET0003909,ORD0005044,P00331,2025-01-29,2,Late Delivery,Approved
RET0003910,ORD0087119,P00056,2026-04-23,2,Customer Changed Mind,Rejected
RET0003911,ORD0115933,P01212,2026-06-26,1,Incorrect Size,Pending
RET0003912,ORD0116188,P01546,2025-10-08,1,Damaged,Pending
RET0003913,ORD0109801,P00302,2026-07-22,1,Customer Changed Mind,Processed
RET0003914,ORD0031884,P01639,2024-08-20,1,Incorrect Size,Approved
RET0003915,ORD0074769,P00514,2025-02-09,1,Incorrect Size,Approved
RET0003916,ORD0059330,P00276,2024-07-20,1,Incorrect Size,Pending
RET0003917,ORD0093108,P00826,2024-01-24,2,Incorrect Size,Approved
RET0003918,ORD0090980,P00838,2025-03-06,2,Damaged,Approved
RET0003919,ORD0033699,P01946,2024-10-18,1,Incorrect Size,Approved
RET0003920,ORD0106777,P01513,2026-05-21,1,Customer Changed Mind,Processed
RET0003921,ORD0090307,P01482,2026-03-06,1,Quality Issue,Approved
RET0003922,ORD0029251,P01241,2024-12-27,1,Customer Changed Mind,Processed
RET0003923,ORD0071146,P00129,2026-04-16,1,Quality Issue,Processed
RET0003924,ORD0115806,P00200,2026-06-13,2,Late Delivery,Approved
RET0003925,ORD0002622,P00407,2026-06-17,1,Incorrect Size,Approved
RET0003926,ORD0038422,P00201,2024-08-21,1,Wrong Product,Processed
RET0003927,ORD0111372,P01898,2025-05-29,1,Wrong Product,Processed
RET0003928,ORD0118413,P00589,2025-08-25,2,Customer Changed Mind,Rejected
RET0003929,ORD0092551,P01749,2025-05-01,1,Damaged,Rejected
RET0003930,ORD0011550,P01374,2025-10-10,1,Quality Issue,Approved
RET0003931,ORD0011924,P00401,2025-12-12,1,Wrong Product,Rejected
RET0003932,ORD0087230,P00014,2026-05-04,2,Late Delivery,Processed
RET0003933,ORD0049819,P01199,2025-12-09,2,Damaged,Processed
RET0003934,ORD0100953,P00378,2025-11-16,3,Wrong Product,Processed
RET0003935,ORD0040764,P00319,2025-05-08,1,Quality Issue,Approved
RET0003936,ORD0089439,P00003,2025-12-08,1,Customer Changed Mind,Processed
RET0003937,ORD0060920,P00227,2025-05-14,1,Wrong Product,Processed
RET0003938,ORD0074786,P01821,2025-09-24,1,Wrong Product,Approved
RET0003939,ORD0002572,P01953,2025-06-10,1,Wrong Product,Processed
RET0003940,ORD0017180,P00730,2024-03-07,1,Quality Issue,Approved
RET0003941,ORD0070214,P00811,2026-07-24,1,Damaged,Processed
RET0003942,ORD0024312,P00714,2026-08-06,2,Customer Changed Mind,Rejected
RET0003943,ORD0062737,P00808,2025-06-09,1,Quality Issue,Approved
RET0003944,ORD0100128,P01640,2026-01-27,2,Late Delivery,Approved
RET0003945,ORD0044653,P01518,2025-04-21,2,Quality Issue,Processed
RET0003946,ORD0000695,P00696,2026-04-03,1,Wrong Product,Approved
RET0003947,ORD0095838,P00435,2025-10-18,1,Incorrect Size,Approved
RET0003948,ORD0090427,P01662,2026-01-22,3,Customer Changed Mind,Processed
RET0003949,ORD0046583,P00889,2026-07-08,2,Wrong Product,Approved
RET0003950,ORD0038312,P00319,2026-03-23,2,Incorrect Size,Processed
RET0003951,ORD0054021,P00531,2026-04-26,2,Quality Issue,Approved
RET0003952,ORD0039699,P01116,2026-07-22,1,Quality Issue,Approved
RET0003953,ORD0029392,P01145,2026-06-30,1,Incorrect Size,Approved
RET0003954,ORD0053533,P00798,2025-10-29,2,Damaged,Pending
RET0003955,ORD0001621,P00706,2024-08-19,1,Incorrect Size,Processed
RET0003956,ORD0048893,P01642,2026-04-05,1,Quality Issue,Approved
RET0003957,ORD0012941,P00135,2025-10-31,1,Customer Changed Mind,Approved
RET0003958,ORD0089821,P00225,2026-07-29,1,Wrong Product,Processed
RET0003959,ORD0076987,P00638,2026-01-11,1,Damaged,Processed
RET0003960,ORD0038885,P00123,2026-06-07,1,Incorrect Size,Approved
RET0003961,ORD0044176,P01635,2026-04-07,2,Damaged,Approved
RET0003962,ORD0036249,P01850,2026-04-02,1,Wrong Product,Processed
RET0003963,ORD0072691,P00175,2025-12-18,1,Quality Issue,Processed
RET0003964,ORD0081012,P01647,2024-08-23,1,Quality Issue,Processed
RET0003965,ORD0003775,P01316,2025-12-20,1,Damaged,Processed
RET0003966,ORD0050359,P00917,2025-09-05,2,Quality Issue,Processed
RET0003967,ORD0033081,P01179,2025-09-25,1,Late Delivery,Processed
RET0003968,ORD0031810,P00671,2026-07-25,2,Incorrect Size,Processed
RET0003969,ORD0061733,P01346,2026-02-03,1,Damaged,Processed
RET0003970,ORD0064088,P00180,2026-02-10,2,Damaged,Approved
RET0003971,ORD0049020,P00504,2025-11-28,2,Quality Issue,Pending
RET0003972,ORD0081573,P00289,2025-04-26,1,Damaged,Approved
RET0003973,ORD0052179,P00561,2025-12-21,1,Late Delivery,Processed
RET0003974,ORD0024874,P01924,2025-02-20,1,Damaged,Processed
RET0003975,ORD0016588,P01348,2026-07-07,3,Quality Issue,Rejected
RET0003976,ORD0053831,P01638,2026-07-13,1,Incorrect Size,Approved
RET0003977,ORD0033918,P01064,2025-11-24,2,Incorrect Size,Rejected
RET0003978,ORD0064159,P01590,2026-03-07,1,Incorrect Size,Approved
RET0003979,ORD0005670,P01198,2026-02-10,1,Incorrect Size,Approved
RET0003980,ORD0015787,P00484,2026-07-11,2,Customer Changed Mind,Rejected
RET0003981,ORD0081288,P01691,2026-07-05,1,Customer Changed Mind,Approved
RET0003982,ORD0022101,P00626,2026-02-22,1,Incorrect Size,Processed
RET0003983,ORD0018083,P00180,2026-06-07,2,Incorrect Size,Approved
RET0003984,ORD0032038,P01401,2024-09-08,1,Incorrect Size,Pending
RET0003985,ORD0016811,P00548,2026-04-23,1,Quality Issue,Processed
RET0003986,ORD0033467,P00676,2025-07-10,2,Wrong Product,Approved
RET0003987,ORD0057913,P00138,2026-04-29,1,Incorrect Size,Processed
RET0003988,ORD0081517,P00889,2024-05-20,1,Incorrect Size,Approved
RET0003989,ORD0104588,P00755,2025-06-11,3,Quality Issue,Processed
RET0003990,ORD0041732,P01955,2026-06-21,1,Incorrect Size,Processed
RET0003991,ORD0013825,P00399,2024-05-09,1,Late Delivery,Processed
RET0003992,ORD0022412,P00624,2026-01-10,1,Incorrect Size,Processed
RET0003993,ORD0076921,P00652,2026-04-25,1,Damaged,Processed
RET0003994,ORD0029747,P01773,2026-06-08,2,Incorrect Size,Processed
RET0003995,ORD0118752,P00905,2025-09-03,3,Damaged,Pending
RET0003996,ORD0094732,P01414,2024-02-29,1,Customer Changed Mind,Approved
RET0003997,ORD0052815,P01780,2024-07-24,1,Damaged,Approved
RET0003998,ORD0004173,P01426,2026-07-08,1,Customer Changed Mind,Processed
RET0003999,ORD0099673,P00704,2026-06-21,1,Wrong Product,Approved
RET0004000,ORD0037589,P00003,2026-05-18,1,Incorrect Size,Approved
RET0004001,ORD0061514,P00293,2026-01-15,1,Late Delivery,Processed
RET0004002,ORD0086454,P01936,2023-01-01,1,Incorrect Size,Processed
RET0004003,ORD0100021,P01275,2025-01-23,1,Wrong Product,Approved
RET0004004,ORD0003011,P01554,2024-11-16,2,Damaged,Approved
RET0004005,ORD0039628,P00628,2025-05-23,1,Quality Issue,Approved
RET0004006,ORD0060507,P01552,2024-04-18,3,Quality Issue,Approved
RET0004007,ORD0033747,P00984,2026-06-09,2,Late Delivery,Approved
RET0004008,ORD0016652,P00268,2025-12-20,1,Quality Issue,Rejected
RET0004009,ORD0089130,P01031,2026-01-03,2,Incorrect Size,Approved
RET0004010,ORD0089219,P00134,2026-04-02,1,Quality Issue,Processed
RET0004011,ORD0056274,P00868,2025-06-04,1,Incorrect Size,Pending
RET0004012,ORD0049133,P00448,2026-01-26,2,Quality Issue,Approved
RET0004013,ORD0008478,P00897,2025-02-27,1,Quality Issue,Pending
RET0004014,ORD0036718,P00159,2026-06-20,2,Customer Changed Mind,Approved
RET0004015,ORD0118424,P00778,2026-01-31,1,Damaged,Processed
RET0004016,ORD0101366,P01704,2025-08-21,1,Wrong Product,Pending
RET0004017,ORD0079689,P00579,2025-03-26,1,Quality Issue,Processed
RET0004018,ORD0079313,P01607,2026-07-09,1,Quality Issue,Approved
RET0004019,ORD0010525,P00287,2026-04-05,2,Customer Changed Mind,Approved
RET0004020,ORD0053375,P00213,2025-01-13,1,Quality Issue,Approved
RET0004021,ORD0017861,P00699,2026-03-10,1,Wrong Product,Pending
RET0004022,ORD0064165,P00712,2025-01-04,2,Wrong Product,Approved
RET0004023,ORD0116748,P01537,2025-02-22,1,Incorrect Size,Processed
RET0004024,ORD0076165,P00017,2025-07-17,1,Customer Changed Mind,Approved
RET0004025,ORD0081935,P01632,2026-02-10,1,Wrong Product,Approved
RET0004026,ORD0011290,P99999,2024-09-23,1,Customer Changed Mind,Approved
RET0004027,ORD0030513,P01675,2026-04-13,1,Customer Changed Mind,Approved
RET0004028,ORD0014752,P01418,2024-11-15,1,Quality Issue,Processed
RET0004029,ORD0109568,P00471,2026-06-02,1,Incorrect Size,Approved
RET0004030,ORD0056556,P01003,2025-08-31,1,Quality Issue,Approved
RET0004031,ORD0073203,P01239,2026-03-12,1,Quality Issue,Processed
RET0004032,ORD0069810,P01351,2025-12-25,1,Customer Changed Mind,Approved
RET0004033,ORD0028610,P00642,2026-03-07,1,Late Delivery,Processed
RET0004034,ORD0092899,P01040,2024-06-05,2,Customer Changed Mind,Processed
RET0004035,ORD0100686,P01199,2025-02-15,1,Damaged,Processed
RET0004036,ORD0023648,P01298,2026-06-22,1,Incorrect Size,Approved
RET0004037,ORD0044711,P00984,2026-05-01,1,Customer Changed Mind,Approved
RET0004038,ORD0077671,P00846,2026-03-25,2,Customer Changed Mind,Processed
RET0004039,ORD0101608,P00318,2025-12-26,1,Damaged,Rejected
RET0004040,ORD0111977,P01855,2026-05-10,1,Incorrect Size,Approved
RET0004041,ORD0025501,P01872,2026-07-20,1,Wrong Product,Approved
RET0004042,ORD0011647,P00321,2025-07-26,3,Customer Changed Mind,Approved
RET0004043,ORD0086817,P00477,2025-11-07,1,Incorrect Size,Processed
RET0004044,ORD0119818,P00834,2026-03-04,3,Customer Changed Mind,Approved
RET0004045,ORD0111447,P01149,2025-09-06,1,Incorrect Size,Pending
RET0004046,ORD0070198,P01067,2026-04-04,1,Wrong Product,Approved
RET0004047,ORD0054929,P01920,2026-03-01,1,Quality Issue,Pending
RET0004048,ORD0086115,P00087,2026-06-04,1,Incorrect Size,Approved
RET0004049,ORD0026003,P01663,2024-05-11,1,Late Delivery,Approved
RET0004050,ORD0044573,P01794,2026-05-30,3,Quality Issue,Approved
RET0004051,ORD0020690,P00656,2025-06-04,1,Customer Changed Mind,Approved
RET0004052,ORD0114691,P00779,2025-07-15,1,Quality Issue,Pending
RET0004053,ORD0043631,P00848,2025-08-20,1,Incorrect Size,Approved
RET0004054,ORD0002744,P00187,2025-12-19,1,Quality Issue,Approved
RET0004055,ORD0086693,P01666,2025-11-26,1,Incorrect Size,Pending
RET0004056,ORD0015524,P00280,2024-06-10,1,Quality Issue,Approved
RET0004057,ORD0114624,P00679,2024-12-14,2,Late Delivery,Approved
RET0004058,ORD0109706,P00773,2025-12-21,1,Customer Changed Mind,Approved
RET0004059,ORD0036973,P01080,2025-04-27,1,Quality Issue,Approved
RET0004060,ORD0064473,P01536,2026-01-14,2,Incorrect Size,Pending
RET0004061,ORD0060331,P01103,2025-11-29,1,Quality Issue,Approved
RET0004062,ORD0085467,P00263,2025-07-31,1,Wrong Product,Processed
RET0004063,ORD0055942,P01191,2026-05-07,2,Late Delivery,Approved
RET0004064,ORD0062005,P01399,2024-03-31,2,Quality Issue,Approved
RET0004065,ORD0100398,P00148,2026-07-12,1,Incorrect Size,Processed
RET0004066,ORD0021686,P00697,2026-06-12,1,Damaged,Processed
RET0004067,ORD0086310,P00905,2026-05-30,3,Damaged,Processed
RET0004068,ORD0083132,P00281,2026-07-11,1,Customer Changed Mind,Approved
RET0004069,ORD0008936,P01296,2026-06-22,1,Damaged,Approved
RET0004070,ORD0083825,P00709,2024-08-30,1,Incorrect Size,Processed
RET0004071,ORD0087484,P01241,2025-11-16,2,Customer Changed Mind,Processed
RET0004072,ORD0078350,P00419,2026-02-12,1,Late Delivery,Approved
RET0004073,ORD0018192,P01681,2024-05-11,1,Wrong Product,Approved
RET0004074,ORD0059383,P00428,2026-03-28,1,Customer Changed Mind,Processed
RET0004075,ORD0067636,P00863,2025-01-20,1,Incorrect Size,Approved
RET0004076,ORD0075489,P01954,2025-11-14,2,Customer Changed Mind,Processed
RET0004077,ORD0049396,P00159,2025-01-16,1,Damaged,Processed
RET0004078,ORD0056957,P01892,2025-02-23,2,Wrong Product,Approved
RET0004079,ORD0072766,P00089,2025-02-15,2,Incorrect Size,Processed
RET0004080,ORD0110943,P01794,2025-08-25,1,Incorrect Size,Processed
RET0004081,ORD0072662,P01611,2026-06-20,2,Wrong Product,Processed
RET0004082,ORD0007225,P00751,2025-10-04,1,Quality Issue,Rejected
RET0004083,ORD0100488,P00559,2025-03-15,2,Damaged,Processed
RET0004084,ORD0007966,P00810,2026-02-02,3,Late Delivery,Approved
RET0004085,ORD0009299,P00876,2025-10-05,2,Damaged,Approved
RET0004086,ORD0093385,P01718,2026-05-28,1,Quality Issue,Processed
RET0004087,ORD0065112,P00997,2025-03-10,1,Incorrect Size,Approved
RET0004088,ORD0022632,P00235,2026-02-04,1,Wrong Product,Processed
RET0004089,ORD0114799,P01143,2025-09-26,1,Customer Changed Mind,Approved
RET0004090,ORD0027528,P00702,2026-03-20,1,Damaged,Approved
RET0004091,ORD0107097,P00215,2025-06-29,1,Customer Changed Mind,Approved
RET0004092,ORD0023222,P00824,2026-06-01,1,Damaged,Rejected
RET0004093,ORD0114739,P00371,2026-01-22,1,Wrong Product,Processed
RET0004094,ORD0084588,P00012,2025-04-18,1,Incorrect Size,Processed
RET0004095,ORD0090276,P01579,2024-12-18,3,Damaged,Approved
RET0004096,ORD0103179,P01749,2025-08-18,1,Incorrect Size,Pending
RET0004097,ORD0001420,P00995,2026-07-07,1,Damaged,Rejected
RET0004098,ORD0060268,P01598,2026-01-01,2,Late Delivery,Approved
RET0004099,ORD0112592,P00438,2024-05-08,1,Customer Changed Mind,Processed
RET0004100,ORD0061332,P00484,2025-10-31,1,Incorrect Size,Pending
RET0004101,ORD0109401,P00505,2026-04-30,1,Wrong Product,Approved
RET0004102,ORD0035970,P00647,2026-03-04,2,Wrong Product,Approved
RET0004103,ORD0002095,P00593,2026-04-09,1,Quality Issue,Processed
RET0004104,ORD0063026,P00406,2026-07-16,1,Quality Issue,Approved
RET0004105,ORD0109943,P01009,2026-07-09,1,Quality Issue,Processed
RET0004106,ORD0072042,P00940,2026-03-14,3,Damaged,Processed
RET0004107,ORD0023856,P01959,2025-01-20,2,Wrong Product,Approved
RET0004108,ORD0051616,P00346,2026-07-08,1,Incorrect Size,Approved
RET0004109,ORD0109493,P00372,2026-04-24,1,Quality Issue,Processed
RET0004110,ORD0067109,P01713,2024-05-23,1,Quality Issue,Approved
RET0004111,ORD0097555,P01060,2026-04-12,1,Wrong Product,Approved
RET0004112,ORD0016588,P00115,2026-07-04,1,Wrong Product,Approved
RET0004113,ORD0020908,P00939,2026-03-30,1,Incorrect Size,Processed
RET0004114,ORD0009906,P01422,2025-11-12,1,Quality Issue,Approved
RET0004115,ORD0048998,P00952,2024-02-05,1,Damaged,Approved
RET0004116,ORD0019265,P01073,2024-04-28,1,Incorrect Size,Processed
RET0004117,ORD0053872,P00093,2024-04-19,1,Quality Issue,Approved
RET0004118,ORD0068063,P01452,2025-11-20,3,Customer Changed Mind,Processed
RET0004119,ORD0026487,P01312,2025-12-18,2,Customer Changed Mind,Approved
RET0004120,ORD0102236,P01059,2025-08-25,3,Quality Issue,Processed
RET0004121,ORD0005075,P00543,2026-07-03,1,Customer Changed Mind,Approved
RET0004122,ORD0021084,P01740,2026-03-01,1,Late Delivery,Approved
RET0004123,ORD0029099,P00578,2026-07-08,3,Quality Issue,Approved
RET0004124,ORD0082191,P01520,2025-07-31,1,Wrong Product,Pending
RET0004125,ORD0071427,P01276,2024-12-13,2,Incorrect Size,Processed
RET0004126,ORD0073492,P01299,2026-02-18,1,Customer Changed Mind,Approved
RET0004127,ORD0056266,P01783,2025-12-10,2,Customer Changed Mind,Approved
RET0004128,ORD0102233,P01964,2026-06-23,1,Quality Issue,Approved
RET0004129,ORD0012236,P01605,2026-04-20,1,Quality Issue,Approved
RET0004130,ORD0005480,P00855,2026-07-19,1,Customer Changed Mind,Approved
RET0004131,ORD0084182,P01361,2025-03-29,2,Quality Issue,Rejected
RET0004132,ORD0026266,P01943,2026-07-05,2,Incorrect Size,Approved
RET0004133,ORD0095924,P00772,2026-06-27,1,Quality Issue,Rejected
RET0004134,ORD0061797,P00221,2024-07-26,1,Quality Issue,Approved
RET0004135,ORD0091894,P00186,2025-12-19,3,Wrong Product,Processed
RET0004136,ORD0074747,P00523,2024-05-31,1,Customer Changed Mind,Approved
RET0004137,ORD0072257,P00739,2024-12-03,1,Late Delivery,Approved
RET0004138,ORD0029335,P01185,2025-06-18,3,Damaged,Processed
RET0004139,ORD0076197,P01706,2024-10-18,1,Quality Issue,Approved
RET0004140,ORD0064370,P00673,2025-12-31,1,Customer Changed Mind,Rejected
RET0004141,ORD0051984,P00346,2025-02-19,3,Wrong Product,Processed
RET0004142,ORD0038538,P00460,2026-01-25,1,Wrong Product,Pending
RET0004143,ORD0002166,P01840,2024-10-04,2,Wrong Product,Rejected
RET0004144,ORD0042462,P00907,2026-02-28,3,Customer Changed Mind,Approved
RET0004145,ORD0084148,P00446,2024-11-28,1,Quality Issue,Approved
RET0004146,ORD0057092,P01817,2026-07-19,1,Quality Issue,Processed
RET0004147,ORD0041665,P00131,2025-02-14,1,Wrong Product,Approved
RET0004148,ORD0012480,P01012,2025-03-30,1,Wrong Product,Processed
RET0004149,ORD0005495,P01433,2026-03-16,1,Quality Issue,Approved
RET0004150,ORD0086813,P01807,2026-03-29,1,Damaged,Processed
RET0004151,ORD0026584,P01567,2024-02-15,1,Late Delivery,Approved
RET0004152,ORD0087588,P00106,2025-03-14,3,Late Delivery,Approved
RET0004153,ORD0042533,P00612,2026-06-03,1,Late Delivery,Pending
RET0004154,ORD0091294,P01588,2026-02-26,1,Incorrect Size,Rejected
RET0004155,ORD0056557,P00028,2026-05-31,3,Quality Issue,Approved
RET0004156,ORD0108936,P00376,2025-04-17,1,Incorrect Size,Approved
RET0004157,ORD0035590,P00526,2026-01-11,1,Incorrect Size,Processed
RET0004158,ORD0066210,P00343,2026-05-16,1,Wrong Product,Approved
RET0004159,ORD0119414,P01259,2026-06-29,2,Wrong Product,Processed
RET0004160,ORD0103003,P00480,2025-09-24,2,Customer Changed Mind,Processed
RET0004161,ORD0112762,P00907,2026-07-13,2,Customer Changed Mind,Approved
RET0004162,ORD0113518,P00618,2025-02-16,3,Late Delivery,Approved
RET0004163,ORD0070981,P00826,2026-02-16,1,Wrong Product,Approved
RET0004164,ORD0023258,P00244,2026-02-26,2,Wrong Product,Approved
RET0004165,ORD0085760,P00298,2026-05-26,2,Customer Changed Mind,Processed
RET0004166,ORD0016746,P01227,2025-07-09,1,Quality Issue,Approved
RET0004167,ORD0078076,P00036,2025-08-26,2,Quality Issue,Pending
RET0004168,ORD0095679,P01616,2026-04-10,1,Incorrect Size,Processed
RET0004169,ORD0024023,P01597,2025-05-18,1,quality issue,Approved
RET0004170,ORD0106098,P00796,2026-04-21,1,Customer Changed Mind,Processed
RET0004171,ORD0017804,P01646,2025-11-26,2,Incorrect Size,Approved
RET0004172,ORD0080631,P00108,2024-07-20,1,Quality Issue,Approved
RET0004173,ORD0065036,P01742,2026-05-19,1,Quality Issue,Processed
RET0004174,ORD0039882,P00213,2024-08-01,1,Late Delivery,Approved
RET0004175,ORD0106878,P00130,2025-11-01,1,Damaged,Approved
RET0004176,ORD0070330,P01046,2025-10-25,3,Incorrect Size,Approved
RET0004177,ORD0021127,P00939,2025-12-02,1,Quality Issue,Approved
RET0004178,ORD0064883,P00693,2026-05-16,1,Late Delivery,Processed
RET0004179,ORD0001310,P01595,2026-05-21,2,Late Delivery,Pending
RET0004180,ORD0015016,P00028,2026-03-25,1,Customer Changed Mind,Processed
RET0004181,ORD0105606,P01355,2025-06-22,1,Wrong Product,Pending
RET0004182,ORD0074206,P00569,2026-05-01,2,Quality Issue,Processed
RET0004183,ORD0095017,P01852,2025-03-11,1,Late Delivery,Approved
RET0004184,ORD0053538,P01865,2026-05-16,2,Damaged,Rejected
RET0004185,ORD0008546,P00378,2025-04-23,1,Customer Changed Mind,Approved
RET0004186,ORD0045265,P01536,2026-08-06,1,Incorrect Size,Approved
RET0004187,ORD0052449,P01509,2025-12-23,2,Customer Changed Mind,Pending
RET0004188,ORD0079828,P01630,2026-04-23,1,Customer Changed Mind,Processed
RET0004189,ORD0052662,P01530,2026-04-08,1,Quality Issue,Pending
RET0004190,ORD0027104,P01981,2026-02-09,1,Quality Issue,Approved
RET0004191,ORD0071824,P01657,2026-03-28,1,Quality Issue,Processed
RET0004192,ORD0061428,P00200,2025-05-02,1,Incorrect Size,Approved
RET0004193,ORD0018435,P01361,2026-02-22,2,Damaged,Approved
RET0004194,ORD0012219,P00772,2026-07-22,1,Incorrect Size,Rejected
RET0004195,ORD0100421,P00993,2026-03-03,1,Incorrect Size,Approved
RET0004196,ORD0002621,P00711,2026-03-12,1,Late Delivery,Processed
RET0004197,ORD0002562,P01103,2025-11-02,1,Quality Issue,Rejected
RET0004198,ORD0095313,P01732,2026-07-30,2,Wrong Product,Rejected
RET0004199,ORD0068888,P00210,2026-03-22,1,Customer Changed Mind,Approved
RET0004200,ORD0109216,P01792,2026-07-07,1,Wrong Product,Approved
RET0004201,ORD0006573,P00987,2025-10-08,1,Damaged,Pending
RET0004202,ORD0001194,P00254,2026-06-11,1,Incorrect Size,Processed
RET0004203,ORD0007753,P01750,2026-04-16,3,Wrong Product,Processed
RET0004204,ORD0081326,P01317,2024-05-10,1,Quality Issue,Approved
RET0004205,ORD0032572,P00228,2025-01-03,1,Customer Changed Mind,Approved
RET0004206,ORD0105464,P01607,2026-06-15,1,Customer Changed Mind,Pending
RET0004207,ORD0077630,P00137,2025-03-19,1,Customer Changed Mind,Approved
RET0004208,ORD0030223,P01457,2026-07-05,1,Customer Changed Mind,Processed
RET0004209,ORD0020951,P00207,2026-07-07,1,Quality Issue,Approved
RET0004210,ORD0013368,P00544,2024-11-29,1,Incorrect Size,Approved
RET0004211,ORD0037487,P01267,2025-11-01,3,Customer Changed Mind,Processed
RET0004212,ORD0115487,P00587,2025-03-02,1,Incorrect Size,Rejected
RET0004213,ORD0002494,P00111,2026-04-27,1,Quality Issue,Approved
RET0004214,ORD0020938,P00002,2026-07-12,1,Quality Issue,Approved
RET0004215,ORD0065557,P00921,2026-07-10,1,Wrong Product,Processed
RET0004216,ORD0116517,P01099,2024-06-17,1,Damaged,Approved
RET0004217,ORD0089867,P01514,2025-01-29,2,Incorrect Size,Approved
RET0004218,ORD0012483,P00544,2024-04-13,1,Late Delivery,Processed
RET0004219,ORD0026996,P00175,2026-04-01,2,Customer Changed Mind,Approved
RET0004220,ORD0006741,P01774,2025-08-09,1,Quality Issue,Processed
RET0004221,ORD0052848,P00833,2025-12-23,1,Customer Changed Mind,Approved
RET0004222,ORD0116600,P00778,2026-07-19,1,Quality Issue,Processed
RET0004223,ORD0100625,P00136,2025-09-30,1,Customer Changed Mind,Processed
RET0004224,ORD0063034,P01348,2024-11-25,1,Incorrect Size,Rejected
RET0004225,ORD0022317,P00495,2026-02-04,1,Wrong Product,Processed
RET0004226,ORD0050946,P00478,2026-01-16,1,Damaged,Processed
RET0004227,ORD0015142,P00131,2026-05-27,1,Quality Issue,Approved
RET0004228,ORD0062469,P01461,2025-08-10,1,Damaged,Approved
RET0004229,ORD0039163,P01304,2026-06-14,1,Incorrect Size,Approved
RET0004230,ORD0050213,P00140,2024-02-22,1,Quality Issue,Processed
RET0004231,ORD0039492,P00818,2025-12-06,1,Wrong Product,Approved
RET0004232,ORD0095644,P00493,2026-06-22,1,Wrong Product,Approved
RET0004233,ORD0088669,P00399,2026-05-25,1,Incorrect Size,Processed
RET0004234,ORD0080281,P01589,2026-02-26,1,Quality Issue,Processed
RET0004235,ORD0048370,P00725,2026-06-07,1,Incorrect Size,Approved
RET0004236,ORD0048854,P00730,2026-07-03,1,Damaged,Approved
RET0004237,ORD0075362,P00024,2026-07-10,1,Incorrect Size,Processed
RET0004238,ORD0068155,P00529,2024-04-22,1,Late Delivery,Pending
RET0004239,ORD0059859,P01947,2026-07-14,3,Quality Issue,Processed
RET0004240,ORD0020660,P00799,2025-10-10,2,Customer Changed Mind,Approved
RET0004241,ORD0066379,P00873,2024-07-11,2,Damaged,Rejected
RET0004242,ORD0009595,P00930,2025-04-16,1,Incorrect Size,Approved
RET0004243,ORD0064812,P01340,2026-03-28,3,Incorrect Size,Approved
RET0004244,ORD0075388,P00178,2026-07-11,1,Customer Changed Mind,Approved
RET0004245,ORD0038016,P00789,2026-04-22,1,Incorrect Size,Approved
RET0004246,ORD0004475,P00720,2025-04-15,1,Damaged,Processed
RET0004247,ORD0031880,P01728,2025-08-07,1,Damaged,Processed
RET0004248,ORD0113656,P01751,2025-12-08,1,Damaged,Processed
RET0004249,ORD0094533,P01007,2025-12-23,1,Customer Changed Mind,Processed
RET0004250,ORD0068922,P00240,2026-01-05,1,Damaged,Approved
RET0004251,ORD0107191,P01163,2026-01-27,2,Customer Changed Mind,Processed
RET0004252,ORD0108788,P00413,2025-11-19,1,Damaged,Processed
RET0004253,ORD0116579,P01153,2026-02-12,1,Quality Issue,Processed
RET0004254,ORD0053191,P01653,2025-02-18,1,Incorrect Size,Approved
RET0004255,ORD0116646,P01887,2026-05-25,1,Quality Issue,Processed
RET0004256,ORD0028620,P00399,2024-07-17,1,Wrong Product,Processed
RET0004257,ORD0052085,P00979,2026-04-10,2,Quality Issue,Approved
RET0004258,ORD0111075,P01347,2024-11-26,1,Wrong Product,Rejected
RET0004259,ORD0035943,P00779,2026-03-17,1,Quality Issue,Approved
RET0004260,ORD0026643,P00941,2024-05-08,1,Late Delivery,Approved
RET0004261,ORD0098614,P01484,2026-04-15,1,Customer Changed Mind,Processed
RET0004262,ORD0079079,P00823,2025-04-29,1,Damaged,Rejected
RET0004263,ORD0062590,P01971,2025-07-07,1,Quality Issue,Processed
RET0004264,ORD0044854,P00506,2025-05-30,1,Incorrect Size,Approved
RET0004265,ORD0024170,P00328,2025-05-14,1,Quality Issue,Pending
RET0004266,ORD0038200,P01608,2026-05-05,1,Incorrect Size,Approved
RET0004267,ORD0110391,P01402,2025-07-14,1,Incorrect Size,Approved
RET0004268,ORD0047599,P01468,2026-04-18,1,Wrong Product,Processed
RET0004269,ORD0101751,P00344,2026-01-24,1,Quality Issue,Approved
RET0004270,ORD0085425,P00470,2025-12-07,2,Customer Changed Mind,Processed
RET0004271,ORD0075658,P00208,2026-06-23,2,Customer Changed Mind,Pending
RET0004272,ORD0040347,P00007,2025-08-12,1,Damaged,Approved
RET0004273,ORD0062387,P01496,2026-07-09,1,Incorrect Size,Approved
RET0004274,ORD0013046,P00803,2025-12-31,1,Quality Issue,Approved
RET0004275,ORD0117221,P01939,2025-07-17,1,Wrong Product,Processed
RET0004276,ORD0001049,P00757,2026-03-25,2,Customer Changed Mind,Processed
RET0004277,ORD0117605,P01248,2024-09-29,2,Customer Changed Mind,Pending
RET0004278,ORD0088874,P00822,2026-04-29,1,Quality Issue,Processed
RET0004279,ORD0068997,P00418,2026-04-03,1,Incorrect Size,Pending
RET0004280,ORD0075632,P01592,2024-05-25,1,Customer Changed Mind,Approved
RET0004281,ORD0031122,P01412,2026-06-28,1,Customer Changed Mind,Approved
RET0004282,ORD0080732,P00998,2025-06-07,1,Quality Issue,Approved
RET0004283,ORD0029663,P01384,2024-03-19,2,Customer Changed Mind,Processed
RET0004284,ORD0041405,P00228,2026-04-28,1,Late Delivery,Approved
RET0004285,ORD0033993,P01069,2025-08-26,1,Damaged,Approved
RET0004286,ORD0085887,P00935,2025-11-29,2,Damaged,Approved
RET0004287,ORD0026542,P00487,2026-02-25,1,Customer Changed Mind,Approved
RET0004288,ORD0095568,P01301,2025-10-27,1,Incorrect Size,Processed
RET0004289,ORD0118232,P01510,2025-08-13,1,Customer Changed Mind,Rejected
RET0004290,ORD0042588,P00925,2026-01-09,2,Wrong Product,Approved
RET0004291,ORD0100557,P00480,2026-07-24,1,Quality Issue,Processed
RET0004292,ORD0058306,P00470,2026-06-11,1,Incorrect Size,Approved
RET0004293,ORD0089516,P00768,2026-07-07,1,Customer Changed Mind,Approved
RET0004294,ORD0018560,P00367,2025-12-05,2,Damaged,Approved
RET0004295,ORD0059246,P00595,2025-12-26,2,Quality Issue,Processed
RET0004296,ORD0111803,P00107,2026-04-03,1,Customer Changed Mind,Processed
RET0004297,ORD0107169,P01669,2025-10-15,1,Quality Issue,Processed
RET0004298,ORD0029608,P01434,2024-01-30,1,Wrong Product,Processed
RET0004299,ORD0027336,P00547,2024-12-24,1,Damaged,Approved
RET0004300,ORD0018150,P00303,2026-03-24,1,Customer Changed Mind,Processed
RET0004301,ORD0089935,P00601,2026-06-02,2,Quality Issue,Processed
RET0004302,ORD0034333,P01849,2025-11-19,2,Customer Changed Mind,Approved
RET0004303,ORD0048831,P00011,2026-06-19,3,Wrong Product,Approved
RET0004304,ORD0036523,P01626,2026-01-10,1,Customer Changed Mind,Approved
RET0004305,ORD0075965,P01233,2024-12-04,1,Quality Issue,Approved
RET0004306,ORD0046798,P01665,2025-10-22,1,Damaged,Approved
RET0004307,ORD0038659,P00658,2026-03-22,2,Quality Issue,Approved
RET0004308,ORD0023121,P01844,2026-05-25,1,Quality Issue,Rejected
RET0004309,ORD0074230,P00427,2026-07-31,1,Customer Changed Mind,Rejected
RET0004310,ORD0047580,P00900,2024-01-23,1,Incorrect Size,Processed
RET0004311,ORD0019860,P01968,2024-11-08,1,Incorrect Size,Processed
RET0004312,ORD0114427,P01576,2025-12-12,1,Customer Changed Mind,Pending
RET0004313,ORD0111386,P01980,2026-02-14,1,Damaged,Approved
RET0004314,ORD0012583,P00728,2025-08-16,2,Customer Changed Mind,Processed
RET0004315,ORD0018304,P01122,2025-05-02,1,Wrong Product,Processed
RET0004316,ORD0115469,P01570,2025-11-29,1,Late Delivery,Pending
RET0004317,ORD0067470,P00967,2025-08-04,1,Incorrect Size,Processed
RET0004318,ORD0025568,P00577,2024-11-20,1,Incorrect Size,Approved
RET0004319,ORD0003788,P00103,2024-06-22,1,Customer Changed Mind,Processed
RET0004320,ORD0083987,P00703,2024-11-27,1,Customer Changed Mind,Approved
RET0004321,ORD0086838,P00186,2026-02-06,2,Damaged,Approved
RET0004322,ORD0063835,P01938,2025-02-18,1,Late Delivery,Processed
RET0004323,ORD0091078,P01579,2025-11-16,1,Damaged,Processed
RET0004324,ORD0043379,P01578,2026-04-20,1,Incorrect Size,Approved
RET0004325,ORD0051180,P01408,2026-02-20,1,Incorrect Size,Approved
RET0004326,ORD0076496,P01757,2026-07-05,1,Wrong Product,Processed
RET0004327,ORD0000067,P00372,2025-06-23,2,Quality Issue,Approved
RET0004328,ORD0069538,P01392,2025-09-03,2,Late Delivery,Rejected
RET0004329,ORD0011323,P00986,2025-05-23,1,Quality Issue,Approved
RET0004330,ORD0017107,P00683,2026-03-01,1,Customer Changed Mind,Processed
RET0004331,ORD0025728,P00503,2025-05-22,2,Wrong Product,Approved
RET0004332,ORD0050468,P00789,2024-09-24,1,Quality Issue,Pending
RET0004333,ORD0021411,P01855,2026-07-23,1,Damaged,Rejected
RET0004334,ORD0069789,P00902,2025-10-29,3,Quality Issue,Approved
RET0004335,ORD0053414,P00806,2025-08-09,1,Wrong Product,Processed
RET0004336,ORD0060768,P00920,2025-12-04,2,Quality Issue,Processed
RET0004337,ORD0113884,P00538,2024-09-22,1,Quality Issue,Approved
RET0004338,ORD0114591,P00465,2025-01-22,1,Damaged,Processed
RET0004339,ORD0055512,P01542,2025-03-02,1,Customer Changed Mind,Rejected
RET0004340,ORD0065995,P00214,2025-07-22,1,Quality Issue,Processed
RET0004341,ORD0058494,P01960,2026-06-23,1,Damaged,Pending
RET0004342,ORD0093740,P01050,2025-04-12,1,Late Delivery,Approved
RET0004343,ORD0109108,P00187,2026-05-03,1,Quality Issue,Pending
RET0004344,ORD0060969,P01906,2025-04-20,2,Customer Changed Mind,Pending
RET0004345,ORD0057086,P01485,2025-09-13,1,Incorrect Size,Approved
RET0004346,ORD0079158,P01633,2024-12-22,1,Late Delivery,Approved
RET0004347,ORD0061088,P00773,2025-02-25,1,Quality Issue,Processed
RET0004348,ORD0048568,P01956,2026-01-01,2,Damaged,Rejected
RET0004349,ORD0008557,P01266,2025-11-09,1,Damaged,Approved
RET0004350,ORD0014302,P01392,2025-09-17,1,Damaged,Approved
RET0004351,ORD0087323,P00676,2025-11-27,1,Incorrect Size,Processed
RET0004352,ORD0118247,P00631,2025-02-20,1,Incorrect Size,Approved
RET0004353,ORD0071335,P01538,2026-07-08,1,Quality Issue,Processed
RET0004354,ORD0076034,P01576,2024-10-09,1,Wrong Product,Processed
RET0004355,ORD0062628,P01314,2024-10-20,2,Late Delivery,Pending
RET0004356,ORD0113522,P00509,2025-06-26,1,Quality Issue,Approved
RET0004357,ORD0058291,P01559,2026-07-17,2,Quality Issue,Pending
RET0004358,ORD0110077,P01307,2025-01-19,3,Damaged,Processed
RET0004359,ORD0109856,P01768,2025-11-12,1,Incorrect Size,Rejected
RET0004360,ORD0085421,P00487,2026-05-29,3,Damaged,Approved
RET0004361,ORD0073432,P00017,2024-07-20,1,Wrong Product,Processed
RET0004362,ORD0009844,P01349,2025-09-11,1,Incorrect Size,Rejected
RET0004363,ORD0059155,P01640,2026-08-01,3,Customer Changed Mind,Processed
RET0004364,ORD0064044,P00922,2026-04-29,1,Customer Changed Mind,Approved
RET0004365,ORD0056023,P00190,2024-06-23,1,Late Delivery,Approved
RET0004366,ORD0113746,P01585,2025-11-23,1,Incorrect Size,Approved
RET0004367,ORD0090061,P00531,2024-07-05,1,Damaged,Approved
RET0004368,ORD0004397,P00350,2024-07-16,1,Quality Issue,Processed
RET0004369,ORD0064668,P00470,2026-04-08,1,Customer Changed Mind,Pending
RET0004370,ORD0054992,P01106,2024-04-20,2,Damaged,Processed
RET0004371,ORD0098281,P01040,2025-11-09,1,Customer Changed Mind,Approved
RET0004372,ORD0100127,P01782,2025-12-28,1,Late Delivery,Approved
RET0004373,ORD0028091,P01476,2025-12-21,1,Wrong Product,Approved
RET0004374,ORD0091295,P00332,2026-05-14,1,Customer Changed Mind,Approved
RET0004375,ORD0087978,P01410,2025-12-21,1,Quality Issue,Rejected
RET0004376,ORD0098621,P00949,2025-04-12,1,Late Delivery,Approved
RET0004377,ORD0052249,P00219,2025-12-27,1,Quality Issue,Approved
RET0004378,ORD0039183,P01554,2026-01-16,1,Incorrect Size,Processed
RET0004379,ORD0026384,P01960,2026-05-24,1,Customer Changed Mind,Approved
RET0004380,ORD0117959,P01852,2026-06-18,3,Customer Changed Mind,Approved
RET0004381,ORD0010338,P01337,2026-05-06,2,Customer Changed Mind,Processed
RET0004382,ORD0051570,P00635,2026-03-15,2,Late Delivery,Approved
RET0004383,ORD0048473,P01543,2025-11-20,3,Damaged,Processed
RET0004384,ORD0006169,P00460,2024-12-25,1,Customer Changed Mind,Processed
RET0004385,ORD0052958,P01363,2026-04-07,1,Wrong Product,Processed
RET0004386,ORD0088972,P01615,2025-09-03,1,Customer Changed Mind,Approved
RET0004387,ORD0008828,P00697,2026-06-08,1,Incorrect Size,Approved
RET0004388,ORD0072213,P00932,2025-11-04,1,Quality Issue,Processed
RET0004389,ORD0080807,P01644,2026-07-23,1,Customer Changed Mind,Approved
RET0004390,ORD0066273,P01418,2026-01-24,1,Late Delivery,Approved
RET0004391,ORD0079873,P01824,2026-05-13,1,Quality Issue,Approved
RET0004392,ORD0119665,P00095,2025-10-15,1,Customer Changed Mind,Approved
RET0004393,ORD0082114,P00957,2026-02-23,1,Customer Changed Mind,Approved
RET0004394,ORD0038806,P00191,2026-03-10,1,Quality Issue,Pending
RET0004395,ORD0016068,P01245,2026-01-22,1,Damaged,Approved
RET0004396,ORD0109501,P01008,2026-03-15,1,Late Delivery,Processed
RET0004397,ORD0073895,P01439,2026-05-14,2,Late Delivery,Approved
RET0004398,ORD0018419,P00746,2026-01-24,3,Quality Issue,Approved
RET0004399,ORD0072322,P01394,2025-06-12,1,Incorrect Size,Processed
RET0004400,ORD0052773,P00651,2025-06-02,1,Quality Issue,Processed
RET0004401,ORD0073705,P00249,2025-12-25,1,Late Delivery,Pending
RET0004402,ORD0033729,P00345,2026-03-10,3,Damaged,Approved
RET0004403,ORD0065643,P01495,2025-10-21,1,Quality Issue,Approved
RET0004404,ORD0040169,P01567,2026-07-07,1,Incorrect Size,Processed
RET0004405,ORD0034374,P00685,2026-07-17,2,Incorrect Size,Approved
RET0004406,ORD0029480,P00093,2026-01-01,1,Quality Issue,Approved
RET0004407,ORD0067356,P00499,2025-11-12,1,Wrong Product,Approved
RET0004408,ORD0116629,P01665,2025-12-14,1,Quality Issue,Approved
RET0004409,ORD0034997,P01900,2026-02-15,1,Incorrect Size,Rejected
RET0004410,ORD0013319,P00571,2025-12-31,1,Quality Issue,Rejected
RET0004411,ORD0107700,P00254,2026-05-22,1,Quality Issue,Processed
RET0004412,ORD0077028,P00524,2024-10-08,1,Late Delivery,Approved
RET0004413,ORD0119844,P01257,2026-05-07,1,Quality Issue,Processed
RET0004414,ORD0053645,P00493,2025-05-20,2,Wrong Product,Processed
RET0004415,ORD0025700,P00488,2025-11-16,1,Damaged,Processed
RET0004416,ORD0089145,P00234,2025-02-15,1,Quality Issue,Processed
RET0004417,ORD0036492,P01351,2024-09-03,1,Incorrect Size,Pending
RET0004418,ORD0024504,P01610,2026-06-16,1,Incorrect Size,Approved
RET0004419,ORD0090610,P01988,2026-03-07,1,Customer Changed Mind,Processed
RET0004420,ORD0104355,P00485,2025-02-22,1,Damaged,Processed
RET0004421,ORD0009267,P00215,2025-03-13,1,Wrong Product,Rejected
RET0004422,ORD0104343,P00146,2026-04-01,1,Incorrect Size,Pending
RET0004423,ORD0101380,P00390,2026-01-09,1,Quality Issue,Approved
RET0004424,ORD0076487,P01029,2025-10-08,2,Incorrect Size,Processed
RET0004425,ORD0081253,P00591,2026-01-11,1,Customer Changed Mind,Approved
RET0004426,ORD0112854,P01086,2025-10-24,1,Late Delivery,Processed
RET0004427,ORD0039140,P00132,2025-11-23,2,Quality Issue,Approved
RET0004428,ORD0081614,P00303,2024-07-10,1,Wrong Product,Approved
RET0004429,ORD0099760,P00818,2024-06-21,1,Incorrect Size,Pending
RET0004430,ORD0094725,P01732,2025-01-04,3,Quality Issue,Processed
RET0004431,ORD0029219,P01636,2026-01-09,1,Damaged,Processed
RET0004432,ORD0089467,P00790,2025-12-04,2,Damaged,Approved
RET0004433,ORD0018217,P01871,2025-10-16,1,Incorrect Size,Approved
RET0004434,ORD0049998,P00171,2026-07-25,1,Quality Issue,Approved
RET0004435,ORD0030884,P01301,2024-08-11,1,Quality Issue,Approved
RET0004436,ORD0092574,P00784,2024-12-17,1,Quality Issue,Rejected
RET0004437,ORD0094381,P01612,2025-11-08,1,Customer Changed Mind,Processed
RET0004438,ORD0049857,P00496,2025-11-16,1,Quality Issue,Approved
RET0004439,ORD0020146,P00347,2025-12-20,1,Incorrect Size,Processed
RET0004440,ORD0008139,P01962,2025-11-30,1,Wrong Product,Approved
RET0004441,ORD0055463,P00887,2026-06-12,3,Quality Issue,Approved
RET0004442,ORD0019927,P01152,2025-08-18,2,Customer Changed Mind,Approved
RET0004443,ORD0040983,P00887,2026-05-25,2,Customer Changed Mind,Approved
RET0004444,ORD0083453,P00285,2026-01-01,2,Customer Changed Mind,Processed
RET0004445,ORD0053047,P01408,2025-09-14,1,Incorrect Size,Processed
RET0004446,ORD0049146,P01897,2024-08-23,1,Damaged,Processed
RET0004447,ORD0084420,P01566,2026-01-27,1,Customer Changed Mind,Processed
RET0004448,ORD0111175,P01133,2024-03-19,2,Quality Issue,Pending
RET0004449,ORD0061892,P00143,2024-06-01,1,Damaged,Processed
RET0004450,ORD0052151,P02000,2026-05-13,1,Quality Issue,Pending
RET0004451,ORD0075644,P01835,2026-06-04,1,Incorrect Size,Pending
RET0004452,ORD0036485,P01007,2026-05-05,1,Damaged,Rejected
RET0004453,ORD0104435,P00231,2025-12-01,2,Damaged,Approved
RET0004454,ORD0048519,P00975,2025-07-27,1,Incorrect Size,Approved
RET0004455,ORD0074758,P00003,2026-07-07,2,Wrong Product,Processed
RET0004456,ORD0004413,P00458,2025-11-26,1,Damaged,Rejected
RET0004457,ORD0091754,P00198,2026-02-01,1,Incorrect Size,Processed
RET0004458,ORD0010134,P01734,2026-03-01,1,Incorrect Size,Processed
RET0004459,ORD0068773,P01457,2026-02-16,1,Quality Issue,Processed
RET0004460,ORD0087042,P01366,2025-12-15,2,Late Delivery,Processed
RET0004461,ORD0098034,P00342,2025-12-28,2,Incorrect Size,Processed
RET0004462,ORD0062568,P00901,2026-07-24,1,Quality Issue,Approved
RET0004463,ORD0015795,P00344,2025-01-14,1,Quality Issue,Approved
RET0004464,ORD0003556,P00036,2025-12-28,1,Incorrect Size,Approved
RET0004465,ORD0008830,P01367,2026-05-30,1,Quality Issue,Approved
RET0004466,ORD0010461,P01867,2026-07-09,2,Late Delivery,Processed
RET0004467,ORD0117253,P01923,2026-05-26,2,Customer Changed Mind,Approved
RET0004468,ORD0007334,P00231,2025-09-17,2,Late Delivery,Pending
RET0004469,ORD0008498,P00660,2026-04-19,1,Late Delivery,Approved
RET0004470,ORD0045044,P00633,2026-01-12,1,Customer Changed Mind,Processed
RET0004471,ORD0014320,P00727,2025-05-23,1,Customer Changed Mind,Approved
RET0004472,ORD0022178,P01637,2024-06-09,2,Quality Issue,Rejected
RET0004473,ORD0010720,P00444,2025-06-29,1,Customer Changed Mind,Approved
RET0004474,ORD0015860,P00873,2026-07-30,1,Damaged,Processed
RET0004475,ORD0025139,P00678,2026-01-10,2,Wrong Product,Processed
RET0004476,ORD0034521,P01334,2024-11-05,1,Wrong Product,Processed
RET0004477,ORD0020076,P00851,2026-07-05,1,Quality Issue,Processed
RET0004478,ORD0098105,P01893,2026-05-06,1,Customer Changed Mind,Processed
RET0004479,ORD0039364,P00322,2025-04-12,3,Wrong Product,Processed
RET0004480,ORD0097888,P01696,2025-10-22,1,Quality Issue,Approved
RET0004481,ORD0109191,P01968,2026-03-31,1,Damaged,Pending
RET0004482,ORD0080292,P01383,2025-01-17,1,Wrong Product,Approved
RET0004483,ORD0106889,P01279,2025-07-01,1,Quality Issue,Approved
RET0004484,ORD0020135,P01411,2025-11-18,1,Late Delivery,Approved
RET0004485,ORD0115161,P01745,2025-05-20,1,Quality Issue,Approved
RET0004486,ORD0031183,P00096,2026-01-12,1,Incorrect Size,Approved
RET0004487,ORD0016772,P01180,2026-06-06,1,Incorrect Size,Rejected
RET0004488,ORD0015312,P01130,2026-02-28,1,Damaged,Processed
RET0004489,ORD0068576,P00213,2026-07-25,2,Quality Issue,Pending
RET0004490,ORD0115060,P00575,2026-02-10,1,Quality Issue,Approved
RET0004491,ORD0041413,P00703,2025-02-08,3,Wrong Product,Processed
RET0004492,ORD0006967,P01289,2025-06-06,1,Incorrect Size,Approved
RET0004493,ORD0096203,P01400,2025-04-19,1,Customer Changed Mind,Approved
RET0004494,ORD0099224,P01395,2026-07-02,2,Incorrect Size,Approved
RET0004495,ORD0105135,P00140,2026-05-29,1,Quality Issue,Processed
RET0004496,ORD0002037,P01071,2026-05-22,1,Late Delivery,Processed
RET0004497,ORD0023908,P01733,2026-01-30,1,Damaged,Approved
RET0004498,ORD0036823,P01901,2025-05-13,3,Incorrect Size,Approved
RET0004499,ORD0075900,P00778,2026-05-16,1,Late Delivery,Approved
RET0004500,ORD0007320,P01019,2024-11-27,1,Damaged,Approved
RET0004501,ORD0053312,P00137,2024-11-14,2,Damaged,Processed
RET0004502,ORD0014666,P01113,2025-04-16,1,Quality Issue,Processed
RET0004503,ORD0056499,P01797,2025-02-02,1,Damaged,Processed
RET0004504,ORD0012257,P01590,2025-10-28,1,Quality Issue,Pending
RET0004505,ORD0063011,P01157,2024-05-04,1,Quality Issue,Approved
RET0004506,ORD0109935,P01138,2025-12-07,1,Wrong Product,Pending
RET0004507,ORD0088160,P01445,2026-06-25,2,Late Delivery,Processed
RET0004508,ORD0044016,P01705,2025-12-27,1,Wrong Product,Approved
RET0004509,ORD0075316,P00996,2025-11-14,2,Incorrect Size,Rejected
RET0004510,ORD0012884,P00593,2026-03-29,1,Incorrect Size,Processed
RET0004511,ORD0084107,P01642,2025-02-22,1,Wrong Product,Processed
RET0004512,ORD0052478,P00002,2025-11-18,1,Late Delivery,Processed
RET0004513,ORD0113534,P00616,2026-07-30,1,Late Delivery,Rejected
RET0004514,ORD0040328,P00830,2025-11-16,1,Incorrect Size,Processed
RET0004515,ORD0003208,P01630,2024-04-09,1,Customer Changed Mind,Processed
RET0004516,ORD0048341,P01654,2025-12-12,1,Late Delivery,Approved
RET0004517,ORD0027363,P00668,2026-05-24,1,Incorrect Size,Pending
RET0004518,ORD0094293,P00746,2026-05-11,1,Damaged,Processed
RET0004519,ORD0029153,P01754,2024-05-22,1,Late Delivery,Processed
RET0004520,ORD0094698,P01125,2025-05-07,2,Damaged,Rejected
RET0004521,ORD0092335,P00649,2026-01-20,1,Quality Issue,Approved
RET0004522,ORD0048560,P01961,2024-12-16,2,Customer Changed Mind,Approved
RET0004523,ORD0062982,P01603,2025-02-12,2,Incorrect Size,Rejected
RET0004524,ORD0064911,P00518,2026-04-19,1,Customer Changed Mind,Pending
RET0004525,ORD0025634,P00910,2026-01-18,1,Damaged,Processed
RET0004526,ORD0035373,P01481,2025-10-04,2,Incorrect Size,Processed
RET0004527,ORD0104877,P01258,2026-05-01,1,Quality Issue,Approved
RET0004528,ORD0087051,P00073,2025-09-18,1,Quality Issue,Processed
RET0004529,ORD0088416,P00862,2026-02-05,1,Quality Issue,Approved
RET0004530,ORD0026495,P01168,2026-06-11,1,Wrong Product,Rejected
RET0004531,ORD0102613,P01419,2026-06-18,2,Quality Issue,Processed
RET0004532,ORD0062224,P01994,2026-03-04,1,Damaged,Approved
RET0004533,ORD0030532,P00261,2026-07-26,2,quality issue,Processed
RET0004534,ORD0063896,P01836,2024-03-10,1,Incorrect Size,Pending
RET0004535,ORD0088832,P00188,2026-02-21,1,Quality Issue,Processed
RET0004536,ORD0042616,P01128,2026-03-13,1,Wrong Product,Approved
RET0004537,ORD0006098,P00447,2025-05-25,1,Damaged,Processed
RET0004538,ORD0102699,P01041,2025-11-18,1,Incorrect Size,Approved
RET0004539,ORD0111996,P00123,2024-11-07,1,Damaged,Approved
RET0004540,ORD0118951,P01627,2025-06-04,2,Wrong Product,Processed
RET0004541,ORD0046972,P01479,2025-09-07,1,Wrong Product,Approved
RET0004542,ORD0099704,P00324,2026-04-17,1,Damaged,Processed
RET0004543,ORD0003649,P00670,2024-10-18,1,Customer Changed Mind,Approved
RET0004544,ORD0088928,P00643,2026-04-17,3,Incorrect Size,Approved
RET0004545,ORD0102448,P01204,2026-01-14,1,Customer Changed Mind,Processed
RET0004546,ORD0096998,P01770,2026-05-19,1,Late Delivery,Processed
RET0004547,ORD0041278,P00641,2026-06-14,1,Quality Issue,Approved
RET0004548,ORD0053679,P00788,2025-11-29,1,Late Delivery,Approved
RET0004549,ORD0006615,P01594,2026-06-26,2,Quality Issue,Processed
RET0004550,ORD0056284,P00848,2024-09-02,1,Quality Issue,Rejected
RET0004551,ORD0058793,P01293,2025-07-06,1,Quality Issue,Approved
RET0004552,ORD0071790,P01832,2025-06-12,1,Quality Issue,Approved
RET0004553,ORD0066770,P00836,2025-11-18,1,Quality Issue,Pending
RET0004554,ORD0037994,P01412,2025-11-19,1,Quality Issue,Approved
RET0004555,ORD0084348,P01118,2026-06-01,1,Quality Issue,Pending
RET0004556,ORD0108753,P01297,2024-06-15,1,Damaged,Processed
RET0004557,ORD0026134,P00757,2025-12-22,2,Quality Issue,Approved
RET0004558,ORD0054021,P00156,2026-04-17,1,Quality Issue,Approved
RET0004559,ORD0002891,P00579,2024-06-27,1,Wrong Product,Pending
RET0004560,ORD0112342,P01029,2025-03-28,1,Incorrect Size,Approved
RET0004561,ORD0098335,P00917,2025-07-23,2,Customer Changed Mind,Processed
RET0004562,ORD0110754,P00602,2025-07-11,1,Wrong Product,Approved
RET0004563,ORD0078023,P01067,2026-01-05,1,Incorrect Size,Processed
RET0004564,ORD0034913,P00910,2025-02-08,1,Wrong Product,Rejected
RET0004565,ORD0071904,P00789,2024-03-15,1,Customer Changed Mind,Processed
RET0004566,ORD0027907,P00214,2026-04-16,3,Customer Changed Mind,Approved
RET0004567,ORD0039909,P00579,2025-05-09,1,Incorrect Size,Processed
RET0004568,ORD0024632,P01408,2026-03-03,1,Customer Changed Mind,Processed
RET0004569,ORD0091276,P00523,2026-07-25,1,Quality Issue,Approved
RET0004570,ORD0029583,P01339,2026-05-31,2,Quality Issue,Processed
RET0004571,ORD0035774,P00895,2026-07-15,1,Quality Issue,Processed
RET0004572,ORD0092439,P00041,2025-05-05,1,Incorrect Size,Approved
RET0004573,ORD0104646,P01695,2025-11-28,1,Quality Issue,Pending
RET0004574,ORD0056956,P01108,2025-11-01,1,Customer Changed Mind,Approved
RET0004575,ORD0116120,P01400,2024-08-25,1,Incorrect Size,Approved
RET0004576,ORD0072338,P01103,2025-06-17,3,Late Delivery,Approved
RET0004577,ORD0045351,P00314,2025-12-10,3,Damaged,Approved
RET0004578,ORD0071248,P01544,2025-10-21,1,Wrong Product,Approved
RET0004579,ORD0093385,P00232,2026-05-05,2,Quality Issue,Approved
RET0004580,ORD0061248,P01340,2026-06-27,1,Damaged,Processed
RET0004581,ORD0033698,P00056,2025-12-23,1,Quality Issue,Processed
RET0004582,ORD0011599,P00452,2025-11-30,1,Customer Changed Mind,Approved
RET0004583,ORD0103687,P00430,2024-10-07,1,Late Delivery,Processed
RET0004584,ORD0073007,P00762,2026-07-17,1,Damaged,Processed
RET0004585,ORD0048902,P01633,2024-01-19,1,Incorrect Size,Processed
RET0004586,ORD0070860,P01295,2025-10-22,2,Customer Changed Mind,Pending
RET0004587,ORD0011158,P01636,2026-03-11,1,Damaged,Approved
RET0004588,ORD0026375,P00280,2025-12-27,1,Customer Changed Mind,Approved
RET0004589,ORD0116928,P01455,2025-06-10,1,Customer Changed Mind,Approved
RET0004590,ORD0008471,P01479,2025-02-27,1,Quality Issue,Approved
RET0004591,ORD0056238,P00936,2025-12-20,2,Late Delivery,Processed
RET0004592,ORD0078125,P01403,2024-11-12,1,Damaged,Approved
RET0004593,ORD0075659,P01103,2025-02-04,1,Incorrect Size,Processed
RET0004594,ORD0042115,P01510,2025-11-27,1,Customer Changed Mind,Rejected
RET0004595,ORD0041716,P00550,2026-04-23,1,Damaged,Processed
RET0004596,ORD0046482,P00658,2026-02-13,1,Quality Issue,Processed
RET0004597,ORD0116635,P01640,2025-03-10,1,Quality Issue,Processed
RET0004598,ORD0018633,P00052,2025-10-27,2,Quality Issue,Processed
RET0004599,ORD0108769,P00748,2025-10-01,1,Customer Changed Mind,Processed
RET0004600,ORD0096533,P01133,2024-03-10,1,Customer Changed Mind,Approved
RET0004601,ORD0085548,P01760,2025-10-26,3,Late Delivery,Approved
RET0004602,ORD0000949,P01794,2026-04-08,22,Damaged,Approved
RET0004603,ORD0113820,P00548,2026-03-11,2,Wrong Product,Processed
RET0004604,ORD0053851,P00654,2026-07-07,1,Incorrect Size,Approved
RET0004605,ORD0094291,P01736,2025-11-28,1,Quality Issue,Approved
RET0004606,ORD0039924,P00023,2025-09-17,1,Customer Changed Mind,Approved
RET0004607,ORD0022328,P01416,2026-03-24,1,Wrong Product,Processed
RET0004608,ORD0094471,P01720,2025-05-27,1,Quality Issue,Approved
RET0004609,ORD0062047,P01876,2024-11-15,1,Wrong Product,Approved
RET0004610,ORD0030008,P00210,2025-11-14,2,Damaged,Approved
RET0004611,ORD0080325,P01103,2026-01-06,2,Damaged,Approved
RET0004612,ORD0118976,P00566,2026-02-26,2,Quality Issue,Processed
RET0004613,ORD0087294,P01959,2026-05-19,1,Quality Issue,Approved
RET0004614,ORD0091786,P00851,2025-06-12,2,Damaged,Approved
RET0004615,ORD0029280,P01927,2025-04-17,1,Damaged,Pending
RET0004616,ORD0094624,P01460,2025-03-05,1,Quality Issue,Approved
RET0004617,ORD0108203,P01003,2025-12-27,1,Late Delivery,Processed
RET0004618,ORD0119742,P00237,2026-03-20,1,quality issue,Processed
RET0004619,ORD0093287,P01488,2024-04-02,1,Wrong Product,Approved
RET0004620,ORD0098669,P00997,2026-01-15,1,Quality Issue,Approved
RET0004621,ORD0046830,P00735,2025-06-05,3,Incorrect Size,Approved
RET0004622,ORD0101621,P01693,2026-01-02,1,Quality Issue,Approved
RET0004623,ORD0069098,P01891,2026-04-24,1,Wrong Product,Approved
RET0004624,ORD0059905,P00154,2025-03-04,1,Quality Issue,Processed
RET0004625,ORD0059920,P01165,2024-11-19,1,Customer Changed Mind,Approved
RET0004626,ORD0079667,P01663,2026-03-10,1,Damaged,Approved
RET0004627,ORD0059636,P00646,2026-04-26,1,Customer Changed Mind,Processed
RET0004628,ORD0036641,P00857,2025-06-11,1,Incorrect Size,Approved
RET0004629,ORD0028278,P00289,2026-03-29,2,Customer Changed Mind,Processed
RET0004630,ORD0116964,P00561,2026-01-20,1,Incorrect Size,Approved
RET0004631,ORD0014072,P01103,2025-10-28,1,Late Delivery,Processed
RET0004632,ORD0050240,P00847,2025-07-14,2,Late Delivery,Rejected
RET0004633,ORD0034175,P01578,2026-02-23,1,Damaged,Processed
RET0004634,ORD0073659,P00717,2024-07-14,1,Quality Issue,Rejected
RET0004635,ORD0088828,P00150,2025-11-11,1,Damaged,Approved
RET0004636,ORD0019175,P01168,2026-04-22,3,Customer Changed Mind,Approved
RET0004637,ORD0097290,P01126,2026-07-14,2,Wrong Product,Approved
RET0004638,ORD0005549,P01566,2025-10-19,1,Customer Changed Mind,Approved
RET0004639,ORD0088295,P01286,2026-03-16,1,Late Delivery,Rejected
RET0004640,ORD0116701,P00588,2026-03-04,1,Damaged,Approved
RET0004641,ORD0062559,P00101,2025-12-28,1,Wrong Product,Approved
RET0004642,ORD0022181,P01135,2026-06-14,2,Incorrect Size,Rejected
RET0004643,ORD0103849,P01704,2026-01-08,2,Damaged,Approved
RET0004644,ORD0006804,P00233,2025-01-11,1,Customer Changed Mind,Processed
RET0004645,ORD0052348,P01780,2025-12-10,1,Customer Changed Mind,Approved
RET0004646,ORD0115569,P00169,2025-12-09,3,Customer Changed Mind,Pending
RET0004647,ORD0086335,P00445,2026-06-27,2,Quality Issue,Approved
RET0004648,ORD0012640,P00897,2025-04-07,1,Wrong Product,Processed
RET0004649,ORD0111229,P00349,2026-01-12,1,Customer Changed Mind,Processed
RET0004650,ORD0018906,P01742,2026-01-23,1,Quality Issue,Pending
RET0004651,ORD0092586,P00220,2026-01-02,1,Customer Changed Mind,Pending
RET0004652,ORD0014527,P00894,2026-06-05,1,Incorrect Size,Processed
RET0004653,ORD0015297,P01464,2024-04-28,1,Incorrect Size,Approved
RET0004654,ORD0071474,P01402,2024-05-19,1,Damaged,Approved
RET0004655,ORD0090103,P01463,2026-07-14,1,Customer Changed Mind,Rejected
RET0004656,ORD0063796,P00525,2025-08-12,1,Wrong Product,Processed
RET0004657,ORD0073421,P00310,2025-05-05,1,Wrong Product,Rejected
RET0004658,ORD0011806,P01840,2025-11-05,1,Customer Changed Mind,Processed
RET0004659,ORD0036308,P01994,2026-05-08,1,Late Delivery,Approved
RET0004660,ORD0064230,P00272,2025-06-21,1,Customer Changed Mind,Approved
RET0004661,ORD0102760,P01339,2025-12-28,1,Wrong Product,Approved
RET0004662,ORD0101712,P01454,2026-04-15,1,Wrong Product,Processed
RET0004663,ORD0006053,P01849,2026-02-02,2,Incorrect Size,Processed
RET0004664,ORD0062053,P00640,2025-11-17,1,Incorrect Size,Approved
RET0004665,ORD0027019,P01239,2026-03-10,1,Damaged,Processed
RET0004666,ORD0008652,P00801,2026-05-15,1,Quality Issue,Approved
RET0004667,ORD0100547,P01062,2025-08-15,1,Customer Changed Mind,Approved
RET0004668,ORD0029448,P00617,2026-01-27,1,Quality Issue,Approved
RET0004669,ORD0100855,P00837,2025-06-27,1,Quality Issue,Processed
RET0004670,ORD0072875,P01697,2025-01-31,1,Incorrect Size,Approved
RET0004671,ORD0108747,P01603,2026-01-09,2,Damaged,Processed
RET0004672,ORD0046558,P01634,2025-02-11,1,Customer Changed Mind,Rejected
RET0004673,ORD0025058,P00722,2026-01-14,1,Incorrect Size,Processed
RET0004674,ORD0019126,P00754,2026-02-05,1,Wrong Product,Pending
RET0004675,ORD0092844,P00489,2025-11-19,1,Damaged,Approved
RET0004676,ORD0051423,P00620,2026-06-12,2,Quality Issue,Approved
RET0004677,ORD0075809,P00638,2026-03-22,2,Quality Issue,Approved
RET0004678,ORD0093275,P00349,2026-04-21,3,Quality Issue,Processed
RET0004679,ORD0019258,P01368,2025-05-28,1,Quality Issue,Approved
RET0004680,ORD0010149,P01452,2025-01-27,1,Quality Issue,Pending
RET0004681,ORD0004166,P00450,2024-09-15,1,Damaged,Processed
RET0004682,ORD0030341,P01362,2026-04-19,1,Quality Issue,Processed
RET0004683,ORD0047338,P01874,2025-06-22,1,Quality Issue,Approved
RET0004684,ORD0074955,P00789,2026-07-06,2,Incorrect Size,Processed
RET0004685,ORD0100374,P00141,2024-04-27,3,Wrong Product,Approved
RET0004686,ORD0047796,P01565,2026-05-24,1,Damaged,Processed
RET0004687,ORD0026664,P00772,2025-09-10,2,Quality Issue,Processed
RET0004688,ORD0110239,P01147,2026-01-05,1,Wrong Product,Approved
RET0004689,ORD0047694,P01469,2024-08-18,1,Damaged,Rejected
RET0004690,ORD0060899,P01275,2025-11-24,2,Quality Issue,Processed
RET0004691,ORD0111910,P00793,2026-01-30,2,Late Delivery,Processed
RET0004692,ORD0002783,P01425,2025-09-05,1,Customer Changed Mind,Approved
RET0004693,ORD0016086,P00966,2025-06-04,2,Damaged,Approved
RET0004694,ORD0032709,P00278,2026-04-06,2,Damaged,Approved
RET0004695,ORD0030219,P01467,2024-07-03,1,Quality Issue,Processed
RET0004696,ORD0014159,P00153,2025-12-18,1,Customer Changed Mind,Approved
RET0004697,ORD0032523,P01763,2026-03-30,2,Damaged,Pending
RET0004698,ORD0071356,P00761,2026-02-15,1,Customer Changed Mind,Pending
RET0004699,ORD0031554,P01568,2026-04-06,1,Damaged,Approved
RET0004700,ORD0075471,P00747,2026-07-05,1,Damaged,Processed
RET0004701,ORD0095211,P00979,2026-05-13,1,Wrong Product,Approved
RET0004702,ORD0063931,P01148,2025-11-25,1,Late Delivery,Approved
RET0004703,ORD0107554,P00623,2025-08-08,1,Wrong Product,Approved
RET0004704,ORD0025163,P01911,2026-03-20,1,Customer Changed Mind,Rejected
RET0004705,ORD0094425,P00974,2025-12-19,1,Customer Changed Mind,Rejected
RET0004706,ORD0022789,P00272,2025-11-23,1,Customer Changed Mind,Approved
RET0004707,ORD0034369,P01056,2025-11-25,2,Damaged,Approved
RET0004708,ORD0028244,P01653,2025-07-18,1,Damaged,Approved
RET0004709,ORD0055056,P00059,2025-10-27,3,Damaged,Processed
RET0004710,ORD0047884,P00877,2025-07-04,1,Customer Changed Mind,Approved
RET0004711,ORD0021958,P01019,2025-08-05,1,Quality Issue,Rejected
RET0004712,ORD0020624,P01884,2025-11-06,1,Damaged,Pending
RET0004713,ORD0023812,P00641,2026-01-09,1,Quality Issue,Approved
RET0004714,ORD0015637,P00368,2025-11-04,1,Quality Issue,Rejected
RET0004715,ORD0055579,P00384,2026-03-03,1,Damaged,Processed
RET0004716,ORD0049140,P01086,2026-02-05,1,Damaged,Processed
RET0004717,ORD0011665,P00406,2025-11-03,2,Wrong Product,Processed
RET0004718,ORD0114946,P01578,2026-05-11,1,Damaged,Approved
RET0004719,ORD0089487,P00996,2025-12-23,1,Late Delivery,Processed
RET0004720,ORD0010384,P01329,2026-01-19,1,Damaged,Approved
RET0004721,ORD0086524,P00356,2026-04-06,1,Quality Issue,Processed
RET0004722,ORD0117750,P00469,2026-06-30,2,Customer Changed Mind,Approved
RET0004723,ORD0029196,P01445,2026-04-08,1,Quality Issue,Approved
RET0004724,ORD0008534,P01682,2026-05-02,2,Quality Issue,Approved
RET0004725,ORD0109482,P01193,2024-12-27,3,Late Delivery,Approved
RET0004726,ORD0028866,P01017,2025-09-09,1,Incorrect Size,Approved
RET0004727,ORD0047866,P01359,2026-06-03,1,Incorrect Size,Approved
RET0004728,ORD0077388,P00865,2025-09-06,1,Customer Changed Mind,Rejected
RET0004729,ORD0048865,P00951,2025-01-01,1,Damaged,Processed
RET0004730,ORD0019583,P01555,2024-08-01,1,Customer Changed Mind,Approved
RET0004731,ORD0116557,P01386,2025-12-27,1,Wrong Product,Rejected
RET0004732,ORD0016006,P01589,2026-06-25,1,Late Delivery,Processed
RET0004733,ORD0081870,P00200,2026-01-18,2,Customer Changed Mind,Approved
RET0004734,ORD0087572,P00367,2026-03-29,1,Customer Changed Mind,Processed
RET0004735,ORD0076171,P00951,2026-01-06,1,Quality Issue,Approved
RET0004736,ORD0062463,P01986,2026-03-01,1,Wrong Product,Processed
RET0004737,ORD0102155,P00885,2026-07-17,1,Late Delivery,Processed
RET0004738,ORD0087883,P01358,2025-01-03,1,Customer Changed Mind,Approved
RET0004739,ORD0056922,P01728,2026-01-02,1,Quality Issue,Processed
RET0004740,ORD0051661,P00976,2025-12-23,1,Quality Issue,Approved
RET0004741,ORD0048661,P01413,2025-05-23,1,Damaged,Processed
RET0004742,ORD0066906,P00026,2025-09-19,2,Quality Issue,Approved
RET0004743,ORD0023202,P01502,2025-11-02,1,Wrong Product,Processed
RET0004744,ORD0020516,P01532,2024-10-25,1,Quality Issue,Processed
RET0004745,ORD0022378,P01262,2026-03-03,1,Late Delivery,Approved
RET0004746,ORD0028076,P01494,2025-02-03,1,Customer Changed Mind,Processed
RET0004747,ORD0044053,P00249,2025-03-21,2,Quality Issue,Approved
RET0004748,ORD0018575,P00825,2025-06-23,1,Incorrect Size,Processed
RET0004749,ORD0088606,P00533,2025-03-10,3,Quality Issue,Processed
RET0004750,ORD0040123,P01546,2025-11-25,1,Late Delivery,Approved
RET0004751,ORD0046870,P00561,2026-05-09,1,Quality Issue,Approved
RET0004752,ORD0016711,P00346,2024-07-05,1,Customer Changed Mind,Approved
RET0004753,ORD0010624,P01409,2025-07-26,1,Quality Issue,Processed
RET0004754,ORD0091037,P01093,2026-06-23,1,Quality Issue,Processed
RET0004755,ORD0096088,P01671,2026-01-01,2,Damaged,Approved
RET0004756,ORD0086426,P01414,2025-12-09,1,Wrong Product,Approved
RET0004757,ORD0061562,P00823,2025-12-25,2,Wrong Product,Rejected
RET0004758,ORD0106382,P01205,2024-04-22,3,Damaged,Approved
RET0004759,ORD0024705,P01709,2026-03-21,1,Customer Changed Mind,Approved
RET0004760,ORD0024812,P01470,2024-09-13,2,Wrong Product,Processed
RET0004761,ORD0004590,P01486,2026-04-16,2,Quality Issue,Approved
RET0004762,ORD0104656,P01011,2025-11-29,1,Damaged,Pending
RET0004763,ORD0117890,P00356,2024-03-19,1,Wrong Product,Approved
RET0004764,ORD0043086,P00627,2024-03-31,1,Quality Issue,Rejected
RET0004765,ORD0067749,P00874,2024-06-17,1,Customer Changed Mind,Approved
RET0004766,ORD0067844,P01436,2026-05-22,1,Customer Changed Mind,Approved
RET0004767,ORD0000522,P00083,2024-12-30,1,Quality Issue,Approved
RET0004768,ORD0080209,P01823,2025-07-03,2,Incorrect Size,Pending
RET0004769,ORD0025319,P01196,2026-06-10,1,Late Delivery,Processed
RET0004770,ORD0099772,P01007,2026-02-16,2,Damaged,Approved
RET0004771,ORD0099090,P01596,2024-07-06,1,Damaged,Pending
RET0004772,ORD0087497,P01777,2026-07-07,1,Incorrect Size,Approved
RET0004773,ORD0044851,P01283,2026-05-31,2,Quality Issue,Approved
RET0004774,ORD0068690,P01145,2025-11-27,1,Quality Issue,Approved
RET0004775,ORD0091549,P00394,2026-03-07,1,Quality Issue,Processed
RET0004776,ORD0072199,P00537,2026-03-04,1,Wrong Product,Approved
RET0004777,ORD0092027,P00761,2025-12-03,1,Customer Changed Mind,Approved
RET0004778,ORD0092008,P00568,2025-07-02,1,Quality Issue,Pending
RET0004779,ORD0030033,P01054,2025-11-27,1,Incorrect Size,Processed
RET0004780,ORD0082956,P00762,2026-03-29,1,Wrong Product,Approved
RET0004781,ORD0051324,P00541,2025-07-25,1,Quality Issue,Processed
RET0004782,ORD0116942,P01335,2025-03-10,1,Damaged,Approved
RET0004783,ORD0051042,P00357,2024-10-15,1,Incorrect Size,Processed
RET0004784,ORD0000638,P00406,2025-11-11,1,Wrong Product,Approved
RET0004785,ORD0031397,P00127,2025-10-03,1,Quality Issue,Processed
RET0004786,ORD0066616,P00021,2025-10-25,1,Wrong Product,Processed
RET0004787,ORD0114372,P01770,2025-07-30,1,Quality Issue,Approved
RET0004788,ORD0040594,P00536,2026-02-04,3,Quality Issue,Approved
RET0004789,ORD0032786,P01984,2025-11-12,2,Customer Changed Mind,Approved
RET0004790,ORD0113864,P00533,2025-03-21,1,Quality Issue,Processed
RET0004791,ORD0027915,P01750,2025-05-27,3,Incorrect Size,Processed
RET0004792,ORD0049871,P01072,2025-01-02,1,Incorrect Size,Processed
RET0004793,ORD0096648,P01332,2025-03-14,1,Customer Changed Mind,Pending
RET0004794,ORD0118516,P01324,2026-01-26,1,Quality Issue,Processed
RET0004795,ORD0080350,P01012,2025-07-15,3,Late Delivery,Pending
RET0004796,ORD0035581,P01003,2025-03-05,1,Quality Issue,Processed
RET0004797,ORD0016679,P00872,2026-04-11,1,Customer Changed Mind,Approved
RET0004798,ORD0091265,P01761,2024-12-08,3,Quality Issue,Processed
RET0004799,ORD0108304,P00019,2024-02-07,2,Damaged,Approved
RET0004800,ORD0109264,P00867,2025-05-22,1,Customer Changed Mind,Approved
RET0004801,ORD0031417,P01359,2026-07-07,3,Wrong Product,Approved
RET0004802,ORD0116122,P01308,2026-02-10,1,Wrong Product,Approved
RET0004803,ORD0096344,P01461,2026-05-12,1,Damaged,Processed
RET0004804,ORD0026790,P01574,2025-03-08,1,Wrong Product,Approved
RET0004805,ORD0020815,P00855,2025-08-05,1,Quality Issue,Approved
RET0004806,ORD0087760,P01330,2025-09-02,1,Late Delivery,Pending
RET0004807,ORD0022758,P01035,2026-03-14,2,Damaged,Processed
RET0004808,ORD0079569,P01455,2025-08-21,1,Quality Issue,Approved
RET0004809,ORD0080793,P00561,2025-12-22,2,Incorrect Size,Approved
RET0004810,ORD0000384,P00435,2025-04-21,1,Incorrect Size,Approved
RET0004811,ORD0098986,P01586,2026-01-09,1,Quality Issue,Rejected
RET0004812,ORD0007124,P01362,2026-03-29,1,Incorrect Size,Approved
RET0004813,ORD0047819,P00855,2024-05-14,1,Quality Issue,Pending
RET0004814,ORD0090831,P00893,2025-11-10,1,Incorrect Size,Approved
RET0004815,ORD0112598,P00342,2026-04-07,1,Incorrect Size,Processed
RET0004816,ORD0074689,P00062,2025-07-05,1,Customer Changed Mind,Approved
RET0004817,ORD0006951,P01950,2025-08-05,2,Incorrect Size,Processed
RET0004818,ORD0088584,P01677,2026-06-28,1,Quality Issue,Approved
RET0004819,ORD0023170,P01807,2025-11-25,1,Quality Issue,Approved
RET0004820,ORD0026553,P00261,2026-06-09,2,Incorrect Size,Pending
RET0004821,ORD0020184,P01217,2026-03-26,1,Customer Changed Mind,Processed
RET0004822,ORD0025609,P01659,2026-07-05,1,Customer Changed Mind,Approved
RET0004823,ORD0035211,P00932,2025-11-05,1,Quality Issue,Processed
RET0004824,ORD0072969,P00158,2026-06-08,2,Quality Issue,Approved
RET0004825,ORD0066075,P01432,2026-03-18,2,Incorrect Size,Pending
RET0004826,ORD0117985,P01124,2025-04-04,1,Incorrect Size,Approved
RET0004827,ORD0040886,P01555,2025-12-11,1,Quality Issue,Approved
RET0004828,ORD0051263,P00686,2026-07-15,1,Incorrect Size,Approved
RET0004829,ORD0111339,P01527,2026-02-02,1,Wrong Product,Approved
RET0004830,ORD0074638,P00665,2026-04-18,1,Incorrect Size,Pending
RET0004831,ORD0071969,P00764,2025-07-10,1,Damaged,Approved
RET0004832,ORD0097572,P01365,2026-01-25,1,Late Delivery,Approved
RET0004833,ORD0031828,P00695,2024-03-21,1,Damaged,Processed
RET0004834,ORD0088855,P01346,2024-08-28,1,Late Delivery,Approved
RET0004835,ORD0047674,P01389,2026-05-21,1,Customer Changed Mind,Approved
RET0004836,ORD0015295,P01123,2026-04-24,2,Damaged,Processed
RET0004837,ORD0119249,P01704,2026-04-22,1,Quality Issue,Approved
RET0004838,ORD0019074,P01690,2026-07-17,1,Quality Issue,Rejected
RET0004839,ORD0105503,P00017,2026-06-28,1,Wrong Product,Processed
RET0004840,ORD0014162,P00402,2025-08-14,1,Quality Issue,Approved
RET0004841,ORD0103478,P01321,2025-11-19,1,Wrong Product,Approved
RET0004842,ORD0079225,P01091,2026-08-10,3,Damaged,Approved
RET0004843,ORD0118034,P01308,2025-11-07,1,Damaged,Processed
RET0004844,ORD0091415,P01554,2025-11-22,1,Quality Issue,Processed
RET0004845,ORD0100552,P00353,2026-06-14,1,Quality Issue,Processed
RET0004846,ORD0008210,P01737,2026-06-11,2,Quality Issue,Approved
RET0004847,ORD0094106,P00917,2024-08-11,1,Quality Issue,Processed
RET0004848,ORD0023362,P00796,2026-06-29,1,Quality Issue,Approved
RET0004849,ORD0026735,P00647,2025-12-02,1,Quality Issue,Pending
RET0004850,ORD0084571,P00699,2026-03-04,1,Incorrect Size,Approved
RET0004851,ORD0012991,P01670,2025-04-11,1,Customer Changed Mind,Rejected
RET0004852,ORD0117388,P01238,2024-02-14,1,Damaged,Processed
RET0004853,ORD0099300,P00780,2024-05-04,2,Damaged,Approved
RET0004854,ORD0076234,P00850,2024-03-31,3,Quality Issue,Approved
RET0004855,ORD0065511,P01414,2026-05-21,1,Late Delivery,Pending
RET0004856,ORD0090582,P01815,2025-08-05,3,Wrong Product,Rejected
RET0004857,ORD0067403,P01698,2025-12-31,1,Incorrect Size,Processed
RET0004858,ORD0053612,P01413,2026-03-27,1,Incorrect Size,Approved
RET0004859,ORD0048374,P01775,2024-09-21,1,Wrong Product,Processed
RET0004860,ORD0058426,P00400,2026-07-26,1,Wrong Product,Approved
RET0004861,ORD0058706,P00972,2025-08-02,3,Wrong Product,Processed
RET0004862,ORD0055661,P00890,2025-02-24,2,Customer Changed Mind,Approved
RET0004863,ORD0056708,P00128,2025-10-24,1,Incorrect Size,Processed
RET0004864,ORD0068952,P00157,2026-07-22,1,Quality Issue,Processed
RET0004865,ORD0001862,P00497,2026-07-18,1,Damaged,Approved
RET0004866,ORD0084282,P00918,2024-06-02,1,Customer Changed Mind,Processed
RET0004867,ORD0009677,P01234,2025-07-08,1,Damaged,Approved
RET0004868,ORD0090213,P00655,2025-02-19,1,Customer Changed Mind,Approved
RET0004869,ORD0054739,P01763,2026-05-24,1,Customer Changed Mind,Approved
RET0004870,ORD0042550,P01752,2026-04-24,1,Quality Issue,Approved
RET0004871,ORD0093915,P00221,2025-03-02,1,Late Delivery,Approved
RET0004872,ORD0059865,P00714,2026-03-18,1,Incorrect Size,Processed
RET0004873,ORD0107752,P01081,2026-05-06,1,Damaged,Processed
RET0004874,ORD0098804,P01003,2026-04-15,1,Quality Issue,Approved
RET0004875,ORD0105503,P01384,2026-07-09,1,Damaged,Pending
RET0004876,ORD0052378,P01343,2026-03-12,3,Customer Changed Mind,Rejected
RET0004877,ORD0072854,P01592,2025-04-10,1,Incorrect Size,Approved
RET0004878,ORD0056010,P01655,2024-10-10,1,Quality Issue,Approved
RET0004879,ORD0118512,P00065,2026-05-04,1,Wrong Product,Rejected
RET0004880,ORD0074042,P01344,2026-04-25,1,Customer Changed Mind,Approved
RET0004881,ORD0102818,P01970,2026-05-06,1,Quality Issue,Approved
RET0004882,ORD0002793,P01425,2025-11-19,3,Incorrect Size,Pending
RET0004883,ORD0076295,P01423,2025-09-02,1,Quality Issue,Processed
RET0004884,ORD0074602,P01497,2026-04-29,1,Damaged,Rejected
RET0004885,ORD0059133,P00808,2026-03-22,3,Customer Changed Mind,Rejected
RET0004886,ORD0043286,P00617,2025-10-02,1,Damaged,Approved
RET0004887,ORD0110318,P00892,2025-12-06,2,Damaged,Processed
RET0004888,ORD0007080,P00925,2026-05-26,1,Quality Issue,Processed
RET0004889,ORD0090560,P01170,2026-04-26,1,Quality Issue,Approved
RET0004890,ORD0064039,P00142,2024-02-07,3,Damaged,Approved
RET0004891,ORD0028023,P01486,2024-03-04,1,Quality Issue,Approved
RET0004892,ORD0106823,P00484,2024-09-21,1,Quality Issue,Processed
RET0004893,ORD0043808,P00559,2025-08-02,1,Quality Issue,Processed
RET0004894,ORD0102055,P01872,2026-06-29,1,Wrong Product,Rejected
RET0004895,ORD0036007,P01243,2026-04-10,3,Customer Changed Mind,Approved
RET0004896,ORD0083183,P01313,2026-06-07,1,Damaged,Processed
RET0004897,ORD0052100,P01639,2026-04-28,1,Wrong Product,Approved
RET0004898,ORD0001702,P01925,2026-07-13,1,Customer Changed Mind,Pending
RET0004899,ORD0015635,P00514,2025-11-20,1,Customer Changed Mind,Processed
RET0004900,ORD0043358,P00899,2025-08-21,1,Wrong Product,Processed
RET0004901,ORD0032407,P01089,2026-01-29,1,Wrong Product,Approved
RET0004902,ORD0021765,P01229,2026-01-04,1,Incorrect Size,Approved
RET0004903,ORD0037289,P01293,2026-02-05,1,Quality Issue,Approved
RET0004904,ORD0020741,P01460,2025-04-26,2,Customer Changed Mind,Processed
RET0004905,ORD0089217,P00661,2024-04-10,1,Incorrect Size,Approved
RET0004906,ORD0107920,P00488,2026-07-04,2,Wrong Product,Processed
RET0004907,ORD0028617,P00017,2024-07-28,1,Customer Changed Mind,Approved
RET0004908,ORD0085321,P00741,2025-01-01,3,Quality Issue,Processed
RET0004909,ORD0046518,P01808,2026-07-16,1,Customer Changed Mind,Approved
RET0004910,ORD0040744,P00107,2024-10-05,1,Wrong Product,Approved
RET0004911,ORD0055539,P01438,2026-03-05,1,Customer Changed Mind,Processed
RET0004912,ORD0027465,P00399,2026-06-11,3,Late Delivery,Approved
RET0004913,ORD0020938,P01594,2026-07-05,1,Quality Issue,Approved
RET0004914,ORD0021546,P00892,2024-03-03,2,Customer Changed Mind,Processed
RET0004915,ORD0042785,P00169,2026-03-16,1,Customer Changed Mind,Approved
RET0004916,ORD0040298,P01502,2024-04-26,1,Wrong Product,Processed
RET0004917,ORD0028596,P01456,2025-09-16,1,Late Delivery,Processed
RET0004918,ORD0032880,P00323,2026-03-27,1,Wrong Product,Approved
RET0004919,ORD0097408,P00460,2026-07-05,2,Incorrect Size,Approved
RET0004920,ORD0052172,P00946,2024-10-08,1,Quality Issue,Approved
RET0004921,ORD0053242,P01527,2026-06-21,1,Customer Changed Mind,Approved
RET0004922,ORD0024501,P00237,2025-10-26,1,Quality Issue,Approved
RET0004923,ORD0096768,P01530,2024-09-16,1,Damaged,Processed
RET0004924,ORD0013041,P01000,2026-07-04,1,Customer Changed Mind,Approved
RET0004925,ORD0088767,P00131,2025-04-29,1,Customer Changed Mind,Rejected
RET0004926,ORD0069059,P01061,2025-11-19,1,Customer Changed Mind,Processed
RET0004927,ORD0092855,P00329,2025-10-26,1,Quality Issue,Approved
RET0004928,ORD0028539,P00124,2024-12-09,1,Incorrect Size,Processed
RET0004929,ORD0057157,P00681,2026-05-13,1,Customer Changed Mind,Approved
RET0004930,ORD0050202,P01079,2026-01-27,2,Customer Changed Mind,Approved
RET0004931,ORD0008359,P01957,2026-04-28,1,Quality Issue,Pending
RET0004932,ORD0017737,P01839,2024-06-02,1,Wrong Product,Approved
RET0004933,ORD0083654,P00160,2026-01-10,1,Damaged,Approved
RET0004934,ORD0098444,P01393,2026-02-21,1,Incorrect Size,Rejected
RET0004935,ORD0065307,P00224,2025-03-17,1,Quality Issue,Pending
RET0004936,ORD0083907,P00544,2026-02-22,1,Incorrect Size,Processed
RET0004937,ORD0015191,P00069,2024-04-09,1,Wrong Product,Processed
RET0004938,ORD0045373,P00090,2025-07-22,1,Damaged,Processed
RET0004939,ORD0036645,P00792,2025-12-26,1,Customer Changed Mind,Processed
RET0004940,ORD0029499,P00275,2024-07-08,1,Incorrect Size,Processed
RET0004941,ORD0032485,P00096,2025-04-03,2,Damaged,Rejected
RET0004942,ORD0046160,P01026,2026-03-13,1,Damaged,Processed
RET0004943,ORD0017550,P00551,2024-07-22,1,Damaged,Approved
RET0004944,ORD0095243,P01288,2026-04-17,1,Quality Issue,Approved
RET0004945,ORD0056849,P01309,2024-03-18,1,Quality Issue,Approved
RET0004946,ORD0093498,P00846,2026-05-20,2,Quality Issue,Approved
RET0004947,ORD0042435,P01081,2025-05-16,1,Damaged,Approved
RET0004948,ORD0089168,P01706,2025-09-30,1,Quality Issue,Approved
RET0004949,ORD0020796,P01471,2024-12-03,1,Customer Changed Mind,Pending
RET0004950,ORD0099292,P00424,2026-01-15,2,Damaged,Approved
RET0004951,ORD0084044,P01523,2025-07-19,1,Wrong Product,Approved
RET0004952,ORD0020158,P01561,2025-12-28,1,Late Delivery,Rejected
RET0004953,ORD0090288,P01310,2026-05-24,2,Customer Changed Mind,Approved
RET0004954,ORD0086356,P01735,2026-01-16,2,Incorrect Size,Processed
RET0004955,ORD0104716,P01952,2024-03-04,1,Customer Changed Mind,Processed
RET0004956,ORD0022423,P01776,2024-08-23,1,Customer Changed Mind,Processed
RET0004957,ORD0062857,P01851,2026-05-13,2,Quality Issue,Approved
RET0004958,ORD0038964,P00370,2024-05-02,1,Quality Issue,Approved
RET0004959,ORD0034631,P00115,2025-11-30,1,Damaged,Processed
RET0004960,ORD0046899,P01258,2026-05-30,1,Quality Issue,Approved
RET0004961,ORD0023482,P01448,2026-04-07,1,Wrong Product,Approved
RET0004962,ORD0033585,P01379,2025-01-22,2,Customer Changed Mind,Approved
RET0004963,ORD0018377,P01361,2025-10-28,1,Quality Issue,Processed
RET0004964,ORD0095279,P01137,2026-01-01,1,Late Delivery,Processed
RET0004965,ORD0113455,P01091,2026-06-26,1,Customer Changed Mind,Processed
RET0004966,ORD0011913,P00010,2026-05-19,1,Damaged,Processed
RET0004967,ORD0013255,P01683,2025-11-17,1,Late Delivery,Approved
RET0004968,ORD0066836,P01387,2026-04-13,1,Customer Changed Mind,Rejected
RET0004969,ORD0032392,P00485,2025-06-06,2,Incorrect Size,Processed
RET0004970,ORD0086931,P01152,2025-08-10,2,Late Delivery,Approved
RET0004971,ORD0106113,P01726,2025-07-17,1,Incorrect Size,Processed
RET0004972,ORD0026686,P01311,2025-02-21,1,Customer Changed Mind,Approved
RET0004973,ORD0088703,P01837,2025-10-05,1,Quality Issue,Rejected
RET0004974,ORD0013578,P00689,2026-06-25,1,Damaged,Approved
RET0004975,ORD0074450,P00180,2026-06-12,2,Wrong Product,Approved
RET0004976,ORD0044371,P01242,2024-05-15,1,Damaged,Pending
RET0004977,ORD0023594,P00935,2025-06-12,3,Damaged,Processed
RET0004978,ORD0045918,P01135,2026-01-29,1,Incorrect Size,Approved
RET0004979,ORD0015670,P01310,2024-12-16,1,Quality Issue,Processed
RET0004980,ORD0041500,P01759,2025-11-09,1,Quality Issue,Processed
RET0004981,ORD0088466,P00228,2025-11-23,1,Late Delivery,Approved
RET0004982,ORD0071035,P00253,2026-07-11,1,Late Delivery,Processed
RET0004983,ORD0025629,P01825,2024-01-31,1,Quality Issue,Processed
RET0004984,ORD0063232,P01347,2026-03-01,3,Quality Issue,Processed
RET0004985,ORD0054629,P00737,2026-05-21,1,Quality Issue,Pending
RET0004986,ORD0058215,P00649,2026-04-03,1,Quality Issue,Processed
RET0004987,ORD0087431,P01560,2025-04-08,1,Wrong Product,Processed
RET0004988,ORD0005473,P00259,2026-06-15,3,Incorrect Size,Processed
RET0004989,ORD0060071,P01317,2026-06-04,1,Damaged,Approved
RET0004990,ORD0043838,P00783,2025-01-10,1,Customer Changed Mind,Approved
RET0004991,ORD0096435,P00812,2026-01-09,1,Incorrect Size,Pending
RET0004992,ORD0074706,P01912,2025-07-14,1,Wrong Product,Processed
RET0004993,ORD0050493,P00976,2025-12-05,1,Damaged,Approved
RET0004994,ORD0071172,P00768,2024-09-30,1,Customer Changed Mind,Approved
RET0004995,ORD0044023,P00208,2025-05-02,1,Customer Changed Mind,Approved
RET0004996,ORD0083662,P01247,2026-06-01,1,Incorrect Size,Approved
RET0004997,ORD0113989,P00297,2026-07-06,1,Incorrect Size,Approved
RET0004998,ORD0110359,P00840,2026-01-01,1,Customer Changed Mind,Processed
RET0004999,ORD0079726,P01672,2024-12-30,1,Incorrect Size,Approved
RET0005000,ORD0092368,P01353,2026-01-15,1,Quality Issue,Processed
RET0005001,ORD0078621,P00858,2026-02-20,1,Incorrect Size,Pending
RET0005002,ORD0051676,P00422,2026-06-17,1,Wrong Product,Pending
RET0005003,ORD0041281,P01005,2026-06-27,1,Customer Changed Mind,Rejected
RET0005004,ORD0035869,P01744,2025-03-12,1,Damaged,Approved
RET0005005,ORD0074931,P00079,2026-01-01,1,Damaged,Processed
RET0005006,ORD0091471,P01693,2025-03-23,1,Quality Issue,Processed
RET0005007,ORD0101602,P01489,2024-09-25,1,Damaged,Approved
RET0005008,ORD0022918,P00509,2024-07-31,1,Late Delivery,Rejected
RET0005009,ORD0075755,P00514,2024-02-23,2,Quality Issue,Processed
RET0005010,ORD0054209,P01129,2026-07-10,2,Damaged,Processed
RET0005011,ORD0050874,P00846,2026-02-21,1,Customer Changed Mind,Approved
RET0005012,ORD0107192,P00556,2025-07-21,1,Quality Issue,Approved
RET0005013,ORD0092831,P01499,2025-12-04,1,Incorrect Size,Rejected
RET0005014,ORD0088754,P00439,2024-05-11,2,Wrong Product,Approved
RET0005015,ORD0076922,P00233,2025-12-07,1,Incorrect Size,Approved
RET0005016,ORD0085429,P01636,2025-04-24,1,Incorrect Size,Processed
RET0005017,ORD0097641,P00332,2024-06-25,2,Quality Issue,Processed
RET0005018,ORD0095137,P01034,2024-04-10,1,Customer Changed Mind,Approved
RET0005019,ORD0007243,P01525,2025-11-23,2,Quality Issue,Approved
RET0005020,ORD0085123,P00274,2025-12-26,1,Quality Issue,Processed
RET0005021,ORD0056550,P00223,2026-04-28,1,Customer Changed Mind,Pending
RET0005022,ORD0033609,P01241,2026-06-10,1,Incorrect Size,Approved
RET0005023,ORD0106398,P00803,2026-05-31,1,Incorrect Size,Processed
RET0005024,ORD0058755,P00217,2025-04-11,1,Customer Changed Mind,Approved
RET0005025,ORD0055743,P00311,2026-03-29,1,Quality Issue,Processed
RET0005026,ORD0002043,P01611,2025-09-11,2,Late Delivery,Processed
RET0005027,ORD0116499,P00566,2026-07-15,1,Quality Issue,Rejected
RET0005028,ORD0071037,P00565,2025-11-01,1,Quality Issue,Processed
RET0005029,ORD0006105,P00503,2025-03-05,1,Damaged,Approved
RET0005030,ORD0072614,P01232,2026-02-11,1,Damaged,Approved
RET0005031,ORD0075721,P00445,2024-12-25,3,Customer Changed Mind,Processed
RET0005032,ORD0085438,P01595,2025-09-28,2,Incorrect Size,Approved
RET0005033,ORD0027087,P01353,2026-04-07,1,Customer Changed Mind,Processed
RET0005034,ORD0119710,P00752,2025-08-15,1,Incorrect Size,Approved
RET0005035,ORD0070452,P00430,2026-05-31,1,Customer Changed Mind,Approved
RET0005036,ORD0087128,P00290,2025-10-19,1,Wrong Product,Processed
RET0005037,ORD0008001,P00940,2025-06-29,1,Incorrect Size,Processed
RET0005038,ORD0115528,P01534,2025-08-30,1,Late Delivery,Rejected
RET0005039,ORD0050100,P00981,2025-11-21,2,Customer Changed Mind,Approved
RET0005040,ORD0109424,P01173,2026-03-09,1,Damaged,Approved
RET0005041,ORD0119671,P00376,2026-01-09,2,Damaged,Approved
RET0005042,ORD0060884,P01216,2026-05-13,1,Damaged,Approved
RET0005043,ORD0057801,P00837,2025-09-11,1,Customer Changed Mind,Processed
RET0005044,ORD0011824,P01639,2025-09-18,1,Quality Issue,Approved
RET0005045,ORD0118120,P01297,2024-03-15,1,Customer Changed Mind,Approved
RET0005046,ORD0032908,P00698,2025-08-02,3,Damaged,Pending
RET0005047,ORD0051882,P00539,2025-05-05,1,Wrong Product,Approved
RET0005048,ORD0111197,P00555,2026-07-13,1,Customer Changed Mind,Approved
RET0005049,ORD0060364,P00485,2025-10-19,1,Incorrect Size,Rejected
RET0005050,ORD0003728,P00705,2024-10-21,1,Customer Changed Mind,Processed
RET0005051,ORD0061717,P00045,2025-09-05,1,Damaged,Approved
RET0005052,ORD0063089,P00463,2026-01-18,1,Quality Issue,Pending
RET0005053,ORD0059136,P00086,2026-07-21,1,Incorrect Size,Processed
RET0005054,ORD0069960,P00627,2025-03-04,1,Quality Issue,Approved
RET0005055,ORD0012837,P01103,2026-05-25,1,Incorrect Size,Approved
RET0005056,ORD0097653,P01972,2024-08-12,1,Incorrect Size,Pending
RET0005057,ORD0022297,P00191,2026-01-20,1,Quality Issue,Approved
RET0005058,ORD0090601,P00345,2024-06-15,1,Incorrect Size,Processed
RET0005059,ORD0111193,P01648,2024-11-06,1,Damaged,Approved
RET0005060,ORD0084896,P00217,2026-03-17,1,Incorrect Size,Approved
RET0005061,ORD0020091,P01354,2025-11-24,1,Incorrect Size,Rejected
RET0005062,ORD0107124,P00087,2025-10-13,2,Incorrect Size,Pending
RET0005063,ORD0085719,P00321,2025-08-19,1,Customer Changed Mind,Approved
RET0005064,ORD0091153,P01153,2025-06-25,3,Quality Issue,Approved
RET0005065,ORD0027167,P01707,2025-01-04,1,Wrong Product,Processed
RET0005066,ORD0095979,P00779,2026-02-02,1,Quality Issue,Processed
RET0005067,ORD0051664,P01025,2025-06-22,1,Customer Changed Mind,Approved
RET0005068,ORD0019307,P01141,2024-08-13,2,Quality Issue,Approved
RET0005069,ORD0079862,P00166,2024-09-08,1,Quality Issue,Pending
RET0005070,ORD0020700,P01947,2025-11-01,1,Customer Changed Mind,Approved
RET0005071,ORD0077569,P01278,2025-02-06,2,Wrong Product,Approved
RET0005072,ORD0022024,P00874,2026-06-15,1,Customer Changed Mind,Approved
RET0005073,ORD0038120,P00230,2025-12-03,1,Quality Issue,Approved
RET0005074,ORD0119693,P00846,2025-03-29,1,Quality Issue,Processed
RET0005075,ORD0021696,P01071,2025-11-30,1,Quality Issue,Approved
RET0005076,ORD0050256,P00240,2025-12-04,3,Damaged,Processed
RET0005077,ORD0064213,P00393,2026-05-30,2,Quality Issue,Approved
RET0005078,ORD0014758,P01413,2026-04-20,1,Quality Issue,Approved
RET0005079,ORD0091532,P01395,2026-05-19,1,Damaged,Rejected
RET0005080,ORD0038703,P01552,2025-12-29,1,Customer Changed Mind,Processed
RET0005081,ORD0044900,P01815,2026-04-06,2,Customer Changed Mind,Approved
RET0005082,ORD0119236,P00860,2025-06-14,2,Customer Changed Mind,Approved
RET0005083,ORD0112298,P00219,2024-03-20,1,Damaged,Processed
RET0005084,ORD0073789,P00587,2024-03-09,1,Wrong Product,Processed
RET0005085,ORD0052022,P01971,2026-05-26,1,Damaged,Processed
RET0005086,ORD0048392,P01978,2026-06-06,2,Damaged,Processed
RET0005087,ORD0026860,P01681,2025-11-20,3,Wrong Product,Approved
RET0005088,ORD0056116,P01245,2026-06-01,1,Quality Issue,Pending
RET0005089,ORD0010810,P00682,2026-05-05,1,Late Delivery,Approved
RET0005090,ORD0013434,P01173,2025-10-04,1,Customer Changed Mind,Approved
RET0005091,ORD0041316,P01069,2026-06-25,1,Quality Issue,Processed
RET0005092,ORD0015242,P01073,2026-01-13,2,Late Delivery,Approved
RET0005093,ORD0112670,P00054,2025-06-07,1,Damaged,Approved
RET0005094,ORD0074249,P00598,2026-03-27,1,Wrong Product,Approved
RET0005095,ORD0102553,P01963,2025-07-21,2,Wrong Product,Processed
RET0005096,ORD0077420,P00876,2026-02-01,1,Quality Issue,Processed
RET0005097,ORD0073415,P01636,2024-10-31,1,Customer Changed Mind,Processed
RET0005098,ORD0102423,P01170,2025-10-01,1,Customer Changed Mind,Approved
RET0005099,ORD0095105,P01510,2024-10-06,1,Late Delivery,Approved
RET0005100,ORD0060293,P00398,2026-02-01,22,Incorrect Size,Processed
RET0005101,ORD0024005,P00112,2024-11-26,1,Customer Changed Mind,Processed
RET0005102,ORD0094591,P00686,2025-08-06,1,Late Delivery,Processed
RET0005103,ORD0074390,P01923,2026-06-01,1,Customer Changed Mind,Approved
RET0005104,ORD0078364,P01508,2025-08-06,1,Quality Issue,Approved
RET0005105,ORD0063848,P01807,2026-06-09,1,Quality Issue,Approved
RET0005106,ORD0030982,P01707,2025-11-16,1,Quality Issue,Processed
RET0005107,ORD0108339,P00800,2025-12-02,2,Wrong Product,Rejected
RET0005108,ORD0043256,P00541,2026-01-25,2,Customer Changed Mind,Pending
RET0005109,ORD0067517,P00139,2024-02-08,1,Quality Issue,Approved
RET0005110,ORD0017701,P00018,2025-12-29,1,Customer Changed Mind,Approved
RET0005111,ORD0023189,P01503,2025-07-18,1,Incorrect Size,Processed
RET0005112,ORD0017681,P01724,2026-05-20,1,Customer Changed Mind,Approved
RET0005113,ORD0007596,P00279,2026-04-12,2,Customer Changed Mind,Processed
RET0005114,ORD0110767,P00879,2026-04-06,2,Customer Changed Mind,Processed
RET0005115,ORD0018283,P00798,2023-01-01,1,Customer Changed Mind,Approved
RET0005116,ORD0042180,P00394,2025-08-25,1,Incorrect Size,Approved
RET0005117,ORD0005894,P01287,2026-02-16,1,Damaged,Approved
RET0005118,ORD0066846,P00655,2025-10-19,1,Late Delivery,Processed
RET0005119,ORD0028091,P01316,2026-01-08,1,Quality Issue,Approved
RET0005120,ORD0004851,P01318,2024-08-07,1,Incorrect Size,Approved
RET0005121,ORD0116044,P00026,2025-07-05,1,Quality Issue,Approved
RET0005122,ORD0103385,P01827,2026-07-06,1,Incorrect Size,Processed
RET0005123,ORD0111156,P00188,2025-08-10,1,Incorrect Size,Rejected
RET0005124,ORD0078872,P00602,2024-08-10,2,Customer Changed Mind,Rejected
RET0005125,ORD0061282,P01669,2026-05-11,1,Incorrect Size,Processed
RET0005126,ORD0045542,P01444,2025-02-17,1,Incorrect Size,Approved
RET0005127,ORD0026009,P01258,2025-04-19,1,Wrong Product,Approved
RET0005128,ORD0097210,P01288,2026-05-23,1,Quality Issue,Processed
RET0005129,ORD0115870,P00026,2026-06-24,1,Wrong Product,Processed
RET0005130,ORD0033602,P00325,2026-06-03,1,Quality Issue,Processed
RET0005131,ORD0024487,P01239,2026-01-29,1,Damaged,Approved
RET0005132,ORD0102141,P01470,2026-01-06,2,Quality Issue,Pending
RET0005133,ORD0018764,P01954,2024-10-23,2,Customer Changed Mind,Approved
RET0005134,ORD0037488,P01534,2026-04-16,1,Quality Issue,Processed
RET0005135,ORD0004178,P00129,2026-06-28,1,Damaged,Rejected
RET0005136,ORD0010374,P00688,2024-09-12,1,Quality Issue,Processed
RET0005137,ORD0072776,P01198,2026-05-02,1,Customer Changed Mind,Processed
RET0005138,ORD0099237,P00989,2025-12-06,2,Quality Issue,Processed
RET0005139,ORD0110502,P01571,2026-07-16,1,Customer Changed Mind,Processed
RET0005140,ORD0023005,P01999,2024-05-23,1,Damaged,Processed
RET0005141,ORD0053035,P01361,2024-11-08,3,Customer Changed Mind,Approved
RET0005142,ORD0086045,P01507,2026-02-14,1,Incorrect Size,Approved
RET0005143,ORD0092647,P00486,2024-03-27,1,Wrong Product,Processed
RET0005144,ORD0067483,P00903,2025-02-08,1,Quality Issue,Processed
RET0005145,ORD0009259,P01441,2025-01-30,1,Damaged,Processed
RET0005146,ORD0118895,P00092,2026-06-30,1,Quality Issue,Approved
RET0005147,ORD0010718,P01550,2025-12-05,2,Wrong Product,Approved
RET0005148,ORD0013669,P00333,2025-08-16,2,Customer Changed Mind,Approved
RET0005149,ORD0046492,P00002,2026-02-23,1,Customer Changed Mind,Pending
RET0005150,ORD0023160,P01448,2024-10-24,1,Damaged,Approved
RET0005151,ORD0042923,P01511,2026-06-02,2,Customer Changed Mind,Approved
RET0005152,ORD0033281,P00711,2024-01-31,1,Customer Changed Mind,Approved
RET0005153,ORD0045897,P01342,2026-05-19,1,Late Delivery,Processed
RET0005154,ORD0119016,P00770,2025-12-16,1,Incorrect Size,Approved
RET0005155,ORD0054290,P01526,2026-02-11,1,Customer Changed Mind,Processed
RET0005156,ORD0054322,P00250,2026-03-01,1,Incorrect Size,Approved
RET0005157,ORD0057432,P01882,2026-06-12,2,Customer Changed Mind,Approved
RET0005158,ORD0090801,P01193,2025-06-02,1,Damaged,Approved
RET0005159,ORD0083714,P00895,2024-11-04,1,Wrong Product,Approved
RET0005160,ORD0052047,P01502,2026-01-29,1,Customer Changed Mind,Processed
RET0005161,ORD0115405,P01232,2026-01-23,1,Customer Changed Mind,Rejected
RET0005162,ORD0025654,P00389,2024-10-24,1,Incorrect Size,Processed
RET0005163,ORD0106720,P00253,2026-07-09,1,Quality Issue,Rejected
RET0005164,ORD0114646,P00485,2025-12-04,2,Late Delivery,Approved
RET0005165,ORD0064599,P01179,2025-09-06,1,Customer Changed Mind,Rejected
RET0005166,ORD0046090,P01857,2026-05-22,1,Customer Changed Mind,Approved
RET0005167,ORD0064850,P01925,2025-02-19,1,Quality Issue,Processed
RET0005168,ORD0035724,P01911,2026-05-08,1,Damaged,Processed
RET0005169,ORD0094556,P00875,2025-05-15,1,Damaged,Approved
RET0005170,ORD0109609,P00052,2026-01-04,1,Customer Changed Mind,Approved
RET0005171,ORD0015161,P00138,2024-05-21,1,Wrong Product,Approved
RET0005172,ORD0074453,P01637,2025-11-14,1,Quality Issue,Approved
RET0005173,ORD0112067,P01690,2024-08-04,1,Damaged,Processed
RET0005174,ORD0042975,P00171,2025-07-27,1,Damaged,Pending
RET0005175,ORD0100060,P00345,2024-05-22,1,Incorrect Size,Approved
RET0005176,ORD0073597,P00024,2024-09-13,1,Incorrect Size,Processed
RET0005177,ORD0115908,P00824,2024-01-19,1,Customer Changed Mind,Processed
RET0005178,ORD0015164,P01694,2024-12-31,1,Customer Changed Mind,Approved
RET0005179,ORD0098636,P01720,2026-01-08,1,Quality Issue,Approved
RET0005180,ORD0064285,P00766,2025-08-10,1,Damaged,Approved
RET0005181,ORD0084078,P01460,2024-04-22,1,Customer Changed Mind,Processed
RET0005182,ORD0015236,P01174,2026-05-14,1,Damaged,Approved
RET0005183,ORD0119416,P00479,2026-05-03,1,Customer Changed Mind,Approved
RET0005184,ORD0080026,P00641,2024-08-22,1,Incorrect Size,Approved
RET0005185,ORD0011245,P01145,2026-01-29,2,Quality Issue,Rejected
RET0005186,ORD0023771,P00439,2024-08-05,1,Incorrect Size,Processed
RET0005187,ORD0114527,P00146,2025-11-24,1,Quality Issue,Approved
RET0005188,ORD0023533,P01207,2025-03-13,1,Quality Issue,Processed
RET0005189,ORD0034017,P01082,2026-06-15,1,Quality Issue,Pending
RET0005190,ORD0061036,P01340,2026-02-21,1,Quality Issue,Approved
RET0005191,ORD0022483,P00527,2025-08-28,1,Customer Changed Mind,Approved
RET0005192,ORD0094025,P00170,2024-07-25,1,Wrong Product,Approved
RET0005193,ORD0036950,P00710,2025-03-24,1,Late Delivery,Approved
RET0005194,ORD0034359,P01061,2026-01-03,1,Wrong Product,Processed
RET0005195,ORD0115069,P00561,2026-01-20,1,Customer Changed Mind,Processed
RET0005196,ORD0020477,P00985,2026-05-28,1,Damaged,Processed
RET0005197,ORD0007576,P01338,2026-07-10,1,Late Delivery,Approved
RET0005198,ORD0117519,P00890,2025-08-20,1,Wrong Product,Processed
RET0005199,ORD0052910,P00991,2026-04-18,1,Wrong Product,Approved
RET0005200,ORD0094225,P00589,2026-04-18,1,Customer Changed Mind,Approved
RET0005201,ORD0047202,P00506,2025-12-26,1,Damaged,Approved
RET0005202,ORD0084086,P01682,2026-01-09,2,Incorrect Size,Rejected
RET0005203,ORD0067412,P00360,2025-12-16,1,Customer Changed Mind,Processed
RET0005204,ORD0103429,P01855,2024-09-19,1,Customer Changed Mind,Processed
RET0005205,ORD0108779,P00777,2025-05-07,1,Damaged,Processed
RET0005206,ORD0008279,P00786,2026-05-13,1,Incorrect Size,Approved
RET0005207,ORD0063588,P00647,2026-02-21,1,Quality Issue,Approved
RET0005208,ORD0085797,P00752,2026-06-07,2,Customer Changed Mind,Processed
RET0005209,ORD0018550,P00012,2025-11-28,1,Wrong Product,Pending
RET0005210,ORD0111290,P00637,2026-02-08,1,Quality Issue,Processed
RET0005211,ORD0099214,P01354,2024-07-12,1,Incorrect Size,Approved
RET0005212,ORD0000575,P01654,2026-03-11,1,Customer Changed Mind,Pending
RET0005213,ORD0007179,P00695,2026-05-19,2,Damaged,Approved
RET0005214,ORD0033614,P00730,2026-05-14,1,Damaged,Approved
RET0005215,ORD0014067,P00137,2026-06-04,1,Damaged,Approved
RET0005216,ORD0108276,P01207,2026-06-22,2,Quality Issue,Approved
RET0005217,ORD0099553,P00531,2024-05-02,1,Incorrect Size,Processed
RET0005218,ORD0090519,P00793,2026-06-10,3,Incorrect Size,Processed
RET0005219,ORD0111165,P01061,2025-08-14,2,Quality Issue,Approved
RET0005220,ORD0036994,P01678,2025-11-21,1,Damaged,Approved
RET0005221,ORD0005418,P00477,2026-06-26,3,Incorrect Size,Processed
RET0005222,ORD0046167,P01004,2026-06-18,1,Customer Changed Mind,Approved
RET0005223,ORD0107231,P01205,2025-05-08,1,Customer Changed Mind,Approved
RET0005224,ORD0062074,P01502,2026-05-23,1,Quality Issue,Approved
RET0005225,ORD0035911,P01983,2025-02-07,1,Damaged,Rejected
RET0005226,ORD0064805,P01129,2024-09-15,1,Quality Issue,Pending
RET0005227,ORD0083847,P01027,2026-08-04,2,Incorrect Size,Approved
RET0005228,ORD0024211,P01341,2025-06-14,2,Quality Issue,Processed
RET0005229,ORD0004819,P00021,2025-06-01,1,Quality Issue,Rejected
RET0005230,ORD0078465,P01522,2025-11-20,1,Customer Changed Mind,Approved
RET0005231,ORD0113868,P01508,2026-02-10,1,Damaged,Rejected
RET0005232,ORD0056926,P01950,2026-03-09,1,Quality Issue,Processed
RET0005233,ORD0118061,P00298,2025-08-28,1,Quality Issue,Processed
RET0005234,ORD0043877,P01399,2026-03-25,1,Incorrect Size,Processed
RET0005235,ORD0063557,P01813,2025-11-22,1,Damaged,Approved
RET0005236,ORD0024339,P01216,2026-03-03,1,Customer Changed Mind,Processed
RET0005237,ORD0004268,P01857,2026-01-22,3,Customer Changed Mind,Processed
RET0005238,ORD0043285,P01349,2026-06-03,1,Quality Issue,Approved
RET0005239,ORD0051258,P01091,2026-07-01,1,Quality Issue,Processed
RET0005240,ORD0015975,P01459,2025-05-15,1,Incorrect Size,Pending
RET0005241,ORD0051022,P01758,2026-02-12,1,Wrong Product,Rejected
RET0005242,ORD0042727,P01227,2026-07-28,1,Customer Changed Mind,Processed
RET0005243,ORD0075370,P01769,2026-07-22,1,Damaged,Approved
RET0005244,ORD0104985,P00350,2026-06-16,1,Wrong Product,Approved
RET0005245,ORD0103465,P01987,2026-03-25,1,Customer Changed Mind,Approved
RET0005246,ORD0117727,P01498,2024-09-09,1,Quality Issue,Processed
RET0005247,ORD0077443,P00577,2026-01-08,2,Customer Changed Mind,Processed
RET0005248,ORD0069258,P00807,2026-07-18,1,Customer Changed Mind,Pending
RET0005249,ORD0009648,P00681,2025-05-11,1,Quality Issue,Approved
RET0005250,ORD0029170,P01121,2026-07-28,1,Quality Issue,Pending
RET0005251,ORD0115763,P01971,2025-09-15,1,Wrong Product,Pending
RET0005252,ORD0049346,P01787,2026-03-02,1,Customer Changed Mind,Processed
RET0005253,ORD0096163,P01837,2026-04-18,1,Quality Issue,Rejected
RET0005254,ORD0026710,P01004,2025-12-17,1,Quality Issue,Approved
RET0005255,ORD0048174,P01419,2025-10-01,1,Quality Issue,Approved
RET0005256,ORD0023639,P00540,2025-07-19,1,Wrong Product,Approved
RET0005257,ORD0112570,P01939,2026-07-04,1,Late Delivery,Approved
RET0005258,ORD0060870,P00141,2025-05-14,1,Incorrect Size,Approved
RET0005259,ORD0011570,P00505,2025-08-03,1,Customer Changed Mind,Processed
RET0005260,ORD0022057,P00239,2026-06-04,3,Customer Changed Mind,Approved
RET0005261,ORD0040894,P01652,2026-06-26,1,Incorrect Size,Approved
RET0005262,ORD0058560,P01867,2026-04-02,1,Damaged,Approved
RET0005263,ORD0022381,P01414,2025-01-28,1,Quality Issue,Processed
RET0005264,ORD0068265,P01790,2026-06-15,1,Incorrect Size,Pending
RET0005265,ORD0016660,P00918,2025-03-06,1,Damaged,Approved
RET0005266,ORD0053211,P01188,2025-04-14,1,Quality Issue,Processed
RET0005267,ORD0025513,P00438,2025-11-03,1,Customer Changed Mind,Pending
RET0005268,ORD0110653,P00341,2025-06-29,1,Incorrect Size,Processed
RET0005269,ORD0062102,P01921,2025-06-14,1,Incorrect Size,Processed
RET0005270,ORD0114171,P00735,2026-06-26,1,Incorrect Size,Processed
RET0005271,ORD0054936,P01986,2026-06-22,2,Damaged,Pending
RET0005272,ORD0069106,P00399,2026-01-01,1,Quality Issue,Approved
RET0005273,ORD0004783,P00255,2026-05-19,2,Incorrect Size,Processed
RET0005274,ORD0016272,P00381,2026-07-26,2,Quality Issue,Approved
RET0005275,ORD0073575,P00162,2024-10-31,1,Quality Issue,Approved
RET0005276,ORD0093964,P00401,2024-10-16,3,Damaged,Processed
RET0005277,ORD0044750,P01425,2025-06-06,1,Incorrect Size,Processed
RET0005278,ORD0013620,P00016,2025-11-03,1,Damaged,Rejected
RET0005279,ORD0079400,P01792,2026-07-01,2,Customer Changed Mind,Pending
RET0005280,ORD0074508,P01186,2024-03-15,3,Incorrect Size,Processed
RET0005281,ORD0019466,P01724,2026-07-06,1,Incorrect Size,Processed
RET0005282,ORD0068956,P01834,2026-05-22,1,Incorrect Size,Pending
RET0005283,ORD0082005,P01752,2024-09-06,2,Customer Changed Mind,Approved
RET0005284,ORD0051566,P00197,2025-12-17,1,Wrong Product,Approved
RET0005285,ORD0055172,P01053,2025-11-23,2,Customer Changed Mind,Approved
RET0005286,ORD0060221,P01462,2025-11-09,1,Damaged,Processed
RET0005287,ORD0061900,P01349,2026-01-06,2,Incorrect Size,Processed
RET0005288,ORD0111709,P01243,2025-12-23,1,Late Delivery,Processed
RET0005289,ORD0002830,P00795,2025-11-17,1,Customer Changed Mind,Approved
RET0005290,ORD0007921,P01968,2025-09-09,1,Damaged,Processed
RET0005291,ORD0103836,P01718,2026-04-12,1,Customer Changed Mind,Processed
RET0005292,ORD0086815,P00970,2025-01-19,1,Incorrect Size,Pending
RET0005293,ORD0036165,P00652,2026-05-29,1,Quality Issue,Approved
RET0005294,ORD0083908,P01529,2025-12-08,1,Damaged,Processed
RET0005295,ORD0033825,P01485,2025-06-30,2,Damaged,Processed
RET0005296,ORD0008245,P01826,2026-06-11,2,Customer Changed Mind,Processed
RET0005297,ORD0099599,P01844,2026-07-07,1,Damaged,Approved
RET0005298,ORD0026340,P01196,2025-06-01,1,Incorrect Size,Approved
RET0005299,ORD0094491,P00251,2026-07-14,1,Quality Issue,Approved
RET0005300,ORD0104671,P01725,2025-05-13,1,Damaged,Processed
RET0005301,ORD0014171,P01888,2026-02-03,1,Quality Issue,Processed
RET0005302,ORD0015397,P01509,2026-01-29,1,Customer Changed Mind,Processed
RET0005303,ORD0049663,P01959,2025-04-06,2,Wrong Product,Processed
RET0005304,ORD0015279,P00379,2026-02-20,2,Late Delivery,Approved
RET0005305,ORD0043971,P00127,2026-06-03,1,Damaged,Approved
RET0005306,ORD0111090,P00118,2025-11-03,3,Customer Changed Mind,Processed
RET0005307,ORD0050544,P01086,2025-08-02,1,Incorrect Size,Processed
RET0005308,ORD0108122,P00502,2026-03-17,1,Incorrect Size,Processed
RET0005309,ORD0072218,P01939,2025-07-17,2,Customer Changed Mind,Processed
RET0005310,ORD0086685,P01518,2026-03-27,3,Quality Issue,Pending
RET0005311,ORD0116730,P00785,2025-03-18,1,Wrong Product,Pending
RET0005312,ORD0075859,P01990,2025-06-03,1,Late Delivery,Processed
RET0005313,ORD0067073,P00937,2025-07-13,2,Wrong Product,Approved
RET0005314,ORD0029103,P01939,2025-09-14,3,Late Delivery,Approved
RET0005315,ORD0057336,P00468,2024-09-10,1,Wrong Product,Processed
RET0005316,ORD0060094,P01477,2026-05-09,1,Incorrect Size,Approved
RET0005317,ORD0096423,P00306,2024-05-12,1,Incorrect Size,Approved
RET0005318,ORD0046308,P00737,2026-05-03,1,Customer Changed Mind,Approved
RET0005319,ORD0012086,P01238,2026-01-02,1,Quality Issue,Pending
RET0005320,ORD0014047,P00206,2026-07-06,1,Damaged,Approved
RET0005321,ORD0044498,P00414,2026-07-20,1,Quality Issue,Processed
RET0005322,ORD0068952,P01747,2026-07-20,1,Wrong Product,Rejected
RET0005323,ORD0104322,P01231,2025-10-11,2,Damaged,Processed
RET0005324,ORD0114327,P01539,2025-08-26,1,Quality Issue,Approved
RET0005325,ORD0070704,P01648,2026-04-17,1,Customer Changed Mind,Rejected
RET0005326,ORD0110634,P01204,2025-12-06,1,Late Delivery,Processed
RET0005327,ORD0022284,P01096,2025-08-25,1,Late Delivery,Approved
RET0005328,ORD0101168,P00722,2026-07-12,2,Damaged,Processed
RET0005329,ORD0101665,P00033,2025-03-25,1,Damaged,Approved
RET0005330,ORD0094160,P01703,2025-09-30,1,Quality Issue,Processed
RET0005331,ORD0114496,P00890,2025-10-19,1,Quality Issue,Rejected
RET0005332,ORD0009184,P00655,2026-07-06,1,Damaged,Processed
RET0005333,ORD0114736,P00155,2025-03-15,1,Customer Changed Mind,Pending
RET0005334,ORD0028641,P00996,2025-10-31,1,Quality Issue,Approved
RET0005335,ORD0063822,P01372,2026-02-14,1,Quality Issue,Rejected
RET0005336,ORD0025595,P00676,2024-07-05,3,Quality Issue,Processed
RET0005337,ORD0059083,P00417,2026-03-20,1,Customer Changed Mind,Approved
RET0005338,ORD0017855,P01202,2025-11-20,1,Late Delivery,Pending
RET0005339,ORD0092123,P00747,2024-11-21,1,Late Delivery,Pending
RET0005340,ORD0051715,P01291,2025-02-23,1,Customer Changed Mind,Approved
RET0005341,ORD0019152,P01101,2026-01-03,1,Damaged,Processed
RET0005342,ORD0079855,P01928,2025-04-06,3,Damaged,Approved
RET0005343,ORD0032159,P00969,2026-06-30,1,Incorrect Size,Approved
RET0005344,ORD0007002,P00732,2026-04-03,2,Wrong Product,Approved
RET0005345,ORD0067156,P00283,2026-01-01,1,Quality Issue,Processed
RET0005346,ORD0101103,P00835,2026-07-17,1,Late Delivery,Approved
RET0005347,ORD0044335,P00724,2024-03-27,1,Customer Changed Mind,Approved
RET0005348,ORD0117493,P01760,2024-09-29,2,Incorrect Size,Pending
RET0005349,ORD0104403,P01770,2026-04-05,1,Quality Issue,Processed
RET0005350,ORD0104619,P01226,2025-02-19,1,Damaged,Processed
RET0005351,ORD0039330,P01690,2026-06-29,2,Quality Issue,Approved
RET0005352,ORD0111274,P00430,2026-06-28,1,Late Delivery,Approved
RET0005353,ORD0093533,P01381,2024-10-04,1,Customer Changed Mind,Processed
RET0005354,ORD0067493,P00855,2026-05-08,1,Quality Issue,Approved
RET0005355,ORD0000653,P01798,2025-10-13,1,Quality Issue,Approved
RET0005356,ORD0053824,P00177,2025-12-08,1,Customer Changed Mind,Pending
RET0005357,ORD0055438,P00448,2026-06-09,1,Incorrect Size,Approved
RET0005358,ORD0024181,P01083,2026-06-22,2,Quality Issue,Approved
RET0005359,ORD0059071,P01907,2026-06-01,1,Quality Issue,Processed
RET0005360,ORD0028501,P01718,2024-06-17,2,Damaged,Approved
RET0005361,ORD0101257,P00166,2026-07-26,3,Wrong Product,Processed
RET0005362,ORD0017995,P00799,2024-07-01,1,Customer Changed Mind,Approved
RET0005363,ORD0088400,P00994,2026-03-07,3,Quality Issue,Approved
RET0005364,ORD0039885,P00190,2025-07-27,1,Late Delivery,Approved
RET0005365,ORD0003143,P00929,2026-07-23,1,Quality Issue,Approved
RET0005366,ORD0009964,P00215,2026-07-19,1,Wrong Product,Processed
RET0005367,ORD0066872,P00479,2025-07-20,21,Quality Issue,Pending
RET0005368,ORD0108568,P00477,2026-05-24,1,Quality Issue,Processed
RET0005369,ORD0080867,P01719,2025-01-25,1,Quality Issue,Approved
RET0005370,ORD0111211,P01415,2026-06-28,2,Quality Issue,Pending
RET0005371,ORD0004589,P00166,2025-09-11,2,Incorrect Size,Processed
RET0005372,ORD0073345,P01955,2025-01-01,1,Damaged,Approved
RET0005373,ORD0000560,P00586,2025-05-02,2,Quality Issue,Approved
RET0005374,ORD0116363,P01048,2025-02-25,1,Incorrect Size,Approved
RET0005375,ORD0068880,P01352,2024-05-16,1,Late Delivery,Approved
RET0005376,ORD0109520,P00656,2026-03-21,2,Wrong Product,Processed
RET0005377,ORD0109813,P00489,2026-01-01,1,Incorrect Size,Approved
RET0005378,ORD0012431,P01720,2024-10-24,1,Wrong Product,Pending
RET0005379,ORD0046661,P00211,2026-01-14,1,Customer Changed Mind,Approved
RET0005380,ORD0100683,P00218,2025-01-24,1,Wrong Product,Approved
RET0005381,ORD0112411,P00991,2026-07-19,2,Customer Changed Mind,Pending
RET0005382,ORD0078049,P00136,2025-05-27,1,Customer Changed Mind,Processed
RET0005383,ORD0006332,P00002,2026-06-10,2,Customer Changed Mind,Approved
RET0005384,ORD0101875,P00974,2024-05-29,1,Incorrect Size,Approved
RET0005385,ORD0079510,P00771,2026-03-27,1,Customer Changed Mind,Processed
RET0005386,ORD0012516,P01973,2025-12-16,2,Late Delivery,Processed
RET0005387,ORD0071085,P00663,2026-04-28,1,Incorrect Size,Processed
RET0005388,ORD0021561,P00934,2024-08-18,1,Quality Issue,Rejected
RET0005389,ORD0110255,P01049,2025-03-29,1,Wrong Product,Processed
RET0005390,ORD0115377,P01546,2026-04-12,1,Damaged,Rejected
RET0005391,ORD0098323,P01564,2024-05-20,1,Quality Issue,Processed
RET0005392,ORD0062590,P00358,2025-08-02,1,Incorrect Size,Processed
RET0005393,ORD0030613,P00412,2026-04-21,1,Late Delivery,Approved
RET0005394,ORD0063330,P00783,2026-05-01,1,Wrong Product,Processed
RET0005395,ORD0089835,P00251,2025-08-17,1,Quality Issue,Approved
RET0005396,ORD0090157,P01210,2026-02-10,2,Quality Issue,Processed
RET0005397,ORD0066878,P00676,2026-06-20,1,Late Delivery,Approved
RET0005398,ORD0092820,P00264,2026-05-26,1,Incorrect Size,Processed
RET0005399,ORD0025560,P00769,2024-03-25,1,Quality Issue,Approved
RET0005400,ORD0102570,P01669,2026-04-14,1,Quality Issue,Processed
RET0005401,ORD0046250,P01766,2025-10-06,1,Quality Issue,Approved
RET0005402,ORD0115125,P01984,2026-08-03,1,Quality Issue,Rejected
RET0005403,ORD0085971,P01712,2024-06-28,1,Late Delivery,Approved
RET0005404,ORD0059559,P00159,2026-03-22,2,Customer Changed Mind,Processed
RET0005405,ORD0119938,P00646,2026-02-16,1,Quality Issue,Processed
RET0005406,ORD0036397,P01417,2024-06-22,2,Quality Issue,Approved
RET0005407,ORD0011302,P01390,2026-06-23,1,Customer Changed Mind,Processed
RET0005408,ORD0063295,P00472,2026-06-10,1,Damaged,Pending
RET0005409,ORD0044995,P00612,2025-11-14,1,Quality Issue,Processed
RET0005410,ORD0008439,P00473,2026-05-09,1,Quality Issue,Pending
RET0005411,ORD0041104,P01316,2025-08-06,2,Customer Changed Mind,Approved
RET0005412,ORD0115335,P01732,2025-03-23,1,Customer Changed Mind,Pending
RET0005413,ORD0038166,P01078,2025-07-12,1,Wrong Product,Rejected
RET0005414,ORD0043970,P02000,2025-09-04,1,Incorrect Size,Processed
RET0005415,ORD0065914,P01900,2025-04-04,2,Incorrect Size,Rejected
RET0005416,ORD0041661,P01622,2025-03-11,1,Late Delivery,Processed
RET0005417,ORD0078306,P01575,2026-03-06,1,Customer Changed Mind,Processed
RET0005418,ORD0034680,P00365,2025-08-08,1,Quality Issue,Processed
RET0005419,ORD0054976,P00710,2025-12-26,1,Late Delivery,Approved
RET0005420,ORD0045619,P01414,2025-09-19,2,Incorrect Size,Processed
RET0005421,ORD0067523,P00960,2026-08-13,1,Damaged,Approved
RET0005422,ORD0115233,P00658,2024-01-15,1,Damaged,Processed
RET0005423,ORD0053695,P01982,2026-06-21,1,Late Delivery,Processed
RET0005424,ORD0032245,P00403,2025-11-04,1,Wrong Product,Approved
RET0005425,ORD0119204,P01163,2025-11-04,1,Quality Issue,Approved
RET0005426,ORD0091925,P00579,2024-03-29,1,Quality Issue,Approved
RET0005427,ORD0046550,P01604,2025-12-22,3,Damaged,Processed
RET0005428,ORD0086865,P00788,2026-01-03,1,Customer Changed Mind,Approved
RET0005429,ORD0110889,P00176,2026-01-16,1,Quality Issue,Approved
RET0005430,ORD0095408,P00954,2024-12-04,1,Incorrect Size,Approved
RET0005431,ORD0110184,P00336,2026-06-03,1,Customer Changed Mind,Approved
RET0005432,ORD0045051,P01102,2024-12-31,1,Wrong Product,Approved
RET0005433,ORD0075302,P00373,2025-06-27,1,Quality Issue,Approved
RET0005434,ORD0095245,P01830,2025-01-21,1,Customer Changed Mind,Processed
RET0005435,ORD0051340,P00606,2026-04-01,1,Quality Issue,Processed
RET0005436,ORD0052329,P01600,2026-02-13,1,Late Delivery,Pending
RET0005437,ORD0048630,P00346,2025-08-26,1,Wrong Product,Approved
RET0005438,ORD0079262,P01419,2025-12-31,1,Quality Issue,Approved
RET0005439,ORD0042631,P00334,2024-11-27,1,Late Delivery,Approved
RET0005440,ORD0068702,P01736,2024-12-02,1,Wrong Product,Processed
RET0005441,ORD0070130,P00373,2025-05-08,1,Late Delivery,Approved
RET0005442,ORD0003688,P01342,2026-06-22,3,Incorrect Size,Approved
RET0005443,ORD0102918,P01291,2026-07-06,1,Quality Issue,Processed
RET0005444,ORD0094984,P01341,2024-04-26,1,Wrong Product,Approved
RET0005445,ORD0012360,P00408,2026-07-07,21,Quality Issue,Processed
RET0005446,ORD0116758,P01328,2026-02-26,3,Wrong Product,Processed
RET0005447,ORD0022981,P01825,2026-05-16,1,Late Delivery,Rejected
RET0005448,ORD0025829,P00772,2026-04-20,3,Late Delivery,Approved
RET0005449,ORD0038222,P01497,2025-08-02,1,Wrong Product,Approved
RET0005450,ORD0077838,P01650,2025-08-10,1,Customer Changed Mind,Processed
RET0005451,ORD0015319,P01593,2025-03-20,1,Incorrect Size,Approved
RET0005452,ORD0055973,P00187,2026-05-20,2,Wrong Product,Approved
RET0005453,ORD0069578,P01982,2024-08-15,2,Quality Issue,Approved
RET0005454,ORD0094548,P00018,2026-03-19,2,Quality Issue,Approved
RET0005455,ORD0047286,P01237,2025-08-05,1,Late Delivery,Approved
RET0005456,ORD0095813,P01450,2024-03-25,1,Damaged,Processed
RET0005457,ORD0045265,P00615,2026-07-30,1,Wrong Product,Processed
RET0005458,ORD0113715,P01696,2025-10-13,1,Wrong Product,Approved
RET0005459,ORD0115434,P00643,2026-04-30,1,Quality Issue,Processed
RET0005460,ORD0034514,P00613,2026-05-31,2,Incorrect Size,Pending
RET0005461,ORD0058772,P01917,2024-11-26,1,Incorrect Size,Approved
RET0005462,ORD0063161,P00889,2024-11-17,3,Damaged,Processed
RET0005463,ORD0059333,P00161,2025-05-07,1,Wrong Product,Approved
RET0005464,ORD0038803,P01300,2025-11-22,1,Damaged,Pending
RET0005465,ORD0116376,P01961,2025-11-28,1,Incorrect Size,Approved
RET0005466,ORD0095341,P01095,2026-06-08,1,Wrong Product,Approved
RET0005467,ORD0020299,P01461,2026-08-04,3,Wrong Product,Pending
RET0005468,ORD0109982,P01512,2025-12-07,1,Quality Issue,Processed
RET0005469,ORD0095917,P00585,2024-10-28,2,Late Delivery,Approved
RET0005470,ORD0108892,P00613,2024-07-31,1,Wrong Product,Processed
RET0005471,ORD0068643,P00346,2026-05-29,21,Quality Issue,Rejected
RET0005472,ORD0010342,P00306,2026-06-19,1,Damaged,Processed
RET0005473,ORD0112811,P01766,2026-06-20,1,Damaged,Approved
RET0005474,ORD0055774,P01764,2024-03-05,1,Damaged,Approved
RET0005475,ORD0038564,P00528,2025-07-31,1,Customer Changed Mind,Pending
RET0005476,ORD0007492,P00602,2026-07-23,2,Incorrect Size,Approved
RET0005477,ORD0047757,P00601,2026-01-24,1,Late Delivery,Approved
RET0005478,ORD0025022,P00049,2025-03-24,1,Quality Issue,Approved
RET0005479,ORD0005305,P00438,2024-02-08,1,Customer Changed Mind,Approved
RET0005480,ORD0052681,P01695,2026-06-23,1,Quality Issue,Processed
RET0005481,ORD0118535,P00570,2026-05-08,22,Incorrect Size,Approved
RET0005482,ORD0017092,P00472,2026-05-09,2,Customer Changed Mind,Approved
RET0005483,ORD0062598,P01163,2026-05-17,1,Incorrect Size,Approved
RET0005484,ORD0082285,P01429,2026-06-18,1,Quality Issue,Approved
RET0005485,ORD0097544,P00453,2026-06-04,2,Quality Issue,Approved
RET0005486,ORD0012377,P00173,2024-04-23,1,Wrong Product,Approved
RET0005487,ORD0089711,P01144,2025-03-18,1,Quality Issue,Processed
RET0005488,ORD0114458,P00600,2025-12-23,2,Late Delivery,Approved
RET0005489,ORD0101330,P00828,2026-02-09,2,Incorrect Size,Approved
RET0005490,ORD0023710,P00399,2025-11-26,1,Incorrect Size,Processed
RET0005491,ORD0014593,P01098,2026-01-07,1,Customer Changed Mind,Processed
RET0005492,ORD0048483,P00852,2025-09-29,2,Incorrect Size,Processed
RET0005493,ORD0073748,P01399,2026-07-21,1,Incorrect Size,Pending
RET0005494,ORD0054744,P01709,2024-07-05,1,Quality Issue,Approved
RET0005495,ORD0013841,P01951,2024-05-13,1,Damaged,Approved
RET0005496,ORD0006119,P00828,2026-03-05,1,Damaged,Approved
RET0005497,ORD0012868,P00696,2025-10-21,1,Damaged,Approved
RET0005498,ORD0089590,P01463,2025-12-18,1,Damaged,Pending
RET0005499,ORD0011941,P01276,2025-06-19,1,Incorrect Size,Processed
RET0005500,ORD0083195,P01582,2024-12-04,1,Wrong Product,Processed
RET0005501,ORD0110539,P00908,2026-03-18,2,Quality Issue,Pending
RET0005502,ORD0003834,P00617,2025-03-11,1,Quality Issue,Rejected
RET0005503,ORD0105601,P01782,2025-03-25,1,Quality Issue,Approved
RET0005504,ORD0095325,P00841,2024-09-04,1,Wrong Product,Rejected
RET0005505,ORD0024471,P01933,2024-06-27,1,Late Delivery,Approved
RET0005506,ORD0049824,P00562,2024-12-14,2,Quality Issue,Approved
RET0005507,ORD0072672,P01863,2026-01-17,1,Late Delivery,Processed
RET0005508,ORD0110503,P00955,2026-06-19,1,Wrong Product,Pending
RET0005509,ORD0031504,P00681,2025-07-13,1,Quality Issue,Processed
RET0005510,ORD0040707,P00805,2024-05-06,1,Damaged,Approved
RET0005511,ORD0042487,P01629,2026-02-24,1,Quality Issue,Rejected
RET0005512,ORD0062500,P00482,2026-07-20,1,Customer Changed Mind,Approved
RET0005513,ORD0006651,P01341,2025-09-14,1,Wrong Product,Processed
RET0005514,ORD0029106,P00452,2025-11-06,1,Quality Issue,Approved
RET0005515,ORD0042886,P00728,2024-11-03,1,Wrong Product,Approved
RET0005516,ORD0040895,P01018,2025-03-12,1,Incorrect Size,Approved
RET0005517,ORD0038146,P01771,2026-01-24,1,Incorrect Size,Rejected
RET0005518,ORD0021436,P00685,2026-01-20,1,Customer Changed Mind,Pending
RET0005519,ORD0102274,P01910,2025-01-27,1,Customer Changed Mind,Approved
RET0005520,ORD0077508,P01763,2025-12-14,1,Damaged,Approved
RET0005521,ORD0016099,P01299,2025-02-05,1,Incorrect Size,Approved
RET0005522,ORD0009309,P00832,2024-12-05,1,Quality Issue,Processed
RET0005523,ORD0020956,P01292,2026-05-03,1,Damaged,Processed
RET0005524,ORD0062072,P00025,2025-07-23,1,Late Delivery,Processed
RET0005525,ORD0050311,P00818,2026-07-02,1,Damaged,Approved
RET0005526,ORD0012533,P00211,2025-01-03,1,Late Delivery,Approved
RET0005527,ORD0024662,P01263,2025-10-27,1,Late Delivery,Pending
RET0005528,ORD0049382,P01671,2026-04-13,1,Damaged,Processed
RET0005529,ORD0011868,P00954,2026-01-08,2,Quality Issue,Approved
RET0005530,ORD0106074,P01923,2025-01-29,1,Wrong Product,Approved
RET0005531,ORD0025512,P01496,2025-04-05,1,Late Delivery,Approved
RET0005532,ORD0003200,P00341,2026-05-29,1,Quality Issue,Approved
RET0005533,ORD0080810,P00039,2024-09-23,1,Incorrect Size,Approved
RET0005534,ORD0035884,P01380,2026-07-02,1,Customer Changed Mind,Processed
RET0005535,ORD0023268,P01722,2025-06-23,1,Incorrect Size,Approved
RET0005536,ORD0055260,P01245,2025-07-25,1,Customer Changed Mind,Approved
RET0005537,ORD0069729,P01927,2025-06-22,1,Incorrect Size,Processed
RET0005538,ORD0056487,P00422,2024-12-20,2,Wrong Product,Approved
RET0005539,ORD0025648,P01461,2025-01-03,1,Quality Issue,Approved
RET0005540,ORD0040453,P00313,2025-07-22,1,Damaged,Rejected
RET0005541,ORD0007153,P01682,2026-08-01,1,Incorrect Size,Approved
RET0005542,ORD0056562,P00142,2026-03-16,1,Incorrect Size,Processed
RET0005543,ORD0111272,P00874,2026-03-29,2,Customer Changed Mind,Approved
RET0005544,ORD0080023,P01559,2025-08-12,1,Late Delivery,Approved
RET0005545,ORD0056726,P01739,2026-04-07,1,Quality Issue,Approved
RET0005546,ORD0098787,P01055,2026-06-14,1,Wrong Product,Processed
RET0005547,ORD0055969,P01196,2024-10-24,1,Quality Issue,Approved
RET0005548,ORD0011365,P00118,2025-08-22,1,Quality Issue,Processed
RET0005549,ORD0105840,P01874,2024-12-04,1,Late Delivery,Approved
RET0005550,ORD0099935,P00668,2026-04-11,1,Damaged,Processed
RET0005551,ORD0020485,P01988,2026-02-02,1,Incorrect Size,Approved
RET0005552,ORD0092598,P00796,2026-05-17,1,Damaged,Approved
RET0005553,ORD0076867,P01190,2025-03-28,3,Quality Issue,Processed
RET0005554,ORD0092041,P00703,2026-07-29,1,Damaged,Approved
RET0005555,ORD0106353,P00747,2024-11-27,1,Damaged,Approved
RET0005556,ORD0071225,P00604,2024-07-29,1,Damaged,Processed
RET0005557,ORD0025304,P01073,2024-02-23,1,Customer Changed Mind,Processed
RET0005558,ORD0001124,P00675,2024-08-07,1,Quality Issue,Processed
RET0005559,ORD0000135,P00483,2025-08-08,2,Late Delivery,Approved
RET0005560,ORD0043082,P00686,2024-11-21,1,Quality Issue,Approved
RET0005561,ORD0007935,P01043,2025-09-10,1,Quality Issue,Approved
RET0005562,ORD0100430,P00344,2024-12-18,1,Damaged,Approved
RET0005563,ORD0080463,P00090,2025-01-02,2,Damaged,Approved
RET0005564,ORD0076081,P00555,2026-06-09,3,Quality Issue,Approved
RET0005565,ORD0067100,P00229,2026-01-02,1,Quality Issue,Approved
RET0005566,ORD0053656,P00372,2026-03-06,1,Late Delivery,Processed
RET0005567,ORD0037496,P01403,2026-04-18,1,Wrong Product,Approved
RET0005568,ORD0019384,P01584,2025-12-13,1,Quality Issue,Approved
RET0005569,ORD0062133,P01579,2024-05-14,1,Damaged,Approved
RET0005570,ORD0015830,P01404,2024-04-28,1,Quality Issue,Approved
RET0005571,ORD0032235,P01558,2025-04-27,2,Damaged,Processed
RET0005572,ORD0089784,P00944,2025-06-18,1,Quality Issue,Approved
RET0005573,ORD0045856,P01452,2025-07-11,1,Customer Changed Mind,Approved
RET0005574,ORD0018823,P01539,2026-03-01,2,Quality Issue,Rejected
RET0005575,ORD0066766,P00263,2026-01-25,1,Damaged,Approved
RET0005576,ORD0041461,P01946,2026-08-07,1,Late Delivery,Approved
RET0005577,ORD0098372,P00141,2024-06-05,1,Damaged,Processed
RET0005578,ORD0012429,P01003,2026-07-21,1,Quality Issue,Processed
RET0005579,ORD0090186,P01287,2025-07-09,1,Damaged,Pending
RET0005580,ORD0030783,P01710,2025-05-27,1,Damaged,Rejected
RET0005581,ORD0049835,P01071,2024-05-28,1,Quality Issue,Processed
RET0005582,ORD0034365,P01791,2025-04-17,1,Damaged,Approved
RET0005583,ORD0030961,P01249,2024-05-02,1,Wrong Product,Processed
RET0005584,ORD0073730,P00974,2025-11-12,1,Quality Issue,Approved
RET0005585,ORD0057913,P01848,2026-04-17,2,Quality Issue,Processed
RET0005586,ORD0044263,P00895,2025-10-29,1,Incorrect Size,Pending
RET0005587,ORD0071615,P01919,2025-02-25,1,Customer Changed Mind,Approved
RET0005588,ORD0110741,P00991,2025-02-27,1,Late Delivery,Rejected
RET0005589,ORD0005950,P00270,2025-09-22,1,Quality Issue,Processed
RET0005590,ORD0063154,P00889,2026-06-15,1,Damaged,Approved
RET0005591,ORD0003150,P01515,2024-08-03,2,Quality Issue,Rejected
RET0005592,ORD0055302,P00433,2026-07-17,3,Damaged,Processed
RET0005593,ORD0084540,P01846,2026-07-02,1,Incorrect Size,Approved
RET0005594,ORD0044146,P01328,2025-07-12,1,quality issue,Processed
RET0005595,ORD0098625,P01097,2025-12-06,1,Customer Changed Mind,Approved
RET0005596,ORD0045684,P01179,2025-01-27,1,Customer Changed Mind,Approved
RET0005597,ORD0065553,P01966,2026-06-17,1,Wrong Product,Processed
RET0005598,ORD0088759,P01427,2025-03-11,1,Customer Changed Mind,Rejected
RET0005599,ORD0067390,P00836,2024-11-19,3,Quality Issue,Processed
RET0005600,ORD0000780,P00478,2026-03-03,1,Late Delivery,Rejected
RET0005601,ORD0087425,P01379,2026-03-21,1,Late Delivery,Rejected
RET0005602,ORD0029999,P01101,2026-06-07,1,Wrong Product,Approved
RET0005603,ORD0034447,P01004,2026-01-28,1,Quality Issue,Processed
RET0005604,ORD0112630,P00685,2026-05-22,1,Customer Changed Mind,Processed
RET0005605,ORD0078057,P00458,2026-03-07,1,Wrong Product,Approved
RET0005606,ORD0056383,P01551,2026-05-25,1,Incorrect Size,Approved
RET0005607,ORD0026326,P00437,2025-02-17,2,Late Delivery,Processed
RET0005608,ORD0073487,P00327,2025-05-22,1,Late Delivery,Pending
RET0005609,ORD0022873,P01262,2026-04-26,1,Incorrect Size,Pending
RET0005610,ORD0054141,P01676,2025-12-20,1,Customer Changed Mind,Approved
RET0005611,ORD0103787,P01494,2025-10-30,1,Incorrect Size,Processed
RET0005612,ORD0113692,P00451,2024-11-08,1,Quality Issue,Approved
RET0005613,ORD0116077,P01986,2025-12-11,2,Quality Issue,Rejected
RET0005614,ORD0113392,P01234,2025-05-06,1,Wrong Product,Processed
RET0005615,ORD0104064,P01285,2025-12-30,1,Damaged,Pending
RET0005616,ORD0021836,P01184,2025-03-23,1,Customer Changed Mind,Pending
RET0005617,ORD0046762,P00288,2026-07-08,1,Damaged,Approved
RET0005618,ORD0109203,P00430,2025-12-24,3,Damaged,Pending
RET0005619,ORD0053464,P00194,2026-01-16,1,Quality Issue,Processed
RET0005620,ORD0021363,P01731,2025-10-30,1,Quality Issue,Approved
RET0005621,ORD0077772,P00272,2026-04-01,1,Damaged,Approved
RET0005622,ORD0117539,P00648,2026-05-07,1,Quality Issue,Processed
RET0005623,ORD0016394,P01753,2026-07-04,2,Incorrect Size,Approved
RET0005624,ORD0101539,P01896,2025-12-13,1,Quality Issue,Approved
RET0005625,ORD0117852,P00307,2025-07-30,1,Quality Issue,Processed
RET0005626,ORD0083206,P00678,2025-03-01,2,Quality Issue,Approved
RET0005627,ORD0047445,P00741,2026-05-03,1,Wrong Product,Approved
RET0005628,ORD0007353,P00221,2026-05-16,1,Customer Changed Mind,Processed
RET0005629,ORD0097993,P01509,2026-07-09,2,Incorrect Size,Approved
RET0005630,ORD0005281,P01841,2026-05-25,1,Quality Issue,Processed
RET0005631,ORD0020872,P00973,2024-08-20,1,Quality Issue,Approved
RET0005632,ORD0019368,P01827,2026-04-05,1,Incorrect Size,Rejected
RET0005633,ORD0020981,P01627,2026-07-23,1,Wrong Product,Approved
RET0005634,ORD0040128,P01298,2026-03-06,1,Customer Changed Mind,Processed
RET0005635,ORD0010304,P02000,2025-05-27,1,Quality Issue,Processed
RET0005636,ORD0090435,P00306,2025-11-27,1,Damaged,Rejected
RET0005637,ORD0014246,P00699,2025-08-03,1,Late Delivery,Processed
RET0005638,ORD0114435,P00543,2024-12-26,1,Quality Issue,Processed
RET0005639,ORD0089447,P00328,2025-05-01,2,Quality Issue,Approved
RET0005640,ORD0077189,P01174,2024-10-26,2,Wrong Product,Processed
RET0005641,ORD0024846,P01088,2025-04-04,1,Quality Issue,Processed
RET0005642,ORD0074475,P00962,2026-05-26,1,Damaged,Processed
RET0005643,ORD0026132,P01957,2026-06-11,1,Incorrect Size,Approved
RET0005644,ORD0049017,P01122,2026-02-26,2,Damaged,Processed
RET0005645,ORD0043775,P01970,2026-03-28,1,Incorrect Size,Approved
RET0005646,ORD0036835,P01549,2026-06-04,3,Customer Changed Mind,Processed
RET0005647,ORD0055376,P01526,2025-03-19,1,Customer Changed Mind,Processed
RET0005648,ORD0085006,P01232,2024-12-17,1,Late Delivery,Approved
RET0005649,ORD0089296,P00959,2024-03-28,1,Wrong Product,Processed
RET0005650,ORD0064160,P01275,2026-04-19,1,Customer Changed Mind,Approved
RET0005651,ORD0060039,P00545,2025-11-17,1,Incorrect Size,Processed
RET0005652,ORD0024011,P01503,2026-07-08,1,Quality Issue,Processed
RET0005653,ORD0089548,P01276,2025-11-14,1,Damaged,Approved
RET0005654,ORD0038980,P00834,2025-11-04,1,Quality Issue,Approved
RET0005655,ORD0030646,P00949,2026-04-09,3,Incorrect Size,Processed
RET0005656,ORD0069973,P01110,2024-06-09,1,Quality Issue,Processed
RET0005657,ORD0087811,P00631,2026-04-17,1,Customer Changed Mind,Approved
RET0005658,ORD0064960,P00948,2026-01-14,1,Damaged,Approved
RET0005659,ORD0046953,P00634,2025-11-18,2,Incorrect Size,Approved
RET0005660,ORD0050420,P00091,2024-02-20,1,Customer Changed Mind,Processed
RET0005661,ORD0011075,P00561,2026-06-27,1,Customer Changed Mind,Approved
RET0005662,ORD0005219,P01236,2024-11-04,1,Quality Issue,Processed
RET0005663,ORD0097540,P01218,2024-05-15,1,Wrong Product,Processed
RET0005664,ORD0054198,P00960,2024-12-22,2,Incorrect Size,Rejected
RET0005665,ORD0064180,P01835,2025-07-30,1,Damaged,Pending
RET0005666,ORD0065830,P00780,2026-05-24,3,Quality Issue,Approved
RET0005667,ORD0098009,P00054,2024-10-30,1,Incorrect Size,Processed
RET0005668,ORD0031972,P00855,2025-12-22,1,Incorrect Size,Processed
RET0005669,ORD0102394,P00434,2025-12-11,1,Incorrect Size,Rejected
RET0005670,ORD0007825,P00173,2026-07-29,1,Incorrect Size,Processed
RET0005671,ORD0017531,P01617,2025-10-23,1,Wrong Product,Approved
RET0005672,ORD0003126,P00823,2024-08-02,1,Incorrect Size,Pending
RET0005673,ORD0020036,P01962,2025-02-24,1,Incorrect Size,Approved
RET0005674,ORD0040729,P01143,2024-08-26,1,Late Delivery,Pending
RET0005675,ORD0098014,P00516,2025-01-06,1,Customer Changed Mind,Approved
RET0005676,ORD0088880,P01322,2024-04-13,1,Damaged,Processed
RET0005677,ORD0077651,P01737,2026-06-15,1,Quality Issue,Pending
RET0005678,ORD0040238,P00756,2026-06-11,1,Quality Issue,Processed
RET0005679,ORD0004146,P01973,2024-09-22,2,Customer Changed Mind,Processed
RET0005680,ORD0011837,P01684,2025-04-30,1,Customer Changed Mind,Approved
RET0005681,ORD0092208,P01405,2025-10-13,1,Late Delivery,Approved
RET0005682,ORD0101208,P00168,2025-01-11,1,Damaged,Approved
RET0005683,ORD0051966,P00982,2025-06-24,3,Incorrect Size,Processed
RET0005684,ORD0010404,P01872,2025-07-15,1,Wrong Product,Approved
RET0005685,ORD0000061,P00050,2025-10-27,2,Damaged,Approved
RET0005686,ORD0027015,P01995,2025-11-26,1,Damaged,Approved
RET0005687,ORD0006362,P00770,2025-09-02,1,Incorrect Size,Pending
RET0005688,ORD0060728,P00815,2026-04-26,1,Incorrect Size,Rejected
RET0005689,ORD0008095,P00560,2024-03-15,1,Damaged,Approved
RET0005690,ORD0033423,P01264,2024-11-19,1,Damaged,Pending
RET0005691,ORD0063584,P00841,2024-10-10,1,Customer Changed Mind,Approved
RET0005692,ORD0036696,P00246,2025-05-08,1,Wrong Product,Approved
RET0005693,ORD0018316,P01104,2025-11-12,1,Quality Issue,Approved
RET0005694,ORD0038819,P00297,2026-06-26,2,Damaged,Rejected
RET0005695,ORD0011503,P00306,2025-04-14,1,Late Delivery,Approved
RET0005696,ORD0108980,P00407,2026-04-19,3,Customer Changed Mind,Approved
RET0005697,ORD0104580,P00132,2024-08-18,1,Customer Changed Mind,Pending
RET0005698,ORD0067839,P00241,2026-04-19,3,Customer Changed Mind,Processed
RET0005699,ORD0017179,P00694,2026-03-03,1,Damaged,Processed
RET0005700,ORD0031857,P00738,2024-04-12,1,Wrong Product,Processed
RET0005701,ORD0106236,P01589,2025-11-23,1,Damaged,Processed
RET0005702,ORD0026461,P00967,2025-05-25,1,Damaged,Approved
RET0005703,ORD0058542,P00498,2025-04-30,3,Incorrect Size,Processed
RET0005704,ORD0019964,P00174,2026-06-19,1,Wrong Product,Approved
RET0005705,ORD0095435,P00092,2026-06-26,1,Customer Changed Mind,Approved
RET0005706,ORD0085039,P00338,2026-04-02,2,Damaged,Pending
RET0005707,ORD0089142,P00224,2024-02-11,1,Quality Issue,Approved
RET0005708,ORD0028021,P00955,2026-01-09,2,Incorrect Size,Approved
RET0005709,ORD0038321,P00186,2026-01-30,2,Quality Issue,Approved
RET0005710,ORD0046981,P01039,2026-06-10,2,Quality Issue,Rejected
RET0005711,ORD0049630,P00465,2026-01-04,1,Quality Issue,Pending
RET0005712,ORD0111460,P01118,2025-03-05,1,Customer Changed Mind,Approved
RET0005713,ORD0097798,P00166,2026-04-16,1,Incorrect Size,Approved
RET0005714,ORD0107810,P01811,2026-05-04,1,Quality Issue,Processed
RET0005715,ORD0099106,P01498,2026-02-19,1,Damaged,Processed
RET0005716,ORD0081078,P00916,2025-10-11,3,Customer Changed Mind,Approved
RET0005717,ORD0093759,P00447,2025-01-28,2,Wrong Product,Approved
RET0005718,ORD0038580,P00170,2025-11-09,1,Damaged,Processed
RET0005719,ORD0042046,P00410,2025-07-08,1,Incorrect Size,Approved
RET0005720,ORD0090860,P01576,2026-07-15,2,Damaged,Processed
RET0005721,ORD0079994,P01098,2024-12-18,1,Quality Issue,Approved
RET0005722,ORD0043892,P00490,2026-06-19,2,Incorrect Size,Processed
RET0005723,ORD0006198,P01159,2024-06-14,1,Customer Changed Mind,Processed
RET0005724,ORD0025050,P01682,2025-10-03,1,Customer Changed Mind,Processed
RET0005725,ORD0050613,P00040,2025-11-05,1,Quality Issue,Processed
RET0005726,ORD0021162,P01878,2024-12-29,1,Quality Issue,Approved
RET0005727,ORD0054972,P00492,2024-09-12,3,Wrong Product,Approved
RET0005728,ORD0035426,P01612,2025-12-16,2,Wrong Product,Processed
RET0005729,ORD0037945,P00231,2026-07-25,1,Quality Issue,Processed
RET0005730,ORD0038187,P00259,2026-01-26,2,Incorrect Size,Rejected
RET0005731,ORD0116258,P00748,2026-07-03,1,Wrong Product,Approved
RET0005732,ORD0014176,P00558,2025-03-29,1,Customer Changed Mind,Processed
RET0005733,ORD0086641,P00765,2026-05-26,1,Incorrect Size,Approved
RET0005734,ORD0081359,P01966,2025-12-20,1,Wrong Product,Approved
RET0005735,ORD0011394,P01274,2025-02-18,2,Damaged,Approved
RET0005736,ORD0012702,P00379,2025-10-28,2,Quality Issue,Rejected
RET0005737,ORD0061511,P00242,2026-06-06,1,Damaged,Processed
RET0005738,ORD0003771,P01374,2026-05-26,1,Wrong Product,Processed
RET0005739,ORD0118979,P01390,2026-06-05,1,Quality Issue,Processed
RET0005740,ORD0002813,P01097,2025-10-23,1,Quality Issue,Approved
RET0005741,ORD0118114,P01836,2026-05-12,2,Late Delivery,Approved
RET0005742,ORD0000157,P01288,2024-11-01,1,Customer Changed Mind,Approved
RET0005743,ORD0077715,P00315,2026-01-03,1,Late Delivery,Approved
RET0005744,ORD0094847,P00539,2026-07-14,1,Quality Issue,Approved
RET0005745,ORD0081691,P01241,2025-02-19,1,Quality Issue,Approved
RET0005746,ORD0035196,P01528,2026-03-06,2,Quality Issue,Processed
RET0005747,ORD0059652,P01545,2025-12-02,1,Quality Issue,Rejected
RET0005748,ORD0029057,P01628,2026-04-09,1,Incorrect Size,Pending
RET0005749,ORD0065736,P01554,2025-05-05,1,Incorrect Size,Approved
RET0005750,ORD0060328,P00192,2025-05-13,1,Damaged,Processed
RET0005751,ORD0050455,P01066,2024-11-13,1,Incorrect Size,Approved
RET0005752,ORD0018589,P00606,2024-05-08,1,Incorrect Size,Approved
RET0005753,ORD0020998,P01509,2025-12-18,1,Customer Changed Mind,Processed
RET0005754,ORD0068564,P01411,2025-02-16,1,Damaged,Approved
RET0005755,ORD0099164,P01549,2024-04-27,1,Quality Issue,Processed
RET0005756,ORD0084625,P01811,2026-07-20,1,Customer Changed Mind,Rejected
RET0005757,ORD0013430,P01417,2026-06-09,1,Quality Issue,Approved
RET0005758,ORD0053937,P00285,2026-06-02,1,Late Delivery,Pending
RET0005759,ORD0078988,P00334,2025-04-04,1,Damaged,Approved
RET0005760,ORD0026653,P00071,2026-07-28,1,Wrong Product,Pending
RET0005761,ORD0105274,P00030,2025-06-27,1,Incorrect Size,Processed
RET0005762,ORD0056780,P01820,2026-05-28,1,Damaged,Approved
RET0005763,ORD0032252,P01303,2025-08-12,1,Quality Issue,Approved
RET0005764,ORD0029719,P00755,2024-11-10,2,Wrong Product,Approved
RET0005765,ORD0094190,P00222,2025-11-11,1,Customer Changed Mind,Processed
RET0005766,ORD0070132,P00892,2025-11-03,1,Late Delivery,Approved
RET0005767,ORD0016491,P00315,2025-02-26,1,Wrong Product,Processed
RET0005768,ORD0111738,P00416,2024-09-20,1,Quality Issue,Approved
RET0005769,ORD0008353,P01792,2026-01-26,1,Quality Issue,Pending
RET0005770,ORD0075348,P00394,2026-08-02,1,Damaged,Approved
RET0005771,ORD0116783,P01390,2024-07-06,1,Customer Changed Mind,Processed
RET0005772,ORD0034535,P01291,2026-07-13,1,Quality Issue,Processed
RET0005773,ORD0111053,P00947,2026-02-11,1,Quality Issue,Approved
RET0005774,ORD0104455,P00259,2026-03-09,1,Late Delivery,Approved
RET0005775,ORD0073837,P01093,2026-05-22,1,Quality Issue,Processed
RET0005776,ORD0047788,P00398,2025-03-20,1,Damaged,Processed
RET0005777,ORD0050375,P00659,2024-10-19,1,Damaged,Processed
RET0005778,ORD0003133,P00454,2024-05-17,2,Quality Issue,Approved
RET0005779,ORD0018380,P01892,2026-04-19,1,Quality Issue,Rejected
RET0005780,ORD0112628,P00536,2026-06-23,2,Quality Issue,Pending
RET0005781,ORD0022930,P01064,2025-06-17,1,Wrong Product,Processed
RET0005782,ORD0034165,P00132,2026-08-10,1,Late Delivery,Approved
RET0005783,ORD0118905,P00721,2025-10-21,2,Quality Issue,Approved
RET0005784,ORD0053721,P00930,2024-07-26,2,Wrong Product,Pending
RET0005785,ORD0046446,P01146,2026-06-19,1,Late Delivery,Processed
RET0005786,ORD0013860,P01124,2026-02-20,2,Quality Issue,Processed
RET0005787,ORD0013902,P01344,2025-10-24,1,Wrong Product,Rejected
RET0005788,ORD0072095,P01723,2025-05-30,1,Customer Changed Mind,Approved
RET0005789,ORD0092214,P00008,2025-05-25,1,Wrong Product,Processed
RET0005790,ORD0083336,P01260,2025-10-11,2,Incorrect Size,Processed
RET0005791,ORD0016538,P01786,2026-03-21,1,Wrong Product,Rejected
RET0005792,ORD0027944,P01528,2024-10-01,1,Damaged,Processed
RET0005793,ORD0099957,P00566,2025-04-25,1,Damaged,Processed
RET0005794,ORD0016066,P01820,2026-05-13,2,Damaged,Approved
RET0005795,ORD0094997,P01117,2025-10-27,1,Wrong Product,Rejected
RET0005796,ORD0054182,P01948,2026-06-14,2,Quality Issue,Processed
RET0005797,ORD0040013,P00506,2026-02-28,1,Damaged,Approved
RET0005798,ORD0004679,P00522,2024-03-22,3,Wrong Product,Pending
RET0005799,ORD0000904,P00932,2025-03-29,1,Damaged,Approved
RET0005800,ORD0043579,P00668,2024-10-02,1,Customer Changed Mind,Approved
RET0005801,ORD0020008,P00707,2025-07-25,1,Damaged,Pending
RET0005802,ORD0068016,P01365,2026-03-30,2,Quality Issue,Processed
RET0005803,ORD0102418,P01856,2026-07-12,1,Quality Issue,Rejected
RET0005804,ORD0034672,P01070,2025-12-26,1,Quality Issue,Rejected
RET0005805,ORD0097209,P01048,2025-11-07,1,Wrong Product,Processed
RET0005806,ORD0078273,P01705,2026-05-14,1,Incorrect Size,Approved
RET0005807,ORD0026110,P00496,2024-09-05,1,Quality Issue,Rejected
RET0005808,ORD0034162,P01517,2026-02-17,1,Damaged,Processed
RET0005809,ORD0048854,P00232,2026-08-09,1,Customer Changed Mind,Processed
RET0005810,ORD0043151,P01724,2026-01-07,1,Quality Issue,Processed
RET0005811,ORD0069837,P01176,2025-12-07,1,Customer Changed Mind,Approved
RET0005812,ORD0055053,P00036,2026-06-03,1,Customer Changed Mind,Approved
RET0005813,ORD0030708,P01231,2025-12-02,2,Quality Issue,Processed
RET0005814,ORD0036420,P01257,2026-06-17,1,Damaged,Processed
RET0005815,ORD0034508,P00594,2025-03-20,3,Incorrect Size,Approved
RET0005816,ORD0075490,P00222,2025-05-04,1,Wrong Product,Approved
RET0005817,ORD0076775,P01349,2024-03-26,1,Damaged,Approved
RET0005818,ORD0072240,P00027,2026-06-05,1,Damaged,Processed
RET0005819,ORD0028637,P00474,2026-05-19,1,Customer Changed Mind,Approved
RET0005820,ORD0083338,P00753,2024-07-14,1,quality issue,Processed
RET0005821,ORD0054440,P01075,2026-01-23,1,Quality Issue,Processed
RET0005822,ORD0074613,P01141,2024-11-26,1,Incorrect Size,Approved
RET0005823,ORD0057313,P01774,2026-06-13,1,Late Delivery,Processed
RET0005824,ORD0012618,P00606,2025-03-27,1,Customer Changed Mind,Rejected
RET0005825,ORD0090838,P01349,2026-05-31,1,Customer Changed Mind,Approved
RET0005826,ORD0027781,P00883,2024-07-22,2,Damaged,Approved
RET0005827,ORD0091073,P00525,2025-10-29,1,Incorrect Size,Approved
RET0005828,ORD0118707,P01470,2025-11-15,1,Customer Changed Mind,Processed
RET0005829,ORD0088727,P01943,2026-04-07,1,Customer Changed Mind,Rejected
RET0005830,ORD0002480,P00996,2026-05-08,1,Late Delivery,Processed
RET0005831,ORD0116490,P01293,2024-02-21,1,Quality Issue,Pending
RET0005832,ORD0111463,P01981,2026-04-05,1,Wrong Product,Processed
RET0005833,ORD0100421,P00077,2026-03-31,1,Quality Issue,Approved
RET0005834,ORD0037694,P01070,2026-03-20,1,Quality Issue,Approved
RET0005835,ORD0110013,P00851,2026-03-13,1,Incorrect Size,Processed
RET0005836,ORD0113643,P00980,2025-12-08,2,Damaged,Processed
RET0005837,ORD0108687,P00839,2025-11-23,2,Wrong Product,Processed
RET0005838,ORD0048017,P00052,2025-05-07,1,Customer Changed Mind,Processed
RET0005839,ORD0029128,P00302,2026-04-09,1,Incorrect Size,Approved
RET0005840,ORD0096403,P00934,2026-05-31,1,Incorrect Size,Approved
RET0005841,ORD0039785,P01759,2026-06-17,1,Quality Issue,Processed
RET0005842,ORD0096865,P00904,2026-07-02,3,Wrong Product,Processed
RET0005843,ORD0075313,P01597,2026-03-01,2,Wrong Product,Processed
RET0005844,ORD0052777,P01249,2025-12-12,1,Quality Issue,Approved
RET0005845,ORD0058396,P01392,2025-11-02,1,Wrong Product,Rejected
RET0005846,ORD0083920,P00034,2024-11-28,1,Late Delivery,Approved
RET0005847,ORD0064882,P01885,2026-03-19,2,Incorrect Size,Approved
RET0005848,ORD0101982,P00003,2026-01-08,1,Customer Changed Mind,Processed
RET0005849,ORD0038427,P01062,2026-03-22,2,Customer Changed Mind,Pending
RET0005850,ORD0039112,P01508,2026-01-29,1,Damaged,Pending
RET0005851,ORD0101678,P00093,2025-11-15,1,Wrong Product,Approved
RET0005852,ORD0100886,P01157,2025-06-22,1,Quality Issue,Approved
RET0005853,ORD0111456,P00030,2025-04-17,2,Customer Changed Mind,Processed
RET0005854,ORD0021015,P01946,2026-03-28,1,Damaged,Processed
RET0005855,ORD0052920,P00283,2024-02-20,1,Damaged,Processed
RET0005856,ORD0043166,P00042,2025-02-26,1,Damaged,Approved
RET0005857,ORD0072740,P01869,2026-04-23,1,Quality Issue,Processed
RET0005858,ORD0114605,P00946,2026-04-14,2,Quality Issue,Approved
RET0005859,ORD0104172,P00502,2026-03-03,1,Late Delivery,Approved
RET0005860,ORD0083474,P01124,2024-08-26,1,Late Delivery,Processed
RET0005861,ORD0047676,P00018,2026-04-16,1,Damaged,Approved
RET0005862,ORD0064270,P01965,2026-01-07,1,Late Delivery,Processed
RET0005863,ORD0002753,P01242,2026-01-27,1,Damaged,Processed
RET0005864,ORD0064880,P00223,2025-03-29,1,Incorrect Size,Approved
RET0005865,ORD0081644,P00267,2026-03-18,1,Damaged,Approved
RET0005866,ORD0052501,P00777,2025-05-04,1,Customer Changed Mind,Pending
RET0005867,ORD0047631,P01080,2025-10-13,2,Damaged,Processed
RET0005868,ORD0061928,P00792,2025-11-02,1,Quality Issue,Rejected
RET0005869,ORD0116258,P01254,2026-06-29,1,Damaged,Approved
RET0005870,ORD0085514,P00197,2026-06-01,2,Incorrect Size,Processed
RET0005871,ORD0038214,P01012,2025-07-28,1,Damaged,Pending
RET0005872,ORD0007704,P00227,2025-08-26,1,Quality Issue,Approved
RET0005873,ORD0074543,P00393,2025-10-24,2,Quality Issue,Approved
RET0005874,ORD0036703,P00572,2026-07-19,1,Wrong Product,Pending
RET0005875,ORD0030400,P01678,2025-08-06,1,Wrong Product,Approved
RET0005876,ORD0088808,P00233,2025-10-23,1,Customer Changed Mind,Approved
RET0005877,ORD0072728,P01640,2026-01-15,1,Quality Issue,Pending
RET0005878,ORD0069409,P01227,2025-12-29,1,Incorrect Size,Approved
RET0005879,ORD0113488,P00588,2024-04-23,1,Wrong Product,Processed
RET0005880,ORD0091622,P00519,2025-07-20,1,Customer Changed Mind,Processed
RET0005881,ORD0083546,P01067,2025-11-10,1,Wrong Product,Processed
RET0005882,ORD0065055,P01170,2026-01-01,1,Damaged,Approved
RET0005883,ORD0064612,P00861,2025-10-31,2,Quality Issue,Approved
RET0005884,ORD0114398,P00595,2024-05-17,1,Customer Changed Mind,Rejected
RET0005885,ORD0024166,P00884,2024-06-11,1,Wrong Product,Processed
RET0005886,ORD0088348,P00436,2025-11-20,1,Incorrect Size,Approved
RET0005887,ORD0108418,P00282,2026-02-19,1,Quality Issue,Approved
RET0005888,ORD0108907,P00487,2026-05-08,1,Quality Issue,Processed
RET0005889,ORD0080344,P01259,2025-08-29,1,Damaged,Approved
RET0005890,ORD0033522,P00637,2024-09-21,1,Incorrect Size,Processed
RET0005891,ORD0033802,P00004,2024-08-22,2,Late Delivery,Pending
RET0005892,ORD0033444,P01963,2025-10-12,2,Late Delivery,Approved
RET0005893,ORD0016582,P01442,2026-02-27,1,Damaged,Pending
RET0005894,ORD0091241,P01081,2025-11-03,1,Incorrect Size,Processed
RET0005895,ORD0032805,P01184,2025-02-24,1,Late Delivery,Processed
RET0005896,ORD0103701,P00844,2025-11-26,1,Quality Issue,Pending
RET0005897,ORD0015507,P01109,2026-05-05,1,Quality Issue,Approved
RET0005898,ORD0020530,P01898,2026-07-31,1,Quality Issue,Pending
RET0005899,ORD0079545,P01324,2024-10-30,1,Quality Issue,Approved
RET0005900,ORD0108776,P00506,2025-12-02,2,Incorrect Size,Approved
RET0005901,ORD0029417,P01408,2025-12-19,1,Wrong Product,Processed
RET0005902,ORD0089511,P01456,2025-06-23,1,Wrong Product,Approved
RET0005903,ORD0102470,P00354,2026-05-20,1,Quality Issue,Processed
RET0005904,ORD0111956,P00635,2024-11-19,1,Late Delivery,Approved
RET0005905,ORD0092723,P01346,2025-06-09,1,Quality Issue,Approved
RET0005906,ORD0019402,P01707,2026-05-12,1,Quality Issue,Processed
RET0005907,ORD0023586,P01305,2025-06-10,1,Late Delivery,Approved
RET0005908,ORD0095942,P00391,2024-08-29,1,Quality Issue,Approved
RET0005909,ORD0038927,P00989,2026-02-11,3,Customer Changed Mind,Approved
RET0005910,ORD0105652,P00924,2025-12-05,1,Incorrect Size,Pending
RET0005911,ORD0002343,P01404,2025-11-05,1,Damaged,Processed
RET0005912,ORD0036391,P01229,2024-08-13,1,Quality Issue,Processed
RET0005913,ORD0078968,P00349,2026-08-05,1,Incorrect Size,Processed
RET0005914,ORD0087335,P01125,2024-04-22,1,Wrong Product,Processed
RET0005915,ORD0078086,P00243,2026-01-27,1,Customer Changed Mind,Approved
RET0005916,ORD0015737,P00101,2024-12-04,1,Customer Changed Mind,Approved
RET0005917,ORD0079502,P00575,2026-01-10,1,Late Delivery,Processed
RET0005918,ORD0038743,P01346,2026-07-02,1,Customer Changed Mind,Approved
RET0005919,ORD0010972,P00277,2026-04-07,1,Damaged,Rejected
RET0005920,ORD0098596,P00028,2025-01-12,1,Incorrect Size,Approved
RET0005921,ORD0015069,P01975,2024-02-22,1,Wrong Product,Processed
RET0005922,ORD0030813,P01263,2025-08-18,1,Late Delivery,Approved
RET0005923,ORD0106842,P00763,2025-10-03,1,Quality Issue,Processed
RET0005924,ORD0055400,P01046,2025-09-02,1,Damaged,Pending
RET0005925,ORD0048662,P01625,2026-07-10,1,Damaged,Approved
RET0005926,ORD0082977,P00746,2025-03-15,2,Incorrect Size,Approved
RET0005927,ORD0040793,P01487,2026-06-10,1,Quality Issue,Processed
RET0005928,ORD0048021,P01707,2025-06-28,1,Damaged,Approved
RET0005929,ORD0077081,P01800,2025-04-21,1,Quality Issue,Approved
RET0005930,ORD0022560,P00116,2026-07-01,1,Late Delivery,Processed
RET0005931,ORD0049978,P01517,2026-03-11,1,Damaged,Approved
RET0005932,ORD0039386,P00168,2026-04-01,1,Quality Issue,Approved
RET0005933,ORD0108026,P00657,2026-03-09,2,Customer Changed Mind,Approved
RET0005934,ORD0086383,P00956,2025-09-26,2,Wrong Product,Approved
RET0005935,ORD0060658,P01502,2026-03-23,1,Incorrect Size,Pending
RET0005936,ORD0070289,P00565,2025-03-14,1,Wrong Product,Approved
RET0005937,ORD0085761,P00019,2026-03-11,3,Wrong Product,Approved
RET0005938,ORD0017868,P01131,2024-08-21,1,Wrong Product,Processed
RET0005939,ORD0066918,P00789,2025-11-07,1,Quality Issue,Processed
RET0005940,ORD0106490,P00323,2024-07-27,1,Quality Issue,Approved
RET0005941,ORD0048087,P00728,2025-01-30,1,Incorrect Size,Processed
RET0005942,ORD0046970,P00426,2026-07-17,1,Wrong Product,Processed
RET0005943,ORD0088001,P00072,2026-02-28,2,Quality Issue,Approved
RET0005944,ORD0087526,P00719,2025-04-15,1,Late Delivery,Approved
RET0005945,ORD0043645,P01983,2025-08-02,1,Customer Changed Mind,Processed
RET0005946,ORD0085112,P01607,2026-01-24,1,Damaged,Approved
RET0005947,ORD0112893,P00246,2026-06-16,1,Quality Issue,Approved
RET0005948,ORD0043008,P01835,2026-01-27,1,Wrong Product,Processed
RET0005949,ORD0036104,P00088,2025-06-25,1,Quality Issue,Approved
RET0005950,ORD0020550,P01818,2026-07-03,2,Late Delivery,Approved
RET0005951,ORD0078612,P01417,2025-07-25,1,Damaged,Approved
RET0005952,ORD0089493,P00409,2026-04-06,1,Incorrect Size,Rejected
RET0005953,ORD0063352,P01544,2024-04-09,2,Quality Issue,Processed
RET0005954,ORD0054014,P01091,2026-06-03,1,Customer Changed Mind,Approved
RET0005955,ORD0118180,P00574,2024-09-06,1,Quality Issue,Approved
RET0005956,ORD0033120,P00145,2025-11-20,3,Customer Changed Mind,Pending
RET0005957,ORD0089327,P00458,2026-06-18,2,Quality Issue,Processed
RET0005958,ORD0088947,P01259,2026-06-18,1,Damaged,Processed
RET0005959,ORD0106286,P01959,2026-03-24,1,Customer Changed Mind,Approved
RET0005960,ORD0034560,P00641,2026-07-24,1,Customer Changed Mind,Approved
RET0005961,ORD0053642,P00761,2025-12-10,1,Customer Changed Mind,Approved
RET0005962,ORD0117730,P01778,2026-02-14,1,Customer Changed Mind,Rejected
RET0005963,ORD0004814,P01899,2026-05-23,1,Damaged,Pending
RET0005964,ORD0069591,P01915,2025-12-25,1,Incorrect Size,Approved
RET0005965,ORD0100776,P00656,2026-02-18,1,Damaged,Processed
RET0005966,ORD0117518,P01544,2026-02-10,1,Damaged,Rejected
RET0005967,ORD0080774,P00172,2026-07-17,1,Customer Changed Mind,Rejected
RET0005968,ORD0010866,P00405,2024-10-26,1,Quality Issue,Approved
RET0005969,ORD0021113,P01011,2024-12-24,1,Wrong Product,Approved
RET0005970,ORD0066233,P00426,2024-09-23,3,Late Delivery,Pending
RET0005971,ORD0040841,P01625,2025-08-04,1,Quality Issue,Approved
RET0005972,ORD0062664,P00787,2024-03-16,1,Damaged,Approved
RET0005973,ORD0113206,P00249,2024-10-30,1,Incorrect Size,Approved
RET0005974,ORD0073203,P01333,2026-03-25,1,Customer Changed Mind,Processed
RET0005975,ORD0056425,P01806,2025-11-09,1,Quality Issue,Approved
RET0005976,ORD0008748,P01261,2026-02-21,1,Damaged,Processed
RET0005977,ORD0071512,P01864,2025-01-11,1,Quality Issue,Pending
RET0005978,ORD0078412,P01038,2025-02-05,1,Incorrect Size,Processed
RET0005979,ORD0078616,P01313,2025-09-20,1,Damaged,Pending
RET0005980,ORD0036159,P00795,2025-06-23,1,Damaged,Rejected
RET0005981,ORD0055012,P01846,2026-05-10,1,Wrong Product,Processed
RET0005982,ORD0085751,P01280,2026-07-04,1,Damaged,Processed
RET0005983,ORD0086524,P00888,2026-03-10,1,Incorrect Size,Rejected
RET0005984,ORD0049376,P00978,2025-11-30,1,Quality Issue,Processed
RET0005985,ORD0038071,P01816,2025-07-09,1,Quality Issue,Approved
RET0005986,ORD0077175,P00779,2025-09-05,2,Incorrect Size,Pending
RET0005987,ORD0109838,P01608,2024-05-07,1,Incorrect Size,Processed
RET0005988,ORD0018293,P01876,2026-04-14,3,Quality Issue,Rejected
RET0005989,ORD0046825,P00290,2025-11-30,3,Customer Changed Mind,Approved
RET0005990,ORD0059230,P00051,2025-07-21,1,Customer Changed Mind,Approved
RET0005991,ORD0075362,P00998,2026-06-05,2,Wrong Product,Processed
RET0005992,ORD0093875,P00697,2025-12-13,3,Customer Changed Mind,Processed
RET0005993,ORD0018180,P01069,2026-02-05,1,Customer Changed Mind,Approved
RET0005994,ORD0051771,P00470,2026-07-25,1,Damaged,Rejected
RET0005995,ORD0015472,P01157,2025-02-08,1,Customer Changed Mind,Processed
RET0005996,ORD0095120,P01869,2026-02-03,1,Customer Changed Mind,Approved
RET0005997,ORD0054678,P01759,2024-08-25,1,Customer Changed Mind,Processed
RET0005998,ORD0047390,P00663,2024-11-08,2,Damaged,Approved
RET0005999,ORD0007476,P01504,2025-05-26,1,Customer Changed Mind,Processed
RET0006000,ORD0104593,P01540,2026-01-28,1,Customer Changed Mind,Approved
RET0006001,ORD0033509,P00087,2025-11-19,1,Quality Issue,Approved
RET0006002,ORD0033474,P01279,2025-08-20,1,Quality Issue,Pending
RET0006003,ORD0118390,P00416,2026-07-11,1,Wrong Product,Approved
RET0006004,ORD0065858,P01559,2025-04-12,1,Damaged,Processed
RET0006005,ORD0000289,P00973,2025-05-01,1,Customer Changed Mind,Processed
RET0006006,ORD0089863,P01540,2026-07-09,3,Damaged,Approved
RET0006007,ORD0076169,P01571,2025-01-26,1,Customer Changed Mind,Pending
RET0006008,ORD0034285,P00558,2025-08-05,1,Incorrect Size,Approved
RET0006009,ORD0052232,P01138,2026-06-01,1,Wrong Product,Processed
RET0006010,ORD0063315,P01686,2026-03-30,1,Customer Changed Mind,Processed
RET0006011,ORD0110083,P01260,2025-07-30,2,Quality Issue,Processed
RET0006012,ORD0025161,P00993,2026-04-06,1,Late Delivery,Approved
RET0006013,ORD0025310,P01379,2026-07-04,1,Damaged,Rejected
RET0006014,ORD0098640,P01601,2026-06-28,3,Damaged,Pending
RET0006015,ORD0094604,P01446,2026-01-12,1,Incorrect Size,Approved
RET0006016,ORD0075972,P00214,2026-03-30,1,Damaged,Processed
RET0006017,ORD0089504,P01717,2026-02-02,1,Quality Issue,Approved
RET0006018,ORD0006521,P01549,2026-06-19,1,Quality Issue,Approved
RET0006019,ORD0074261,P00674,2026-02-17,2,Wrong Product,Approved
RET0006020,ORD0078347,P01274,2026-05-27,2,Quality Issue,Approved
RET0006021,ORD0094714,P00615,2025-02-20,1,Damaged,Processed
RET0006022,ORD0006887,P01199,2025-01-24,1,Wrong Product,Approved
RET0006023,ORD0040811,P00922,2024-05-03,1,Customer Changed Mind,Approved
RET0006024,ORD0111032,P01047,2025-12-07,2,Incorrect Size,Approved
RET0006025,ORD0006035,P01993,2026-07-17,1,Wrong Product,Approved
RET0006026,ORD0066639,P00045,2025-04-27,1,Damaged,Processed
RET0006027,ORD0040685,P01638,2025-07-30,1,Incorrect Size,Processed
RET0006028,ORD0081275,P01249,2026-06-19,1,Damaged,Approved
RET0006029,ORD0109705,P00767,2026-04-10,2,Incorrect Size,Approved
RET0006030,ORD0098818,P01701,2026-05-30,1,Quality Issue,Approved
RET0006031,ORD0018260,P01065,2025-12-20,2,Late Delivery,Processed
RET0006032,ORD0100050,P00081,2025-04-07,1,Quality Issue,Approved
RET0006033,ORD0055937,P01072,2024-08-28,1,Quality Issue,Processed
RET0006034,ORD0044200,P01947,2026-02-13,2,Damaged,Processed
RET0006035,ORD0088412,P01670,2025-11-25,1,Incorrect Size,Approved
RET0006036,ORD0097404,P00556,2026-03-13,1,Incorrect Size,Approved
RET0006037,ORD0097574,P00867,2026-07-17,1,Incorrect Size,Approved
RET0006038,ORD0017047,P00268,2024-04-08,1,Quality Issue,Approved
RET0006039,ORD0117833,P01284,2026-02-02,1,Late Delivery,Approved
RET0006040,ORD0100102,P00490,2026-05-22,1,Late Delivery,Pending
RET0006041,ORD0022305,P00449,2026-01-22,1,Damaged,Approved
RET0006042,ORD0078694,P00448,2025-03-12,1,Customer Changed Mind,Approved
RET0006043,ORD0063434,P00372,2026-06-12,1,Quality Issue,Rejected
RET0006044,ORD0063040,P01414,2025-10-11,1,Quality Issue,Pending
RET0006045,ORD0047764,P00053,2026-07-29,1,Customer Changed Mind,Approved
RET0006046,ORD0115713,P01795,2025-11-26,2,Customer Changed Mind,Processed
RET0006047,ORD0055497,P00939,2024-02-19,1,Quality Issue,Approved
RET0006048,ORD0008604,P00223,2026-07-19,1,Customer Changed Mind,Processed
RET0006049,ORD0072538,P01751,2026-05-06,1,Incorrect Size,Processed
RET0006050,ORD0109100,P01186,2025-12-03,3,Quality Issue,Approved
RET0006051,ORD0038368,P00776,2026-02-21,1,Damaged,Approved
RET0006052,ORD0119418,P01920,2026-06-08,1,Damaged,Approved
RET0006053,ORD0109272,P00568,2024-07-16,3,Quality Issue,Processed
RET0006054,ORD0018781,P01319,2025-07-04,1,Customer Changed Mind,Approved
RET0006055,ORD0014273,P00546,2026-04-03,3,Incorrect Size,Processed
RET0006056,ORD0045304,P01524,2025-07-31,1,Wrong Product,Approved
RET0006057,ORD0003568,P00232,2025-03-26,1,Damaged,Processed
RET0006058,ORD0104162,P00689,2025-11-25,1,quality issue,Approved
RET0006059,ORD0030198,P00407,2025-12-21,1,Quality Issue,Rejected
RET0006060,ORD0019633,P01332,2025-03-29,3,Incorrect Size,Approved
RET0006061,ORD0024806,P00977,2026-04-25,1,Incorrect Size,Approved
RET0006062,ORD0114385,P00933,2025-05-05,1,Customer Changed Mind,Approved
RET0006063,ORD0066087,P00828,2026-05-31,1,Quality Issue,Processed
RET0006064,ORD0044401,P00435,2025-08-04,2,Damaged,Approved
RET0006065,ORD0019541,P01461,2024-03-07,3,Late Delivery,Approved
RET0006066,ORD0017541,P00579,2026-05-17,2,Incorrect Size,Approved
RET0006067,ORD0113596,P00902,2025-11-18,1,Customer Changed Mind,Approved
RET0006068,ORD0099510,P01448,2025-11-01,1,Incorrect Size,Processed
RET0006069,ORD0057529,P00784,2025-12-03,1,Wrong Product,Approved
RET0006070,ORD0010717,P00121,2025-05-16,3,Damaged,Processed
RET0006071,ORD0113494,P00001,2026-07-05,1,Late Delivery,Rejected
RET0006072,ORD0021745,P01100,2025-03-16,1,Incorrect Size,Processed
RET0006073,ORD0015062,P01284,2026-07-09,2,Customer Changed Mind,Approved
RET0006074,ORD0042855,P01905,2026-05-29,1,Quality Issue,Processed
RET0006075,ORD0015801,P01471,2025-11-26,1,Damaged,Rejected
RET0006076,ORD0043050,P01201,2025-11-07,1,Quality Issue,Approved
RET0006077,ORD0051843,P00255,2025-06-27,1,Late Delivery,Approved
RET0006078,ORD0098433,P00205,2025-11-04,1,Wrong Product,Approved
RET0006079,ORD0064008,P00428,2026-05-07,1,Quality Issue,Approved
RET0006080,ORD0046883,P01731,2026-05-17,2,Quality Issue,Approved
RET0006081,ORD0063186,P00548,2026-04-11,3,Late Delivery,Approved
RET0006082,ORD0053892,P00818,2026-06-17,1,Wrong Product,Processed
RET0006083,ORD0058554,P00308,2025-09-26,1,Damaged,Approved
RET0006084,ORD0033679,P00041,2026-02-24,1,Incorrect Size,Approved
RET0006085,ORD0061750,P00589,2026-01-27,1,Quality Issue,Pending
RET0006086,ORD0039179,P00959,2025-10-27,1,Quality Issue,Approved
RET0006087,ORD0092696,P00872,2025-06-22,1,Quality Issue,Approved
RET0006088,ORD0000380,P01130,2025-11-24,1,Quality Issue,Approved
RET0006089,ORD0105798,P00743,2025-05-30,1,Damaged,Approved
RET0006090,ORD0008926,P00136,2025-03-28,1,Customer Changed Mind,Processed
RET0006091,ORD0112072,P01385,2025-08-15,1,Quality Issue,Approved
RET0006092,ORD0004355,P01154,2026-04-23,1,Damaged,Rejected
RET0006093,ORD0019286,P00916,2026-02-23,1,Damaged,Rejected
RET0006094,ORD0035377,P01561,2026-06-03,1,Quality Issue,Approved
RET0006095,ORD0029223,P00568,2024-02-05,1,Incorrect Size,Processed
RET0006096,ORD0039714,P00303,2023-01-01,1,Quality Issue,Processed
RET0006097,ORD0029636,P00331,2025-02-06,1,Damaged,Rejected
RET0006098,ORD0085834,P00718,2025-11-12,1,Incorrect Size,Approved
RET0006099,ORD0063317,P00415,2024-05-21,2,Damaged,Processed
RET0006100,ORD0063821,P00902,2024-04-02,1,Wrong Product,Approved
RET0006101,ORD0040457,P01986,2025-05-31,1,Incorrect Size,Approved
RET0006102,ORD0089078,P00094,2025-04-26,1,Quality Issue,Rejected
RET0006103,ORD0104213,P00733,2025-12-15,1,Incorrect Size,Approved
RET0006104,ORD0068495,P00552,2026-03-09,1,Quality Issue,Approved
RET0006105,ORD0101454,P01064,2026-03-30,1,Quality Issue,Approved
RET0006106,ORD0016059,P00660,2025-12-20,2,Wrong Product,Rejected
RET0006107,ORD0084664,P01734,2025-01-04,1,Customer Changed Mind,Approved
RET0006108,ORD0104742,P01122,2026-07-18,2,Incorrect Size,Approved
RET0006109,ORD0029278,P00305,2024-08-28,1,Incorrect Size,Processed
RET0006110,ORD0022070,P01565,2024-09-16,1,Customer Changed Mind,Approved
RET0006111,ORD0053698,P00170,2025-02-15,3,Customer Changed Mind,Approved
RET0006112,ORD0007407,P01120,2026-06-29,1,Wrong Product,Processed
RET0006113,ORD0049351,P01691,2026-02-09,1,Customer Changed Mind,Pending
RET0006114,ORD0077591,P01606,2024-12-15,1,Incorrect Size,Processed
RET0006115,ORD0021394,P00863,2024-06-13,1,Damaged,Approved
RET0006116,ORD0073709,P00354,2025-07-29,1,Customer Changed Mind,Approved
RET0006117,ORD0100891,P01897,2026-02-13,1,Incorrect Size,Processed
RET0006118,ORD0021195,P01219,2024-09-28,1,Late Delivery,Approved
RET0006119,ORD0031553,P00416,2026-05-18,1,Customer Changed Mind,Processed
RET0006120,ORD0045899,P00362,2026-02-02,1,Customer Changed Mind,Approved
RET0006121,ORD0012042,P01358,2026-01-06,1,Damaged,Rejected
RET0006122,ORD0086642,P00904,2024-08-29,1,Wrong Product,Approved
RET0006123,ORD0106786,P00251,2026-05-23,1,Damaged,Pending
RET0006124,ORD0027782,P01587,2025-12-22,2,Damaged,Approved
RET0006125,ORD0014485,P00119,2025-05-02,1,Damaged,Processed
RET0006126,ORD0048739,P00560,2024-07-28,1,Customer Changed Mind,Approved
RET0006127,ORD0112263,P00126,2026-05-09,3,Damaged,Processed
RET0006128,ORD0071990,P01092,2025-04-18,1,Incorrect Size,Approved
RET0006129,ORD0024698,P01846,2026-06-22,1,Damaged,Approved
RET0006130,ORD0005192,P01437,2025-10-24,1,Customer Changed Mind,Approved
RET0006131,ORD0092105,P00700,2025-06-22,1,Incorrect Size,Approved
RET0006132,ORD0003584,P00072,2025-11-26,2,Damaged,Pending
RET0006133,ORD0090635,P01575,2025-12-30,1,Customer Changed Mind,Processed
RET0006134,ORD0013347,P00207,2026-02-14,1,Incorrect Size,Processed
RET0006135,ORD0048321,P00154,2026-07-11,3,Late Delivery,Approved
RET0006136,ORD0099623,P00372,2026-08-05,1,Wrong Product,Approved
RET0006137,ORD0044265,P01839,2026-05-07,3,Quality Issue,Approved
RET0006138,ORD0101072,P01137,2025-05-20,3,Quality Issue,Approved
RET0006139,ORD0035370,P01659,2026-08-10,3,Customer Changed Mind,Processed
RET0006140,ORD0088228,P00570,2026-07-16,1,Damaged,Processed
RET0006141,ORD0087649,P00741,2025-10-02,2,Damaged,Approved
RET0006142,ORD0062519,P01067,2025-11-26,1,Quality Issue,Approved
RET0006143,ORD0069712,P00063,2024-09-24,1,Customer Changed Mind,Approved
RET0006144,ORD0044706,P01964,2026-07-15,2,Damaged,Approved
RET0006145,ORD0101537,P01659,2025-12-13,1,Late Delivery,Approved
RET0006146,ORD0012811,P01607,2025-11-02,1,Incorrect Size,Approved
RET0006147,ORD0019179,P01504,2025-12-26,3,Damaged,Approved
RET0006148,ORD0054252,P01097,2025-12-12,2,Damaged,Approved
RET0006149,ORD0030216,P00471,2025-09-11,2,Customer Changed Mind,Processed
RET0006150,ORD0009815,P00313,2026-06-23,1,Quality Issue,Pending
RET0006151,ORD0019763,P00559,2025-07-02,1,Customer Changed Mind,Approved
RET0006152,ORD0119640,P00054,2024-11-28,1,Incorrect Size,Approved
RET0006153,ORD0064710,P01552,2025-05-09,1,Damaged,Approved
RET0006154,ORD0048049,P00138,2025-10-22,1,Customer Changed Mind,Processed
RET0006155,ORD0073602,P01357,2025-08-28,1,Customer Changed Mind,Processed
RET0006156,ORD0088608,P01332,2026-01-18,1,Customer Changed Mind,Processed
RET0006157,ORD0100828,P01632,2026-05-17,2,Customer Changed Mind,Processed
RET0006158,ORD0097402,P01713,2025-05-27,1,Quality Issue,Pending
RET0006159,ORD0011635,P01071,2025-04-20,3,Customer Changed Mind,Approved
RET0006160,ORD0050740,P01775,2026-02-15,1,Quality Issue,Approved
RET0006161,ORD0065928,P00778,2026-04-10,2,Damaged,Approved
RET0006162,ORD0026552,P00733,2025-08-26,1,Late Delivery,Processed
RET0006163,ORD0036364,P01690,2026-02-01,1,Customer Changed Mind,Approved
RET0006164,ORD0112248,P01663,2025-07-19,1,Late Delivery,Rejected
RET0006165,ORD0016493,P01323,2025-07-03,1,Damaged,Processed
RET0006166,ORD0048938,P00108,2026-04-26,1,Incorrect Size,Pending
RET0006167,ORD0008620,P00372,2025-11-17,1,Incorrect Size,Pending
RET0006168,ORD0070248,P00363,2026-06-01,1,Quality Issue,Processed
RET0006169,ORD0113621,P00425,2024-05-16,1,Incorrect Size,Rejected
RET0006170,ORD0042293,P00469,2026-02-10,3,Damaged,Processed
RET0006171,ORD0117162,P01184,2024-07-13,1,Late Delivery,Approved
RET0006172,ORD0073256,P01393,2025-12-27,1,Customer Changed Mind,Processed
RET0006173,ORD0117412,P01399,2024-12-23,1,Incorrect Size,Pending
RET0006174,ORD0012630,P00193,2025-11-14,1,Wrong Product,Processed
RET0006175,ORD0107463,P00407,2025-02-06,1,Wrong Product,Processed
RET0006176,ORD0092158,P01355,2026-07-03,1,Quality Issue,Approved
RET0006177,ORD0104496,P01018,2026-01-12,1,Damaged,Rejected
RET0006178,ORD0036035,P01346,2025-06-05,1,Quality Issue,Approved
RET0006179,ORD0091212,P01292,2026-02-06,3,Wrong Product,Processed
RET0006180,ORD0037335,P01269,2024-08-15,1,Quality Issue,Processed
RET0006181,ORD0035220,P00253,2024-01-24,2,Incorrect Size,Processed
RET0006182,ORD0016225,P01464,2025-02-08,1,Quality Issue,Approved
RET0006183,ORD0030123,P01141,2026-06-27,1,Wrong Product,Processed
RET0006184,ORD0027923,P01275,2026-01-10,1,Damaged,Approved
RET0006185,ORD0013307,P00416,2026-06-09,3,Damaged,Approved
RET0006186,ORD0105306,P01088,2025-12-04,1,Damaged,Approved
RET0006187,ORD0059143,P01943,2025-10-17,1,Late Delivery,Processed
RET0006188,ORD0080294,P00451,2025-09-10,2,Customer Changed Mind,Approved
RET0006189,ORD0077818,P00169,2026-04-17,1,Wrong Product,Approved
RET0006190,ORD0029227,P01811,2024-12-10,1,Wrong Product,Rejected
RET0006191,ORD0114388,P01236,2026-03-11,1,Incorrect Size,Approved
RET0006192,ORD0010770,P01270,2026-01-27,1,Damaged,Rejected
RET0006193,ORD0057496,P01137,2026-02-25,1,Customer Changed Mind,Processed
RET0006194,ORD0001027,P00632,2026-06-10,1,Customer Changed Mind,Approved
RET0006195,ORD0005442,P01046,2026-02-04,1,Damaged,Processed
RET0006196,ORD0015355,P01248,2024-05-05,1,Incorrect Size,Approved
RET0006197,ORD0030949,P01661,2026-04-26,1,Damaged,Pending
RET0006198,ORD0054311,P00260,2026-05-15,1,Quality Issue,Approved
RET0006199,ORD0055931,P01940,2024-08-14,1,Quality Issue,Processed
RET0006200,ORD0006886,P01045,2026-05-30,1,Quality Issue,Processed
RET0006201,ORD0062299,P00093,2025-03-08,1,Quality Issue,Rejected
RET0006202,ORD0057177,P01740,2026-05-20,1,Quality Issue,Approved
RET0006203,ORD0022137,P00544,2026-06-18,1,Customer Changed Mind,Processed
RET0006204,ORD0116357,P00251,2026-06-10,1,Customer Changed Mind,Approved
RET0006205,ORD0024142,P00587,2026-07-05,1,Quality Issue,Processed
RET0006206,ORD0057084,P01791,2026-03-28,1,Late Delivery,Approved
RET0006207,ORD0033209,P01735,2026-07-12,1,Late Delivery,Approved
RET0006208,ORD0041000,P00444,2025-12-20,1,Wrong Product,Processed
RET0006209,ORD0105012,P00248,2025-07-03,2,Wrong Product,Approved
RET0006210,ORD0069728,P01817,2025-04-01,1,Customer Changed Mind,Processed
RET0006211,ORD0089883,P01117,2026-04-21,2,Damaged,Processed
RET0006212,ORD0056490,P01984,2025-02-18,1,Customer Changed Mind,Approved
RET0006213,ORD0011873,P01723,2025-10-18,1,Damaged,Processed
RET0006214,ORD0023661,P01135,2026-06-27,2,Late Delivery,Approved
RET0006215,ORD0029104,P01164,2025-08-04,1,Quality Issue,Processed
RET0006216,ORD0086741,P00036,2026-05-30,1,Late Delivery,Approved
RET0006217,ORD0113860,P00811,2025-03-12,1,Quality Issue,Approved
RET0006218,ORD0002808,P00371,2025-11-23,3,Damaged,Processed
RET0006219,ORD0040500,P00999,2025-11-15,1,Damaged,Pending
RET0006220,ORD0005643,P01265,2026-01-14,1,Quality Issue,Pending
RET0006221,ORD0081656,P01978,2025-11-30,1,Quality Issue,Processed
RET0006222,ORD0036764,P00198,2025-09-22,1,Quality Issue,Approved
RET0006223,ORD0019476,P00832,2026-03-17,1,Quality Issue,Approved
RET0006224,ORD0039646,P00675,2026-07-11,1,Quality Issue,Approved
RET0006225,ORD0015734,P00397,2025-11-19,1,Quality Issue,Processed
RET0006226,ORD0091739,P00486,2025-04-22,2,Quality Issue,Approved
RET0006227,ORD0047013,P01242,2025-11-23,1,Quality Issue,Pending
RET0006228,ORD0043249,P01711,2025-02-24,1,Damaged,Approved
RET0006229,ORD0044975,P00209,2025-04-03,1,Damaged,Approved
RET0006230,ORD0040319,P01308,2026-01-05,1,Customer Changed Mind,Rejected
RET0006231,ORD0023488,P01113,2025-12-12,1,Late Delivery,Approved
RET0006232,ORD0008131,P00208,2025-09-23,1,Quality Issue,Approved
RET0006233,ORD0055849,P00211,2026-06-23,1,Customer Changed Mind,Processed
RET0006234,ORD0060184,P01179,2024-11-17,1,Wrong Product,Pending
RET0006235,ORD0111560,P01462,2025-08-25,1,Quality Issue,Approved
RET0006236,ORD0068727,P00943,2026-05-10,1,Wrong Product,Approved
RET0006237,ORD0071832,P00406,2025-04-12,1,Quality Issue,Approved
RET0006238,ORD0001216,P01478,2025-05-13,2,Wrong Product,Processed
RET0006239,ORD0048833,P01728,2025-12-01,2,Customer Changed Mind,Approved
RET0006240,ORD0045894,P00707,2024-12-03,1,Customer Changed Mind,Processed
RET0006241,ORD0069351,P01271,2026-02-20,2,Wrong Product,Approved
RET0006242,ORD0068183,P00864,2026-01-06,1,Damaged,Pending
RET0006243,ORD0072675,P01473,2026-05-26,2,Wrong Product,Processed
RET0006244,ORD0041519,P00284,2024-04-15,1,Customer Changed Mind,Processed
RET0006245,ORD0038105,P00709,2026-05-25,1,Customer Changed Mind,Processed
RET0006246,ORD0074782,P00420,2025-07-24,1,Quality Issue,Approved
RET0006247,ORD0047082,P00870,2024-07-10,1,Damaged,Approved
RET0006248,ORD0075023,P01496,2025-11-27,1,Customer Changed Mind,Processed
RET0006249,ORD0105811,P01839,2026-06-25,2,Damaged,Approved
RET0006250,ORD0111070,P00022,2026-06-09,1,Incorrect Size,Approved
RET0006251,ORD0085808,P00686,2026-06-02,1,Quality Issue,Approved
RET0006252,ORD0096067,P01051,2024-03-02,1,Incorrect Size,Approved
RET0006253,ORD0044971,P01668,2024-02-18,1,Incorrect Size,Approved
RET0006254,ORD0117860,P01733,2026-03-28,1,Customer Changed Mind,Processed
RET0006255,ORD0116816,P01118,2026-08-02,3,Quality Issue,Processed
RET0006256,ORD0025147,P00314,2024-08-01,1,Customer Changed Mind,Approved
RET0006257,ORD0002746,P01024,2026-01-12,1,Incorrect Size,Processed
RET0006258,ORD0054457,P00211,2026-02-25,1,Customer Changed Mind,Approved
RET0006259,ORD0088713,P00746,2026-06-29,1,Customer Changed Mind,Pending
RET0006260,ORD0051451,P00381,2026-06-18,1,Incorrect Size,Processed
RET0006261,ORD0024426,P00213,2025-09-17,1,Incorrect Size,Approved
RET0006262,ORD0000396,P01061,2025-03-20,1,Incorrect Size,Processed
RET0006263,ORD0011985,P00122,2024-07-30,1,Damaged,Approved
RET0006264,ORD0060028,P01735,2024-06-19,1,Wrong Product,Approved
RET0006265,ORD0095249,P01989,2025-11-05,2,Customer Changed Mind,Approved
RET0006266,ORD0102673,P00943,2025-05-16,1,Customer Changed Mind,Pending
RET0006267,ORD0103176,P01018,2025-06-16,1,Customer Changed Mind,Rejected
RET0006268,ORD0083450,P01645,2025-12-23,1,Wrong Product,Processed
RET0006269,ORD0107796,P00560,2024-03-14,3,Quality Issue,Rejected
RET0006270,ORD0092931,P00697,2026-02-24,1,Wrong Product,Approved
RET0006271,ORD0012569,P01900,2026-07-02,2,Quality Issue,Processed
RET0006272,ORD0053072,P00355,2026-06-28,2,Incorrect Size,Approved
RET0006273,ORD0068017,P01114,2025-06-19,1,Quality Issue,Approved
RET0006274,ORD0113306,P00345,2025-10-25,3,Customer Changed Mind,Pending
RET0006275,ORD0093436,P01546,2025-11-24,1,Wrong Product,Rejected
RET0006276,ORD0063757,P00535,2024-12-18,3,Damaged,Rejected
RET0006277,ORD0087217,P01587,2025-05-22,2,Quality Issue,Processed
RET0006278,ORD0077870,P01822,2026-01-02,1,Customer Changed Mind,Approved
RET0006279,ORD0088502,P01722,2024-12-23,2,Damaged,Processed
RET0006280,ORD0010653,P01329,2026-01-17,2,Incorrect Size,Approved
RET0006281,ORD0061713,P01771,2024-12-04,1,Quality Issue,Rejected
RET0006282,ORD0049320,P00256,2026-04-23,2,Incorrect Size,Approved
RET0006283,ORD0045211,P00962,2026-02-28,1,Customer Changed Mind,Processed
RET0006284,ORD0077048,P01254,2026-01-06,1,Incorrect Size,Processed
RET0006285,ORD0104740,P00166,2024-11-24,1,Wrong Product,Approved
RET0006286,ORD0076868,P01456,2025-12-06,1,Wrong Product,Approved
RET0006287,ORD0087497,P01744,2026-06-19,1,Incorrect Size,Approved
RET0006288,ORD0104921,P00866,2026-06-22,1,Incorrect Size,Approved
RET0006289,ORD0056124,P01401,2026-04-02,3,Customer Changed Mind,Rejected
RET0006290,ORD0040884,P00972,2025-09-10,2,Damaged,Approved
RET0006291,ORD0025356,P00797,2026-07-02,1,Customer Changed Mind,Approved
RET0006292,ORD0029128,P00664,2026-03-17,2,Quality Issue,Approved
RET0006293,ORD0108866,P01418,2026-07-03,1,Incorrect Size,Approved
RET0006294,ORD0117341,P01687,2026-08-02,1,Customer Changed Mind,Approved
RET0006295,ORD0102426,P01963,2026-05-14,1,Damaged,Rejected
RET0006296,ORD0109731,P00013,2024-05-25,3,Quality Issue,Processed
RET0006297,ORD0023844,P01355,2026-03-27,1,Quality Issue,Pending
RET0006298,ORD0081373,P00602,2024-04-06,1,Customer Changed Mind,Approved
RET0006299,ORD0021291,P00460,2026-03-24,1,Quality Issue,Approved
RET0006300,ORD0031682,P01640,2024-09-16,1,Incorrect Size,Approved
RET0006301,ORD0114710,P00174,2025-05-28,1,Wrong Product,Processed
RET0006302,ORD0042887,P01111,2026-04-15,1,Late Delivery,Approved
RET0006303,ORD0017876,P01640,2024-04-18,1,Quality Issue,Approved
RET0006304,ORD0056000,P01988,2025-10-07,3,Late Delivery,Processed
RET0006305,ORD0081444,P01513,2025-12-13,1,Incorrect Size,Approved
RET0006306,ORD0019155,P00684,2026-07-25,1,Quality Issue,Processed
RET0006307,ORD0047139,P00026,2025-08-04,1,Late Delivery,Processed
RET0006308,ORD0078414,P00623,2025-11-30,2,Damaged,Processed
RET0006309,ORD0106078,P00040,2026-06-13,3,Quality Issue,Approved
RET0006310,ORD0092152,P00767,2024-12-11,1,Damaged,Processed
RET0006311,ORD0011278,P01893,2024-06-13,2,Damaged,Approved
RET0006312,ORD0112101,P01084,2025-09-21,2,Customer Changed Mind,Approved
RET0006313,ORD0048715,P00242,2025-04-29,2,Late Delivery,Approved
RET0006314,ORD0051124,P00537,2026-06-04,2,Incorrect Size,Approved
RET0006315,ORD0062114,P01858,2026-07-24,1,Quality Issue,Approved
RET0006316,ORD0042744,P01654,2026-04-28,1,Incorrect Size,Processed
RET0006317,ORD0095018,P01121,2025-03-04,2,Customer Changed Mind,Processed
RET0006318,ORD0004196,P00789,2025-05-19,1,Late Delivery,Approved
RET0006319,ORD0001481,P00127,2025-01-22,1,Incorrect Size,Approved
RET0006320,ORD0112478,P00227,2025-10-05,1,Customer Changed Mind,Approved
RET0006321,ORD0061424,P01233,2025-03-21,1,Quality Issue,Pending
RET0006322,ORD0110268,P00850,2026-01-06,1,Late Delivery,Approved
RET0006323,ORD0050049,P00727,2025-07-25,1,Wrong Product,Approved
RET0006324,ORD0017923,P01133,2026-05-01,1,Quality Issue,Approved
RET0006325,ORD0117342,P01073,2024-01-27,1,Wrong Product,Processed
RET0006326,ORD0085626,P00517,2025-11-08,1,Damaged,Approved
RET0006327,ORD0090516,P00823,2025-12-06,2,Wrong Product,Approved
RET0006328,ORD0031967,P01765,2025-11-10,1,Wrong Product,Approved
RET0006329,ORD0067652,P01149,2026-04-28,2,Customer Changed Mind,Processed
RET0006330,ORD0091066,P01878,2026-05-01,1,Incorrect Size,Approved
RET0006331,ORD0086593,P01283,2024-01-28,2,Customer Changed Mind,Pending
RET0006332,ORD0063603,P01307,2025-11-19,1,Incorrect Size,Rejected
RET0006333,ORD0080836,P00111,2026-03-04,1,Late Delivery,Processed
RET0006334,ORD0089698,P00442,2026-02-26,2,Damaged,Pending
RET0006335,ORD0047288,P01172,2025-02-12,1,Wrong Product,Processed
RET0006336,ORD0119789,P01666,2025-04-23,1,Incorrect Size,Approved
RET0006337,ORD0066058,P01116,2026-05-06,1,Quality Issue,Processed
RET0006338,ORD0022092,P01093,2026-05-10,3,Incorrect Size,Processed
RET0006339,ORD0072945,P01024,2026-07-06,1,Customer Changed Mind,Processed
RET0006340,ORD0074002,P01172,2025-07-26,1,Quality Issue,Processed
RET0006341,ORD0030283,P00783,2026-03-13,1,Quality Issue,Processed
RET0006342,ORD0100146,P00433,2025-08-13,2,Incorrect Size,Pending
RET0006343,ORD0104230,P01082,2026-03-18,1,Damaged,Approved
RET0006344,ORD0101089,P00848,2026-04-17,2,Incorrect Size,Processed
RET0006345,ORD0027624,P01696,2024-11-27,1,Customer Changed Mind,Processed
RET0006346,ORD0018703,P01376,2026-05-24,1,Incorrect Size,Rejected
RET0006347,ORD0071154,P00633,2025-06-30,1,Late Delivery,Approved
RET0006348,ORD0006280,P01286,2024-04-08,1,Late Delivery,Approved
RET0006349,ORD0002150,P00246,2024-05-13,1,Customer Changed Mind,Approved
RET0006350,ORD0022638,P01672,2025-02-16,1,Quality Issue,Approved
RET0006351,ORD0099817,P00707,2026-02-17,1,Wrong Product,Approved
RET0006352,ORD0116554,P00539,2024-08-21,1,Customer Changed Mind,Approved
RET0006353,ORD0079190,P01820,2026-02-01,1,Late Delivery,Approved
RET0006354,ORD0040986,P00540,2026-03-05,2,Quality Issue,Rejected
RET0006355,ORD0035241,P00082,2026-05-10,1,Customer Changed Mind,Approved
RET0006356,ORD0015848,P01323,2024-07-15,1,Quality Issue,Approved
RET0006357,ORD0071012,P01192,2024-02-22,2,Customer Changed Mind,Processed
RET0006358,ORD0053432,P01985,2026-04-19,2,Quality Issue,Approved
RET0006359,ORD0006099,P00447,2025-08-29,1,Quality Issue,Processed
RET0006360,ORD0086115,P00291,2026-05-28,1,Quality Issue,Processed
RET0006361,ORD0032630,P00986,2026-03-24,1,Quality Issue,Approved
RET0006362,ORD0021751,P00108,2026-05-30,1,Late Delivery,Approved
RET0006363,ORD0074252,P00787,2025-08-29,1,Wrong Product,Approved
RET0006364,ORD0019795,P01001,2026-03-06,1,Quality Issue,Approved
RET0006365,ORD0064037,P01505,2024-09-19,1,Damaged,Processed
RET0006366,ORD0049568,P01004,2026-05-18,1,Wrong Product,Approved
RET0006367,ORD0104997,P00588,2024-11-26,1,Quality Issue,Approved
RET0006368,ORD0084254,P00349,2025-07-31,1,Customer Changed Mind,Processed
RET0006369,ORD0107029,P00434,2025-05-04,1,Customer Changed Mind,Approved
RET0006370,ORD0068371,P01201,2025-11-18,3,Incorrect Size,Approved
RET0006371,ORD0015237,P01470,2025-10-21,1,Wrong Product,Processed
RET0006372,ORD0046316,P01378,2026-01-09,1,Damaged,Approved
RET0006373,ORD0069833,P01295,2026-07-12,1,Damaged,Processed
RET0006374,ORD0069015,P00130,2025-08-23,3,Wrong Product,Rejected
RET0006375,ORD0118523,P00237,2026-07-30,2,Quality Issue,Processed
RET0006376,ORD0066046,P00214,2026-07-30,2,Quality Issue,Approved
RET0006377,ORD0001960,P01924,2025-08-26,1,Late Delivery,Approved
RET0006378,ORD0110283,P00351,2026-05-22,2,Wrong Product,Processed
RET0006379,ORD0000489,P01638,2025-07-24,1,Late Delivery,Processed
RET0006380,ORD0031643,P01779,2026-02-23,1,Damaged,Pending
RET0006381,ORD0118374,P01520,2025-11-19,1,Quality Issue,Processed
RET0006382,ORD0014570,P01692,2026-06-20,3,Quality Issue,Approved
RET0006383,ORD0060580,P00160,2026-04-28,1,Damaged,Approved
RET0006384,ORD0094835,P01332,2026-05-21,1,Quality Issue,Pending
RET0006385,ORD0020663,P00042,2025-03-22,2,Quality Issue,Processed
RET0006386,ORD0007265,P00839,2025-06-19,1,Customer Changed Mind,Rejected
RET0006387,ORD0082705,P00623,2024-10-28,1,Quality Issue,Processed
RET0006388,ORD0079962,P01051,2025-03-20,3,Quality Issue,Pending
RET0006389,ORD0017203,P01484,2025-09-27,1,Damaged,Processed
RET0006390,ORD0092694,P00580,2026-01-27,2,Wrong Product,Pending
RET0006391,ORD0015126,P01664,2025-07-14,1,Quality Issue,Rejected
RET0006392,ORD0028232,P00644,2026-07-09,1,Incorrect Size,Rejected
RET0006393,ORD0070945,P01761,2026-05-10,2,Late Delivery,Pending
RET0006394,ORD0017711,P01143,2026-06-26,1,Late Delivery,Processed
RET0006395,ORD0106155,P01253,2024-07-09,1,Quality Issue,Processed
RET0006396,ORD0014909,P00471,2025-01-16,1,Customer Changed Mind,Processed
RET0006397,ORD0037904,P00963,2026-01-07,1,Damaged,Processed
RET0006398,ORD0098626,P01158,2026-07-07,2,Customer Changed Mind,Processed
RET0006399,ORD0088174,P00307,2024-09-04,1,Incorrect Size,Processed
RET0006400,ORD0036048,P00608,2026-03-25,1,Quality Issue,Approved
RET0006401,ORD0084513,P01421,2026-04-13,2,Incorrect Size,Processed
RET0006402,ORD0100859,P01468,2025-11-19,2,Damaged,Rejected
RET0006403,ORD0086548,P00104,2026-01-21,1,Late Delivery,Processed
RET0006404,ORD0078653,P00601,2025-11-29,1,Quality Issue,Approved
RET0006405,ORD0019810,P01638,2025-04-18,1,Wrong Product,Rejected
RET0006406,ORD0083799,P01907,2026-04-19,1,Wrong Product,Processed
RET0006407,ORD0002260,P01607,2025-02-18,1,Quality Issue,Approved
RET0006408,ORD0045761,P01681,2025-11-02,2,Quality Issue,Processed
RET0006409,ORD0041365,P01339,2025-01-27,1,Quality Issue,Processed
RET0006410,ORD0087850,P01118,2025-12-13,1,Wrong Product,Processed
RET0006411,ORD0003551,P01090,2026-03-29,1,Late Delivery,Approved
RET0006412,ORD0102811,P00907,2025-07-10,2,Damaged,Approved
RET0006413,ORD0009383,P00420,2025-04-06,1,Damaged,Rejected
RET0006414,ORD0098302,P01633,2024-09-07,1,Late Delivery,Pending
RET0006415,ORD0037965,P00613,2025-04-25,1,Customer Changed Mind,Approved
RET0006416,ORD0075910,P01400,2026-05-16,1,Incorrect Size,Pending
RET0006417,ORD0049461,P00583,2026-04-16,1,Customer Changed Mind,Approved
RET0006418,ORD0061544,P00716,2025-12-28,1,Damaged,Approved
RET0006419,ORD0025867,P00633,2025-06-25,1,Damaged,Processed
RET0006420,ORD0035459,P01608,2024-12-21,2,Quality Issue,Approved
RET0006421,ORD0071758,P01605,2026-04-28,1,Wrong Product,Approved
RET0006422,ORD0013607,P01381,2024-02-15,1,Wrong Product,Pending
RET0006423,ORD0095444,P01045,2025-04-23,1,Customer Changed Mind,Processed
RET0006424,ORD0065445,P00895,2025-10-03,1,Wrong Product,Approved
RET0006425,ORD0038046,P01689,2025-12-13,1,Quality Issue,Processed
RET0006426,ORD0017775,P00923,2026-01-16,3,Customer Changed Mind,Processed
RET0006427,ORD0097096,P01390,2025-09-09,1,Damaged,Processed
RET0006428,ORD0087630,P01769,2026-07-12,1,Quality Issue,Approved
RET0006429,ORD0043139,P00860,2025-12-05,1,Customer Changed Mind,Approved
RET0006430,ORD0009537,P00329,2026-02-19,1,Quality Issue,Processed
RET0006431,ORD0117547,P00531,2024-03-31,1,Damaged,Processed
RET0006432,ORD0108552,P00855,2026-06-17,1,Quality Issue,Pending
RET0006433,ORD0072101,P01543,2026-02-21,1,Wrong Product,Approved
RET0006434,ORD0115555,P01320,2025-07-27,1,Customer Changed Mind,Rejected
RET0006435,ORD0054331,P01332,2026-01-03,1,Wrong Product,Pending
RET0006436,ORD0066502,P01477,2026-05-22,2,Incorrect Size,Approved
RET0006437,ORD0109660,P01933,2024-09-06,2,Wrong Product,Approved
RET0006438,ORD0029678,P01369,2025-08-31,2,Incorrect Size,Processed
RET0006439,ORD0030369,P01745,2026-04-09,1,Incorrect Size,Rejected
RET0006440,ORD0034803,P01959,2025-11-23,1,Customer Changed Mind,Approved
RET0006441,ORD0102087,P01980,2026-07-17,2,Customer Changed Mind,Approved
RET0006442,ORD0118810,P00575,2026-06-24,1,Customer Changed Mind,Processed
RET0006443,ORD0092279,P01162,2024-11-24,3,Incorrect Size,Processed
RET0006444,ORD0106981,P00528,2026-05-19,1,Quality Issue,Approved
RET0006445,ORD0019478,P00133,2025-05-03,1,Late Delivery,Approved
RET0006446,ORD0054714,P00252,2026-03-20,1,Damaged,Approved
RET0006447,ORD0073965,P01500,2025-07-04,1,Incorrect Size,Pending
RET0006448,ORD0063707,P01633,2025-09-26,1,Damaged,Processed
RET0006449,ORD0119699,P01734,2026-03-18,1,Damaged,Approved
RET0006450,ORD0033544,P00248,2025-12-05,1,Wrong Product,Rejected
RET0006451,ORD0000577,P00094,2026-04-16,1,Customer Changed Mind,Processed
RET0006452,ORD0059037,P00942,2025-01-26,1,Incorrect Size,Pending
RET0006453,ORD0101365,P01187,2025-10-03,1,Quality Issue,Approved
RET0006454,ORD0082062,P01902,2025-05-28,1,Wrong Product,Approved
RET0006455,ORD0070521,P01187,2026-02-24,1,Customer Changed Mind,Approved
RET0006456,ORD0027564,P00419,2025-07-05,1,Quality Issue,Approved
RET0006457,ORD0067979,P00163,2024-03-19,1,Late Delivery,Rejected
RET0006458,ORD0010672,P01419,2025-12-22,2,Wrong Product,Processed
RET0006459,ORD0028886,P01177,2025-10-03,1,Customer Changed Mind,Approved
RET0006460,ORD0056843,P01953,2026-06-25,1,Quality Issue,Processed
RET0006461,ORD0074093,P00822,2024-09-22,2,Incorrect Size,Processed
RET0006462,ORD0084309,P00395,2026-06-10,2,Quality Issue,Processed
RET0006463,ORD0013317,P00376,2024-12-06,1,Damaged,Approved
RET0006464,ORD0018380,P00057,2026-05-03,1,Quality Issue,Pending
RET0006465,ORD0003727,P01731,2026-06-04,3,Wrong Product,Processed
RET0006466,ORD0097535,P00123,2025-09-02,1,Incorrect Size,Rejected
RET0006467,ORD0022470,P00598,2025-06-10,3,Customer Changed Mind,Processed
RET0006468,ORD0111358,P00613,2025-02-18,1,Wrong Product,Processed
RET0006469,ORD0001109,P00115,2026-08-08,1,Customer Changed Mind,Approved
RET0006470,ORD0010780,P01763,2025-03-20,2,Wrong Product,Processed
RET0006471,ORD0109681,P01814,2025-02-18,1,Wrong Product,Approved
RET0006472,ORD0002441,P00154,2026-08-08,1,Late Delivery,Pending
RET0006473,ORD0016566,P01630,2025-10-26,1,Quality Issue,Approved
RET0006474,ORD0038126,P00097,2026-06-07,2,Incorrect Size,Approved
RET0006475,ORD0005722,P01980,2024-03-18,1,Customer Changed Mind,Processed
RET0006476,ORD0072138,P01969,2025-04-05,1,Damaged,Processed
RET0006477,ORD0018004,P01874,2024-12-15,2,Customer Changed Mind,Processed
RET0006478,ORD0022842,P01765,2026-04-02,1,Customer Changed Mind,Processed
RET0006479,ORD0084953,P01489,2025-08-11,2,Wrong Product,Processed
RET0006480,ORD0103081,P00795,2025-12-26,2,Incorrect Size,Rejected
RET0006481,ORD0055079,P01869,2024-02-21,1,Incorrect Size,Approved
RET0006482,ORD0059129,P01216,2025-12-06,1,Damaged,Processed
RET0006483,ORD0005856,P01278,2026-02-07,1,Quality Issue,Rejected
RET0006484,ORD0057695,P00251,2024-09-10,3,Quality Issue,Approved
RET0006485,ORD0111066,P00237,2025-11-09,1,Wrong Product,Approved
RET0006486,ORD0029501,P01642,2025-12-12,2,Quality Issue,Approved
RET0006487,ORD0039511,P01723,2026-06-17,1,Damaged,Processed
RET0006488,ORD0088832,P00287,2026-03-24,1,Damaged,Processed
RET0006489,ORD0027284,P01011,2024-08-09,1,Incorrect Size,Approved
RET0006490,ORD0039796,P01632,2026-05-08,1,Quality Issue,Approved
RET0006491,ORD0081582,P00409,2026-01-12,1,Wrong Product,Approved
RET0006492,ORD0103003,P00897,2025-10-11,1,Customer Changed Mind,Processed
RET0006493,ORD0057368,P01653,2026-01-04,1,Incorrect Size,Approved
RET0006494,ORD0109139,P01013,2026-07-26,1,Customer Changed Mind,Processed
RET0006495,ORD0029006,P01154,2026-04-14,1,Incorrect Size,Pending
RET0006496,ORD0071395,P01180,2025-07-16,1,Incorrect Size,Processed
RET0006497,ORD0038548,P00073,2026-06-08,1,Customer Changed Mind,Rejected
RET0006498,ORD0027368,P00107,2026-03-20,1,Quality Issue,Pending
RET0006499,ORD0031096,P01282,2025-12-11,1,Quality Issue,Processed
RET0006500,ORD0063283,P01980,2025-12-28,1,Quality Issue,Processed
RET0006501,ORD0100435,P01140,2025-09-02,1,Customer Changed Mind,Processed
RET0006502,ORD0055858,P00519,2026-03-19,1,Damaged,Processed
RET0006503,ORD0093230,P00286,2026-07-29,1,Wrong Product,Approved
RET0006504,ORD0065805,P00895,2025-12-19,1,Quality Issue,Approved
RET0006505,ORD0051540,P00895,2026-01-28,1,Quality Issue,Processed
RET0006506,ORD0049009,P01896,2026-02-25,1,Quality Issue,Rejected
RET0006507,ORD0039771,P01088,2023-01-01,1,Quality Issue,Processed
RET0006508,ORD0003488,P00282,2025-11-24,1,Damaged,Approved
RET0006509,ORD0058521,P00569,2024-03-28,1,Damaged,Processed
RET0006510,ORD0032850,P00828,2025-04-04,1,Quality Issue,Processed
RET0006511,ORD0060702,P00380,2026-02-06,3,Late Delivery,Processed
RET0006512,ORD0013379,P00445,2025-12-18,1,Quality Issue,Processed
RET0006513,ORD0000156,P00406,2025-10-15,1,Damaged,Approved
RET0006514,ORD0019462,P01085,2026-01-29,1,Customer Changed Mind,Approved
RET0006515,ORD0102952,P00184,2025-07-24,1,Incorrect Size,Rejected
RET0006516,ORD0049566,P00981,2026-07-07,1,Wrong Product,Approved
RET0006517,ORD0013505,P00383,2024-05-22,1,Damaged,Rejected
RET0006518,ORD0034685,P01021,2026-03-06,3,Quality Issue,Approved
RET0006519,ORD0000202,P01198,2026-07-09,1,Quality Issue,Pending
RET0006520,ORD0018128,P00110,2024-09-28,1,Incorrect Size,Approved
RET0006521,ORD0049773,P01416,2024-05-22,1,Incorrect Size,Processed
RET0006522,ORD0027546,P01275,2026-07-13,1,Quality Issue,Processed
RET0006523,ORD0047073,P01850,2026-03-21,1,Damaged,Processed
RET0006524,ORD0058639,P00083,2025-08-30,1,Customer Changed Mind,Processed
RET0006525,ORD0036137,P00309,2025-06-01,1,Incorrect Size,Approved
RET0006526,ORD0116690,P01286,2024-09-02,2,Customer Changed Mind,Approved
RET0006527,ORD0024768,P00243,2026-06-29,1,Incorrect Size,Approved
RET0006528,ORD0053720,P01862,2025-02-10,1,Quality Issue,Processed
RET0006529,ORD0083376,P00783,2026-05-29,1,Damaged,Processed
RET0006530,ORD0107161,P00981,2026-04-04,1,Late Delivery,Approved
RET0006531,ORD0007303,P00497,2026-03-22,1,Quality Issue,Processed
RET0006532,ORD0092885,P00056,2025-11-30,1,Damaged,Approved
RET0006533,ORD0045922,P01287,2026-01-17,1,Customer Changed Mind,Approved
RET0006534,ORD0075928,P00502,2026-07-11,1,Quality Issue,Approved
RET0006535,ORD0013442,P00999,2024-05-03,3,Damaged,Processed
RET0006536,ORD0101716,P01786,2024-10-15,1,Customer Changed Mind,Approved
RET0006537,ORD0006162,P01193,2025-07-16,1,Quality Issue,Rejected
RET0006538,ORD0005737,P01086,2025-07-27,1,Quality Issue,Processed
RET0006539,ORD0037374,P00447,2026-03-04,1,Late Delivery,Processed
RET0006540,ORD0094402,P00899,2026-01-23,1,Incorrect Size,Approved
RET0006541,ORD0061667,P01706,2025-12-18,1,Incorrect Size,Processed
RET0006542,ORD0031521,P00642,2025-07-14,1,Customer Changed Mind,Rejected
RET0006543,ORD0054436,P01135,2026-01-31,1,Damaged,Processed
RET0006544,ORD0117594,P00054,2025-11-05,1,Quality Issue,Approved
RET0006545,ORD0007903,P00809,2026-05-10,1,Wrong Product,Approved
RET0006546,ORD0068355,P00992,2025-12-07,1,Incorrect Size,Approved
RET0006547,ORD0029418,P00199,2026-01-27,2,Quality Issue,Approved
RET0006548,ORD0006197,P01131,2026-01-10,1,Customer Changed Mind,Processed
RET0006549,ORD0004936,P01988,2024-07-18,1,Late Delivery,Approved
RET0006550,ORD0035135,P00240,2025-05-04,1,Late Delivery,Processed
RET0006551,ORD0012379,P00290,2026-01-13,1,Incorrect Size,Approved
RET0006552,ORD0088304,P01350,2025-12-27,1,Wrong Product,Processed
RET0006553,ORD0114599,P01894,2025-07-17,1,Incorrect Size,Pending
RET0006554,ORD0112036,P00793,2026-06-22,1,Damaged,Approved
RET0006555,ORD0004280,P01689,2025-10-21,1,Quality Issue,Approved
RET0006556,ORD0016749,P01811,2025-10-02,1,Incorrect Size,Processed
RET0006557,ORD0051756,P00190,2026-02-09,1,Customer Changed Mind,Processed
RET0006558,ORD0111621,P01856,2025-12-27,1,Damaged,Processed
RET0006559,ORD0061267,P01435,2026-07-04,1,Quality Issue,Rejected
RET0006560,ORD0093122,P00113,2026-05-22,1,Incorrect Size,Processed
RET0006561,ORD0114057,P01420,2026-01-02,1,Customer Changed Mind,Pending
RET0006562,ORD0038128,P01837,2025-04-24,1,Late Delivery,Approved
RET0006563,ORD0077974,P01822,2026-06-16,1,Quality Issue,Approved
RET0006564,ORD0051065,P01752,2025-10-21,1,Wrong Product,Approved
RET0006565,ORD0012244,P01321,2026-02-05,1,Quality Issue,Processed
RET0006566,ORD0038192,P01785,2024-04-30,1,Customer Changed Mind,Approved
RET0006567,ORD0067136,P01558,2026-01-20,1,Wrong Product,Approved
RET0006568,ORD0020476,P00496,2025-12-18,1,Incorrect Size,Pending
RET0006569,ORD0022100,P00461,2024-05-10,1,Customer Changed Mind,Approved
RET0006570,ORD0056241,P00333,2024-10-16,1,Incorrect Size,Approved
RET0006571,ORD0094101,P00338,2026-01-10,2,Late Delivery,Approved
RET0006572,ORD0031921,P00057,2025-08-01,1,Late Delivery,Approved
RET0006573,ORD0107753,P00471,2024-01-31,1,Customer Changed Mind,Approved
RET0006574,ORD0080190,P01007,2026-07-23,2,Customer Changed Mind,Approved
RET0006575,ORD0097336,P00629,2025-07-14,1,Quality Issue,Approved
RET0006576,ORD0030545,P00016,2025-02-25,1,Quality Issue,Processed
RET0006577,ORD0080552,P00105,2024-12-23,1,Quality Issue,Approved
RET0006578,ORD0070405,P01081,2026-01-30,1,Customer Changed Mind,Processed
RET0006579,ORD0118816,P01694,2026-05-20,1,Wrong Product,Processed
RET0006580,ORD0113450,P01417,2025-09-25,1,Damaged,Processed
RET0006581,ORD0056954,P00039,2025-09-11,1,Quality Issue,Pending
RET0006582,ORD0102771,P01362,2026-05-08,1,Customer Changed Mind,Processed
RET0006583,ORD0052410,P00123,2025-02-20,2,Late Delivery,Approved
RET0006584,ORD0075860,P01839,2026-07-03,1,Customer Changed Mind,Approved
RET0006585,ORD0093647,P00805,2026-07-14,1,Customer Changed Mind,Approved
RET0006586,ORD0069926,P00302,2025-12-09,1,Quality Issue,Processed
RET0006587,ORD0094619,P00896,2026-03-03,1,Quality Issue,Processed
RET0006588,ORD0029955,P00603,2026-04-20,1,Incorrect Size,Approved
RET0006589,ORD0067063,P01890,2024-11-03,1,Damaged,Approved
RET0006590,ORD0007318,P00825,2026-07-11,1,Late Delivery,Rejected
RET0006591,ORD0033866,P00943,2024-04-17,1,Damaged,Processed
RET0006592,ORD0000189,P01927,2025-11-23,1,Quality Issue,Approved
RET0006593,ORD0104385,P00674,2025-08-12,2,Quality Issue,Rejected
RET0006594,ORD0041449,P01161,2025-10-17,1,Customer Changed Mind,Processed
RET0006595,ORD0018620,P00120,2026-01-31,1,Quality Issue,Approved
RET0006596,ORD0021182,P01737,2024-01-30,1,Customer Changed Mind,Approved
RET0006597,ORD0038562,P01165,2026-01-16,1,Wrong Product,Processed
RET0006598,ORD0035862,P00777,2025-01-24,1,Customer Changed Mind,Approved
RET0006599,ORD0028868,P01225,2024-12-16,1,Damaged,Pending
RET0006600,ORD0102044,P00620,2024-10-07,2,Incorrect Size,Processed
RET0006601,ORD0035827,P00407,2026-06-08,1,Quality Issue,Processed
RET0006602,ORD0002976,P01143,2026-01-07,1,Quality Issue,Processed
RET0006603,ORD0078050,P01589,2026-01-25,1,Incorrect Size,Pending
RET0006604,ORD0074107,P01691,2024-05-30,1,Quality Issue,Approved
RET0006605,ORD0070638,P00654,2024-09-08,1,Customer Changed Mind,Approved
RET0006606,ORD0025801,P00091,2026-07-11,1,Damaged,Processed
RET0006607,ORD0088684,P00202,2024-08-28,3,Customer Changed Mind,Approved
RET0006608,ORD0117551,P00556,2024-11-22,1,Incorrect Size,Processed
RET0006609,ORD0063286,P00640,2025-12-18,1,Incorrect Size,Processed
RET0006610,ORD0036619,P01606,2025-12-05,1,Quality Issue,Approved
RET0006611,ORD0108579,P01089,2025-05-08,1,Wrong Product,Approved
RET0006612,ORD0106362,P01244,2026-04-19,1,Wrong Product,Processed
RET0006613,ORD0038893,P01882,2026-04-20,1,Incorrect Size,Approved
RET0006614,ORD0066932,P01718,2026-06-12,1,Damaged,Approved
RET0006615,ORD0028105,P01926,2024-07-15,1,Quality Issue,Approved
RET0006616,ORD0046142,P00863,2024-12-11,1,Customer Changed Mind,Approved
RET0006617,ORD0107104,P01938,2026-03-18,1,Customer Changed Mind,Processed
RET0006618,ORD0041421,P00379,2026-04-22,2,Quality Issue,Pending
RET0006619,ORD0034031,P01062,2024-11-13,1,Incorrect Size,Processed
RET0006620,ORD0117146,P00324,2025-08-11,2,Quality Issue,Processed
RET0006621,ORD0064654,P01583,2026-07-09,2,Customer Changed Mind,Approved
RET0006622,ORD0060138,P01663,2026-03-06,1,Customer Changed Mind,Pending
RET0006623,ORD0089844,P00442,2024-09-01,2,Incorrect Size,Rejected
RET0006624,ORD0114959,P00941,2024-11-08,2,Late Delivery,Processed
RET0006625,ORD0114561,P01928,2026-05-13,1,Customer Changed Mind,Approved
RET0006626,ORD0105944,P01221,2026-04-03,2,Quality Issue,Approved
RET0006627,ORD0050250,P00848,2024-11-13,1,Wrong Product,Approved
RET0006628,ORD0053798,P00681,2024-05-01,2,Damaged,Approved
RET0006629,ORD0041007,P00871,2025-05-11,1,Incorrect Size,Approved
RET0006630,ORD0105146,P00357,2025-12-06,1,Quality Issue,Rejected
RET0006631,ORD0075826,P01728,2025-03-04,1,Damaged,Approved
RET0006632,ORD0115054,P01853,2026-01-22,1,Wrong Product,Approved
RET0006633,ORD0054225,P01554,2025-01-19,2,Incorrect Size,Rejected
RET0006634,ORD0036121,P01560,2025-03-16,1,Quality Issue,Pending
RET0006635,ORD0002094,P01158,2024-08-18,2,Quality Issue,Approved
RET0006636,ORD0066292,P01653,2026-06-13,1,Damaged,Approved
RET0006637,ORD0024173,P00877,2025-07-05,1,Incorrect Size,Processed
RET0006638,ORD0041914,P01733,2026-06-10,2,Incorrect Size,Pending
RET0006639,ORD0008082,P01836,2025-08-10,2,Late Delivery,Processed
RET0006640,ORD0009910,P00830,2026-02-14,1,Customer Changed Mind,Approved
RET0006641,ORD0043649,P01341,2024-03-13,2,Quality Issue,Processed
RET0006642,ORD0012385,P00802,2025-07-08,1,Incorrect Size,Processed
RET0006643,ORD0016127,P00609,2026-03-18,2,Quality Issue,Approved
RET0006644,ORD0041105,P00425,2025-03-13,1,Incorrect Size,Approved
RET0006645,ORD0059410,P00853,2026-02-23,1,Quality Issue,Rejected
RET0006646,ORD0026273,P00428,2024-11-21,1,Customer Changed Mind,Processed
RET0006647,ORD0109346,P00798,2025-01-14,1,Customer Changed Mind,Approved
RET0006648,ORD0059272,P01479,2024-08-31,1,Quality Issue,Processed
RET0006649,ORD0046878,P01308,2025-09-10,1,Wrong Product,Processed
RET0006650,ORD0007280,P01178,2025-12-19,3,Wrong Product,Approved
RET0006651,ORD0071176,P00984,2025-03-30,1,Quality Issue,Approved
RET0006652,ORD0087783,P00413,2026-04-07,1,Customer Changed Mind,Approved
RET0006653,ORD0083737,P01360,2024-05-26,1,Quality Issue,Pending
RET0006654,ORD0102185,P01499,2025-11-18,2,Damaged,Approved
RET0006655,ORD0119183,P00396,2026-07-08,1,Customer Changed Mind,Processed
RET0006656,ORD0022292,P01275,2025-11-02,1,Wrong Product,Processed
RET0006657,ORD0068729,P00716,2026-05-09,1,Quality Issue,Rejected
RET0006658,ORD0014354,P00203,2024-05-01,1,Quality Issue,Pending
RET0006659,ORD0016414,P01569,2026-06-22,1,Customer Changed Mind,Pending
RET0006660,ORD0063871,P01078,2026-01-07,3,Customer Changed Mind,Rejected
RET0006661,ORD0048781,P01007,2025-11-10,1,Damaged,Approved
RET0006662,ORD0092657,P00321,2025-11-09,2,Quality Issue,Approved
RET0006663,ORD0035487,P00220,2025-01-08,3,Incorrect Size,Approved
RET0006664,ORD0076268,P01024,2025-11-15,2,Quality Issue,Processed
RET0006665,ORD0119326,P01299,2026-04-21,1,Wrong Product,Approved
RET0006666,ORD0063811,P01869,2026-02-28,2,Quality Issue,Approved
RET0006667,ORD0096516,P00162,2026-01-13,1,Wrong Product,Approved
RET0006668,ORD0050812,P00797,2025-06-28,1,Damaged,Processed
RET0006669,ORD0085752,P01180,2025-12-12,1,Wrong Product,Approved
RET0006670,ORD0053824,P00122,2025-11-17,2,Damaged,Approved
RET0006671,ORD0040861,P01676,2026-04-18,1,Wrong Product,Processed
RET0006672,ORD0080632,P00535,2025-11-07,1,Quality Issue,Processed
RET0006673,ORD0010204,P01630,2025-04-02,1,Wrong Product,Rejected
RET0006674,ORD0081162,P00267,2026-05-08,2,Quality Issue,Processed
RET0006675,ORD0022401,P01442,2025-02-22,3,Incorrect Size,Processed
RET0006676,ORD0103445,P01772,2024-07-12,1,Late Delivery,Approved
RET0006677,ORD0105864,P00460,2025-12-15,1,Customer Changed Mind,Approved
RET0006678,ORD0065681,P01345,2025-05-09,3,Quality Issue,Processed
RET0006679,ORD0032870,P00936,2025-11-23,1,Damaged,Approved
RET0006680,ORD0013814,P00989,2025-10-15,2,Customer Changed Mind,Rejected
RET0006681,ORD0047456,P00312,2024-01-07,1,Customer Changed Mind,Pending
RET0006682,ORD0053715,P01015,2026-06-21,1,Incorrect Size,Approved
RET0006683,ORD0070607,P00911,2024-03-27,1,Quality Issue,Processed
RET0006684,ORD0084782,P00682,2026-06-27,1,Incorrect Size,Approved
RET0006685,ORD0035786,P00383,2026-05-26,1,Quality Issue,Approved
RET0006686,ORD0107799,P00351,2025-09-19,1,Late Delivery,Approved
RET0006687,ORD0101934,P00884,2025-04-03,1,Quality Issue,Processed
RET0006688,ORD0093185,P00315,2025-08-17,3,Incorrect Size,Pending
RET0006689,ORD0041579,P00684,2024-07-10,2,Customer Changed Mind,Approved
RET0006690,ORD0062676,P00454,2024-04-27,2,Incorrect Size,Processed
RET0006691,ORD0101864,P00147,2025-11-03,1,Incorrect Size,Approved
RET0006692,ORD0049624,P01089,2025-08-03,1,Late Delivery,Approved
RET0006693,ORD0028428,P01324,2026-04-03,1,Damaged,Processed
RET0006694,ORD0030445,P00593,2026-04-22,2,Wrong Product,Processed
RET0006695,ORD0080226,P01747,2025-10-04,1,Quality Issue,Processed
RET0006696,ORD0073021,P01311,2025-08-27,1,Damaged,Pending
RET0006697,ORD0106964,P00422,2026-03-23,1,Customer Changed Mind,Approved
RET0006698,ORD0083620,P00634,2026-04-16,3,Quality Issue,Processed
RET0006699,ORD0048005,P01235,2026-07-08,2,Incorrect Size,Approved
RET0006700,ORD0090806,P01056,2026-04-10,3,Incorrect Size,Processed
RET0006701,ORD0003529,P01009,2026-01-22,1,Quality Issue,Approved
RET0006702,ORD0063443,P01448,2024-03-23,1,Customer Changed Mind,Approved
RET0006703,ORD0080921,P00404,2025-03-13,1,Damaged,Processed
RET0006704,ORD0031442,P00233,2026-06-04,1,Quality Issue,Approved
RET0006705,ORD0061523,P01025,2025-07-08,2,Wrong Product,Processed
RET0006706,ORD0113704,P00008,2026-04-27,1,Late Delivery,Pending
RET0006707,ORD0000546,P00830,2025-02-15,1,Incorrect Size,Approved
RET0006708,ORD0053091,P01691,2026-04-04,1,Late Delivery,Processed
RET0006709,ORD0102496,P00719,2024-03-30,1,Quality Issue,Pending
RET0006710,ORD0027940,P01623,2024-12-10,3,Quality Issue,Processed
RET0006711,ORD0074376,P00017,2026-03-04,1,Incorrect Size,Approved
RET0006712,ORD0012253,P01523,2025-12-11,1,Customer Changed Mind,Processed
RET0006713,ORD0028050,P01979,2026-06-10,1,Customer Changed Mind,Processed
RET0006714,ORD0108474,P01352,2026-02-14,1,Wrong Product,Processed
RET0006715,ORD0005913,P00906,2025-05-23,2,Quality Issue,Processed
RET0006716,ORD0045629,P00918,2024-11-14,1,Wrong Product,Approved
RET0006717,ORD0095757,P01032,2025-08-20,1,Late Delivery,Processed
RET0006718,ORD0047023,P01383,2026-01-18,1,Quality Issue,Approved
RET0006719,ORD0088391,P01058,2025-08-25,1,Damaged,Rejected
RET0006720,ORD0088440,P00204,2024-08-13,1,Late Delivery,Processed
RET0006721,ORD0103356,P00957,2026-07-28,2,Wrong Product,Pending
RET0006722,ORD0000977,P01124,2025-04-04,1,Wrong Product,Approved
RET0006723,ORD0092480,P00937,2025-01-01,2,Damaged,Approved
RET0006724,ORD0078492,P01312,2025-06-12,1,Damaged,Approved
RET0006725,ORD0085231,P00240,2025-04-02,1,Incorrect Size,Approved
RET0006726,ORD0091161,P00448,2026-03-27,1,Incorrect Size,Approved
RET0006727,ORD0080683,P00531,2026-04-17,2,Quality Issue,Processed
RET0006728,ORD0111309,P01727,2026-07-21,1,Quality Issue,Approved
RET0006729,ORD0013169,P00387,2025-02-28,1,Quality Issue,Pending
RET0006730,ORD0044093,P00493,2025-02-24,1,Incorrect Size,Approved
RET0006731,ORD0005883,P00233,2025-12-20,1,Late Delivery,Approved
RET0006732,ORD0113883,P01841,2024-03-02,3,Damaged,Processed
RET0006733,ORD0044535,P01735,2025-11-21,1,Quality Issue,Approved
RET0006734,ORD0006655,P01405,2025-05-28,1,Incorrect Size,Processed
RET0006735,ORD0004420,P01107,2025-05-14,1,Wrong Product,Processed
RET0006736,ORD0028521,P00398,2026-07-20,3,Customer Changed Mind,Processed
RET0006737,ORD0098343,P00206,2025-05-22,2,Customer Changed Mind,Processed
RET0006738,ORD0053177,P00983,2025-06-15,2,Customer Changed Mind,Processed
RET0006739,ORD0110488,P01791,2026-01-10,2,Quality Issue,Pending
RET0006740,ORD0031829,P01804,2026-05-25,1,Customer Changed Mind,Approved
RET0006741,ORD0095904,P01689,2025-03-15,1,Incorrect Size,Processed
RET0006742,ORD0064635,P01144,2025-06-09,2,Quality Issue,Processed
RET0006743,ORD0066399,P01842,2026-07-11,1,Damaged,Approved
RET0006744,ORD0026559,P01906,2026-02-13,3,Quality Issue,Processed
RET0006745,ORD0010207,P00036,2025-05-19,1,Quality Issue,Processed
RET0006746,ORD0077684,P00671,2026-02-04,2,Late Delivery,Approved
RET0006747,ORD0094891,P00233,2024-08-20,1,Customer Changed Mind,Approved
RET0006748,ORD0008913,P00571,2025-08-16,1,Incorrect Size,Processed
RET0006749,ORD0049230,P00172,2026-06-24,1,Customer Changed Mind,Approved
RET0006750,ORD0028966,P01199,2026-04-20,1,Damaged,Approved
RET0006751,ORD0116887,P01459,2026-04-11,1,Customer Changed Mind,Processed
RET0006752,ORD0038901,P00532,2025-10-15,1,Wrong Product,Processed
RET0006753,ORD0055636,P00253,2026-04-25,1,Quality Issue,Processed
RET0006754,ORD0102708,P01111,2024-05-05,1,Wrong Product,Approved
RET0006755,ORD0117804,P01161,2026-03-03,3,Quality Issue,Approved
RET0006756,ORD0104531,P01358,2025-02-06,3,Customer Changed Mind,Processed
RET0006757,ORD0058597,P00008,2025-06-29,2,Incorrect Size,Approved
RET0006758,ORD0115114,P01554,2026-05-11,1,Customer Changed Mind,Pending
RET0006759,ORD0092950,P01900,2024-11-21,1,Incorrect Size,Processed
RET0006760,ORD0060762,P00914,2026-07-26,1,Incorrect Size,Approved
RET0006761,ORD0004924,P01008,2026-04-08,1,Wrong Product,Processed
RET0006762,ORD0035650,P00559,2025-12-25,1,Quality Issue,Pending
RET0006763,ORD0014891,P00608,2026-07-03,2,Wrong Product,Rejected
RET0006764,ORD0000575,P00857,2026-02-14,1,Quality Issue,Processed
RET0006765,ORD0041420,P00891,2024-08-12,1,Quality Issue,Approved
RET0006766,ORD0076160,P00411,2025-10-29,1,Wrong Product,Processed
RET0006767,ORD0089654,P00359,2025-11-08,1,Wrong Product,Processed
RET0006768,ORD0115975,P01747,2025-04-08,2,Customer Changed Mind,Processed
RET0006769,ORD0087704,P00398,2024-12-06,1,Quality Issue,Approved
RET0006770,ORD0098228,P01791,2025-11-11,1,Quality Issue,Rejected
RET0006771,ORD0034507,P00039,2025-02-17,2,Damaged,Processed
RET0006772,ORD0018456,P00062,2026-05-17,3,Customer Changed Mind,Approved
RET0006773,ORD0117700,P00562,2026-05-31,1,Customer Changed Mind,Approved
RET0006774,ORD0012916,P00980,2026-05-07,2,Quality Issue,Approved
RET0006775,ORD0115911,P01013,2025-03-06,1,Damaged,Approved
RET0006776,ORD0049855,P01022,2024-11-06,1,Customer Changed Mind,Approved
RET0006777,ORD0078180,P01665,2025-02-24,2,Incorrect Size,Processed
RET0006778,ORD0114927,P01842,2026-06-27,1,Customer Changed Mind,Approved
RET0006779,ORD0066123,P01653,2026-05-19,1,Quality Issue,Approved
RET0006780,ORD0077676,P00839,2025-04-20,1,Customer Changed Mind,Approved
RET0006781,ORD0052653,P00622,2026-05-13,1,Customer Changed Mind,Approved
RET0006782,ORD0096777,P01964,2026-03-26,1,Quality Issue,Approved
RET0006783,ORD0087539,P00050,2026-01-03,1,Wrong Product,Approved
RET0006784,ORD0060643,P01807,2025-11-24,1,Wrong Product,Processed
RET0006785,ORD0013761,P01573,2025-02-18,1,Incorrect Size,Processed
RET0006786,ORD0008934,P01531,2026-06-30,1,Incorrect Size,Processed
RET0006787,ORD0103548,P00531,2025-11-28,1,Quality Issue,Approved
RET0006788,ORD0055146,P00258,2025-12-31,1,Damaged,Approved
RET0006789,ORD0093513,P01040,2026-07-03,2,Damaged,Approved
RET0006790,ORD0074562,P01494,2026-05-12,1,Wrong Product,Approved
RET0006791,ORD0115125,P00345,2026-07-06,1,Incorrect Size,Processed
RET0006792,ORD0034083,P00003,2024-06-29,2,Quality Issue,Processed
RET0006793,ORD0086154,P01649,2025-11-03,1,Late Delivery,Processed
RET0006794,ORD0061604,P00838,2025-03-10,1,Incorrect Size,Approved
RET0006795,ORD0107942,P00585,2025-08-14,1,Damaged,Approved
RET0006796,ORD0077809,P00376,2026-06-16,1,Late Delivery,Pending
RET0006797,ORD0091035,P00395,2026-03-10,1,Wrong Product,Approved
RET0006798,ORD0117734,P01501,2026-03-26,3,Customer Changed Mind,Approved
RET0006799,ORD0057150,P01087,2026-01-04,1,Incorrect Size,Approved
RET0006800,ORD0105015,P00353,2025-08-22,1,Incorrect Size,Pending
RET0006801,ORD0074209,P00173,2024-06-24,1,Damaged,Rejected
RET0006802,ORD0096014,P01920,2026-01-18,2,Wrong Product,Approved
RET0006803,ORD0117375,P00719,2026-07-07,1,Quality Issue,Approved
RET0006804,ORD0085289,P01714,2025-06-23,1,Damaged,Processed
RET0006805,ORD0075792,P01424,2025-05-09,1,Late Delivery,Approved
RET0006806,ORD0062886,P01715,2026-03-11,1,Quality Issue,Approved
RET0006807,ORD0084047,P00035,2026-02-19,3,Wrong Product,Approved
RET0006808,ORD0020395,P00316,2026-06-04,1,Wrong Product,Approved
RET0006809,ORD0033272,P01976,2025-12-02,1,Wrong Product,Approved
RET0006810,ORD0049705,P01896,2025-12-12,1,Incorrect Size,Processed
RET0006811,ORD0000881,P01403,2025-02-02,1,Customer Changed Mind,Processed
RET0006812,ORD0067742,P00317,2025-06-16,3,Quality Issue,Processed
RET0006813,ORD0071595,P01210,2025-09-26,1,Customer Changed Mind,Approved
RET0006814,ORD0017084,P01368,2026-05-10,2,Quality Issue,Approved
RET0006815,ORD0036812,P01326,2025-02-04,1,Damaged,Rejected
RET0006816,ORD0050268,P00715,2026-03-11,1,Damaged,Approved
RET0006817,ORD0053652,P01027,2025-09-05,1,Quality Issue,Approved
RET0006818,ORD0082575,P01145,2025-05-06,2,Quality Issue,Approved
RET0006819,ORD0110864,P00753,2025-08-29,2,Wrong Product,Approved
RET0006820,ORD0072745,P01495,2025-03-10,3,Customer Changed Mind,Processed
RET0006821,ORD0002955,P01349,2025-04-23,1,Incorrect Size,Approved
RET0006822,ORD0030998,P00904,2025-04-13,1,Damaged,Processed
RET0006823,ORD0022903,P01951,2024-07-16,1,Wrong Product,Approved
RET0006824,ORD0037883,P01437,2025-10-01,1,Customer Changed Mind,Processed
RET0006825,ORD0040523,P00604,2025-10-22,1,Wrong Product,Processed
RET0006826,ORD0001025,P00856,2025-10-15,1,Quality Issue,Approved
RET0006827,ORD0021218,P00500,2025-12-30,1,Quality Issue,Processed
RET0006828,ORD0046807,P00239,2026-06-10,1,Late Delivery,Pending
RET0006829,ORD0075434,P00387,2024-08-05,1,Quality Issue,Approved
RET0006830,ORD0075224,P00515,2026-06-08,1,Customer Changed Mind,Processed
RET0006831,ORD0109655,P01256,2025-02-04,1,Quality Issue,Processed
RET0006832,ORD0119344,P00496,2024-07-09,1,Damaged,Processed
RET0006833,ORD0047677,P01196,2026-04-18,1,Customer Changed Mind,Approved
RET0006834,ORD0002615,P00128,2024-10-21,1,Quality Issue,Approved
RET0006835,ORD0012633,P01314,2026-06-18,1,Customer Changed Mind,Approved
RET0006836,ORD0061861,P00580,2025-06-05,1,Damaged,Approved
RET0006837,ORD0063577,P00589,2025-07-23,2,Customer Changed Mind,Approved
RET0006838,ORD0101344,P00372,2025-10-26,1,Quality Issue,Rejected
RET0006839,ORD0059675,P01875,2024-01-11,1,Damaged,Approved
RET0006840,ORD0069746,P00442,2026-07-01,1,Quality Issue,Approved
RET0006841,ORD0040724,P01956,2025-01-14,1,Quality Issue,Approved
RET0006842,ORD0045943,P00864,2026-07-04,2,Quality Issue,Approved
RET0006843,ORD0101625,P00016,2026-02-14,2,Wrong Product,Processed
RET0006844,ORD0014465,P00889,2025-12-06,2,Quality Issue,Rejected
RET0006845,ORD0070254,P00133,2024-11-14,3,Wrong Product,Approved
RET0006846,ORD0036522,P00270,2025-04-18,1,Incorrect Size,Approved
RET0006847,ORD0108745,P00400,2026-02-18,1,Quality Issue,Approved
RET0006848,ORD0051553,P01819,2025-03-08,1,Damaged,Pending
RET0006849,ORD0060391,P00554,2026-07-05,1,Quality Issue,Approved
RET0006850,ORD0044222,P01653,2026-01-17,1,Late Delivery,Approved
RET0006851,ORD0101834,P01335,2025-08-13,1,Customer Changed Mind,Approved
RET0006852,ORD0082389,P00519,2025-12-01,1,Customer Changed Mind,Approved
RET0006853,ORD0091927,P01822,2024-05-02,3,Quality Issue,Approved
RET0006854,ORD0063575,P01006,2025-11-28,1,Quality Issue,Pending
RET0006855,ORD0057768,P01823,2025-10-21,2,Incorrect Size,Approved
RET0006856,ORD0039610,P00359,2024-02-07,1,Wrong Product,Approved
RET0006857,ORD0100952,P01858,2024-12-20,1,Quality Issue,Approved
RET0006858,ORD0111349,P00549,2025-12-10,1,Quality Issue,Approved
RET0006859,ORD0040477,P01656,2025-09-28,2,Quality Issue,Pending
RET0006860,ORD0105293,P00542,2026-01-10,1,Customer Changed Mind,Processed
RET0006861,ORD0064557,P00940,2025-02-14,1,Customer Changed Mind,Pending
RET0006862,ORD0088936,P00051,2026-02-22,1,Quality Issue,Rejected
RET0006863,ORD0043836,P01744,2025-05-24,1,Customer Changed Mind,Processed
RET0006864,ORD0086682,P01933,2024-03-11,2,Wrong Product,Processed
RET0006865,ORD0007022,P00491,2026-07-24,1,Late Delivery,Processed
RET0006866,ORD0073454,P01970,2026-03-30,1,Wrong Product,Processed
RET0006867,ORD0091235,P01739,2025-11-05,1,Damaged,Processed
RET0006868,ORD0095036,P00559,2024-07-28,1,Damaged,Processed
RET0006869,ORD0080108,P01941,2026-04-05,1,Quality Issue,Approved
RET0006870,ORD0048677,P00515,2026-06-16,1,Incorrect Size,Processed
RET0006871,ORD0077647,P01672,2026-06-12,21,Customer Changed Mind,Approved
RET0006872,ORD0066521,P00450,2026-04-02,1,Damaged,Processed
RET0006873,ORD0076255,P01891,2025-08-12,1,Quality Issue,Processed
RET0006874,ORD0102097,P00965,2025-12-07,2,Wrong Product,Processed
RET0006875,ORD0100848,P00897,2026-04-05,1,Incorrect Size,Processed
RET0006876,ORD0100499,P00717,2026-07-03,2,Late Delivery,Processed
RET0006877,ORD0029179,P01193,2026-01-15,1,Wrong Product,Processed
RET0006878,ORD0032180,P00875,2026-07-08,1,Customer Changed Mind,Approved
RET0006879,ORD0010118,P00587,2025-06-26,1,Customer Changed Mind,Approved
RET0006880,ORD0001658,P01118,2026-02-24,1,Quality Issue,Approved
RET0006881,ORD0059049,P00779,2026-06-12,2,Damaged,Approved
RET0006882,ORD0086477,P01041,2026-01-22,1,Incorrect Size,Approved
RET0006883,ORD0070185,P01629,2025-04-23,2,Quality Issue,Processed
RET0006884,ORD0119058,P01463,2026-07-14,1,Incorrect Size,Processed
RET0006885,ORD0058685,P00313,2025-07-18,2,Incorrect Size,Approved
RET0006886,ORD0023259,P01857,2026-03-26,1,Wrong Product,Rejected
RET0006887,ORD0034986,P01541,2025-11-14,2,Late Delivery,Approved
RET0006888,ORD0023036,P00462,2024-04-26,1,Incorrect Size,Processed
RET0006889,ORD0027852,P00448,2026-03-08,1,Customer Changed Mind,Approved
RET0006890,ORD0075610,P00182,2025-09-20,1,Damaged,Processed
RET0006891,ORD0005393,P01330,2026-07-20,1,Wrong Product,Approved
RET0006892,ORD0112504,P00895,2026-05-19,1,Wrong Product,Approved
RET0006893,ORD0108463,P00139,2024-02-09,2,Incorrect Size,Approved
RET0006894,ORD0029229,P00813,2026-02-14,1,Customer Changed Mind,Processed
RET0006895,ORD0021628,P01422,2026-03-05,1,Quality Issue,Pending
RET0006896,ORD0036689,P00332,2026-04-20,21,Incorrect Size,Processed
RET0006897,ORD0018054,P00883,2024-02-09,1,Wrong Product,Processed
RET0006898,ORD0109886,P00349,2026-01-26,1,Quality Issue,Approved
RET0006899,ORD0056206,P02000,2024-02-06,1,Damaged,Processed
RET0006900,ORD0057444,P01764,2026-01-05,1,Damaged,Rejected
RET0006901,ORD0051914,P01838,2025-10-23,1,Damaged,Approved
RET0006902,ORD0004958,P01642,2024-09-18,2,Customer Changed Mind,Processed
RET0006903,ORD0090360,P00077,2025-09-16,1,Customer Changed Mind,Approved
RET0006904,ORD0099946,P01329,2025-01-03,1,Customer Changed Mind,Approved
RET0006905,ORD0009629,P00481,2026-05-17,2,Wrong Product,Approved
RET0006906,ORD0039319,P00567,2025-12-01,1,Damaged,Processed
RET0006907,ORD0046954,P00585,2026-03-03,1,Quality Issue,Processed
RET0006908,ORD0100785,P01391,2026-06-15,1,Damaged,Approved
RET0006909,ORD0053675,P00473,2025-04-29,2,Quality Issue,Pending
RET0006910,ORD0060178,P00931,2025-02-10,1,Incorrect Size,Rejected
RET0006911,ORD0016990,P01920,2025-12-01,1,Quality Issue,Processed
RET0006912,ORD0077850,P01640,2025-05-02,2,Quality Issue,Pending
RET0006913,ORD0118442,P00825,2026-06-02,1,Quality Issue,Rejected
RET0006914,ORD0095918,P01557,2025-11-05,1,Quality Issue,Approved
RET0006915,ORD0100350,P01012,2025-12-26,1,Incorrect Size,Pending
RET0006916,ORD0024011,P01436,2026-06-20,1,Incorrect Size,Approved
RET0006917,ORD0066510,P01093,2025-08-19,1,Customer Changed Mind,Approved
RET0006918,ORD0114548,P00621,2026-04-02,2,Quality Issue,Approved
RET0006919,ORD0118313,P00494,2026-01-29,1,Quality Issue,Processed
RET0006920,ORD0110068,P01842,2025-07-30,1,Damaged,Pending
RET0006921,ORD0100052,P00629,2025-05-30,1,Late Delivery,Approved
RET0006922,ORD0049989,P01358,2024-03-13,1,Quality Issue,Processed
RET0006923,ORD0019891,P00453,2025-05-26,1,Quality Issue,Approved
RET0006924,ORD0085082,P01035,2026-06-03,1,Customer Changed Mind,Rejected
RET0006925,ORD0019627,P00500,2025-11-21,1,Wrong Product,Approved
RET0006926,ORD0055889,P01496,2025-03-29,1,Wrong Product,Processed
RET0006927,ORD0062834,P01521,2024-11-19,1,Late Delivery,Processed
RET0006928,ORD0090506,P00295,2025-07-07,1,Incorrect Size,Approved
RET0006929,ORD0025056,P00714,2026-05-12,1,Incorrect Size,Pending
RET0006930,ORD0080705,P01259,2026-05-17,1,Customer Changed Mind,Pending
RET0006931,ORD0001286,P01639,2026-05-07,2,Wrong Product,Approved
RET0006932,ORD0039897,P01403,2025-10-23,1,Quality Issue,Processed
RET0006933,ORD0076648,P01349,2026-07-07,1,Quality Issue,Rejected
RET0006934,ORD0110691,P01731,2026-07-28,1,Late Delivery,Approved
RET0006935,ORD0046382,P00942,2025-03-29,1,Customer Changed Mind,Approved
RET0006936,ORD0090097,P01895,2026-02-08,1,Damaged,Processed
RET0006937,ORD0084370,P00913,2024-08-02,1,Quality Issue,Processed
RET0006938,ORD0017283,P01048,2026-06-13,2,Quality Issue,Processed
RET0006939,ORD0082240,P00770,2024-11-06,1,Customer Changed Mind,Processed
RET0006940,ORD0092184,P01382,2026-04-19,1,Incorrect Size,Processed
RET0006941,ORD0037237,P00113,2024-08-18,1,quality issue,Approved
RET0006942,ORD0050816,P01095,2025-08-16,1,Incorrect Size,Approved
RET0006943,ORD0092368,P01969,2025-12-30,1,Customer Changed Mind,Approved
RET0006944,ORD0053848,P01818,2026-04-13,2,Customer Changed Mind,Approved
RET0006945,ORD0119067,P00703,2026-03-18,1,Incorrect Size,Processed
RET0006946,ORD0009226,P00966,2026-02-04,1,Incorrect Size,Rejected
RET0006947,ORD0114615,P01507,2025-03-28,1,Incorrect Size,Approved
RET0006948,ORD0060054,P00661,2026-05-25,1,Quality Issue,Processed
RET0006949,ORD0043648,P01211,2026-07-08,2,Customer Changed Mind,Approved
RET0006950,ORD0060828,P00129,2025-02-21,1,Wrong Product,Approved
RET0006951,ORD0014406,P01627,2026-03-21,1,Customer Changed Mind,Pending
RET0006952,ORD0079924,P00241,2024-04-21,1,Incorrect Size,Approved
RET0006953,ORD0071922,P00082,2026-04-25,2,Customer Changed Mind,Processed
RET0006954,ORD0028667,P00235,2025-03-01,2,Quality Issue,Approved
RET0006955,ORD0018425,P01034,2025-10-29,1,Incorrect Size,Approved
RET0006956,ORD0084812,P01443,2024-06-22,1,Incorrect Size,Processed
RET0006957,ORD0044524,P01753,2026-01-07,1,Incorrect Size,Processed
RET0006958,ORD0049696,P00049,2025-10-04,1,Late Delivery,Processed
RET0006959,ORD0102406,P01684,2026-06-29,1,Customer Changed Mind,Rejected
RET0006960,ORD0084480,P00241,2025-02-10,1,Incorrect Size,Processed
RET0006961,ORD0098996,P01804,2025-10-25,2,Wrong Product,Processed
RET0006962,ORD0052271,P01245,2024-02-09,1,Wrong Product,Approved
RET0006963,ORD0001741,P00490,2024-09-19,2,Incorrect Size,Approved
RET0006964,ORD0107952,P00108,2024-12-26,1,Quality Issue,Processed
RET0006965,ORD0088849,P01672,2025-06-21,1,Late Delivery,Processed
RET0006966,ORD0008028,P00271,2025-11-28,1,Damaged,Approved
RET0006967,ORD0037598,P01031,2025-11-02,1,Late Delivery,Approved
RET0006968,ORD0087425,P00230,2026-03-12,2,Incorrect Size,Approved
RET0006969,ORD0020709,P00206,2026-05-07,1,Quality Issue,Approved
RET0006970,ORD0058384,P00874,2026-05-30,1,Customer Changed Mind,Approved
RET0006971,ORD0039960,P00087,2025-02-23,2,Late Delivery,Rejected
RET0006972,ORD0067630,P01363,2026-04-11,1,Incorrect Size,Processed
RET0006973,ORD0033602,P01577,2026-05-16,1,Incorrect Size,Pending
RET0006974,ORD0009350,P00381,2024-01-31,1,Customer Changed Mind,Processed
RET0006975,ORD0006722,P00494,2024-12-17,1,Quality Issue,Approved
RET0006976,ORD0098350,P00723,2026-04-21,2,Wrong Product,Processed
RET0006977,ORD0100700,P00445,2026-05-18,1,Customer Changed Mind,Processed
RET0006978,ORD0103834,P01526,2026-03-16,1,Wrong Product,Processed
RET0006979,ORD0008677,P01112,2025-12-15,1,Late Delivery,Processed
RET0006980,ORD0006772,P00444,2025-08-03,3,Late Delivery,Processed
RET0006981,ORD0013976,P01089,2026-01-17,2,Customer Changed Mind,Approved
RET0006982,ORD0005022,P00949,2026-02-21,1,Wrong Product,Approved
RET0006983,ORD0059160,P00782,2024-07-19,1,Damaged,Approved
RET0006984,ORD0045933,P00967,2025-12-09,1,Damaged,Approved
RET0006985,ORD0100194,P01090,2026-02-08,3,Quality Issue,Rejected
RET0006986,ORD0062170,P00542,2026-07-22,1,Wrong Product,Approved
RET0006987,ORD0037672,P01870,2025-08-10,1,Damaged,Approved
RET0006988,ORD0029450,P00092,2025-12-25,1,Incorrect Size,Processed
RET0006989,ORD0095737,P01209,2026-04-28,3,Wrong Product,Rejected
RET0006990,ORD0032180,P00810,2026-06-09,2,Incorrect Size,Processed
RET0006991,ORD0062284,P01097,2026-06-18,2,Quality Issue,Approved
RET0006992,ORD0087737,P00517,2026-04-12,1,Quality Issue,Approved
RET0006993,ORD0060287,P01240,2024-02-27,1,Late Delivery,Processed
RET0006994,ORD0101688,P01047,2024-06-13,1,Wrong Product,Rejected
RET0006995,ORD0110180,P00564,2024-04-25,1,Incorrect Size,Approved
RET0006996,ORD0015440,P00515,2025-08-11,3,Quality Issue,Rejected
RET0006997,ORD0105982,P00563,2026-02-12,22,Customer Changed Mind,Processed
RET0006998,ORD0066789,P01411,2024-11-19,1,Quality Issue,Processed
RET0006999,ORD0088158,P01203,2026-04-26,1,Late Delivery,Approved
RET0007000,ORD0096752,P00001,2024-08-16,3,Incorrect Size,Pending
RET0007001,ORD0061369,P01475,2026-07-12,2,Quality Issue,Processed
RET0007002,ORD0115057,P00364,2026-01-30,2,Damaged,Approved
RET0007003,ORD0043131,P01677,2026-06-10,1,Incorrect Size,Approved
RET0007004,ORD0063009,P01287,2026-01-11,1,Incorrect Size,Approved
RET0007005,ORD0074919,P00215,2025-05-11,1,Quality Issue,Approved
RET0007006,ORD0063409,P01112,2025-05-25,1,Damaged,Approved
RET0007007,ORD0051660,P00158,2026-04-24,2,Quality Issue,Approved
RET0007008,ORD0023589,P01370,2024-10-12,1,Quality Issue,Processed
RET0007009,ORD0065702,P01732,2026-04-11,1,Customer Changed Mind,Processed
RET0007010,ORD0040996,P01766,2026-02-17,2,Incorrect Size,Processed
RET0007011,ORD0094254,P01650,2026-05-30,1,Late Delivery,Processed
RET0007012,ORD0029491,P00035,2025-08-12,1,Incorrect Size,Approved
RET0007013,ORD0037880,P00959,2024-09-16,1,Quality Issue,Approved
RET0007014,ORD0073836,P01933,2025-11-06,2,Wrong Product,Processed
RET0007015,ORD0078055,P01486,2026-04-03,1,Incorrect Size,Processed
RET0007016,ORD0070300,P01792,2025-02-11,2,Late Delivery,Approved
RET0007017,ORD0077537,P00772,2026-07-03,3,Late Delivery,Pending
RET0007018,ORD0065463,P01386,2026-02-13,1,Customer Changed Mind,Processed
RET0007019,ORD0083990,P01276,2025-11-28,1,Damaged,Rejected
RET0007020,ORD0070628,P00542,2025-05-30,1,Quality Issue,Processed
RET0007021,ORD0067702,P00718,2025-11-23,1,Customer Changed Mind,Approved
RET0007022,ORD0041968,P01162,2025-03-18,1,Incorrect Size,Pending
RET0007023,ORD0068524,P01578,2024-07-08,1,Incorrect Size,Rejected
RET0007024,ORD0011459,P00735,2026-04-16,1,Quality Issue,Processed
RET0007025,ORD0027023,P00722,2026-05-01,3,Wrong Product,Rejected
RET0007026,ORD0017748,P01401,2025-12-21,1,Quality Issue,Pending
RET0007027,ORD0056812,P01452,2026-07-23,1,Damaged,Processed
RET0007028,ORD0057172,P00467,2025-02-11,2,Quality Issue,Approved
RET0007029,ORD0050089,P01459,2026-04-04,1,Customer Changed Mind,Processed
RET0007030,ORD0035800,P00763,2026-01-09,1,Incorrect Size,Processed
RET0007031,ORD0004314,P01915,2026-01-22,2,Customer Changed Mind,Processed
RET0007032,ORD0110124,P00774,2026-05-26,1,Wrong Product,Processed
RET0007033,ORD0037988,P00073,2025-04-10,1,Incorrect Size,Processed
RET0007034,ORD0072038,P00189,2024-12-20,1,Late Delivery,Pending
RET0007035,ORD0070452,P00190,2026-05-20,1,Incorrect Size,Approved
RET0007036,ORD0113545,P00874,2024-12-15,1,Incorrect Size,Approved
RET0007037,ORD0026087,P01062,2024-05-30,2,Late Delivery,Processed
RET0007038,ORD0100507,P01678,2026-05-08,2,Customer Changed Mind,Approved
RET0007039,ORD0048946,P01991,2024-11-25,1,Late Delivery,Approved
RET0007040,ORD0018411,P00525,2026-01-23,1,Incorrect Size,Processed
RET0007041,ORD0049323,P00528,2025-03-22,1,Incorrect Size,Pending
RET0007042,ORD0116238,P01863,2026-01-28,1,Customer Changed Mind,Approved
RET0007043,ORD0075960,P01744,2025-03-28,1,Quality Issue,Approved
RET0007044,ORD0048003,P00830,2024-12-30,3,Wrong Product,Approved
RET0007045,ORD0073167,P01174,2025-05-04,1,Quality Issue,Processed
RET0007046,ORD0094032,P01393,2025-11-11,1,Quality Issue,Approved
RET0007047,ORD0051246,P00450,2025-09-01,1,Incorrect Size,Approved
RET0007048,ORD0073611,P01192,2024-11-12,1,Customer Changed Mind,Processed
RET0007049,ORD0036520,P00475,2025-09-24,2,Customer Changed Mind,Pending
RET0007050,ORD0011224,P01136,2025-04-11,2,Wrong Product,Approved
RET0007051,ORD0033310,P00618,2026-07-06,1,Damaged,Processed
RET0007052,ORD0113418,P01064,2026-03-20,1,Customer Changed Mind,Processed
RET0007053,ORD0016120,P00709,2026-01-03,1,Incorrect Size,Approved
RET0007054,ORD0116478,P00387,2026-04-15,1,Customer Changed Mind,Processed
RET0007055,ORD0014359,P00719,2024-05-11,1,Customer Changed Mind,Approved
RET0007056,ORD0015572,P00152,2026-06-18,2,Quality Issue,Approved
RET0007057,ORD0056822,P00378,2024-08-23,3,Wrong Product,Approved
RET0007058,ORD0109333,P01147,2026-06-21,2,Wrong Product,Approved
RET0007059,ORD0048394,P00144,2024-11-23,1,Incorrect Size,Processed
RET0007060,ORD0082661,P00283,2025-10-30,1,Damaged,Processed
RET0007061,ORD0060861,P00384,2026-04-01,1,Customer Changed Mind,Processed
RET0007062,ORD0055324,P00959,2025-04-24,1,Late Delivery,Processed
RET0007063,ORD0017813,P00623,2025-03-14,1,Wrong Product,Approved
RET0007064,ORD0018953,P01356,2026-05-28,1,Wrong Product,Pending
RET0007065,ORD0112569,P01531,2026-05-28,1,Wrong Product,Rejected
RET0007066,ORD0053030,P01644,2026-07-05,1,Customer Changed Mind,Approved
RET0007067,ORD0077708,P01056,2026-01-19,1,Incorrect Size,Processed
RET0007068,ORD0030822,P01077,2026-08-09,2,Customer Changed Mind,Processed
RET0007069,ORD0083741,P01440,2026-05-04,1,Customer Changed Mind,Processed
RET0007070,ORD0064378,P00626,2024-04-01,2,Customer Changed Mind,Approved
RET0007071,ORD0069217,P00542,2026-03-05,1,Incorrect Size,Approved
RET0007072,ORD0050094,P00105,2025-05-29,3,Damaged,Pending
RET0007073,ORD0036126,P00421,2025-01-06,1,Incorrect Size,Processed
RET0007074,ORD0064816,P01345,2024-06-07,1,Customer Changed Mind,Processed
RET0007075,ORD0113215,P01530,2025-10-30,1,Incorrect Size,Pending
RET0007076,ORD0029737,P01718,2026-04-30,1,Customer Changed Mind,Approved
RET0007077,ORD0017412,P00440,2026-05-22,1,Damaged,Pending
RET0007078,ORD0053512,P00564,2025-11-19,1,Late Delivery,Processed
RET0007079,ORD0068534,P01251,2025-06-02,1,Wrong Product,Processed
RET0007080,ORD0104389,P01424,2025-12-11,1,Quality Issue,Approved
RET0007081,ORD0076177,P01369,2025-04-23,3,Quality Issue,Approved
RET0007082,ORD0030471,P01109,2024-07-24,1,Quality Issue,Approved
RET0007083,ORD0093853,P00999,2025-12-13,1,Wrong Product,Approved
RET0007084,ORD0065013,P00069,2025-03-14,2,Quality Issue,Approved
RET0007085,ORD0054948,P01730,2024-11-21,1,Customer Changed Mind,Approved
RET0007086,ORD0070915,P01144,2025-07-23,2,Incorrect Size,Processed
RET0007087,ORD0117294,P01860,2026-06-29,1,Quality Issue,Rejected
RET0007088,ORD0045025,P01122,2026-07-12,1,Quality Issue,Approved
RET0007089,ORD0021944,P00166,2025-06-07,1,Incorrect Size,Approved
RET0007090,ORD0092198,P00679,2026-07-31,1,Quality Issue,Processed
RET0007091,ORD0011019,P00086,2024-06-21,1,Late Delivery,Processed
RET0007092,ORD0044411,P00137,2025-02-07,2,Wrong Product,Processed
RET0007093,ORD0020733,P00611,2026-01-29,1,Quality Issue,Pending
RET0007094,ORD0049304,P00388,2026-05-06,1,Customer Changed Mind,Approved
RET0007095,ORD0084914,P01012,2026-01-22,1,Damaged,Processed
RET0007096,ORD0054996,P01181,2025-06-25,1,Quality Issue,Pending
RET0007097,ORD0105759,P01063,2026-08-02,2,Damaged,Processed
RET0007098,ORD0026276,P00702,2026-05-02,1,Quality Issue,Processed
RET0007099,ORD0005112,P00296,2025-08-21,1,Damaged,Pending
RET0007100,ORD0000534,P00323,2025-09-22,1,Customer Changed Mind,Approved
RET0007101,ORD0073822,P01224,2026-07-21,1,Incorrect Size,Approved
RET0007102,ORD0008457,P00107,2026-06-15,2,Damaged,Approved
RET0007103,ORD0006592,P01727,2025-11-07,1,Quality Issue,Processed
RET0007104,ORD0060990,P00596,2025-12-15,1,Quality Issue,Rejected
RET0007105,ORD0073238,P00954,2024-08-05,1,Incorrect Size,Approved
RET0007106,ORD0089704,P01139,2024-03-01,1,Wrong Product,Approved
RET0007107,ORD0117319,P01390,2024-09-10,1,Quality Issue,Processed
RET0007108,ORD0062579,P00059,2025-06-06,1,Customer Changed Mind,Approved
RET0007109,ORD0084965,P00032,2026-06-03,1,Customer Changed Mind,Rejected
RET0007110,ORD0012039,P00383,2025-11-28,1,Customer Changed Mind,Approved
RET0007111,ORD0032440,P01920,2025-11-22,1,Customer Changed Mind,Rejected
RET0007112,ORD0001867,P00471,2026-05-20,1,Late Delivery,Processed
RET0007113,ORD0023117,P00531,2026-03-25,1,Damaged,Approved
RET0007114,ORD0006423,P01540,2025-10-28,1,Customer Changed Mind,Processed
RET0007115,ORD0087939,P01333,2025-07-26,1,Quality Issue,Processed
RET0007116,ORD0097386,P00228,2025-08-22,3,Customer Changed Mind,Approved
RET0007117,ORD0018633,P01359,2025-10-31,1,Damaged,Approved
RET0007118,ORD0053791,P01508,2025-12-10,1,Customer Changed Mind,Processed
RET0007119,ORD0101835,P01146,2025-11-24,1,Customer Changed Mind,Processed
RET0007120,ORD0010366,P00193,2024-09-21,1,Quality Issue,Processed
RET0007121,ORD0075422,P01445,2026-07-12,1,Incorrect Size,Approved
RET0007122,ORD0065631,P01042,2024-04-14,1,Late Delivery,Processed
RET0007123,ORD0089209,P00685,2026-02-19,1,Quality Issue,Processed
RET0007124,ORD0064660,P01830,2025-10-31,1,Damaged,Approved
RET0007125,ORD0060427,P01231,2025-05-07,2,Incorrect Size,Approved
RET0007126,ORD0083481,P01859,2024-08-03,1,Customer Changed Mind,Approved
RET0007127,ORD0015040,P00642,2026-01-07,1,Customer Changed Mind,Processed
RET0007128,ORD0013739,P00870,2026-06-17,1,Wrong Product,Approved
RET0007129,ORD0024194,P00232,2026-04-14,1,Damaged,Rejected
RET0007130,ORD0054673,P00101,2024-10-06,1,Quality Issue,Approved
RET0007131,ORD0004826,P00992,2025-01-28,1,Wrong Product,Rejected
RET0007132,ORD0053525,P00945,2025-07-03,1,Wrong Product,Approved
RET0007133,ORD0100312,P00265,2024-04-02,1,Wrong Product,Processed
RET0007134,ORD0098165,P01156,2024-10-05,1,Incorrect Size,Processed
RET0007135,ORD0083568,P00009,2024-10-20,1,Quality Issue,Processed
RET0007136,ORD0101245,P00586,2025-08-05,1,Incorrect Size,Pending
RET0007137,ORD0092438,P00655,2025-02-15,1,Incorrect Size,Approved
RET0007138,ORD0014492,P00821,2025-11-02,3,Incorrect Size,Approved
RET0007139,ORD0111039,P01397,2025-06-02,1,Customer Changed Mind,Approved
RET0007140,ORD0115885,P00169,2024-07-21,3,Wrong Product,Processed
RET0007141,ORD0095924,P00168,2026-07-10,1,Customer Changed Mind,Processed
RET0007142,ORD0080068,P00597,2025-11-11,1,Wrong Product,Approved
RET0007143,ORD0006932,P00190,2025-12-03,3,Quality Issue,Processed
RET0007144,ORD0029356,P00301,2024-10-13,2,Damaged,Approved
RET0007145,ORD0101645,P00012,2025-09-25,3,Damaged,Pending
RET0007146,ORD0034506,P01576,2025-04-19,1,Quality Issue,Approved
RET0007147,ORD0028585,P01042,2025-12-04,1,Damaged,Pending
RET0007148,ORD0115286,P01645,2025-04-21,1,Damaged,Processed
RET0007149,ORD0095988,P00376,2024-09-17,1,Damaged,Pending
RET0007150,ORD0117320,P00338,2026-02-10,2,Quality Issue,Processed
RET0007151,ORD0072594,P01800,2026-05-23,1,Damaged,Approved
RET0007152,ORD0098193,P00433,2024-06-23,1,Damaged,Processed
RET0007153,ORD0006266,P00327,2026-02-13,1,Wrong Product,Processed
RET0007154,ORD0018770,P01717,2026-04-05,2,Quality Issue,Approved
RET0007155,ORD0000652,P00196,2026-03-28,1,Wrong Product,Approved
RET0007156,ORD0000657,P00983,2026-02-06,2,Damaged,Rejected
RET0007157,ORD0004328,P01936,2025-11-13,1,Incorrect Size,Processed
RET0007158,ORD0108862,P00999,2024-08-26,1,Incorrect Size,Approved
RET0007159,ORD0078539,P00592,2025-12-14,2,Wrong Product,Rejected
RET0007160,ORD0034641,P00259,2025-04-11,1,Wrong Product,Approved
RET0007161,ORD0108997,P01766,2026-04-03,1,Wrong Product,Approved
RET0007162,ORD0001731,P00485,2026-05-11,1,Quality Issue,Approved
RET0007163,ORD0023752,P01131,2024-07-20,1,Wrong Product,Approved
RET0007164,ORD0096813,P01470,2026-02-25,1,Incorrect Size,Processed
RET0007165,ORD0093020,P00699,2025-09-23,2,quality issue,Approved
RET0007166,ORD0102224,P00133,2026-01-22,1,Quality Issue,Approved
RET0007167,ORD0017170,P00612,2024-06-09,1,Damaged,Approved
RET0007168,ORD0054351,P01887,2026-02-03,1,Incorrect Size,Rejected
RET0007169,ORD0028867,P01558,2026-06-01,1,Quality Issue,Processed
RET0007170,ORD0029468,P01513,2025-10-24,1,Quality Issue,Processed
RET0007171,ORD0003470,P01032,2026-05-31,1,Damaged,Processed
RET0007172,ORD0103293,P01257,2026-06-05,1,Quality Issue,Approved
RET0007173,ORD0107339,P00894,2025-10-22,1,Quality Issue,Rejected
RET0007174,ORD0081494,P00845,2026-02-25,1,Incorrect Size,Approved
RET0007175,ORD0010885,P01268,2026-04-11,1,Quality Issue,Approved
RET0007176,ORD0074658,P01950,2025-09-04,1,Late Delivery,Approved
RET0007177,ORD0077833,P01835,2024-05-18,3,Customer Changed Mind,Approved
RET0007178,ORD0016413,P01917,2025-09-20,1,Quality Issue,Approved
RET0007179,ORD0079670,P01184,2024-08-28,1,Incorrect Size,Processed
RET0007180,ORD0002855,P01288,2025-12-26,1,Quality Issue,Approved
RET0007181,ORD0119624,P00521,2024-04-05,1,Wrong Product,Approved
RET0007182,ORD0079678,P00222,2026-01-20,1,Damaged,Processed
RET0007183,ORD0012837,P00050,2026-05-24,1,Quality Issue,Processed
RET0007184,ORD0005225,P00032,2025-03-14,3,Incorrect Size,Rejected
RET0007185,ORD0100212,P01512,2026-05-12,1,Damaged,Approved
RET0007186,ORD0093169,P01273,2025-11-30,1,Customer Changed Mind,Rejected
RET0007187,ORD0034032,P01882,2024-03-28,1,Incorrect Size,Processed
RET0007188,ORD0081953,P01750,2026-03-12,1,Late Delivery,Processed
RET0007189,ORD0105192,P01939,2026-06-02,1,Wrong Product,Approved
RET0007190,ORD0005345,P01297,2024-11-17,1,Customer Changed Mind,Approved
RET0007191,ORD0119376,P00475,2026-02-03,1,Customer Changed Mind,Approved
RET0007192,ORD0046806,P00566,2026-06-06,1,Damaged,Processed
RET0007193,ORD0013352,P00597,2026-04-15,1,Quality Issue,Processed
RET0007194,ORD0065249,P00687,2026-03-10,1,Quality Issue,Approved
RET0007195,ORD0093563,P01889,2026-03-26,1,Quality Issue,Approved
RET0007196,ORD0088410,P00969,2026-05-23,1,Quality Issue,Rejected
RET0007197,ORD0109958,P01703,2025-09-01,1,Damaged,Approved
RET0007198,ORD0061770,P01973,2025-06-20,1,Wrong Product,Processed
RET0007199,ORD0036210,P01459,2026-01-21,1,Damaged,Pending
RET0007200,ORD0001440,P00816,2026-07-08,1,Damaged,Approved
RET0007201,ORD0053013,P01827,2025-03-29,3,Quality Issue,Processed
RET0007202,ORD0037810,P01294,2024-04-11,1,Damaged,Processed
RET0007203,ORD0054973,P00229,2026-06-19,1,Quality Issue,Approved
RET0007204,ORD0115930,P01303,2025-11-01,3,Wrong Product,Approved
RET0007205,ORD0119978,P00738,2024-04-02,1,Damaged,Rejected
RET0007206,ORD0051684,P00994,2025-08-27,1,Damaged,Approved
RET0007207,ORD0098881,P01641,2025-03-02,1,Late Delivery,Approved
RET0007208,ORD0086508,P00563,2025-05-11,1,Quality Issue,Approved
RET0007209,ORD0054481,P00772,2024-08-07,1,Quality Issue,Processed
RET0007210,ORD0011521,P00395,2025-01-22,1,Damaged,Approved
RET0007211,ORD0001467,P00934,2025-03-04,1,Quality Issue,Approved
RET0007212,ORD0065214,P01668,2025-07-10,1,Quality Issue,Approved
RET0007213,ORD0082144,P00773,2026-06-24,1,Customer Changed Mind,Approved
RET0007214,ORD0003871,P00839,2024-12-17,1,Damaged,Processed
RET0007215,ORD0070496,P00220,2026-03-29,1,Damaged,Rejected
RET0007216,ORD0057335,P01585,2025-10-13,1,Damaged,Approved
RET0007217,ORD0014681,P00770,2026-03-27,1,Incorrect Size,Processed
RET0007218,ORD0014777,P00339,2025-12-07,1,Customer Changed Mind,Processed
RET0007219,ORD0076288,P01239,2025-11-25,2,Late Delivery,Processed
RET0007220,ORD0105055,P00201,2024-05-09,1,Quality Issue,Processed
RET0007221,ORD0101807,P00296,2026-03-12,2,Customer Changed Mind,Approved
RET0007222,ORD0032483,P01789,2025-12-28,1,Quality Issue,Processed
RET0007223,ORD0014280,P01919,2025-02-17,1,Damaged,Processed
RET0007224,ORD0050790,P00528,2025-11-12,2,Customer Changed Mind,Processed
RET0007225,ORD0113865,P01621,2026-03-09,1,Damaged,Approved
RET0007226,ORD0101301,P00794,2025-04-14,1,Wrong Product,Approved
RET0007227,ORD0085952,P01159,2026-05-21,1,Wrong Product,Approved
RET0007228,ORD0000599,P00734,2026-06-15,1,Quality Issue,Approved
RET0007229,ORD0118152,P01877,2026-02-12,2,Quality Issue,Approved
RET0007230,ORD0078059,P01811,2026-06-22,1,Quality Issue,Approved
RET0007231,ORD0045049,P00282,2025-12-18,1,Damaged,Approved
RET0007232,ORD0016818,P00911,2024-07-15,1,Incorrect Size,Approved
RET0007233,ORD0057477,P01330,2026-01-15,1,Damaged,Pending
RET0007234,ORD0073422,P00695,2024-08-25,3,Quality Issue,Processed
RET0007235,ORD0093466,P00201,2026-04-14,1,Quality Issue,Approved
RET0007236,ORD0043194,P01236,2025-02-22,1,Quality Issue,Processed
RET0007237,ORD0112112,P01393,2025-01-22,1,Customer Changed Mind,Approved
RET0007238,ORD0113628,P01157,2025-12-08,1,Quality Issue,Approved
RET0007239,ORD0066229,P00285,2026-06-04,1,Quality Issue,Processed
RET0007240,ORD0021073,P00619,2026-02-16,2,Damaged,Approved
RET0007241,ORD0087389,P00795,2025-04-04,1,Quality Issue,Processed
RET0007242,ORD0015413,P00533,2026-01-24,1,Damaged,Approved
RET0007243,ORD0045910,P01057,2026-06-11,1,Late Delivery,Processed
RET0007244,ORD0088333,P01648,2026-03-23,2,Quality Issue,Approved
RET0007245,ORD0052489,P01462,2024-04-09,1,Quality Issue,Approved
RET0007246,ORD0066480,P00709,2026-02-17,3,Customer Changed Mind,Processed
RET0007247,ORD0112114,P01895,2026-03-25,1,Wrong Product,Approved
RET0007248,ORD0010400,P01180,2026-01-23,1,Customer Changed Mind,Approved
RET0007249,ORD0017747,P01728,2026-04-26,1,Wrong Product,Approved
RET0007250,ORD0115102,P01294,2024-09-12,1,Late Delivery,Processed
RET0007251,ORD0018931,P00079,2026-03-24,1,Customer Changed Mind,Processed
RET0007252,ORD0037541,P00501,2025-05-08,1,Quality Issue,Processed
RET0007253,ORD0037710,P01356,2026-03-19,1,Wrong Product,Processed
RET0007254,ORD0063795,P01275,2024-10-22,1,Wrong Product,Pending
RET0007255,ORD0043611,P01918,2026-03-12,1,Customer Changed Mind,Approved
RET0007256,ORD0095279,P00622,2025-12-29,1,Damaged,Processed
RET0007257,ORD0032435,P01874,2025-12-22,1,Wrong Product,Approved
RET0007258,ORD0076004,P01236,2026-04-24,1,Customer Changed Mind,Approved
RET0007259,ORD0091327,P00751,2025-07-12,1,Customer Changed Mind,Processed
RET0007260,ORD0097901,P01125,2025-06-30,2,Wrong Product,Pending
RET0007261,ORD0107534,P01926,2024-10-28,3,Late Delivery,Processed
RET0007262,ORD0088435,P01947,2025-03-18,2,Incorrect Size,Approved
RET0007263,ORD0039950,P01992,2025-03-06,1,Late Delivery,Processed
RET0007264,ORD0087485,P00147,2025-12-17,3,Wrong Product,Approved
RET0007265,ORD0080360,P01485,2025-07-31,1,Damaged,Processed
RET0007266,ORD0024995,P00339,2024-06-24,1,Damaged,Approved
RET0007267,ORD0092764,P01512,2025-06-12,1,Late Delivery,Approved
RET0007268,ORD0110353,P00671,2026-04-15,1,Quality Issue,Approved
RET0007269,ORD0050155,P01137,2025-07-26,1,Damaged,Pending
RET0007270,ORD0087289,P01097,2025-12-02,2,Wrong Product,Approved
RET0007271,ORD0078772,P01945,2026-07-31,1,Customer Changed Mind,Approved
RET0007272,ORD0058536,P01246,2026-07-04,3,Customer Changed Mind,Approved
RET0007273,ORD0010575,P01457,2026-01-10,1,Incorrect Size,Processed
RET0007274,ORD0086375,P00529,2025-08-22,2,Wrong Product,Approved
RET0007275,ORD0014132,P01840,2026-05-23,1,Damaged,Processed
RET0007276,ORD0094176,P01621,2025-06-02,3,Customer Changed Mind,Approved
RET0007277,ORD0014434,P00138,2026-03-02,1,Damaged,Approved
RET0007278,ORD0101172,P00702,2026-01-17,1,Damaged,Approved
RET0007279,ORD0111523,P01266,2026-04-02,1,Customer Changed Mind,Approved
RET0007280,ORD0016736,P00817,2026-05-23,1,Customer Changed Mind,Processed
RET0007281,ORD0071865,P01047,2024-06-26,1,Damaged,Approved
RET0007282,ORD0028257,P00768,2025-12-29,1,Quality Issue,Processed
RET0007283,ORD0059014,P00120,2025-04-24,1,Late Delivery,Approved
RET0007284,ORD0062057,P01482,2025-12-16,1,Damaged,Approved
RET0007285,ORD0095776,P00270,2025-10-15,1,Incorrect Size,Approved
RET0007286,ORD0110195,P01439,2024-03-18,1,Wrong Product,Processed
RET0007287,ORD0091508,P01655,2024-06-17,1,Incorrect Size,Approved
RET0007288,ORD0087153,P01818,2026-05-04,1,Incorrect Size,Processed
RET0007289,ORD0062636,P01036,2026-04-07,1,Customer Changed Mind,Processed
RET0007290,ORD0081366,P00273,2026-02-08,1,Wrong Product,Approved
RET0007291,ORD0055878,P01844,2025-04-05,1,Incorrect Size,Approved
RET0007292,ORD0057072,P01698,2025-03-12,2,Customer Changed Mind,Approved
RET0007293,ORD0068598,P00631,2024-11-23,1,Damaged,Approved
RET0007294,ORD0000948,P01571,2026-02-23,2,Late Delivery,Approved
RET0007295,ORD0067672,P00883,2025-02-12,1,Customer Changed Mind,Processed
RET0007296,ORD0015590,P00169,2026-01-20,1,Incorrect Size,Processed
RET0007297,ORD0020541,P00604,2024-03-11,1,Quality Issue,Processed
RET0007298,ORD0020133,P01110,2026-02-08,1,Incorrect Size,Approved
RET0007299,ORD0073859,P01235,2025-08-14,2,Quality Issue,Approved
RET0007300,ORD0062390,P00677,2025-07-27,1,Quality Issue,Processed
RET0007301,ORD0011447,P01209,2026-01-13,1,Late Delivery,Approved
RET0007302,ORD0006072,P00745,2024-03-20,1,Incorrect Size,Processed
RET0007303,ORD0070749,P00596,2024-02-10,2,Incorrect Size,Processed
RET0007304,ORD0086459,P01073,2026-04-25,1,Incorrect Size,Approved
RET0007305,ORD0030367,P01824,2025-07-10,2,Quality Issue,Approved
RET0007306,ORD0010851,P01201,2025-03-22,1,Late Delivery,Processed
RET0007307,ORD0113319,P01134,2024-04-08,1,Wrong Product,Processed
RET0007308,ORD0111549,P01852,2025-05-25,3,Incorrect Size,Approved
RET0007309,ORD0095284,P00665,2026-06-20,1,Damaged,Approved
RET0007310,ORD0119388,P01737,2026-01-01,1,Wrong Product,Approved
RET0007311,ORD0093767,P01408,2024-10-27,2,Customer Changed Mind,Processed
RET0007312,ORD0053393,P01696,2025-08-26,1,Quality Issue,Approved
RET0007313,ORD0071178,P00018,2026-02-05,1,Late Delivery,Rejected
RET0007314,ORD0048757,P00107,2026-05-14,2,Wrong Product,Pending
RET0007315,ORD0095979,P00840,2026-01-16,1,Damaged,Pending
RET0007316,ORD0020328,P01228,2025-08-21,1,Wrong Product,Approved
RET0007317,ORD0114852,P00515,2024-12-02,1,Customer Changed Mind,Processed
RET0007318,ORD0114983,P01955,2026-01-12,1,Damaged,Rejected
RET0007319,ORD0016524,P00464,2024-03-27,1,Quality Issue,Processed
RET0007320,ORD0086652,P00333,2026-01-29,1,Wrong Product,Approved
RET0007321,ORD0112124,P01244,2025-09-11,1,Customer Changed Mind,Rejected
RET0007322,ORD0062717,P01597,2024-02-13,1,Customer Changed Mind,Processed
RET0007323,ORD0010191,P00609,2026-05-17,1,Late Delivery,Processed
RET0007324,ORD0069621,P01900,2026-01-06,3,Incorrect Size,Pending
RET0007325,ORD0086933,P01325,2026-06-12,2,Damaged,Pending
RET0007326,ORD0074538,P00244,2025-12-10,1,Customer Changed Mind,Processed
RET0007327,ORD0011453,P01016,2024-12-15,2,Quality Issue,Approved
RET0007328,ORD0076221,P00991,2024-03-22,1,Damaged,Processed
RET0007329,ORD0073654,P00487,2024-01-20,1,Quality Issue,Processed
RET0007330,ORD0114063,P01016,2025-01-05,1,Incorrect Size,Processed
RET0007331,ORD0015906,P00465,2024-01-20,1,Quality Issue,Approved
RET0007332,ORD0110075,P01226,2025-12-19,1,Incorrect Size,Processed
RET0007333,ORD0103033,P01655,2026-05-24,1,Customer Changed Mind,Processed
RET0007334,ORD0060331,P01601,2025-12-24,3,Customer Changed Mind,Pending
RET0007335,ORD0083244,P00760,2026-01-06,1,Damaged,Rejected
RET0007336,ORD0071616,P00986,2025-06-04,1,Damaged,Approved
RET0007337,ORD0024291,P00456,2025-06-01,2,Wrong Product,Processed
RET0007338,ORD0004213,P01807,2025-02-20,2,Customer Changed Mind,Processed
RET0007339,ORD0088055,P01576,2025-12-05,2,Late Delivery,Processed
RET0007340,ORD0021163,P01945,2025-02-21,1,Wrong Product,Approved
RET0007341,ORD0034565,P00053,2024-10-23,1,Quality Issue,Processed
RET0007342,ORD0008748,P00110,2026-03-14,1,Wrong Product,Processed
RET0007343,ORD0075847,P01570,2026-07-11,3,Customer Changed Mind,Processed
RET0007344,ORD0091816,P00057,2025-05-02,1,Wrong Product,Rejected
RET0007345,ORD0063870,P00267,2026-04-14,1,Quality Issue,Pending
RET0007346,ORD0066265,P00549,2024-09-13,1,Late Delivery,Processed
RET0007347,ORD0096405,P00602,2025-11-29,2,Quality Issue,Pending
RET0007348,ORD0024286,P01014,2025-01-26,1,Damaged,Processed
RET0007349,ORD0078174,P00253,2026-02-10,3,Customer Changed Mind,Pending
RET0007350,ORD0058676,P01255,2025-03-25,1,Incorrect Size,Pending
RET0007351,ORD0101624,P01160,2026-06-07,1,Damaged,Processed
RET0007352,ORD0115061,P00419,2026-03-13,1,Customer Changed Mind,Approved
RET0007353,ORD0064190,P00290,2025-07-20,2,Damaged,Approved
RET0007354,ORD0055250,P01865,2026-03-19,2,Damaged,Approved
RET0007355,ORD0039358,P00900,2026-07-06,1,Customer Changed Mind,Processed
RET0007356,ORD0092294,P00791,2025-12-03,1,Damaged,Processed
RET0007357,ORD0057688,P01200,2026-01-10,1,Late Delivery,Processed
RET0007358,ORD0102289,P01483,2025-01-03,2,Incorrect Size,Processed
RET0007359,ORD0109771,P01406,2025-02-02,1,Wrong Product,Approved
RET0007360,ORD0080343,P01869,2025-07-07,1,Damaged,Approved
RET0007361,ORD0113656,P00668,2025-11-30,1,Quality Issue,Processed
RET0007362,ORD0095015,P01195,2025-12-06,1,Customer Changed Mind,Approved
RET0007363,ORD0035632,P00618,2026-05-05,3,Incorrect Size,Pending
RET0007364,ORD0028238,P00694,2026-07-08,3,Customer Changed Mind,Rejected
RET0007365,ORD0082151,P00124,2024-07-03,1,Quality Issue,Approved
RET0007366,ORD0021892,P00372,2025-12-28,1,Incorrect Size,Processed
RET0007367,ORD0045457,P01760,2025-02-27,1,Wrong Product,Rejected
RET0007368,ORD0052019,P00071,2025-01-03,1,Quality Issue,Rejected
RET0007369,ORD0039260,P00424,2026-06-06,2,Quality Issue,Processed
RET0007370,ORD0088313,P00636,2024-03-04,1,Quality Issue,Pending
RET0007371,ORD0043895,P01375,2026-01-12,3,Wrong Product,Processed
RET0007372,ORD0060546,P00619,2025-04-01,1,Customer Changed Mind,Approved
RET0007373,ORD0044029,P00605,2025-04-25,1,Damaged,Processed
RET0007374,ORD0040534,P01696,2026-01-25,1,Incorrect Size,Processed
RET0007375,ORD0027874,P00653,2025-04-30,2,Damaged,Pending
RET0007376,ORD0072440,P00895,2025-12-07,1,Damaged,Approved
RET0007377,ORD0049975,P02000,2024-05-14,1,Incorrect Size,Approved
RET0007378,ORD0019837,P00854,2026-05-07,1,Customer Changed Mind,Processed
RET0007379,ORD0057337,P01709,2025-06-08,2,Quality Issue,Rejected
RET0007380,ORD0051986,P00123,2025-11-16,1,Wrong Product,Processed
RET0007381,ORD0016812,P00623,2026-05-27,1,Quality Issue,Approved
RET0007382,ORD0007403,P01211,2024-11-07,2,Wrong Product,Rejected
RET0007383,ORD0031955,P00837,2026-07-28,2,Customer Changed Mind,Processed
RET0007384,ORD0029954,P00761,2026-01-02,3,Late Delivery,Rejected
RET0007385,ORD0076628,P00090,2026-06-09,1,Customer Changed Mind,Rejected
RET0007386,ORD0082206,P01433,2026-06-11,2,Wrong Product,Approved
RET0007387,ORD0046133,P01121,2025-10-17,1,Damaged,Pending
RET0007388,ORD0093982,P01862,2025-03-06,1,Quality Issue,Approved
RET0007389,ORD0055520,P00834,2026-07-21,1,Damaged,Pending
RET0007390,ORD0099927,P00268,2025-12-31,2,Wrong Product,Approved
RET0007391,ORD0102694,P00480,2025-08-22,1,Customer Changed Mind,Processed
RET0007392,ORD0115857,P00108,2025-08-08,1,Customer Changed Mind,Approved
RET0007393,ORD0061647,P01867,2025-04-19,1,Quality Issue,Approved
RET0007394,ORD0038752,P00347,2026-03-12,2,Customer Changed Mind,Pending
RET0007395,ORD0064280,P01929,2025-10-09,1,quality issue,Approved
RET0007396,ORD0099029,P00350,2026-06-16,1,Quality Issue,Approved
RET0007397,ORD0016196,P01350,2025-07-02,1,Incorrect Size,Rejected
RET0007398,ORD0088568,P00835,2025-11-30,1,Quality Issue,Approved
RET0007399,ORD0093374,P00648,2026-02-11,1,Damaged,Processed
RET0007400,ORD0073903,P01896,2026-07-07,2,Incorrect Size,Pending
RET0007401,ORD0076977,P00039,2026-04-19,3,Quality Issue,Processed
RET0007402,ORD0075248,P00935,2026-08-07,1,Late Delivery,Approved
RET0007403,ORD0093433,P01698,2025-03-20,1,Damaged,Processed
RET0007404,ORD0069466,P00744,2026-07-29,2,Wrong Product,Processed
RET0007405,ORD0096142,P00523,2026-05-19,1,Quality Issue,Approved
RET0007406,ORD0038479,P00718,2026-06-16,2,Customer Changed Mind,Processed
RET0007407,ORD0117383,P01378,2026-02-26,1,Quality Issue,Approved
RET0007408,ORD0028788,P00932,2025-05-11,1,Customer Changed Mind,Approved
RET0007409,ORD0108131,P01713,2025-06-14,1,Late Delivery,Approved
RET0007410,ORD0095991,P01051,2026-01-04,1,Wrong Product,Rejected
RET0007411,ORD0101059,P00581,2024-04-19,1,Damaged,Approved
RET0007412,ORD0100319,P00229,2025-12-16,2,Damaged,Approved
RET0007413,ORD0011946,P00711,2025-08-30,3,Quality Issue,Pending
RET0007414,ORD0082596,P01177,2026-06-24,1,Late Delivery,Approved
RET0007415,ORD0110806,P00540,2026-04-15,1,Incorrect Size,Pending
RET0007416,ORD0048466,P01655,2025-10-26,3,Quality Issue,Rejected
RET0007417,ORD0006308,P00960,2026-02-24,3,Quality Issue,Approved
RET0007418,ORD0012888,P00657,2024-09-11,1,Late Delivery,Approved
RET0007419,ORD0099908,P01551,2024-03-29,1,Quality Issue,Approved
RET0007420,ORD0011230,P00161,2025-11-15,3,Incorrect Size,Approved
RET0007421,ORD0012260,P00070,2025-12-21,1,Quality Issue,Approved
RET0007422,ORD0107021,P00752,2026-05-22,1,Damaged,Approved
RET0007423,ORD0062797,P01044,2024-03-12,1,Quality Issue,Approved
RET0007424,ORD0110928,P01091,2025-12-28,1,Damaged,Processed
RET0007425,ORD0044756,P00559,2026-06-04,1,Damaged,Approved
RET0007426,ORD0000858,P01179,2026-03-20,2,quality issue,Approved
RET0007427,ORD0005974,P01881,2026-07-25,1,Incorrect Size,Approved
RET0007428,ORD0033862,P01035,2025-03-20,1,Damaged,Approved
RET0007429,ORD0049909,P00431,2026-08-06,1,Damaged,Processed
RET0007430,ORD0113685,P01544,2024-06-20,1,Incorrect Size,Processed
RET0007431,ORD0068478,P01267,2025-11-18,1,Damaged,Approved
RET0007432,ORD0076996,P00359,2025-08-17,1,Damaged,Processed
RET0007433,ORD0029907,P01009,2026-04-11,1,Quality Issue,Approved
RET0007434,ORD0027357,P01599,2025-12-24,2,Incorrect Size,Rejected
RET0007435,ORD0028403,P00673,2025-12-03,1,Late Delivery,Approved
RET0007436,ORD0106496,P00988,2026-05-28,2,Late Delivery,Processed
RET0007437,ORD0021742,P00600,2025-10-27,1,Customer Changed Mind,Approved
RET0007438,ORD0059143,P01328,2025-10-09,3,Wrong Product,Approved
RET0007439,ORD0005268,P00266,2026-03-19,1,Quality Issue,Processed
RET0007440,ORD0064349,P01169,2026-04-18,1,Incorrect Size,Approved
RET0007441,ORD0101967,P01079,2026-01-13,1,Customer Changed Mind,Processed
RET0007442,ORD0095035,P01990,2025-03-12,1,Wrong Product,Processed
RET0007443,ORD0104807,P01112,2025-09-06,2,Wrong Product,Approved
RET0007444,ORD0088227,P00871,2026-03-21,3,Damaged,Pending
RET0007445,ORD0060497,P01679,2024-09-25,1,Wrong Product,Approved
RET0007446,ORD0117995,P00176,2024-10-12,1,Damaged,Rejected
RET0007447,ORD0038147,P01120,2026-03-08,1,Quality Issue,Processed
RET0007448,ORD0099315,P01232,2026-07-12,1,Wrong Product,Approved
RET0007449,ORD0047188,P01202,2026-07-09,1,Quality Issue,Approved
RET0007450,ORD0096286,P00333,2026-04-16,1,Late Delivery,Processed
RET0007451,ORD0081586,P01303,2024-09-16,1,Incorrect Size,Processed
RET0007452,ORD0061893,P00015,2024-02-16,1,Incorrect Size,Processed
RET0007453,ORD0070918,P00188,2025-09-07,2,Customer Changed Mind,Approved
RET0007454,ORD0051479,P00710,2024-07-23,2,Damaged,Approved
RET0007455,ORD0006474,P01700,2025-07-03,1,Quality Issue,Processed
RET0007456,ORD0099629,P01238,2025-11-26,1,Damaged,Rejected
RET0007457,ORD0020941,P00635,2025-12-31,2,Wrong Product,Approved
RET0007458,ORD0023366,P00555,2026-02-19,1,Damaged,Rejected
RET0007459,ORD0006714,P00354,2025-08-19,1,Incorrect Size,Processed
RET0007460,ORD0084976,P01496,2025-12-09,2,Damaged,Processed
RET0007461,ORD0002525,P00196,2026-04-16,1,Customer Changed Mind,Processed
RET0007462,ORD0064795,P00368,2026-03-18,1,Customer Changed Mind,Approved
RET0007463,ORD0013959,P01845,2025-11-28,1,Quality Issue,Approved
RET0007464,ORD0054680,P00212,2026-06-27,1,Wrong Product,Processed
RET0007465,ORD0018457,P01272,2025-11-16,1,Incorrect Size,Pending
RET0007466,ORD0069253,P01648,2026-07-02,1,Quality Issue,Processed
RET0007467,ORD0034181,P00263,2025-05-12,1,Customer Changed Mind,Approved
RET0007468,ORD0018734,P01075,2026-05-14,1,Customer Changed Mind,Approved
RET0007469,ORD0019888,P01516,2025-10-10,1,Quality Issue,Approved
RET0007470,ORD0071794,P01209,2025-12-02,2,Quality Issue,Processed
RET0007471,ORD0110362,P00257,2024-09-03,1,Customer Changed Mind,Approved
RET0007472,ORD0109683,P00152,2026-07-15,1,Customer Changed Mind,Approved
RET0007473,ORD0017295,P00261,2024-02-15,3,Damaged,Processed
RET0007474,ORD0110642,P01584,2026-07-02,1,Damaged,Approved
RET0007475,ORD0037241,P01913,2024-06-25,2,Damaged,Approved
RET0007476,ORD0038246,P01966,2024-05-28,1,Damaged,Processed
RET0007477,ORD0098901,P01407,2025-07-29,1,Damaged,Approved
RET0007478,ORD0023056,P01719,2025-07-04,1,Incorrect Size,Approved
RET0007479,ORD0017579,P01770,2025-07-31,1,Quality Issue,Approved
RET0007480,ORD0042872,P01737,2025-12-30,1,Incorrect Size,Approved
RET0007481,ORD0071317,P01793,2026-01-10,2,Quality Issue,Pending
RET0007482,ORD0057055,P01312,2026-05-10,1,Quality Issue,Processed
RET0007483,ORD0008045,P01205,2026-06-01,1,Damaged,Approved
RET0007484,ORD0105619,P01282,2025-05-17,1,Quality Issue,Approved
RET0007485,ORD0012706,P00652,2026-02-07,1,Wrong Product,Approved
RET0007486,ORD0114966,P00864,2025-04-29,1,Late Delivery,Rejected
RET0007487,ORD0097920,P01293,2026-08-03,2,Incorrect Size,Processed
RET0007488,ORD0100765,P01755,2025-08-31,1,Incorrect Size,Processed
RET0007489,ORD0089442,P01709,2026-06-30,1,Wrong Product,Approved
RET0007490,ORD0119210,P00460,2026-04-27,1,Quality Issue,Pending
RET0007491,ORD0028399,P00589,2025-10-08,1,Damaged,Processed
RET0007492,ORD0032238,P01109,2026-05-16,2,Damaged,Approved
RET0007493,ORD0029731,P00371,2025-09-17,1,Damaged,Approved
RET0007494,ORD0063702,P01146,2026-03-13,2,Wrong Product,Approved
RET0007495,ORD0054491,P00935,2026-05-11,1,Quality Issue,Processed
RET0007496,ORD0032883,P00580,2025-08-11,1,Customer Changed Mind,Approved
RET0007497,ORD0103931,P00988,2026-04-04,1,Damaged,Approved
RET0007498,ORD0115373,P00008,2026-06-07,1,Incorrect Size,Processed
RET0007499,ORD0078140,P00780,2025-09-08,3,Late Delivery,Processed
RET0007500,ORD0013756,P00883,2026-03-04,1,Customer Changed Mind,Approved
RET0007501,ORD0051102,P00911,2024-11-01,1,Late Delivery,Processed
RET0007502,ORD0111038,P01306,2025-01-25,1,Late Delivery,Approved
RET0007503,ORD0044839,P00579,2026-06-07,3,Customer Changed Mind,Approved
RET0007504,ORD0014349,P00009,2026-07-13,1,Quality Issue,Processed
RET0007505,ORD0049495,P01365,2025-10-21,1,Incorrect Size,Processed
RET0007506,ORD0034796,P00198,2025-03-20,1,Customer Changed Mind,Pending
RET0007507,ORD0072342,P00603,2024-10-02,1,Customer Changed Mind,Processed
RET0007508,ORD0090342,P00816,2026-06-12,3,Damaged,Processed
RET0007509,ORD0103963,P00923,2026-02-01,2,Incorrect Size,Approved
RET0007510,ORD0111885,P00878,2026-07-03,1,Customer Changed Mind,Approved
RET0007511,ORD0072708,P01562,2024-10-02,1,Wrong Product,Pending
RET0007512,ORD0091751,P01436,2024-02-11,2,Incorrect Size,Processed
RET0007513,ORD0063671,P01634,2025-10-09,1,Quality Issue,Rejected
RET0007514,ORD0040062,P01984,2026-04-27,1,Damaged,Processed
RET0007515,ORD0027902,P00634,2025-03-06,1,Wrong Product,Approved
RET0007516,ORD0055569,P00578,2025-08-20,1,Customer Changed Mind,Approved
RET0007517,ORD0095569,P00880,2024-02-17,1,Incorrect Size,Approved
RET0007518,ORD0030052,P01464,2026-02-13,2,Customer Changed Mind,Processed
RET0007519,ORD0099496,P01394,2025-10-25,1,Wrong Product,Pending
RET0007520,ORD0034562,P01946,2025-12-03,1,Late Delivery,Processed
RET0007521,ORD0013195,P01080,2024-12-21,1,Customer Changed Mind,Processed
RET0007522,ORD0079539,P01886,2025-07-19,1,Damaged,Approved
RET0007523,ORD0002125,P01542,2024-12-24,2,Incorrect Size,Approved
RET0007524,ORD0101497,P01571,2025-10-05,1,Damaged,Approved
RET0007525,ORD0094113,P00519,2025-05-18,1,Incorrect Size,Pending
RET0007526,ORD0076064,P00406,2025-08-27,1,Quality Issue,Processed
RET0007527,ORD0056110,P00606,2025-11-23,1,Damaged,Processed
RET0007528,ORD0051840,P00833,2026-01-31,2,Quality Issue,Rejected
RET0007529,ORD0096472,P00911,2025-05-30,2,Quality Issue,Approved
RET0007530,ORD0088530,P01597,2024-02-05,1,Quality Issue,Pending
RET0007531,ORD0111872,P00264,2025-07-01,1,Late Delivery,Processed
RET0007532,ORD0021746,P01349,2026-04-29,1,Damaged,Approved
RET0007533,ORD0071511,P01782,2024-06-28,1,Damaged,Processed
RET0007534,ORD0019941,P01919,2026-06-29,1,Quality Issue,Approved
RET0007535,ORD0115830,P00859,2024-07-26,2,Damaged,Processed
RET0007536,ORD0000789,P00834,2026-01-24,1,Wrong Product,Approved
RET0007537,ORD0050273,P00645,2026-05-09,1,Customer Changed Mind,Approved
RET0007538,ORD0089789,P00572,2025-08-12,1,Damaged,Processed
RET0007539,ORD0016892,P00771,2024-11-15,1,Quality Issue,Approved
RET0007540,ORD0086714,P01136,2025-09-02,1,Quality Issue,Approved
RET0007541,ORD0012789,P01462,2026-01-01,1,Incorrect Size,Processed
RET0007542,ORD0100777,P00110,2024-06-01,1,Damaged,Approved
RET0007543,ORD0076027,P01358,2025-08-21,1,Customer Changed Mind,Processed
RET0007544,ORD0017819,P00417,2025-02-07,1,Incorrect Size,Processed
RET0007545,ORD0066572,P01376,2024-05-05,1,Customer Changed Mind,Approved
RET0007546,ORD0071612,P00162,2026-06-22,1,Quality Issue,Pending
RET0007547,ORD0002970,P00956,2024-08-09,1,Quality Issue,Approved
RET0007548,ORD0059881,P00655,2026-04-16,1,Customer Changed Mind,Approved
RET0007549,ORD0110863,P01570,2024-07-21,1,Wrong Product,Approved
RET0007550,ORD0115115,P01220,2025-09-28,1,Quality Issue,Processed
RET0007551,ORD0034396,P00553,2026-06-07,1,Damaged,Approved
RET0007552,ORD0062502,P00071,2026-05-31,1,Incorrect Size,Approved
RET0007553,ORD0114548,P00054,2026-03-26,3,Late Delivery,Processed
RET0007554,ORD0037669,P01307,2025-11-19,1,Damaged,Processed
RET0007555,ORD0079456,P00363,2025-06-23,1,Quality Issue,Approved
RET0007556,ORD0060986,P00257,2026-06-05,1,Customer Changed Mind,Approved
RET0007557,ORD0058644,P01329,2025-06-02,1,Wrong Product,Approved
RET0007558,ORD0015934,P00829,2026-06-12,1,Incorrect Size,Approved
RET0007559,ORD0036148,P01727,2026-03-19,1,Quality Issue,Processed
RET0007560,ORD0116682,P01472,2025-06-12,1,Quality Issue,Approved
RET0007561,ORD0047700,P01069,2025-06-28,1,Incorrect Size,Approved
RET0007562,ORD0009748,P00661,2026-03-18,1,Late Delivery,Approved
RET0007563,ORD0119903,P00688,2024-02-06,1,Customer Changed Mind,Processed
RET0007564,ORD0068046,P01840,2025-11-06,2,Wrong Product,Processed
RET0007565,ORD0014931,P01515,2024-10-21,1,Damaged,Approved
RET0007566,ORD0052049,P01120,2025-04-23,1,Customer Changed Mind,Processed
RET0007567,ORD0015807,P01108,2026-02-01,1,Customer Changed Mind,Processed
RET0007568,ORD0099084,P00799,2026-07-09,1,Quality Issue,Approved
RET0007569,ORD0088623,P01619,2025-03-07,1,Customer Changed Mind,Approved
RET0007570,ORD0010188,P00781,2024-12-13,1,Quality Issue,Approved
RET0007571,ORD0085788,P00860,2026-01-20,1,Incorrect Size,Processed
RET0007572,ORD0002999,P01002,2026-06-12,1,Incorrect Size,Approved
RET0007573,ORD0096460,P01507,2025-12-11,3,Customer Changed Mind,Approved
RET0007574,ORD0103570,P01659,2024-04-17,1,Incorrect Size,Processed
RET0007575,ORD0023987,P00344,2026-01-12,1,Quality Issue,Processed
RET0007576,ORD0050028,P01336,2026-06-21,2,Damaged,Processed
RET0007577,ORD0069733,P01507,2026-02-22,2,Customer Changed Mind,Approved
RET0007578,ORD0091894,P00047,2025-12-20,2,Wrong Product,Approved
RET0007579,ORD0083260,P01597,2025-12-06,1,Quality Issue,Processed
RET0007580,ORD0111198,P00517,2026-07-30,1,Late Delivery,Processed
RET0007581,ORD0060739,P00476,2026-05-18,1,Customer Changed Mind,Pending
RET0007582,ORD0035624,P01350,2026-04-13,1,Quality Issue,Processed
RET0007583,ORD0014689,P00631,2025-12-13,1,Customer Changed Mind,Processed
RET0007584,ORD0116227,P00643,2026-03-05,2,Customer Changed Mind,Approved
RET0007585,ORD0081268,P00776,2026-02-22,1,Incorrect Size,Pending
RET0007586,ORD0002140,P00809,2026-03-08,3,Incorrect Size,Processed
RET0007587,ORD0015887,P01836,2026-04-30,2,Quality Issue,Approved
RET0007588,ORD0033530,P00287,2026-03-10,1,Wrong Product,Approved
RET0007589,ORD0027558,P01789,2024-11-24,1,Damaged,Processed
RET0007590,ORD0020909,P00550,2024-09-18,2,Wrong Product,Approved
RET0007591,ORD0001666,P01735,2026-03-09,1,Customer Changed Mind,Processed
RET0007592,ORD0112057,P01669,2026-05-26,1,Wrong Product,Processed
RET0007593,ORD0017306,P01100,2026-04-25,1,Incorrect Size,Approved
RET0007594,ORD0052036,P01799,2026-02-28,2,Quality Issue,Pending
RET0007595,ORD0060083,P00408,2025-02-18,1,Customer Changed Mind,Pending
RET0007596,ORD0059908,P00933,2025-12-10,1,Wrong Product,Approved
RET0007597,ORD0116539,P01008,2025-05-14,1,Customer Changed Mind,Approved
RET0007598,ORD0038473,P00406,2025-03-28,1,Customer Changed Mind,Rejected
RET0007599,ORD0093247,P01477,2025-11-20,3,Quality Issue,Approved
RET0007600,ORD0119690,P01665,2026-05-02,1,Damaged,Pending
RET0007601,ORD0037265,P00082,2024-12-12,1,Incorrect Size,Approved
RET0007602,ORD0033676,P00196,2025-04-28,1,Damaged,Processed
RET0007603,ORD0023575,P01978,2024-03-19,1,Wrong Product,Processed
RET0007604,ORD0005427,P01209,2026-06-07,1,Incorrect Size,Approved
RET0007605,ORD0104815,P01052,2026-05-14,1,Wrong Product,Processed
RET0007606,ORD0086334,P01384,2024-03-06,2,Damaged,Approved
RET0007607,ORD0071931,P01544,2025-03-13,3,Quality Issue,Approved
RET0007608,ORD0044033,P00287,2026-06-12,2,Customer Changed Mind,Approved
RET0007609,ORD0021488,P01802,2025-07-31,2,Damaged,Approved
RET0007610,ORD0089567,P01185,2024-10-04,1,Damaged,Approved
RET0007611,ORD0018431,P01825,2025-09-20,1,Damaged,Approved
RET0007612,ORD0106897,P00052,2026-05-29,1,Late Delivery,Approved
RET0007613,ORD0099702,P00978,2026-01-29,1,Wrong Product,Approved
RET0007614,ORD0008173,P00798,2025-08-09,1,Quality Issue,Approved
RET0007615,ORD0014800,P01367,2025-07-18,1,Incorrect Size,Processed
RET0007616,ORD0003816,P01638,2024-12-20,2,Damaged,Approved
RET0007617,ORD0028951,P00372,2025-10-24,2,Customer Changed Mind,Processed
RET0007618,ORD0113634,P01959,2025-09-13,1,Damaged,Approved
RET0007619,ORD0112363,P01715,2024-04-19,1,Wrong Product,Approved
RET0007620,ORD0000639,P01035,2025-12-10,1,Wrong Product,Approved
RET0007621,ORD0031487,P00817,2025-01-15,1,Quality Issue,Approved
RET0007622,ORD0045562,P01427,2025-07-27,1,Customer Changed Mind,Processed
RET0007623,ORD0089580,P00734,2026-05-15,2,Customer Changed Mind,Processed
RET0007624,ORD0088363,P00011,2024-11-06,1,Quality Issue,Approved
RET0007625,ORD0011390,P01463,2024-11-17,1,Quality Issue,Approved
RET0007626,ORD0106235,P01168,2025-04-24,1,Customer Changed Mind,Processed
RET0007627,ORD0044799,P00482,2024-11-03,1,Wrong Product,Approved
RET0007628,ORD0049238,P01935,2025-07-06,1,Incorrect Size,Processed
RET0007629,ORD0079342,P00395,2026-06-14,1,Customer Changed Mind,Processed
RET0007630,ORD0040247,P01716,2025-12-22,1,Quality Issue,Approved
RET0007631,ORD0092617,P01639,2026-07-02,3,Quality Issue,Approved
RET0007632,ORD0002642,P01976,2025-12-27,1,Late Delivery,Approved
RET0007633,ORD0037942,P01535,2025-04-26,1,Wrong Product,Processed
RET0007634,ORD0056399,P01967,2026-02-03,1,Damaged,Pending
RET0007635,ORD0062275,P00613,2025-05-14,1,Customer Changed Mind,Approved
RET0007636,ORD0014017,P00658,2024-12-30,1,quality issue,Pending
RET0007637,ORD0107108,P01194,2025-09-05,1,Quality Issue,Approved
RET0007638,ORD0026826,P00818,2024-09-16,2,Quality Issue,Approved
RET0007639,ORD0106784,P00722,2025-12-06,1,Incorrect Size,Processed
RET0007640,ORD0101381,P00147,2025-07-22,1,Incorrect Size,Pending
RET0007641,ORD0089797,P00289,2025-11-07,1,Quality Issue,Processed
RET0007642,ORD0010956,P00703,2026-07-06,2,Damaged,Processed
RET0007643,ORD0106881,P01266,2026-01-24,1,Customer Changed Mind,Approved
RET0007644,ORD0018209,P00173,2024-03-18,1,Quality Issue,Rejected
RET0007645,ORD0119027,P01152,2025-03-21,2,Quality Issue,Processed
RET0007646,ORD0116260,P00137,2024-04-19,1,Wrong Product,Processed
RET0007647,ORD0052222,P01974,2024-08-22,1,Quality Issue,Processed
RET0007648,ORD0035899,P00433,2026-03-05,2,Customer Changed Mind,Processed
RET0007649,ORD0005442,P01092,2026-01-24,1,Customer Changed Mind,Pending
RET0007650,ORD0063995,P00400,2026-03-30,1,Incorrect Size,Processed
RET0007651,ORD0019799,P00500,2025-08-01,1,Customer Changed Mind,Approved
RET0007652,ORD0021668,P01049,2025-11-24,1,Late Delivery,Rejected
RET0007653,ORD0112279,P01205,2026-01-08,1,Late Delivery,Processed
RET0007654,ORD0118914,P00179,2026-07-16,3,Late Delivery,Processed
RET0007655,ORD0030709,P00966,2026-05-25,1,Wrong Product,Processed
RET0007656,ORD0108601,P01511,2026-05-25,1,Quality Issue,Approved
RET0007657,ORD0061822,P01878,2024-02-05,1,Customer Changed Mind,Approved
RET0007658,ORD0074625,P00750,2026-07-26,1,Quality Issue,Approved
RET0007659,ORD0034958,P01393,2024-08-06,1,Damaged,Rejected
RET0007660,ORD0076162,P00527,2026-05-03,3,Incorrect Size,Processed
RET0007661,ORD0114271,P00017,2025-01-01,2,Quality Issue,Processed
RET0007662,ORD0024359,P00376,2026-05-01,1,Customer Changed Mind,Approved
RET0007663,ORD0038079,P00889,2026-01-17,1,Customer Changed Mind,Pending
RET0007664,ORD0115518,P01845,2026-03-27,3,Customer Changed Mind,Approved
RET0007665,ORD0096994,P00643,2024-04-20,3,Quality Issue,Approved
RET0007666,ORD0055259,P01068,2024-10-09,2,Quality Issue,Pending
RET0007667,ORD0099584,P01121,2026-07-29,1,Quality Issue,Processed
RET0007668,ORD0037224,P01489,2025-06-15,1,Incorrect Size,Pending
RET0007669,ORD0044488,P00547,2024-03-19,1,Customer Changed Mind,Processed
RET0007670,ORD0065600,P00754,2024-07-21,1,Quality Issue,Approved
RET0007671,ORD0066565,P00411,2026-01-13,1,Customer Changed Mind,Approved
RET0007672,ORD0017001,P00362,2025-08-08,2,Quality Issue,Rejected
RET0007673,ORD0004493,P00646,2026-07-07,1,Customer Changed Mind,Processed
RET0007674,ORD0028395,P00013,2025-11-10,3,Quality Issue,Processed
RET0007675,ORD0027640,P01738,2026-06-15,1,Damaged,Approved
RET0007676,ORD0116978,P01468,2026-07-17,1,Wrong Product,Approved
RET0007677,ORD0109868,P00317,2025-11-09,1,Wrong Product,Rejected
RET0007678,ORD0073792,P01469,2025-06-14,1,Incorrect Size,Pending
RET0007679,ORD0013028,P00445,2025-03-10,1,Late Delivery,Approved
RET0007680,ORD0038512,P01209,2025-12-21,1,Customer Changed Mind,Approved
RET0007681,ORD0092217,P00429,2025-08-25,1,Customer Changed Mind,Approved
RET0007682,ORD0112610,P00749,2026-06-26,1,Customer Changed Mind,Approved
RET0007683,ORD0087198,P00542,2024-04-03,2,Incorrect Size,Rejected
RET0007684,ORD0087600,P01209,2025-07-18,2,Incorrect Size,Approved
RET0007685,ORD0079101,P00133,2025-04-11,1,Incorrect Size,Approved
RET0007686,ORD0029295,P01975,2026-06-27,3,Incorrect Size,Processed
RET0007687,ORD0033769,P01161,2024-08-17,1,Wrong Product,Processed
RET0007688,ORD0014355,P01806,2026-04-29,1,Wrong Product,Approved
RET0007689,ORD0080623,P01429,2025-12-27,1,Quality Issue,Rejected
RET0007690,ORD0079866,P00451,2025-11-02,2,Quality Issue,Approved
RET0007691,ORD0013130,P00027,2024-05-09,2,Wrong Product,Approved
RET0007692,ORD0037922,P00011,2025-08-23,1,Quality Issue,Rejected
RET0007693,ORD0066479,P01779,2025-08-27,2,Wrong Product,Approved
RET0007694,ORD0036308,P00890,2026-04-10,1,Wrong Product,Pending
RET0007695,ORD0016890,P00987,2025-12-16,1,Customer Changed Mind,Processed
RET0007696,ORD0065138,P01021,2026-06-14,2,Incorrect Size,Pending
RET0007697,ORD0107449,P01596,2026-04-03,1,Quality Issue,Approved
RET0007698,ORD0001190,P01826,2025-10-17,1,Late Delivery,Approved
RET0007699,ORD0099177,P01148,2025-07-27,1,Quality Issue,Rejected
RET0007700,ORD0043625,P01630,2024-06-15,2,Quality Issue,Rejected
RET0007701,ORD0002583,P01391,2024-04-19,2,Customer Changed Mind,Rejected
RET0007702,ORD0034192,P00086,2026-01-13,2,Quality Issue,Approved
RET0007703,ORD0052701,P01991,2026-04-18,1,Wrong Product,Processed
RET0007704,ORD0101911,P00994,2026-07-02,1,Late Delivery,Approved
RET0007705,ORD0062500,P00777,2026-06-23,1,Damaged,Approved
RET0007706,ORD0065390,P00931,2026-07-30,1,Customer Changed Mind,Processed
RET0007707,ORD0039775,P00784,2026-07-23,1,Late Delivery,Processed
RET0007708,ORD0114402,P01853,2025-12-24,1,Damaged,Processed
RET0007709,ORD0032054,P00871,2026-07-26,2,Customer Changed Mind,Approved
RET0007710,ORD0096936,P00965,2026-08-01,1,Quality Issue,Processed
RET0007711,ORD0056879,P00180,2025-11-11,1,Quality Issue,Pending
RET0007712,ORD0065077,P00673,2025-12-04,1,Damaged,Approved
RET0007713,ORD0068633,P01327,2026-05-15,1,Damaged,Rejected
RET0007714,ORD0019373,P00168,2025-12-23,2,Customer Changed Mind,Rejected
RET0007715,ORD0112521,P01042,2026-01-01,1,Incorrect Size,Approved
RET0007716,ORD0052981,P01931,2025-07-04,1,Incorrect Size,Processed
RET0007717,ORD0058939,P01333,2026-01-22,2,Customer Changed Mind,Pending
RET0007718,ORD0080490,P01466,2025-12-16,1,Quality Issue,Processed
RET0007719,ORD0058452,P01547,2024-02-13,3,Late Delivery,Approved
RET0007720,ORD0033120,P00419,2025-12-08,1,Incorrect Size,Processed
RET0007721,ORD0009991,P00269,2024-10-16,1,Damaged,Processed
RET0007722,ORD0007866,P01161,2025-03-14,1,Late Delivery,Processed
RET0007723,ORD0093935,P01778,2025-02-25,1,Quality Issue,Approved
RET0007724,ORD0056120,P00570,2026-07-03,1,Customer Changed Mind,Approved
RET0007725,ORD0057937,P00243,2024-11-22,2,Damaged,Processed
RET0007726,ORD0050198,P00483,2024-10-27,1,Damaged,Processed
RET0007727,ORD0115001,P00401,2025-05-08,1,Customer Changed Mind,Pending
RET0007728,ORD0018211,P01192,2024-07-22,2,Quality Issue,Approved
RET0007729,ORD0002718,P01851,2026-08-02,1,Quality Issue,Processed
RET0007730,ORD0035440,P01343,2025-11-21,3,Wrong Product,Approved
RET0007731,ORD0070965,P00979,2025-05-28,2,Incorrect Size,Rejected
RET0007732,ORD0073534,P01152,2026-02-09,1,Customer Changed Mind,Rejected
RET0007733,ORD0041613,P01793,2026-06-27,1,Incorrect Size,Approved
RET0007734,ORD0053705,P01753,2026-02-28,1,Damaged,Approved
RET0007735,ORD0069777,P00485,2025-11-23,1,Incorrect Size,Rejected
RET0007736,ORD0118755,P00362,2025-11-01,1,Incorrect Size,Processed
RET0007737,ORD0110983,P00809,2026-03-17,1,Quality Issue,Processed
RET0007738,ORD0036061,P00619,2025-01-31,3,Quality Issue,Approved
RET0007739,ORD0020495,P01938,2024-09-21,1,Customer Changed Mind,Pending
RET0007740,ORD0095247,P00432,2026-04-03,1,Quality Issue,Processed
RET0007741,ORD0070573,P01893,2025-11-09,1,Late Delivery,Approved
RET0007742,ORD0021018,P01921,2026-02-11,1,Customer Changed Mind,Processed
RET0007743,ORD0012486,P00632,2025-09-26,1,Incorrect Size,Approved
RET0007744,ORD0081324,P01903,2025-12-28,1,Wrong Product,Processed
RET0007745,ORD0017387,P00079,2025-12-16,1,Customer Changed Mind,Rejected
RET0007746,ORD0079249,P00420,2025-10-21,2,Incorrect Size,Approved
RET0007747,ORD0039600,P00706,2025-06-04,21,Wrong Product,Approved
RET0007748,ORD0022569,P00899,2026-06-17,1,Damaged,Approved
RET0007749,ORD0059311,P01621,2025-12-27,1,Customer Changed Mind,Approved
RET0007750,ORD0021521,P01701,2026-04-25,1,Quality Issue,Pending
RET0007751,ORD0005032,P01407,2026-03-06,1,Incorrect Size,Processed
RET0007752,ORD0094461,P00007,2024-03-31,2,Damaged,Approved
RET0007753,ORD0049913,P00296,2026-06-23,3,Quality Issue,Approved
RET0007754,ORD0090911,P00970,2025-03-30,1,Late Delivery,Approved
RET0007755,ORD0010203,P00969,2025-02-22,1,Quality Issue,Processed
RET0007756,ORD0075465,P01502,2025-01-10,2,Quality Issue,Approved
RET0007757,ORD0077972,P00558,2025-05-13,1,Incorrect Size,Approved
RET0007758,ORD0011420,P00441,2026-06-01,1,Customer Changed Mind,Pending
RET0007759,ORD0070143,P00143,2026-07-13,1,Wrong Product,Processed
RET0007760,ORD0016893,P01916,2024-12-31,1,Quality Issue,Processed
RET0007761,ORD0075292,P00881,2025-01-25,2,Customer Changed Mind,Approved
RET0007762,ORD0037083,P01329,2026-05-24,1,Customer Changed Mind,Approved
RET0007763,ORD0051890,P00972,2026-07-10,2,Damaged,Rejected
RET0007764,ORD0079582,P01015,2025-11-18,1,Damaged,Processed
RET0007765,ORD0086332,P01768,2025-12-04,1,Incorrect Size,Processed
RET0007766,ORD0059179,P00239,2026-01-06,1,Damaged,Processed
RET0007767,ORD0091030,P01630,2025-06-12,1,Quality Issue,Approved
RET0007768,ORD0002329,P01572,2025-07-21,1,Quality Issue,Processed
RET0007769,ORD0102729,P01807,2026-07-01,1,Damaged,Approved
RET0007770,ORD0055646,P00934,2025-11-26,1,Wrong Product,Approved
RET0007771,ORD0021205,P00680,2026-05-08,1,Customer Changed Mind,Processed
RET0007772,ORD0065635,P01392,2026-06-17,1,Late Delivery,Approved
RET0007773,ORD0069545,P01951,2024-12-18,2,Customer Changed Mind,Approved
RET0007774,ORD0097072,P00243,2026-04-05,1,Quality Issue,Approved
RET0007775,ORD0036768,P01685,2026-01-19,2,Wrong Product,Approved
RET0007776,ORD0086588,P01435,2026-02-28,2,Damaged,Rejected
RET0007777,ORD0024331,P00122,2024-04-24,1,Damaged,Pending
RET0007778,ORD0084491,P00601,2026-07-01,1,Customer Changed Mind,Approved
RET0007779,ORD0054753,P01464,2025-12-12,1,Customer Changed Mind,Approved
RET0007780,ORD0015405,P00725,2025-06-04,1,Incorrect Size,Rejected
RET0007781,ORD0108297,P01595,2025-08-01,1,Damaged,Approved
RET0007782,ORD0053714,P00332,2024-07-06,1,Late Delivery,Processed
RET0007783,ORD0011638,P00303,2025-11-26,2,Late Delivery,Approved
RET0007784,ORD0009566,P01959,2025-06-26,1,Quality Issue,Processed
RET0007785,ORD0032699,P01824,2026-01-01,1,Quality Issue,Approved
RET0007786,ORD0088453,P01379,2026-05-26,3,Damaged,Processed
RET0007787,ORD0053981,P00374,2025-11-29,1,Quality Issue,Processed
RET0007788,ORD0094720,P00630,2026-03-16,1,Customer Changed Mind,Approved
RET0007789,ORD0086036,P00694,2026-03-20,2,Quality Issue,Approved
RET0007790,ORD0031354,P01145,2025-12-04,2,Wrong Product,Processed
RET0007791,ORD0093490,P01650,2024-12-01,1,Quality Issue,Pending
RET0007792,ORD0031643,P00273,2026-03-23,2,Quality Issue,Processed
RET0007793,ORD0116302,P00397,2025-11-15,1,Quality Issue,Approved
RET0007794,ORD0091742,P00123,2025-10-28,1,Wrong Product,Processed
RET0007795,ORD0031938,P00887,2025-12-17,3,Quality Issue,Approved
RET0007796,ORD0054964,P01339,2025-06-04,1,Quality Issue,Rejected
RET0007797,ORD0083972,P01840,2026-06-14,1,Customer Changed Mind,Rejected
RET0007798,ORD0059456,P01285,2026-01-17,1,Customer Changed Mind,Approved
RET0007799,ORD0109021,P00086,2025-11-15,2,Damaged,Processed
RET0007800,ORD0043957,P01218,2024-06-18,1,Wrong Product,Processed
RET0007801,ORD0115419,P00001,2025-10-24,3,Quality Issue,Approved
RET0007802,ORD0040676,P00532,2026-02-24,1,Customer Changed Mind,Processed
RET0007803,ORD0014258,P01539,2025-03-17,1,Quality Issue,Approved
RET0007804,ORD0041118,P00269,2026-01-01,1,Quality Issue,Processed
RET0007805,ORD0010588,P00308,2026-07-06,2,Quality Issue,Processed
RET0007806,ORD0115158,P00074,2024-09-18,3,Quality Issue,Processed
RET0007807,ORD0043414,P01362,2026-04-23,1,Quality Issue,Processed
RET0007808,ORD0072940,P01400,2025-12-22,1,Late Delivery,Approved
RET0007809,ORD0075668,P00586,2025-01-30,2,Wrong Product,Processed
RET0007810,ORD0082046,P01738,2024-03-01,1,Incorrect Size,Processed
RET0007811,ORD0036247,P00104,2026-05-23,1,Incorrect Size,Processed
RET0007812,ORD0028686,P01260,2024-03-24,2,Customer Changed Mind,Approved
RET0007813,ORD0045733,P00718,2026-03-03,1,Incorrect Size,Processed
RET0007814,ORD0019988,P01866,2025-09-25,1,Incorrect Size,Approved
RET0007815,ORD0053614,P01608,2025-01-09,3,Customer Changed Mind,Approved
RET0007816,ORD0059523,P01449,2026-06-07,1,Quality Issue,Approved
RET0007817,ORD0083576,P01032,2025-09-30,3,Quality Issue,Processed
RET0007818,ORD0059727,P00635,2026-05-30,1,Wrong Product,Approved
RET0007819,ORD0018323,P01065,2026-01-19,1,Damaged,Approved
RET0007820,ORD0112588,P01122,2025-08-07,1,Customer Changed Mind,Approved
RET0007821,ORD0060171,P01095,2026-08-02,1,Quality Issue,Processed
RET0007822,ORD0108056,P00775,2026-03-06,1,Customer Changed Mind,Pending
RET0007823,ORD0019410,P00981,2026-03-18,3,Quality Issue,Rejected
RET0007824,ORD0086065,P00735,2026-06-21,1,Quality Issue,Pending
RET0007825,ORD0055505,P01215,2026-03-31,1,Quality Issue,Pending
RET0007826,ORD0083624,P00101,2026-06-15,1,Wrong Product,Approved
RET0007827,ORD0086697,P00212,2024-10-12,1,Customer Changed Mind,Approved
RET0007828,ORD0092631,P01443,2026-07-21,2,Wrong Product,Approved
RET0007829,ORD0010869,P01541,2025-10-24,2,Wrong Product,Approved
RET0007830,ORD0012837,P01452,2026-06-06,1,Damaged,Rejected
RET0007831,ORD0002708,P00627,2024-09-01,1,Damaged,Rejected
RET0007832,ORD0040121,P01505,2025-01-24,2,Wrong Product,Processed
RET0007833,ORD0020083,P00316,2025-10-15,1,Quality Issue,Rejected
RET0007834,ORD0038594,P00801,2026-06-06,1,Customer Changed Mind,Processed
RET0007835,ORD0097747,P01143,2026-03-01,1,Wrong Product,Approved
RET0007836,ORD0050195,P01614,2024-11-14,2,Incorrect Size,Approved
RET0007837,ORD0048816,P01401,2025-11-21,1,Late Delivery,Pending
RET0007838,ORD0049160,P00655,2025-12-06,1,Incorrect Size,Processed
RET0007839,ORD0079718,P01882,2025-03-12,1,Quality Issue,Approved
RET0007840,ORD0119577,P01763,2025-10-23,3,Damaged,Approved
RET0007841,ORD0094128,P01545,2024-12-22,1,Incorrect Size,Processed
RET0007842,ORD0060642,P01421,2025-07-17,1,Incorrect Size,Processed
RET0007843,ORD0066849,P01742,2026-02-17,1,Quality Issue,Processed
RET0007844,ORD0015246,P01936,2026-06-27,3,Late Delivery,Pending
RET0007845,ORD0079432,P01165,2025-08-16,3,Customer Changed Mind,Approved
RET0007846,ORD0052166,P01647,2025-01-15,2,Customer Changed Mind,Pending
RET0007847,ORD0035317,P01064,2025-10-20,1,Quality Issue,Processed
RET0007848,ORD0110140,P00017,2025-11-21,1,Late Delivery,Processed
RET0007849,ORD0033808,P01219,2025-06-23,1,Wrong Product,Pending
RET0007850,ORD0102645,P00686,2026-03-09,1,Damaged,Rejected
RET0007851,ORD0007075,P01297,2026-01-01,1,Damaged,Approved
RET0007852,ORD0098675,P01562,2026-07-07,1,Wrong Product,Rejected
RET0007853,ORD0028103,P00052,2026-04-27,1,Customer Changed Mind,Processed
RET0007854,ORD0004169,P00963,2025-06-14,1,Incorrect Size,Approved
RET0007855,ORD0102389,P01080,2026-01-12,1,Wrong Product,Processed
RET0007856,ORD0119153,P00540,2026-01-13,1,Customer Changed Mind,Processed
RET0007857,ORD0049085,P00252,2024-07-28,3,Wrong Product,Processed
RET0007858,ORD0033233,P01957,2026-07-01,1,Late Delivery,Approved
RET0007859,ORD0025801,P01674,2026-06-25,3,Quality Issue,Approved
RET0007860,ORD0117983,P01485,2026-06-12,3,Late Delivery,Approved
RET0007861,ORD0052471,P00694,2025-08-25,1,Incorrect Size,Processed
RET0007862,ORD0041708,P01838,2026-06-30,2,Incorrect Size,Approved
RET0007863,ORD0003697,P00691,2024-11-13,1,Incorrect Size,Processed
RET0007864,ORD0072416,P00427,2026-03-25,1,Quality Issue,Processed
RET0007865,ORD0036545,P01740,2025-01-16,1,Customer Changed Mind,Approved
RET0007866,ORD0095468,P01464,2025-11-26,1,Late Delivery,Approved
RET0007867,ORD0067126,P00385,2026-06-07,1,Customer Changed Mind,Approved
RET0007868,ORD0010929,P01339,2026-04-30,1,Quality Issue,Rejected
RET0007869,ORD0066471,P00449,2025-05-23,1,Wrong Product,Pending
RET0007870,ORD0067882,P00889,2024-06-05,2,Wrong Product,Approved
RET0007871,ORD0076207,P01293,2025-03-07,3,Damaged,Approved
RET0007872,ORD0069029,P00641,2026-04-12,1,Quality Issue,Processed
RET0007873,ORD0091853,P01918,2026-05-19,1,Quality Issue,Approved
RET0007874,ORD0009561,P00214,2025-11-04,1,Damaged,Processed
RET0007875,ORD0067866,P01336,2026-01-13,1,Late Delivery,Approved
RET0007876,ORD0102592,P00223,2026-05-09,1,Customer Changed Mind,Processed
RET0007877,ORD0056652,P00533,2024-12-21,1,Quality Issue,Approved
RET0007878,ORD0078539,P01866,2026-01-03,1,Damaged,Rejected
RET0007879,ORD0080212,P00461,2025-08-25,1,Damaged,Approved
RET0007880,ORD0052814,P00752,2026-05-06,1,Quality Issue,Approved
RET0007881,ORD0013874,P00071,2026-04-19,1,Quality Issue,Pending
RET0007882,ORD0029494,P01194,2026-07-17,2,Incorrect Size,Approved
RET0007883,ORD0016845,P00011,2026-02-08,1,Quality Issue,Approved
RET0007884,ORD0004480,P00214,2026-06-29,1,Incorrect Size,Approved
RET0007885,ORD0068306,P01013,2026-05-24,2,Customer Changed Mind,Processed
RET0007886,ORD0060721,P01845,2024-11-25,1,Customer Changed Mind,Processed
RET0007887,ORD0055165,P01079,2025-09-04,1,Incorrect Size,Processed
RET0007888,ORD0066709,P00965,2024-02-14,1,Damaged,Approved
RET0007889,ORD0093754,P01128,2025-09-26,1,Quality Issue,Approved
RET0007890,ORD0033306,P01708,2025-07-26,1,Damaged,Approved
RET0007891,ORD0084648,P01182,2026-06-03,1,Customer Changed Mind,Approved
RET0007892,ORD0056709,P00846,2026-05-02,1,Damaged,Approved
RET0007893,ORD0079799,P00807,2025-09-29,1,Quality Issue,Processed
RET0007894,ORD0093709,P01265,2026-06-11,2,Quality Issue,Processed
RET0007895,ORD0094514,P00398,2026-06-13,1,Damaged,Processed
RET0007896,ORD0095718,P01126,2026-04-11,1,Damaged,Processed
RET0007897,ORD0000892,P00131,2026-06-07,1,Customer Changed Mind,Processed
RET0007898,ORD0096684,P00620,2025-12-14,1,Wrong Product,Approved
RET0007899,ORD0024034,P00893,2025-04-24,1,Customer Changed Mind,Processed
RET0007900,ORD0100008,P00931,2026-03-07,1,Incorrect Size,Approved
RET0007901,ORD0016840,P00250,2026-03-04,3,Damaged,Processed
RET0007902,ORD0076453,P00509,2026-06-17,1,Customer Changed Mind,Approved
RET0007903,ORD0081941,P01523,2025-05-06,1,Customer Changed Mind,Processed
RET0007904,ORD0028806,P00023,2026-04-07,1,Wrong Product,Rejected
RET0007905,ORD0034673,P01563,2025-02-08,1,Wrong Product,Approved
RET0007906,ORD0107779,P00828,2024-10-11,1,Quality Issue,Approved
RET0007907,ORD0046519,P00965,2025-03-14,1,Quality Issue,Rejected
RET0007908,ORD0101030,P01267,2026-02-22,2,Quality Issue,Approved
RET0007909,ORD0096671,P00082,2025-08-07,1,Customer Changed Mind,Approved
RET0007910,ORD0052292,P00762,2025-02-09,1,Quality Issue,Approved
RET0007911,ORD0099960,P00427,2024-10-11,1,Incorrect Size,Approved
RET0007912,ORD0092203,P00362,2025-12-04,2,Incorrect Size,Processed
RET0007913,ORD0037558,P00926,2025-09-14,1,Incorrect Size,Rejected
RET0007914,ORD0011743,P00166,2026-07-26,1,Wrong Product,Processed
RET0007915,ORD0084076,P00119,2026-06-14,1,Incorrect Size,Processed
RET0007916,ORD0075637,P01087,2024-08-11,1,Quality Issue,Processed
RET0007917,ORD0100008,P01338,2026-02-11,1,Quality Issue,Rejected
RET0007918,ORD0019353,P00925,2025-11-05,1,Quality Issue,Approved
RET0007919,ORD0052536,P00952,2025-01-20,2,Incorrect Size,Processed
RET0007920,ORD0112902,P00953,2025-11-07,2,Customer Changed Mind,Approved
RET0007921,ORD0080395,P01613,2026-03-02,1,Quality Issue,Approved
RET0007922,ORD0067791,P00566,2025-01-07,2,Quality Issue,Processed
RET0007923,ORD0027273,P00212,2025-04-11,1,Quality Issue,Processed
RET0007924,ORD0039659,P00962,2026-03-11,1,Quality Issue,Rejected
RET0007925,ORD0057183,P01458,2025-05-03,1,Wrong Product,Processed
RET0007926,ORD0082417,P01732,2026-02-22,1,Customer Changed Mind,Approved
RET0007927,ORD0015702,P01970,2026-05-25,2,Customer Changed Mind,Approved
RET0007928,ORD0055649,P01127,2026-03-08,2,Quality Issue,Approved
RET0007929,ORD0022744,P00926,2025-12-23,1,Quality Issue,Approved
RET0007930,ORD0095586,P01291,2026-06-18,1,Incorrect Size,Processed
RET0007931,ORD0056470,P01430,2026-07-02,1,Quality Issue,Processed
RET0007932,ORD0009228,P00043,2026-01-06,2,Quality Issue,Approved
RET0007933,ORD0044478,P00071,2025-12-02,2,Damaged,Approved
RET0007934,ORD0108727,P00521,2026-03-22,2,Quality Issue,Approved
RET0007935,ORD0039156,P00291,2025-06-04,1,Incorrect Size,Processed
RET0007936,ORD0049383,P01654,2025-07-20,1,Quality Issue,Approved
RET0007937,ORD0116167,P01383,2025-05-07,1,Incorrect Size,Approved
RET0007938,ORD0044022,P01241,2024-12-28,2,Incorrect Size,Approved
RET0007939,ORD0089450,P00890,2025-03-10,3,Customer Changed Mind,Approved
RET0007940,ORD0110756,P00983,2025-07-19,1,Quality Issue,Approved
RET0007941,ORD0082016,P01899,2025-11-28,1,Late Delivery,Processed
RET0007942,ORD0089277,P00254,2026-01-12,3,Customer Changed Mind,Approved
RET0007943,ORD0018576,P01733,2025-04-23,1,Wrong Product,Approved
RET0007944,ORD0065638,P00490,2025-12-24,1,Wrong Product,Approved
RET0007945,ORD0005312,P01477,2024-09-15,1,Wrong Product,Approved
RET0007946,ORD0059811,P01882,2026-04-26,1,Quality Issue,Rejected
RET0007947,ORD0056121,P01195,2026-07-16,1,Damaged,Processed
RET0007948,ORD0043695,P00892,2026-07-09,1,Customer Changed Mind,Approved
RET0007949,ORD0023388,P00289,2024-11-26,1,Late Delivery,Processed
RET0007950,ORD0091260,P00050,2026-04-29,1,Customer Changed Mind,Approved
RET0007951,ORD0093503,P00259,2025-06-02,2,Incorrect Size,Approved
RET0007952,ORD0081413,P00832,2025-12-08,1,Customer Changed Mind,Approved
RET0007953,ORD0107203,P00951,2025-11-21,1,Damaged,Processed
RET0007954,ORD0053588,P01952,2024-11-26,1,Incorrect Size,Processed
RET0007955,ORD0116565,P00322,2026-03-14,1,Incorrect Size,Approved
RET0007956,ORD0008217,P01698,2026-03-12,1,Quality Issue,Processed
RET0007957,ORD0042554,P00800,2025-11-23,1,Quality Issue,Approved
RET0007958,ORD0084114,P00821,2026-05-16,2,Damaged,Approved
RET0007959,ORD0091044,P01375,2025-05-11,1,Quality Issue,Approved
RET0007960,ORD0019890,P00179,2024-07-08,1,Wrong Product,Approved
RET0007961,ORD0075885,P00478,2025-05-01,3,Customer Changed Mind,Approved
RET0007962,ORD0033271,P01326,2026-06-30,1,Wrong Product,Rejected
RET0007963,ORD0099455,P01229,2026-08-08,2,Quality Issue,Approved
RET0007964,ORD0103002,P01399,2025-05-13,1,Wrong Product,Approved
RET0007965,ORD0007734,P01502,2024-09-12,2,Wrong Product,Approved
RET0007966,ORD0106573,P01569,2026-06-14,2,Damaged,Approved
RET0007967,ORD0066605,P00805,2026-06-19,1,Quality Issue,Approved
RET0007968,ORD0011102,P00525,2024-04-10,1,Wrong Product,Approved
RET0007969,ORD0027323,P00151,2025-12-03,1,Late Delivery,Approved
RET0007970,ORD0054164,P00662,2025-11-24,1,Customer Changed Mind,Approved
RET0007971,ORD0053309,P01809,2026-06-08,2,Quality Issue,Approved
RET0007972,ORD0065511,P00694,2026-05-07,1,Wrong Product,Processed
RET0007973,ORD0098856,P01802,2024-12-03,1,Incorrect Size,Pending
RET0007974,ORD0048375,P00424,2026-05-18,1,Customer Changed Mind,Approved
RET0007975,ORD0077329,P00959,2026-03-16,2,Damaged,Processed
RET0007976,ORD0093879,P01468,2025-09-22,2,Wrong Product,Processed
RET0007977,ORD0111282,P00307,2026-08-02,1,Damaged,Processed
RET0007978,ORD0021899,P00858,2026-05-01,1,Customer Changed Mind,Processed
RET0007979,ORD0044528,P00516,2026-07-20,1,Wrong Product,Processed
RET0007980,ORD0060126,P01022,2026-05-11,1,Incorrect Size,Pending
RET0007981,ORD0054155,P01876,2026-03-09,1,Late Delivery,Approved
RET0007982,ORD0100826,P00016,2026-03-28,1,Wrong Product,Approved
RET0007983,ORD0015484,P00165,2024-06-08,1,Customer Changed Mind,Processed
RET0007984,ORD0061672,P00901,2026-06-07,1,Wrong Product,Rejected
RET0007985,ORD0094446,P01705,2025-06-21,3,Wrong Product,Processed
RET0007986,ORD0086174,P00529,2025-04-22,1,Customer Changed Mind,Pending
RET0007987,ORD0091423,P01066,2025-12-25,1,Damaged,Processed
RET0007988,ORD0088389,P01944,2026-03-11,1,Wrong Product,Processed
RET0007989,ORD0117188,P01313,2025-08-10,1,Incorrect Size,Processed
RET0007990,ORD0063265,P01901,2025-03-28,2,Quality Issue,Processed
RET0007991,ORD0011368,P00537,2026-01-29,1,Incorrect Size,Processed
RET0007992,ORD0024241,P00295,2026-02-22,3,Wrong Product,Processed
RET0007993,ORD0083753,P01549,2026-03-04,1,Incorrect Size,Approved
RET0007994,ORD0010393,P00670,2025-07-30,1,Customer Changed Mind,Pending
RET0007995,ORD0103045,P01047,2026-03-30,3,Damaged,Processed
RET0007996,ORD0052036,P01160,2026-03-13,1,Quality Issue,Processed
RET0007997,ORD0052758,P01479,2025-04-02,1,Damaged,Approved
RET0007998,ORD0078597,P00980,2025-05-19,2,Customer Changed Mind,Approved
RET0007999,ORD0092985,P01941,2025-02-03,1,Quality Issue,Approved
RET0008000,ORD0010777,P01087,2026-03-28,1,Quality Issue,Approved
